?lang	?targ	?nSense	?nsIFTS	?nsTransToL2	?nsTrans2ToL2	?nsDemonym	?nsPredicateFor	?nsAny	?nsTransFromL2	?nsTransOnlyFromL2
<http://www.wikidata.org/entity/Q36495>	<http://www.wikidata.org/entity/Q1412>	1973	200	1	4	0	7	208	1	0
<http://www.wikidata.org/entity/Q1412>	<http://www.wikidata.org/entity/Q36495>	2495	154	1	3	0	7	161	1	0
<http://www.wikidata.org/entity/Q1412>	<http://www.wikidata.org/entity/Q9035>	2495	542	6	14	1	11	555	6	0
<http://www.wikidata.org/entity/Q9035>	<http://www.wikidata.org/entity/Q1412>	19363	598	6	14	2	15	616	6	0
<http://www.wikidata.org/entity/Q9072>	<http://www.wikidata.org/entity/Q36790>	4943	650	0	0	0	26	676	0	0
<http://www.wikidata.org/entity/Q36790>	<http://www.wikidata.org/entity/Q9072>	17051	2649	0	0	0	70	2719	0	0
<http://www.wikidata.org/entity/Q11059>	<http://www.wikidata.org/entity/Q36495>	1928	159	0	2	0	11	170	0	0
<http://www.wikidata.org/entity/Q36495>	<http://www.wikidata.org/entity/Q11059>	1973	172	0	2	0	12	184	0	0
<http://www.wikidata.org/entity/Q11059>	<http://www.wikidata.org/entity/Q9035>	1928	349	0	1	0	14	363	0	0
<http://www.wikidata.org/entity/Q9035>	<http://www.wikidata.org/entity/Q11059>	19363	314	0	1	0	13	327	0	0
<http://www.wikidata.org/entity/Q33284>	<http://www.wikidata.org/entity/Q9072>	1711	16	0	0	0	0	16	0	0
<http://www.wikidata.org/entity/Q36495>	<http://www.wikidata.org/entity/Q11051>	1973	294	1	5	0	6	301	1	0
<http://www.wikidata.org/entity/Q11051>	<http://www.wikidata.org/entity/Q36495>	3900	324	1	6	0	8	333	1	0
<http://www.wikidata.org/entity/Q9072>	<http://www.wikidata.org/entity/Q33284>	4943	18	0	0	0	0	18	0	0
<http://www.wikidata.org/entity/Q11051>	<http://www.wikidata.org/entity/Q9035>	3900	851	0	8	2	15	871	0	0
<http://www.wikidata.org/entity/Q9035>	<http://www.wikidata.org/entity/Q11051>	19363	729	0	7	2	15	749	0	0
<http://www.wikidata.org/entity/Q33454>	<http://www.wikidata.org/entity/Q13955>	9001	51	0	0	0	2	53	0	0
<http://www.wikidata.org/entity/Q13955>	<http://www.wikidata.org/entity/Q33454>	14706	52	0	0	0	2	54	0	0
<http://www.wikidata.org/entity/Q33947>	<http://www.wikidata.org/entity/Q5287>	10045	19	0	0	0	1	20	0	0
<http://www.wikidata.org/entity/Q9288>	<http://www.wikidata.org/entity/Q50868>	7451	31	0	1	0	1	32	0	0
<http://www.wikidata.org/entity/Q5287>	<http://www.wikidata.org/entity/Q33947>	34860	45	0	0	0	1	46	0	0
<http://www.wikidata.org/entity/Q50868>	<http://www.wikidata.org/entity/Q9288>	18852	26	0	1	0	1	27	0	0
<http://www.wikidata.org/entity/Q33284>	<http://www.wikidata.org/entity/Q13349>	1711	2	0	0	0	0	2	0	0
<http://www.wikidata.org/entity/Q56475>	<http://www.wikidata.org/entity/Q727694>	1897	154	0	0	0	30	184	0	0
<http://www.wikidata.org/entity/Q727694>	<http://www.wikidata.org/entity/Q56475>	4417	229	0	0	0	38	267	0	0
<http://www.wikidata.org/entity/Q13349>	<http://www.wikidata.org/entity/Q33284>	6804	2	0	0	0	0	2	0	0
<http://www.wikidata.org/entity/Q727694>	<http://www.wikidata.org/entity/Q5146>	4417	511	5	20	0	53	566	5	0
<http://www.wikidata.org/entity/Q1412>	<http://www.wikidata.org/entity/Q9027>	2495	1352	41	44	1	19	1397	41	0
<http://www.wikidata.org/entity/Q33454>	<http://www.wikidata.org/entity/Q32238>	9001	86	0	0	0	2	88	2	2
<http://www.wikidata.org/entity/Q32238>	<http://www.wikidata.org/entity/Q33454>	14153	160	2	2	0	2	164	0	0
<http://www.wikidata.org/entity/Q5146>	<http://www.wikidata.org/entity/Q727694>	176780	402	5	18	0	40	445	5	0
<http://www.wikidata.org/entity/Q9027>	<http://www.wikidata.org/entity/Q1412>	38988	1864	40	43	2	21	1912	40	0
<http://www.wikidata.org/entity/Q33151>	<http://www.wikidata.org/entity/Q50868>	1938	5	0	0	0	0	5	0	0
<http://www.wikidata.org/entity/Q50868>	<http://www.wikidata.org/entity/Q33151>	18852	4	0	0	0	0	4	0	0
<http://www.wikidata.org/entity/Q11059>	<http://www.wikidata.org/entity/Q9027>	1928	377	0	0	0	28	405	0	0
<http://www.wikidata.org/entity/Q9027>	<http://www.wikidata.org/entity/Q11059>	38988	384	0	0	0	25	409	0	0
<http://www.wikidata.org/entity/Q256>	<http://www.wikidata.org/entity/Q33947>	2630	12	0	0	0	1	13	0	0
<http://www.wikidata.org/entity/Q33947>	<http://www.wikidata.org/entity/Q256>	10045	11	0	0	0	1	12	0	0
<http://www.wikidata.org/entity/Q58635>	<http://www.wikidata.org/entity/Q188>	8319	2362	6	9	7	120	2491	6	0
<http://www.wikidata.org/entity/Q188>	<http://www.wikidata.org/entity/Q58635>	20135	2215	5	7	14	131	2362	5	0
<http://www.wikidata.org/entity/Q50868>	<http://www.wikidata.org/entity/Q1321>	18852	26	0	0	0	0	26	0	0
<http://www.wikidata.org/entity/Q1321>	<http://www.wikidata.org/entity/Q50868>	20953	28	0	0	0	0	28	0	0
<http://www.wikidata.org/entity/Q11051>	<http://www.wikidata.org/entity/Q9027>	3900	897	0	5	1	31	932	0	0
<http://www.wikidata.org/entity/Q9027>	<http://www.wikidata.org/entity/Q11051>	38988	799	0	2	2	30	832	0	0
<http://www.wikidata.org/entity/Q13349>	<http://www.wikidata.org/entity/Q36790>	6804	5	0	0	0	0	5	0	0
<http://www.wikidata.org/entity/Q36790>	<http://www.wikidata.org/entity/Q13349>	17051	11	0	0	0	0	11	0	0
<http://www.wikidata.org/entity/Q9168>	<http://www.wikidata.org/entity/Q1321>	18925	126	0	0	0	7	133	0	0
<http://www.wikidata.org/entity/Q1321>	<http://www.wikidata.org/entity/Q9168>	20953	145	0	0	0	5	150	0	0
<http://www.wikidata.org/entity/Q33578>	<http://www.wikidata.org/entity/Q33454>	5759	117	0	0	0	2	119	0	0
<http://www.wikidata.org/entity/Q33454>	<http://www.wikidata.org/entity/Q33578>	9001	76	0	0	0	2	78	0	0
<http://www.wikidata.org/entity/Q9288>	<http://www.wikidata.org/entity/Q9168>	7451	211	0	0	0	6	217	0	0
<http://www.wikidata.org/entity/Q9168>	<http://www.wikidata.org/entity/Q9288>	18925	208	0	0	0	5	213	0	0
<http://www.wikidata.org/entity/Q33151>	<http://www.wikidata.org/entity/Q9168>	1938	6	0	0	0	0	6	0	0
<http://www.wikidata.org/entity/Q9168>	<http://www.wikidata.org/entity/Q33151>	18925	7	0	0	0	0	7	0	0
<http://www.wikidata.org/entity/Q397>	<http://www.wikidata.org/entity/Q25164>	2705	947	0	6	0	12	961	0	0
<http://www.wikidata.org/entity/Q25164>	<http://www.wikidata.org/entity/Q397>	32974	1172	0	6	0	11	1184	0	0
<http://www.wikidata.org/entity/Q33284>	<http://www.wikidata.org/entity/Q9056>	1711	15	0	0	0	0	15	0	0
<http://www.wikidata.org/entity/Q9056>	<http://www.wikidata.org/entity/Q33284>	25347	41	0	0	0	0	41	0	0
<http://www.wikidata.org/entity/Q397>	<http://www.wikidata.org/entity/Q25167>	2705	1260	0	7	0	12	1274	0	0
<http://www.wikidata.org/entity/Q25167>	<http://www.wikidata.org/entity/Q397>	50565	1653	0	8	0	13	1667	0	0
<http://www.wikidata.org/entity/Q36790>	<http://www.wikidata.org/entity/Q9056>	17051	1697	1	1	0	23	1720	1	0
<http://www.wikidata.org/entity/Q9056>	<http://www.wikidata.org/entity/Q36790>	25347	677	1	1	0	10	687	1	0
<http://www.wikidata.org/entity/Q12107>	<http://www.wikidata.org/entity/Q9288>	5780	1474	0	1	0	14	1488	0	0
<http://www.wikidata.org/entity/Q9288>	<http://www.wikidata.org/entity/Q12107>	7451	1160	0	1	0	14	1174	0	0
<http://www.wikidata.org/entity/Q397>	<http://www.wikidata.org/entity/Q9237>	2705	534	1	8	0	9	544	1	0
<http://www.wikidata.org/entity/Q9237>	<http://www.wikidata.org/entity/Q397>	5311	536	1	7	0	11	548	1	0
<http://www.wikidata.org/entity/Q9176>	<http://www.wikidata.org/entity/Q1321>	1593	326	4	7	0	19	345	4	0
<http://www.wikidata.org/entity/Q33151>	<http://www.wikidata.org/entity/Q12107>	1938	64	0	0	0	0	64	0	0
<http://www.wikidata.org/entity/Q12107>	<http://www.wikidata.org/entity/Q33151>	5780	91	0	0	0	0	91	0	0
<http://www.wikidata.org/entity/Q1321>	<http://www.wikidata.org/entity/Q9176>	20953	357	4	7	0	14	371	4	0
<http://www.wikidata.org/entity/Q9176>	<http://www.wikidata.org/entity/Q9288>	1593	322	0	1	0	13	335	0	0
<http://www.wikidata.org/entity/Q9288>	<http://www.wikidata.org/entity/Q9176>	7451	347	0	1	0	12	359	0	0
<http://www.wikidata.org/entity/Q12107>	<http://www.wikidata.org/entity/Q1321>	5780	1402	3	16	11	30	1439	3	0
<http://www.wikidata.org/entity/Q1321>	<http://www.wikidata.org/entity/Q12107>	20953	1344	3	15	5	31	1377	3	0
<http://www.wikidata.org/entity/Q9176>	<http://www.wikidata.org/entity/Q33151>	1593	7	0	0	0	0	7	0	0
<http://www.wikidata.org/entity/Q33151>	<http://www.wikidata.org/entity/Q9176>	1938	8	0	0	0	0	8	0	0
<http://www.wikidata.org/entity/Q397>	<http://www.wikidata.org/entity/Q5287>	2705	900	0	11	0	19	921	0	0
<http://www.wikidata.org/entity/Q10134>	<http://www.wikidata.org/entity/Q35518>	2146	371	0	0	0	55	426	0	0
<http://www.wikidata.org/entity/Q5287>	<http://www.wikidata.org/entity/Q397>	34860	1099	0	11	0	29	1130	0	0
<http://www.wikidata.org/entity/Q35518>	<http://www.wikidata.org/entity/Q10134>	15737	1196	0	0	0	120	1316	0	0
<http://www.wikidata.org/entity/Q36236>	<http://www.wikidata.org/entity/Q50868>	12554	52	0	0	0	2	54	0	0
<http://www.wikidata.org/entity/Q50868>	<http://www.wikidata.org/entity/Q36236>	18852	32	0	0	0	2	34	0	0
<http://www.wikidata.org/entity/Q256>	<http://www.wikidata.org/entity/Q397>	2630	285	0	1	0	15	300	0	0
<http://www.wikidata.org/entity/Q397>	<http://www.wikidata.org/entity/Q256>	2705	304	0	1	0	15	319	0	0
<http://www.wikidata.org/entity/Q33284>	<http://www.wikidata.org/entity/Q9035>	1711	18	0	0	0	0	18	0	0
<http://www.wikidata.org/entity/Q9035>	<http://www.wikidata.org/entity/Q33284>	19363	29	0	0	0	0	29	0	0
<http://www.wikidata.org/entity/Q11051>	<http://www.wikidata.org/entity/Q9072>	3900	620	0	0	0	15	635	0	0
<http://www.wikidata.org/entity/Q9072>	<http://www.wikidata.org/entity/Q11051>	4943	470	0	0	0	14	484	0	0
<http://www.wikidata.org/entity/Q33284>	<http://www.wikidata.org/entity/Q36495>	1711	12	0	0	0	0	12	0	0
<http://www.wikidata.org/entity/Q36495>	<http://www.wikidata.org/entity/Q33284>	1973	16	0	0	0	0	16	0	0
<http://www.wikidata.org/entity/Q36790>	<http://www.wikidata.org/entity/Q9035>	17051	3496	0	0	0	114	3610	0	0
<http://www.wikidata.org/entity/Q9035>	<http://www.wikidata.org/entity/Q36790>	19363	1018	0	1	0	55	1074	0	0
<http://www.wikidata.org/entity/Q11059>	<http://www.wikidata.org/entity/Q9072>	1928	273	0	0	0	10	283	0	0
<http://www.wikidata.org/entity/Q9072>	<http://www.wikidata.org/entity/Q11059>	4943	238	0	0	0	10	248	0	0
<http://www.wikidata.org/entity/Q36495>	<http://www.wikidata.org/entity/Q36790>	1973	360	2	3	0	37	398	2	0
<http://www.wikidata.org/entity/Q36790>	<http://www.wikidata.org/entity/Q36495>	17051	1184	1	2	0	76	1260	1	0
<http://www.wikidata.org/entity/Q1412>	<http://www.wikidata.org/entity/Q9072>	2495	392	4	7	0	10	403	4	0
<http://www.wikidata.org/entity/Q9072>	<http://www.wikidata.org/entity/Q1412>	4943	438	5	8	0	9	448	5	0
<http://www.wikidata.org/entity/Q809>	<http://www.wikidata.org/entity/Q33578>	4135	231	0	0	0	1	232	0	0
<http://www.wikidata.org/entity/Q33578>	<http://www.wikidata.org/entity/Q809>	5759	301	0	0	0	1	302	0	0
<http://www.wikidata.org/entity/Q10134>	<http://www.wikidata.org/entity/Q7737>	2146	725	1	3	2	16	745	1	0
<http://www.wikidata.org/entity/Q7737>	<http://www.wikidata.org/entity/Q10134>	18679	1198	1	4	8	25	1233	1	0
<http://www.wikidata.org/entity/Q11059>	<http://www.wikidata.org/entity/Q13349>	1928	10	0	0	0	0	10	0	0
<http://www.wikidata.org/entity/Q13349>	<http://www.wikidata.org/entity/Q11059>	6804	5	0	0	0	0	5	0	0
<http://www.wikidata.org/entity/Q50868>	<http://www.wikidata.org/entity/Q652>	18852	48	0	0	0	1	49	0	0
<http://www.wikidata.org/entity/Q652>	<http://www.wikidata.org/entity/Q50868>	26452	58	0	0	0	1	59	0	0
<http://www.wikidata.org/entity/Q1412>	<http://www.wikidata.org/entity/Q13349>	2495	7	0	0	0	0	7	0	0
<http://www.wikidata.org/entity/Q13349>	<http://www.wikidata.org/entity/Q1412>	6804	7	0	0	0	0	7	0	0
<http://www.wikidata.org/entity/Q33284>	<http://www.wikidata.org/entity/Q9027>	1711	29	0	0	0	0	29	0	0
<http://www.wikidata.org/entity/Q9027>	<http://www.wikidata.org/entity/Q33284>	38988	35	0	0	0	0	35	0	0
<http://www.wikidata.org/entity/Q36790>	<http://www.wikidata.org/entity/Q9027>	17051	3986	0	0	0	234	4220	0	0
<http://www.wikidata.org/entity/Q9027>	<http://www.wikidata.org/entity/Q36790>	38988	1365	0	0	0	102	1467	0	0
<http://www.wikidata.org/entity/Q11051>	<http://www.wikidata.org/entity/Q13349>	3900	14	0	0	0	0	14	0	0
<http://www.wikidata.org/entity/Q13349>	<http://www.wikidata.org/entity/Q11051>	6804	7	0	0	0	0	7	0	0
<http://www.wikidata.org/entity/Q1412>	<http://www.wikidata.org/entity/Q9056>	2495	275	5	12	0	1	276	5	0
<http://www.wikidata.org/entity/Q9056>	<http://www.wikidata.org/entity/Q1412>	25347	431	5	13	0	2	433	5	0
<http://www.wikidata.org/entity/Q9168>	<http://www.wikidata.org/entity/Q652>	18925	542	0	0	0	9	551	0	0
<http://www.wikidata.org/entity/Q652>	<http://www.wikidata.org/entity/Q9168>	26452	595	0	0	0	6	601	0	0
<http://www.wikidata.org/entity/Q12107>	<http://www.wikidata.org/entity/Q36236>	5780	1254	0	2	0	15	1269	0	0
<http://www.wikidata.org/entity/Q36236>	<http://www.wikidata.org/entity/Q12107>	12554	1113	0	2	0	16	1129	0	0
<http://www.wikidata.org/entity/Q9237>	<http://www.wikidata.org/entity/Q33947>	5311	24	1	2	0	1	25	1	0
<http://www.wikidata.org/entity/Q33947>	<http://www.wikidata.org/entity/Q9237>	10045	18	1	2	0	1	19	1	0
<http://www.wikidata.org/entity/Q11059>	<http://www.wikidata.org/entity/Q9056>	1928	212	0	1	0	2	214	0	0
<http://www.wikidata.org/entity/Q9056>	<http://www.wikidata.org/entity/Q11059>	25347	252	0	2	0	2	254	0	0
<http://www.wikidata.org/entity/Q9176>	<http://www.wikidata.org/entity/Q36236>	1593	375	0	0	0	8	383	0	0
<http://www.wikidata.org/entity/Q36236>	<http://www.wikidata.org/entity/Q9176>	12554	401	0	0	0	4	405	0	0
<http://www.wikidata.org/entity/Q11051>	<http://www.wikidata.org/entity/Q9056>	3900	459	1	4	1	12	472	2	1
<http://www.wikidata.org/entity/Q9056>	<http://www.wikidata.org/entity/Q11051>	25347	478	2	6	1	5	484	1	0
<http://www.wikidata.org/entity/Q9176>	<http://www.wikidata.org/entity/Q652>	1593	487	1	4	0	17	504	1	0
<http://www.wikidata.org/entity/Q652>	<http://www.wikidata.org/entity/Q9176>	26452	525	1	4	0	17	542	1	0
<http://www.wikidata.org/entity/Q56475>	<http://www.wikidata.org/entity/Q188>	1897	484	2	2	1	63	548	2	0
<http://www.wikidata.org/entity/Q188>	<http://www.wikidata.org/entity/Q56475>	20135	769	2	2	1	88	859	2	0
<http://www.wikidata.org/entity/Q188>	<http://www.wikidata.org/entity/Q5146>	20135	2388	11	34	40	99	2525	10	0
<http://www.wikidata.org/entity/Q5146>	<http://www.wikidata.org/entity/Q188>	176780	1762	10	33	24	75	1857	11	1
<http://www.wikidata.org/entity/Q12107>	<http://www.wikidata.org/entity/Q652>	5780	2438	5	12	11	34	2484	5	0
<http://www.wikidata.org/entity/Q652>	<http://www.wikidata.org/entity/Q12107>	26452	2200	5	11	4	36	2241	5	0
<http://www.wikidata.org/entity/Q727694>	<http://www.wikidata.org/entity/Q58635>	4417	588	0	0	0	75	663	0	0
<http://www.wikidata.org/entity/Q58635>	<http://www.wikidata.org/entity/Q727694>	8319	822	0	0	0	83	905	0	0
<http://www.wikidata.org/entity/Q33947>	<http://www.wikidata.org/entity/Q25164>	10045	17	1	2	0	1	18	1	0
<http://www.wikidata.org/entity/Q25164>	<http://www.wikidata.org/entity/Q33947>	32974	22	2	5	0	1	23	2	0
<http://www.wikidata.org/entity/Q36236>	<http://www.wikidata.org/entity/Q9168>	12554	189	0	0	0	6	195	0	0
<http://www.wikidata.org/entity/Q9168>	<http://www.wikidata.org/entity/Q36236>	18925	185	0	0	0	9	194	0	0
<http://www.wikidata.org/entity/Q33947>	<http://www.wikidata.org/entity/Q25167>	10045	24	1	2	0	1	25	1	0
<http://www.wikidata.org/entity/Q25167>	<http://www.wikidata.org/entity/Q33947>	50565	31	2	5	0	1	32	2	0
<http://www.wikidata.org/entity/Q809>	<http://www.wikidata.org/entity/Q13955>	4135	163	3	5	0	0	164	3	0
<http://www.wikidata.org/entity/Q13955>	<http://www.wikidata.org/entity/Q809>	14706	162	3	5	0	0	162	3	0
<http://www.wikidata.org/entity/Q809>	<http://www.wikidata.org/entity/Q32238>	4135	199	0	5	0	0	200	0	0
<http://www.wikidata.org/entity/Q32238>	<http://www.wikidata.org/entity/Q809>	14153	272	0	5	0	0	272	0	0
<http://www.wikidata.org/entity/Q397>	<http://www.wikidata.org/entity/Q9288>	2705	827	1	4	0	11	838	1	0
<http://www.wikidata.org/entity/Q9288>	<http://www.wikidata.org/entity/Q397>	7451	817	1	4	0	10	827	1	0
<http://www.wikidata.org/entity/Q33578>	<http://www.wikidata.org/entity/Q8752>	5759	356	0	0	0	2	358	0	0
<http://www.wikidata.org/entity/Q8752>	<http://www.wikidata.org/entity/Q33578>	30759	320	0	0	0	2	322	0	0
<http://www.wikidata.org/entity/Q33151>	<http://www.wikidata.org/entity/Q397>	1938	34	1	1	0	0	35	1	0
<http://www.wikidata.org/entity/Q397>	<http://www.wikidata.org/entity/Q33151>	2705	45	1	1	0	0	46	1	0
<http://www.wikidata.org/entity/Q33947>	<http://www.wikidata.org/entity/Q36236>	10045	19	0	1	0	1	20	0	0
<http://www.wikidata.org/entity/Q36236>	<http://www.wikidata.org/entity/Q33947>	12554	30	0	1	0	1	31	0	0
<http://www.wikidata.org/entity/Q9168>	<http://www.wikidata.org/entity/Q25164>	18925	334	0	0	0	7	341	0	0
<http://www.wikidata.org/entity/Q25164>	<http://www.wikidata.org/entity/Q9168>	32974	453	0	0	0	10	463	0	0
<http://www.wikidata.org/entity/Q9237>	<http://www.wikidata.org/entity/Q12107>	5311	883	0	2	0	39	922	0	0
<http://www.wikidata.org/entity/Q12107>	<http://www.wikidata.org/entity/Q9237>	5780	1043	0	2	0	35	1078	0	0
<http://www.wikidata.org/entity/Q727694>	<http://www.wikidata.org/entity/Q7737>	4417	817	3	11	0	32	853	1	0
<http://www.wikidata.org/entity/Q7737>	<http://www.wikidata.org/entity/Q727694>	18679	1000	1	9	0	27	1028	3	2
<http://www.wikidata.org/entity/Q397>	<http://www.wikidata.org/entity/Q1321>	2705	657	21	42	2	18	688	21	0
<http://www.wikidata.org/entity/Q1321>	<http://www.wikidata.org/entity/Q397>	20953	742	21	42	2	19	772	21	0
<http://www.wikidata.org/entity/Q9176>	<http://www.wikidata.org/entity/Q9237>	1593	275	0	0	0	32	307	0	0
<http://www.wikidata.org/entity/Q9237>	<http://www.wikidata.org/entity/Q9176>	5311	281	0	0	0	32	313	0	0
<http://www.wikidata.org/entity/Q9168>	<http://www.wikidata.org/entity/Q25167>	18925	409	0	0	0	11	420	0	0
<http://www.wikidata.org/entity/Q25167>	<http://www.wikidata.org/entity/Q9168>	50565	549	0	0	0	16	565	0	0
<http://www.wikidata.org/entity/Q33578>	<http://www.wikidata.org/entity/Q8765>	5759	35	0	0	0	2	37	0	0
<http://www.wikidata.org/entity/Q8765>	<http://www.wikidata.org/entity/Q33578>	33758	26	0	0	0	2	28	0	0
<http://www.wikidata.org/entity/Q33578>	<http://www.wikidata.org/entity/Q9610>	5759	485	0	0	0	55	540	0	0
<http://www.wikidata.org/entity/Q9610>	<http://www.wikidata.org/entity/Q33578>	14501	665	0	0	0	54	719	0	0
<http://www.wikidata.org/entity/Q9176>	<http://www.wikidata.org/entity/Q25164>	1593	313	1	1	0	16	329	1	0
<http://www.wikidata.org/entity/Q25164>	<http://www.wikidata.org/entity/Q9176>	32974	377	1	1	0	16	393	1	0
<http://www.wikidata.org/entity/Q9056>	<http://www.wikidata.org/entity/Q1860>	25347	2690	141	181	33	13	2738	107	0
<http://www.wikidata.org/entity/Q1860>	<http://www.wikidata.org/entity/Q9056>	59942	2667	106	149	21	18	2708	142	36
<http://www.wikidata.org/entity/Q727694>	<http://www.wikidata.org/entity/Q35518>	4417	424	0	1	0	64	488	0	0
<http://www.wikidata.org/entity/Q35518>	<http://www.wikidata.org/entity/Q727694>	15737	848	0	1	0	115	963	0	0
<http://www.wikidata.org/entity/Q33947>	<http://www.wikidata.org/entity/Q652>	10045	18	0	0	0	0	18	0	0
<http://www.wikidata.org/entity/Q652>	<http://www.wikidata.org/entity/Q33947>	26452	20	0	0	0	0	20	0	0
<http://www.wikidata.org/entity/Q12107>	<http://www.wikidata.org/entity/Q25164>	5780	1826	1	5	8	36	1865	1	0
<http://www.wikidata.org/entity/Q9237>	<http://www.wikidata.org/entity/Q9168>	5311	74	0	0	0	16	90	0	0
<http://www.wikidata.org/entity/Q25164>	<http://www.wikidata.org/entity/Q12107>	32974	1903	1	6	6	43	1949	1	0
<http://www.wikidata.org/entity/Q9168>	<http://www.wikidata.org/entity/Q9237>	18925	73	0	0	0	14	87	0	0
<http://www.wikidata.org/entity/Q12107>	<http://www.wikidata.org/entity/Q25167>	5780	2351	1	3	12	48	2406	1	0
<http://www.wikidata.org/entity/Q25167>	<http://www.wikidata.org/entity/Q12107>	50565	2597	1	4	9	59	2661	1	0
<http://www.wikidata.org/entity/Q9176>	<http://www.wikidata.org/entity/Q25167>	1593	494	0	0	0	27	521	0	0
<http://www.wikidata.org/entity/Q25167>	<http://www.wikidata.org/entity/Q9176>	50565	599	0	0	0	36	635	0	0
<http://www.wikidata.org/entity/Q9056>	<http://www.wikidata.org/entity/Q150>	25347	2210	56	84	46	10	2246	49	0
<http://www.wikidata.org/entity/Q150>	<http://www.wikidata.org/entity/Q9056>	33497	1969	49	78	50	14	2025	57	8
<http://www.wikidata.org/entity/Q32238>	<http://www.wikidata.org/entity/Q9610>	14153	495	0	1	0	8	502	0	0
<http://www.wikidata.org/entity/Q9610>	<http://www.wikidata.org/entity/Q32238>	14501	502	0	0	0	8	510	0	0
<http://www.wikidata.org/entity/Q36495>	<http://www.wikidata.org/entity/Q56356571>	1973	484	1	1	0	11	495	1	0
<http://www.wikidata.org/entity/Q56356571>	<http://www.wikidata.org/entity/Q36495>	11610	621	1	1	0	11	632	1	0
<http://www.wikidata.org/entity/Q10134>	<http://www.wikidata.org/entity/Q58635>	2146	477	0	0	0	33	510	0	0
<http://www.wikidata.org/entity/Q58635>	<http://www.wikidata.org/entity/Q10134>	8319	921	0	0	0	51	972	0	0
<http://www.wikidata.org/entity/Q32238>	<http://www.wikidata.org/entity/Q8765>	14153	33	0	0	0	2	35	0	0
<http://www.wikidata.org/entity/Q56356571>	<http://www.wikidata.org/entity/Q9035>	11610	2187	0	4	7	26	2219	0	0
<http://www.wikidata.org/entity/Q8765>	<http://www.wikidata.org/entity/Q32238>	33758	20	0	0	0	2	22	0	0
<http://www.wikidata.org/entity/Q9035>	<http://www.wikidata.org/entity/Q56356571>	19363	1624	0	4	7	24	1653	0	0
<http://www.wikidata.org/entity/Q9610>	<http://www.wikidata.org/entity/Q13955>	14501	417	2	3	0	26	444	1	0
<http://www.wikidata.org/entity/Q13955>	<http://www.wikidata.org/entity/Q9610>	14706	270	1	1	0	20	291	2	1
<http://www.wikidata.org/entity/Q13955>	<http://www.wikidata.org/entity/Q8765>	14706	32	0	0	0	1	33	0	0
<http://www.wikidata.org/entity/Q9237>	<http://www.wikidata.org/entity/Q50868>	5311	32	0	0	0	3	35	0	0
<http://www.wikidata.org/entity/Q8765>	<http://www.wikidata.org/entity/Q13955>	33758	31	0	0	0	1	32	0	0
<http://www.wikidata.org/entity/Q50868>	<http://www.wikidata.org/entity/Q9237>	18852	27	0	0	0	2	29	0	0
<http://www.wikidata.org/entity/Q13349>	<http://www.wikidata.org/entity/Q1860>	6804	14	0	0	0	0	14	0	0
<http://www.wikidata.org/entity/Q1860>	<http://www.wikidata.org/entity/Q13349>	59942	27	0	0	0	0	27	0	0
<http://www.wikidata.org/entity/Q13349>	<http://www.wikidata.org/entity/Q150>	6804	12	0	0	0	0	12	0	0
<http://www.wikidata.org/entity/Q150>	<http://www.wikidata.org/entity/Q13349>	33497	23	0	0	0	0	23	0	0
<http://www.wikidata.org/entity/Q32238>	<http://www.wikidata.org/entity/Q8752>	14153	334	0	2	0	0	334	0	0
<http://www.wikidata.org/entity/Q8752>	<http://www.wikidata.org/entity/Q32238>	30759	276	0	2	0	0	276	0	0
<http://www.wikidata.org/entity/Q9072>	<http://www.wikidata.org/entity/Q150>	4943	1962	2	6	1	37	2002	2	0
<http://www.wikidata.org/entity/Q150>	<http://www.wikidata.org/entity/Q9072>	33497	2041	2	7	2	45	2090	2	0
<http://www.wikidata.org/entity/Q56356571>	<http://www.wikidata.org/entity/Q9027>	11610	2585	0	3	9	50	2643	0	0
<http://www.wikidata.org/entity/Q13955>	<http://www.wikidata.org/entity/Q8752>	14706	187	0	0	0	0	187	0	0
<http://www.wikidata.org/entity/Q8752>	<http://www.wikidata.org/entity/Q13955>	30759	197	0	0	0	0	197	0	0
<http://www.wikidata.org/entity/Q9027>	<http://www.wikidata.org/entity/Q56356571>	38988	2034	0	2	17	40	2090	0	0
<http://www.wikidata.org/entity/Q50868>	<http://www.wikidata.org/entity/Q25164>	18852	31	0	0	0	0	31	0	0
<http://www.wikidata.org/entity/Q25164>	<http://www.wikidata.org/entity/Q50868>	32974	45	0	0	0	0	45	0	0
<http://www.wikidata.org/entity/Q50868>	<http://www.wikidata.org/entity/Q25167>	18852	43	0	0	0	0	43	0	0
<http://www.wikidata.org/entity/Q25167>	<http://www.wikidata.org/entity/Q50868>	50565	65	0	0	0	0	65	0	0
<http://www.wikidata.org/entity/Q9072>	<http://www.wikidata.org/entity/Q1860>	4943	2291	12	17	1	56	2357	12	0
<http://www.wikidata.org/entity/Q1860>	<http://www.wikidata.org/entity/Q9072>	59942	2773	14	20	3	92	2877	14	0
<http://www.wikidata.org/entity/Q56356571>	<http://www.wikidata.org/entity/Q9056>	11610	1200	3	6	5	5	1207	4	1
<http://www.wikidata.org/entity/Q9056>	<http://www.wikidata.org/entity/Q56356571>	25347	1014	3	5	13	4	1023	2	0
<http://www.wikidata.org/entity/Q7411>	<http://www.wikidata.org/entity/Q32238>	2611	239	0	1	0	0	240	0	0
<http://www.wikidata.org/entity/Q32238>	<http://www.wikidata.org/entity/Q7411>	14153	335	0	1	0	0	336	0	0
<http://www.wikidata.org/entity/Q7411>	<http://www.wikidata.org/entity/Q13955>	2611	198	0	1	2	3	203	0	0
<http://www.wikidata.org/entity/Q13955>	<http://www.wikidata.org/entity/Q7411>	14706	200	0	2	2	3	206	0	0
<http://www.wikidata.org/entity/Q8748>	<http://www.wikidata.org/entity/Q32238>	8162	114	0	0	0	0	114	0	0
<http://www.wikidata.org/entity/Q32238>	<http://www.wikidata.org/entity/Q8748>	14153	165	0	0	0	0	165	0	0
<http://www.wikidata.org/entity/Q397>	<http://www.wikidata.org/entity/Q652>	2705	1452	21	41	0	10	1476	21	0
<http://www.wikidata.org/entity/Q652>	<http://www.wikidata.org/entity/Q397>	26452	1579	22	39	0	10	1601	22	0
<http://www.wikidata.org/entity/Q10134>	<http://www.wikidata.org/entity/Q5146>	2146	480	0	1	2	31	514	0	0
<http://www.wikidata.org/entity/Q5146>	<http://www.wikidata.org/entity/Q10134>	176780	508	0	0	2	37	547	0	0
<http://www.wikidata.org/entity/Q8748>	<http://www.wikidata.org/entity/Q13955>	8162	83	0	0	0	2	85	0	0
<http://www.wikidata.org/entity/Q13955>	<http://www.wikidata.org/entity/Q8748>	14706	88	0	0	0	1	89	0	0
<http://www.wikidata.org/entity/Q56475>	<http://www.wikidata.org/entity/Q10134>	1897	206	0	0	0	23	229	0	0
<http://www.wikidata.org/entity/Q10134>	<http://www.wikidata.org/entity/Q56475>	2146	206	0	0	0	22	228	0	0
<http://www.wikidata.org/entity/Q50868>	<http://www.wikidata.org/entity/Q5287>	18852	36	0	0	0	5	41	0	0
<http://www.wikidata.org/entity/Q5287>	<http://www.wikidata.org/entity/Q50868>	34860	51	0	0	0	5	56	0	0
<http://www.wikidata.org/entity/Q9288>	<http://www.wikidata.org/entity/Q33947>	7451	18	0	0	0	1	19	0	0
<http://www.wikidata.org/entity/Q33947>	<http://www.wikidata.org/entity/Q9288>	10045	17	0	0	0	1	18	0	0
<http://www.wikidata.org/entity/Q397>	<http://www.wikidata.org/entity/Q36236>	2705	705	0	6	0	7	713	0	0
<http://www.wikidata.org/entity/Q36236>	<http://www.wikidata.org/entity/Q397>	12554	755	0	7	0	6	763	0	0
<http://www.wikidata.org/entity/Q33151>	<http://www.wikidata.org/entity/Q33947>	1938	4	0	0	0	0	4	0	0
<http://www.wikidata.org/entity/Q33947>	<http://www.wikidata.org/entity/Q33151>	10045	3	0	0	0	0	3	0	0
<http://www.wikidata.org/entity/Q256>	<http://www.wikidata.org/entity/Q50868>	2630	25	0	0	0	1	26	0	0
<http://www.wikidata.org/entity/Q50868>	<http://www.wikidata.org/entity/Q256>	18852	22	0	0	0	1	23	0	0
<http://www.wikidata.org/entity/Q36928>	<http://www.wikidata.org/entity/Q32238>	3314	410	0	0	0	0	410	0	0
<http://www.wikidata.org/entity/Q32238>	<http://www.wikidata.org/entity/Q36928>	14153	405	0	0	0	0	405	0	0
<http://www.wikidata.org/entity/Q5218>	<http://www.wikidata.org/entity/Q33578>	2046	6	0	0	0	0	6	0	0
<http://www.wikidata.org/entity/Q33578>	<http://www.wikidata.org/entity/Q5218>	5759	12	0	0	0	0	12	0	0
<http://www.wikidata.org/entity/Q33947>	<http://www.wikidata.org/entity/Q1321>	10045	15	1	1	0	1	16	1	0
<http://www.wikidata.org/entity/Q36928>	<http://www.wikidata.org/entity/Q13955>	3314	242	0	0	0	0	242	0	0
<http://www.wikidata.org/entity/Q1321>	<http://www.wikidata.org/entity/Q33947>	20953	16	1	1	0	1	17	1	0
<http://www.wikidata.org/entity/Q13955>	<http://www.wikidata.org/entity/Q36928>	14706	172	0	0	0	0	172	0	0
<http://www.wikidata.org/entity/Q9027>	<http://www.wikidata.org/entity/Q1860>	38988	7626	97	125	205	250	8102	89	4
<http://www.wikidata.org/entity/Q1860>	<http://www.wikidata.org/entity/Q9027>	59942	8394	90	122	156	334	8894	98	13
<http://www.wikidata.org/entity/Q256>	<http://www.wikidata.org/entity/Q9168>	2630	21	0	0	0	11	32	0	0
<http://www.wikidata.org/entity/Q9168>	<http://www.wikidata.org/entity/Q256>	18925	21	0	0	0	10	31	0	0
<http://www.wikidata.org/entity/Q36928>	<http://www.wikidata.org/entity/Q33578>	3314	477	0	0	0	0	477	0	0
<http://www.wikidata.org/entity/Q33578>	<http://www.wikidata.org/entity/Q36928>	5759	410	0	0	0	0	410	0	0
<http://www.wikidata.org/entity/Q9168>	<http://www.wikidata.org/entity/Q5287>	18925	237	0	0	0	19	256	0	0
<http://www.wikidata.org/entity/Q5287>	<http://www.wikidata.org/entity/Q9168>	34860	253	0	0	0	24	277	0	0
<http://www.wikidata.org/entity/Q5218>	<http://www.wikidata.org/entity/Q13955>	2046	8	0	2	0	0	8	0	0
<http://www.wikidata.org/entity/Q13955>	<http://www.wikidata.org/entity/Q5218>	14706	8	0	2	0	0	8	0	0
<http://www.wikidata.org/entity/Q7737>	<http://www.wikidata.org/entity/Q188>	18679	5423	26	51	32	67	5509	30	5
<http://www.wikidata.org/entity/Q188>	<http://www.wikidata.org/entity/Q7737>	20135	5528	30	56	48	67	5641	26	1
<http://www.wikidata.org/entity/Q5218>	<http://www.wikidata.org/entity/Q32238>	2046	7	0	1	0	0	7	0	0
<http://www.wikidata.org/entity/Q32238>	<http://www.wikidata.org/entity/Q5218>	14153	17	0	1	0	0	17	0	0
<http://www.wikidata.org/entity/Q9072>	<http://www.wikidata.org/entity/Q56356571>	4943	968	0	2	1	19	989	0	0
<http://www.wikidata.org/entity/Q56356571>	<http://www.wikidata.org/entity/Q9072>	11610	1396	0	2	1	24	1421	0	0
<http://www.wikidata.org/entity/Q150>	<http://www.wikidata.org/entity/Q9027>	33497	6656	24	44	475	143	7225	23	0
<http://www.wikidata.org/entity/Q9027>	<http://www.wikidata.org/entity/Q150>	38988	6543	23	42	359	130	7008	24	1
<http://www.wikidata.org/entity/Q7411>	<http://www.wikidata.org/entity/Q33578>	2611	293	0	0	0	6	299	0	0
<http://www.wikidata.org/entity/Q33578>	<http://www.wikidata.org/entity/Q7411>	5759	344	0	0	0	7	351	0	0
<http://www.wikidata.org/entity/Q9176>	<http://www.wikidata.org/entity/Q256>	1593	129	0	0	0	29	158	0	0
<http://www.wikidata.org/entity/Q256>	<http://www.wikidata.org/entity/Q9176>	2630	126	0	0	0	27	153	0	0
<http://www.wikidata.org/entity/Q12107>	<http://www.wikidata.org/entity/Q5287>	5780	1723	0	2	5	62	1790	0	0
<http://www.wikidata.org/entity/Q5287>	<http://www.wikidata.org/entity/Q12107>	34860	1835	0	2	2	82	1919	0	0
<http://www.wikidata.org/entity/Q9035>	<http://www.wikidata.org/entity/Q1860>	19363	5156	135	183	90	133	5433	128	2
<http://www.wikidata.org/entity/Q1860>	<http://www.wikidata.org/entity/Q9035>	59942	5971	127	174	97	178	6290	134	9
<http://www.wikidata.org/entity/Q36495>	<http://www.wikidata.org/entity/Q1860>	1973	1059	122	134	0	79	1160	120	1
<http://www.wikidata.org/entity/Q1860>	<http://www.wikidata.org/entity/Q36495>	59942	1180	113	127	0	94	1297	113	1
<http://www.wikidata.org/entity/Q256>	<http://www.wikidata.org/entity/Q12107>	2630	474	0	0	0	40	513	0	0
<http://www.wikidata.org/entity/Q12107>	<http://www.wikidata.org/entity/Q256>	5780	632	0	0	0	42	674	0	0
<http://www.wikidata.org/entity/Q9176>	<http://www.wikidata.org/entity/Q5287>	1593	372	9	11	0	40	414	9	0
<http://www.wikidata.org/entity/Q33578>	<http://www.wikidata.org/entity/Q8748>	5759	177	0	0	0	1	178	0	0
<http://www.wikidata.org/entity/Q8748>	<http://www.wikidata.org/entity/Q33578>	8162	138	0	0	0	2	140	0	0
<http://www.wikidata.org/entity/Q5287>	<http://www.wikidata.org/entity/Q9176>	34860	509	9	11	0	51	562	9	0
<http://www.wikidata.org/entity/Q13349>	<http://www.wikidata.org/entity/Q56356571>	6804	10	0	0	0	0	10	0	0
<http://www.wikidata.org/entity/Q56356571>	<http://www.wikidata.org/entity/Q13349>	11610	23	0	0	0	0	23	0	0
<http://www.wikidata.org/entity/Q35518>	<http://www.wikidata.org/entity/Q188>	15737	2897	0	0	0	249	3146	0	0
<http://www.wikidata.org/entity/Q188>	<http://www.wikidata.org/entity/Q35518>	20135	1701	0	0	0	175	1876	0	0
<http://www.wikidata.org/entity/Q36495>	<http://www.wikidata.org/entity/Q150>	1973	1013	4	24	0	47	1063	3	0
<http://www.wikidata.org/entity/Q150>	<http://www.wikidata.org/entity/Q36495>	33497	988	3	17	0	42	1032	4	1
<http://www.wikidata.org/entity/Q9035>	<http://www.wikidata.org/entity/Q150>	19363	4226	30	59	146	82	4445	30	0
<http://www.wikidata.org/entity/Q150>	<http://www.wikidata.org/entity/Q9035>	33497	4429	30	58	291	90	4797	30	0
<http://www.wikidata.org/entity/Q8748>	<http://www.wikidata.org/entity/Q36236>	8162	185	0	0	0	3	188	0	0
<http://www.wikidata.org/entity/Q36236>	<http://www.wikidata.org/entity/Q8748>	12554	233	0	0	0	3	236	0	0
<http://www.wikidata.org/entity/Q7411>	<http://www.wikidata.org/entity/Q36236>	2611	537	0	7	0	1	539	0	0
<http://www.wikidata.org/entity/Q36236>	<http://www.wikidata.org/entity/Q7411>	12554	584	0	7	0	1	586	0	0
<http://www.wikidata.org/entity/Q36928>	<http://www.wikidata.org/entity/Q652>	3314	933	0	0	0	0	933	0	0
<http://www.wikidata.org/entity/Q652>	<http://www.wikidata.org/entity/Q36928>	26452	812	0	0	0	0	812	0	0
<http://www.wikidata.org/entity/Q727694>	<http://www.wikidata.org/entity/Q9072>	4417	503	0	1	0	18	522	0	0
<http://www.wikidata.org/entity/Q9072>	<http://www.wikidata.org/entity/Q727694>	4943	419	0	1	0	14	434	0	0
<http://www.wikidata.org/entity/Q36928>	<http://www.wikidata.org/entity/Q36236>	3314	499	0	0	0	0	499	0	0
<http://www.wikidata.org/entity/Q36236>	<http://www.wikidata.org/entity/Q36928>	12554	424	0	0	0	0	424	0	0
<http://www.wikidata.org/entity/Q7411>	<http://www.wikidata.org/entity/Q652>	2611	1000	3	6	170	5	1175	3	0
<http://www.wikidata.org/entity/Q652>	<http://www.wikidata.org/entity/Q7411>	26452	1109	3	7	177	6	1293	3	0
<http://www.wikidata.org/entity/Q397>	<http://www.wikidata.org/entity/Q13955>	2705	271	1	7	0	3	278	1	0
<http://www.wikidata.org/entity/Q13955>	<http://www.wikidata.org/entity/Q397>	14706	245	1	6	0	3	251	1	0
<http://www.wikidata.org/entity/Q8748>	<http://www.wikidata.org/entity/Q652>	8162	289	2	3	4	4	297	2	0
<http://www.wikidata.org/entity/Q652>	<http://www.wikidata.org/entity/Q8748>	26452	325	2	3	2	3	330	2	0
<http://www.wikidata.org/entity/Q33284>	<http://www.wikidata.org/entity/Q5146>	1711	15	0	0	0	0	15	0	0
<http://www.wikidata.org/entity/Q5146>	<http://www.wikidata.org/entity/Q33284>	176780	18	0	0	0	0	18	0	0
<http://www.wikidata.org/entity/Q397>	<http://www.wikidata.org/entity/Q32238>	2705	390	0	2	0	4	395	0	0
<http://www.wikidata.org/entity/Q727694>	<http://www.wikidata.org/entity/Q13349>	4417	14	0	0	0	0	14	0	0
<http://www.wikidata.org/entity/Q13349>	<http://www.wikidata.org/entity/Q727694>	6804	8	0	0	0	0	8	0	0
<http://www.wikidata.org/entity/Q32238>	<http://www.wikidata.org/entity/Q397>	14153	507	0	4	0	3	513	0	0
<http://www.wikidata.org/entity/Q33284>	<http://www.wikidata.org/entity/Q56475>	1711	11	0	0	0	0	11	0	0
<http://www.wikidata.org/entity/Q56475>	<http://www.wikidata.org/entity/Q33284>	1897	12	0	0	0	0	12	0	0
<http://www.wikidata.org/entity/Q56475>	<http://www.wikidata.org/entity/Q36790>	1897	310	0	0	0	74	384	0	0
<http://www.wikidata.org/entity/Q36790>	<http://www.wikidata.org/entity/Q56475>	17051	1793	0	0	0	194	1987	0	0
<http://www.wikidata.org/entity/Q36790>	<http://www.wikidata.org/entity/Q5146>	17051	2559	3	3	0	158	2717	3	0
<http://www.wikidata.org/entity/Q5146>	<http://www.wikidata.org/entity/Q36790>	176780	688	3	3	0	57	745	3	0
<http://www.wikidata.org/entity/Q9035>	<http://www.wikidata.org/entity/Q188>	19363	4428	87	114	116	78	4625	88	6
<http://www.wikidata.org/entity/Q188>	<http://www.wikidata.org/entity/Q9035>	20135	5451	91	117	236	116	5817	91	5
<http://www.wikidata.org/entity/Q1321>	<http://www.wikidata.org/entity/Q8752>	20953	855	17	20	0	0	855	17	0
<http://www.wikidata.org/entity/Q8752>	<http://www.wikidata.org/entity/Q1321>	30759	732	17	20	0	0	733	17	0
<http://www.wikidata.org/entity/Q36495>	<http://www.wikidata.org/entity/Q188>	1973	1025	5	21	0	49	1077	5	0
<http://www.wikidata.org/entity/Q188>	<http://www.wikidata.org/entity/Q36495>	20135	1454	5	19	0	67	1523	5	0
<http://www.wikidata.org/entity/Q33454>	<http://www.wikidata.org/entity/Q25164>	9001	98	0	0	0	2	100	0	0
<http://www.wikidata.org/entity/Q727694>	<http://www.wikidata.org/entity/Q9056>	4417	499	2	16	0	9	511	5	3
<http://www.wikidata.org/entity/Q25164>	<http://www.wikidata.org/entity/Q33454>	32974	131	0	0	0	2	133	0	0
<http://www.wikidata.org/entity/Q9056>	<http://www.wikidata.org/entity/Q727694>	25347	491	5	19	0	6	499	2	0
<http://www.wikidata.org/entity/Q5218>	<http://www.wikidata.org/entity/Q36236>	2046	14	0	2	0	0	14	0	0
<http://www.wikidata.org/entity/Q36236>	<http://www.wikidata.org/entity/Q5218>	12554	24	0	2	0	0	25	0	0
<http://www.wikidata.org/entity/Q35518>	<http://www.wikidata.org/entity/Q1860>	15737	3942	1	2	0	454	4396	1	0
<http://www.wikidata.org/entity/Q33151>	<http://www.wikidata.org/entity/Q8752>	1938	21	0	1	0	0	21	0	0
<http://www.wikidata.org/entity/Q1860>	<http://www.wikidata.org/entity/Q35518>	59942	2451	1	2	0	388	2838	1	0
<http://www.wikidata.org/entity/Q8752>	<http://www.wikidata.org/entity/Q33151>	30759	25	0	1	0	0	25	0	0
<http://www.wikidata.org/entity/Q397>	<http://www.wikidata.org/entity/Q33578>	2705	425	0	1	0	11	436	0	0
<http://www.wikidata.org/entity/Q33578>	<http://www.wikidata.org/entity/Q397>	5759	491	0	1	0	11	502	0	0
<http://www.wikidata.org/entity/Q9288>	<http://www.wikidata.org/entity/Q8752>	7451	953	0	3	0	1	954	0	0
<http://www.wikidata.org/entity/Q8752>	<http://www.wikidata.org/entity/Q9288>	30759	964	0	3	0	1	965	0	0
<http://www.wikidata.org/entity/Q809>	<http://www.wikidata.org/entity/Q5287>	4135	481	0	7	2	0	484	0	0
<http://www.wikidata.org/entity/Q5287>	<http://www.wikidata.org/entity/Q809>	34860	668	0	9	1	0	670	0	0
<http://www.wikidata.org/entity/Q35518>	<http://www.wikidata.org/entity/Q150>	15737	2965	0	1	0	248	3213	0	0
<http://www.wikidata.org/entity/Q150>	<http://www.wikidata.org/entity/Q35518>	33497	1483	0	1	0	156	1639	0	0
<http://www.wikidata.org/entity/Q33454>	<http://www.wikidata.org/entity/Q25167>	9001	129	0	0	0	2	131	0	0
<http://www.wikidata.org/entity/Q25167>	<http://www.wikidata.org/entity/Q33454>	50565	196	0	0	0	4	200	0	0
<http://www.wikidata.org/entity/Q256>	<http://www.wikidata.org/entity/Q809>	2630	183	0	1	0	0	183	0	0
<http://www.wikidata.org/entity/Q809>	<http://www.wikidata.org/entity/Q256>	4135	191	0	1	0	0	191	0	0
<http://www.wikidata.org/entity/Q1321>	<http://www.wikidata.org/entity/Q8765>	20953	98	32	34	0	2	114	32	0
<http://www.wikidata.org/entity/Q8765>	<http://www.wikidata.org/entity/Q1321>	33758	70	31	33	0	2	86	31	0
<http://www.wikidata.org/entity/Q9610>	<http://www.wikidata.org/entity/Q1321>	14501	726	1	8	6	30	761	1	0
<http://www.wikidata.org/entity/Q1321>	<http://www.wikidata.org/entity/Q9610>	20953	635	1	8	8	33	675	1	0
<http://www.wikidata.org/entity/Q11059>	<http://www.wikidata.org/entity/Q58635>	1928	382	20	20	0	30	428	20	0
<http://www.wikidata.org/entity/Q58635>	<http://www.wikidata.org/entity/Q11059>	8319	692	22	22	0	51	759	22	0
<http://www.wikidata.org/entity/Q188>	<http://www.wikidata.org/entity/Q9027>	20135	7104	52	80	271	181	7548	48	1
<http://www.wikidata.org/entity/Q9027>	<http://www.wikidata.org/entity/Q188>	38988	6202	47	77	204	137	6536	51	5
<http://www.wikidata.org/entity/Q33151>	<http://www.wikidata.org/entity/Q8765>	1938	1	0	0	0	0	1	0	0
<http://www.wikidata.org/entity/Q8765>	<http://www.wikidata.org/entity/Q33151>	33758	1	0	0	0	0	1	0	0
<http://www.wikidata.org/entity/Q7737>	<http://www.wikidata.org/entity/Q1860>	18679	8023	104	128	32	87	8148	107	8
<http://www.wikidata.org/entity/Q1860>	<http://www.wikidata.org/entity/Q7737>	59942	7823	111	136	26	97	7955	109	5
<http://www.wikidata.org/entity/Q33151>	<http://www.wikidata.org/entity/Q9610>	1938	34	0	0	0	1	35	0	0
<http://www.wikidata.org/entity/Q9610>	<http://www.wikidata.org/entity/Q33151>	14501	65	0	1	0	1	66	0	0
<http://www.wikidata.org/entity/Q5218>	<http://www.wikidata.org/entity/Q652>	2046	18	1	4	0	0	19	1	0
<http://www.wikidata.org/entity/Q652>	<http://www.wikidata.org/entity/Q5218>	26452	23	1	5	0	0	25	1	0
<http://www.wikidata.org/entity/Q9288>	<http://www.wikidata.org/entity/Q8765>	7451	48	0	0	0	2	50	0	0
<http://www.wikidata.org/entity/Q8765>	<http://www.wikidata.org/entity/Q9288>	33758	44	0	0	0	2	46	0	0
<http://www.wikidata.org/entity/Q1412>	<http://www.wikidata.org/entity/Q58635>	2495	348	0	1	0	13	362	0	0
<http://www.wikidata.org/entity/Q58635>	<http://www.wikidata.org/entity/Q1412>	8319	641	0	1	0	20	662	0	0
<http://www.wikidata.org/entity/Q9288>	<http://www.wikidata.org/entity/Q9610>	7451	570	0	1	2	16	588	0	0
<http://www.wikidata.org/entity/Q9237>	<http://www.wikidata.org/entity/Q33454>	5311	103	0	0	0	4	107	0	0
<http://www.wikidata.org/entity/Q9610>	<http://www.wikidata.org/entity/Q9288>	14501	874	0	1	2	18	894	0	0
<http://www.wikidata.org/entity/Q33454>	<http://www.wikidata.org/entity/Q9237>	9001	87	0	0	0	2	89	0	0
<http://www.wikidata.org/entity/Q7737>	<http://www.wikidata.org/entity/Q150>	18679	5815	24	46	31	52	5883	26	2
<http://www.wikidata.org/entity/Q150>	<http://www.wikidata.org/entity/Q7737>	33497	5026	27	49	46	50	5111	25	0
<http://www.wikidata.org/entity/Q11051>	<http://www.wikidata.org/entity/Q58635>	3900	965	333	336	3	53	1293	333	1
<http://www.wikidata.org/entity/Q58635>	<http://www.wikidata.org/entity/Q11051>	8319	1447	336	341	3	68	1791	336	1
<http://www.wikidata.org/entity/Q256>	<http://www.wikidata.org/entity/Q33454>	2630	55	0	0	0	2	57	0	0
<http://www.wikidata.org/entity/Q33454>	<http://www.wikidata.org/entity/Q256>	9001	48	0	0	0	2	50	0	0
<http://www.wikidata.org/entity/Q33151>	<http://www.wikidata.org/entity/Q36928>	1938	38	0	0	0	0	38	0	0
<http://www.wikidata.org/entity/Q36928>	<http://www.wikidata.org/entity/Q33151>	3314	56	0	0	0	0	56	0	0
<http://www.wikidata.org/entity/Q188>	<http://www.wikidata.org/entity/Q9056>	20135	2490	92	112	50	16	2561	97	9
<http://www.wikidata.org/entity/Q9056>	<http://www.wikidata.org/entity/Q188>	25347	2323	99	121	49	10	2353	95	5
<http://www.wikidata.org/entity/Q809>	<http://www.wikidata.org/entity/Q25167>	4135	689	2	9	2	1	693	2	0
<http://www.wikidata.org/entity/Q25167>	<http://www.wikidata.org/entity/Q809>	50565	866	2	12	1	1	870	2	0
<http://www.wikidata.org/entity/Q36928>	<http://www.wikidata.org/entity/Q9288>	3314	593	0	0	0	0	593	0	0
<http://www.wikidata.org/entity/Q9288>	<http://www.wikidata.org/entity/Q36928>	7451	430	0	0	0	0	430	0	0
<http://www.wikidata.org/entity/Q36495>	<http://www.wikidata.org/entity/Q727694>	1973	255	49	57	0	30	295	49	0
<http://www.wikidata.org/entity/Q727694>	<http://www.wikidata.org/entity/Q36495>	4417	269	45	52	0	41	321	45	0
<http://www.wikidata.org/entity/Q727694>	<http://www.wikidata.org/entity/Q9035>	4417	726	3	10	0	29	757	2	0
<http://www.wikidata.org/entity/Q9035>	<http://www.wikidata.org/entity/Q727694>	19363	656	2	11	0	26	684	3	1
<http://www.wikidata.org/entity/Q36928>	<http://www.wikidata.org/entity/Q1321>	3314	378	0	0	0	0	378	0	0
<http://www.wikidata.org/entity/Q33947>	<http://www.wikidata.org/entity/Q13955>	10045	12	0	0	0	0	12	0	0
<http://www.wikidata.org/entity/Q13955>	<http://www.wikidata.org/entity/Q33947>	14706	14	0	0	0	0	14	0	0
<http://www.wikidata.org/entity/Q1321>	<http://www.wikidata.org/entity/Q36928>	20953	325	0	0	0	0	325	0	0
<http://www.wikidata.org/entity/Q33454>	<http://www.wikidata.org/entity/Q5287>	9001	121	0	0	0	2	123	0	0
<http://www.wikidata.org/entity/Q5287>	<http://www.wikidata.org/entity/Q33454>	34860	211	0	0	0	5	216	0	0
<http://www.wikidata.org/entity/Q33947>	<http://www.wikidata.org/entity/Q32238>	10045	11	0	0	0	1	12	0	0
<http://www.wikidata.org/entity/Q32238>	<http://www.wikidata.org/entity/Q33947>	14153	23	0	0	0	1	24	0	0
<http://www.wikidata.org/entity/Q809>	<http://www.wikidata.org/entity/Q25164>	4135	512	3	9	0	0	512	3	0
<http://www.wikidata.org/entity/Q25164>	<http://www.wikidata.org/entity/Q809>	32974	634	3	11	0	0	635	3	0
<http://www.wikidata.org/entity/Q1412>	<http://www.wikidata.org/entity/Q5146>	2495	379	0	5	0	15	395	0	0
<http://www.wikidata.org/entity/Q727694>	<http://www.wikidata.org/entity/Q9027>	4417	895	1	5	0	68	963	1	0
<http://www.wikidata.org/entity/Q9027>	<http://www.wikidata.org/entity/Q727694>	38988	825	1	5	0	54	880	1	0
<http://www.wikidata.org/entity/Q5146>	<http://www.wikidata.org/entity/Q1412>	176780	416	0	5	0	21	437	0	0
<http://www.wikidata.org/entity/Q7411>	<http://www.wikidata.org/entity/Q1321>	2611	524	2	13	198	3	717	2	0
<http://www.wikidata.org/entity/Q1321>	<http://www.wikidata.org/entity/Q7411>	20953	620	2	13	216	3	836	2	0
<http://www.wikidata.org/entity/Q56475>	<http://www.wikidata.org/entity/Q1412>	1897	166	0	0	0	11	177	0	0
<http://www.wikidata.org/entity/Q1412>	<http://www.wikidata.org/entity/Q56475>	2495	163	0	0	0	11	174	0	0
<http://www.wikidata.org/entity/Q33151>	<http://www.wikidata.org/entity/Q8748>	1938	15	0	0	0	0	15	0	0
<http://www.wikidata.org/entity/Q8748>	<http://www.wikidata.org/entity/Q33151>	8162	16	0	0	0	0	16	0	0
<http://www.wikidata.org/entity/Q9288>	<http://www.wikidata.org/entity/Q8748>	7451	204	0	0	0	1	205	0	0
<http://www.wikidata.org/entity/Q8748>	<http://www.wikidata.org/entity/Q9288>	8162	191	0	0	0	1	192	0	0
<http://www.wikidata.org/entity/Q33151>	<http://www.wikidata.org/entity/Q7411>	1938	26	1	2	0	0	26	1	0
<http://www.wikidata.org/entity/Q7411>	<http://www.wikidata.org/entity/Q33151>	2611	29	1	1	0	0	29	1	0
<http://www.wikidata.org/entity/Q8748>	<http://www.wikidata.org/entity/Q1321>	8162	157	0	1	4	3	162	0	0
<http://www.wikidata.org/entity/Q1321>	<http://www.wikidata.org/entity/Q8748>	20953	187	0	1	3	3	193	0	0
<http://www.wikidata.org/entity/Q7411>	<http://www.wikidata.org/entity/Q9288>	2611	617	0	1	3	1	621	0	0
<http://www.wikidata.org/entity/Q9288>	<http://www.wikidata.org/entity/Q7411>	7451	627	0	1	3	1	631	0	0
<http://www.wikidata.org/entity/Q56475>	<http://www.wikidata.org/entity/Q11059>	1897	121	0	0	0	16	137	0	0
<http://www.wikidata.org/entity/Q11059>	<http://www.wikidata.org/entity/Q56475>	1928	145	0	0	0	16	161	0	0
<http://www.wikidata.org/entity/Q11059>	<http://www.wikidata.org/entity/Q5146>	1928	264	0	0	0	16	280	0	0
<http://www.wikidata.org/entity/Q5146>	<http://www.wikidata.org/entity/Q11059>	176780	222	0	0	0	13	235	0	0
<http://www.wikidata.org/entity/Q56475>	<http://www.wikidata.org/entity/Q11051>	1897	200	2	2	0	21	223	2	0
<http://www.wikidata.org/entity/Q11051>	<http://www.wikidata.org/entity/Q56475>	3900	306	2	2	0	25	333	2	0
<http://www.wikidata.org/entity/Q11051>	<http://www.wikidata.org/entity/Q5146>	3900	624	4	9	0	27	657	4	0
<http://www.wikidata.org/entity/Q809>	<http://www.wikidata.org/entity/Q9237>	4135	340	1	6	0	0	340	1	0
<http://www.wikidata.org/entity/Q9237>	<http://www.wikidata.org/entity/Q809>	5311	368	1	5	0	0	368	1	0
<http://www.wikidata.org/entity/Q5146>	<http://www.wikidata.org/entity/Q11051>	176780	486	4	6	0	25	516	4	0
<http://www.wikidata.org/entity/Q652>	<http://www.wikidata.org/entity/Q8752>	26452	1915	5	10	0	1	1916	5	0
<http://www.wikidata.org/entity/Q8752>	<http://www.wikidata.org/entity/Q652>	30759	1788	4	9	0	1	1789	4	0
<http://www.wikidata.org/entity/Q36236>	<http://www.wikidata.org/entity/Q9610>	12554	905	4	18	0	19	928	4	0
<http://www.wikidata.org/entity/Q9610>	<http://www.wikidata.org/entity/Q36236>	14501	1060	4	21	0	18	1083	4	0
<http://www.wikidata.org/entity/Q36236>	<http://www.wikidata.org/entity/Q8765>	12554	50	0	3	0	2	52	0	0
<http://www.wikidata.org/entity/Q8765>	<http://www.wikidata.org/entity/Q36236>	33758	37	0	2	0	2	39	0	0
<http://www.wikidata.org/entity/Q56356571>	<http://www.wikidata.org/entity/Q7737>	11610	2371	27	31	2	16	2389	27	0
<http://www.wikidata.org/entity/Q7737>	<http://www.wikidata.org/entity/Q56356571>	18679	2386	24	27	3	16	2404	24	0
<http://www.wikidata.org/entity/Q9072>	<http://www.wikidata.org/entity/Q188>	4943	1994	16	17	1	35	2034	17	1
<http://www.wikidata.org/entity/Q188>	<http://www.wikidata.org/entity/Q9072>	20135	2581	20	21	4	56	2646	19	0
<http://www.wikidata.org/entity/Q33284>	<http://www.wikidata.org/entity/Q58635>	1711	18	0	0	0	0	18	0	0
<http://www.wikidata.org/entity/Q5218>	<http://www.wikidata.org/entity/Q9288>	2046	16	0	1	0	0	16	0	0
<http://www.wikidata.org/entity/Q9288>	<http://www.wikidata.org/entity/Q5218>	7451	19	0	1	0	0	19	0	0
<http://www.wikidata.org/entity/Q58635>	<http://www.wikidata.org/entity/Q33284>	8319	54	0	0	0	0	54	0	0
<http://www.wikidata.org/entity/Q9610>	<http://www.wikidata.org/entity/Q652>	14501	1299	1	7	5	42	1348	1	0
<http://www.wikidata.org/entity/Q652>	<http://www.wikidata.org/entity/Q9610>	26452	1034	1	8	5	43	1083	1	0
<http://www.wikidata.org/entity/Q33151>	<http://www.wikidata.org/entity/Q5218>	1938	4	0	2	0	0	4	0	0
<http://www.wikidata.org/entity/Q5218>	<http://www.wikidata.org/entity/Q33151>	2046	3	0	1	0	0	3	0	0
<http://www.wikidata.org/entity/Q652>	<http://www.wikidata.org/entity/Q8765>	26452	86	3	4	0	1	88	3	0
<http://www.wikidata.org/entity/Q8765>	<http://www.wikidata.org/entity/Q652>	33758	70	3	4	0	1	72	3	0
<http://www.wikidata.org/entity/Q36236>	<http://www.wikidata.org/entity/Q8752>	12554	768	0	1	0	0	768	0	0
<http://www.wikidata.org/entity/Q8752>	<http://www.wikidata.org/entity/Q36236>	30759	726	0	1	0	0	726	0	0
<http://www.wikidata.org/entity/Q13349>	<http://www.wikidata.org/entity/Q188>	6804	10	0	0	0	0	10	0	0
<http://www.wikidata.org/entity/Q188>	<http://www.wikidata.org/entity/Q13349>	20135	29	0	0	0	0	29	0	0
<http://www.wikidata.org/entity/Q56356571>	<http://www.wikidata.org/entity/Q35518>	11610	1046	0	0	0	65	1111	0	0
<http://www.wikidata.org/entity/Q35518>	<http://www.wikidata.org/entity/Q56356571>	15737	1758	0	0	0	104	1862	0	0
<http://www.wikidata.org/entity/Q5218>	<http://www.wikidata.org/entity/Q1321>	2046	17	10	10	0	0	18	3	0
<http://www.wikidata.org/entity/Q1321>	<http://www.wikidata.org/entity/Q5218>	20953	24	3	3	0	0	25	10	7
<http://www.wikidata.org/entity/Q33578>	<http://www.wikidata.org/entity/Q33947>	5759	20	0	0	0	1	21	0	0
<http://www.wikidata.org/entity/Q33947>	<http://www.wikidata.org/entity/Q33578>	10045	10	0	0	0	1	11	0	0
<http://www.wikidata.org/entity/Q58635>	<http://www.wikidata.org/entity/Q36790>	8319	1297	0	0	0	125	1422	0	0
<http://www.wikidata.org/entity/Q36790>	<http://www.wikidata.org/entity/Q58635>	17051	2653	0	0	0	199	2852	0	0
<http://www.wikidata.org/entity/Q8752>	<http://www.wikidata.org/entity/Q25164>	30759	1171	2	6	0	0	1172	2	0
<http://www.wikidata.org/entity/Q25164>	<http://www.wikidata.org/entity/Q8752>	32974	1517	2	6	0	0	1518	2	0
<http://www.wikidata.org/entity/Q33284>	<http://www.wikidata.org/entity/Q7737>	1711	25	0	0	0	0	25	0	0
<http://www.wikidata.org/entity/Q7737>	<http://www.wikidata.org/entity/Q33284>	18679	55	0	0	0	0	55	0	0
<http://www.wikidata.org/entity/Q36928>	<http://www.wikidata.org/entity/Q5287>	3314	670	0	0	0	0	670	0	0
<http://www.wikidata.org/entity/Q5287>	<http://www.wikidata.org/entity/Q36928>	34860	695	0	0	0	0	695	0	0
<http://www.wikidata.org/entity/Q33578>	<http://www.wikidata.org/entity/Q9168>	5759	41	0	0	0	8	49	0	0
<http://www.wikidata.org/entity/Q9168>	<http://www.wikidata.org/entity/Q33578>	18925	33	0	0	0	9	42	0	0
<http://www.wikidata.org/entity/Q33454>	<http://www.wikidata.org/entity/Q1321>	9001	63	0	0	0	2	65	0	0
<http://www.wikidata.org/entity/Q1321>	<http://www.wikidata.org/entity/Q33454>	20953	78	0	0	0	2	80	0	0
<http://www.wikidata.org/entity/Q10134>	<http://www.wikidata.org/entity/Q9027>	2146	780	1	3	2	43	827	1	0
<http://www.wikidata.org/entity/Q9237>	<http://www.wikidata.org/entity/Q8765>	5311	50	0	0	0	3	53	0	0
<http://www.wikidata.org/entity/Q13955>	<http://www.wikidata.org/entity/Q50868>	14706	13	0	1	0	0	13	0	0
<http://www.wikidata.org/entity/Q50868>	<http://www.wikidata.org/entity/Q13955>	18852	14	0	1	0	0	14	0	0
<http://www.wikidata.org/entity/Q8765>	<http://www.wikidata.org/entity/Q9237>	33758	43	0	0	0	2	45	0	0
<http://www.wikidata.org/entity/Q9027>	<http://www.wikidata.org/entity/Q10134>	38988	894	1	2	4	51	950	1	0
<http://www.wikidata.org/entity/Q9237>	<http://www.wikidata.org/entity/Q9610>	5311	597	1	6	0	71	669	1	0
<http://www.wikidata.org/entity/Q9288>	<http://www.wikidata.org/entity/Q33454>	7451	108	0	0	0	2	110	0	0
<http://www.wikidata.org/entity/Q33454>	<http://www.wikidata.org/entity/Q9288>	9001	99	0	0	0	2	101	0	0
<http://www.wikidata.org/entity/Q9610>	<http://www.wikidata.org/entity/Q9237>	14501	846	1	7	0	76	924	1	0
<http://www.wikidata.org/entity/Q32238>	<http://www.wikidata.org/entity/Q50868>	14153	40	0	0	0	0	40	0	0
<http://www.wikidata.org/entity/Q50868>	<http://www.wikidata.org/entity/Q32238>	18852	18	0	0	0	0	18	0	0
<http://www.wikidata.org/entity/Q33151>	<http://www.wikidata.org/entity/Q33454>	1938	16	0	0	0	0	16	0	0
<http://www.wikidata.org/entity/Q33454>	<http://www.wikidata.org/entity/Q33151>	9001	16	0	0	0	0	16	0	0
<http://www.wikidata.org/entity/Q256>	<http://www.wikidata.org/entity/Q36928>	2630	201	0	0	0	0	201	0	0
<http://www.wikidata.org/entity/Q36928>	<http://www.wikidata.org/entity/Q256>	3314	282	0	0	0	0	282	0	0
<http://www.wikidata.org/entity/Q36790>	<http://www.wikidata.org/entity/Q7737>	17051	3803	1	1	0	63	3866	1	0
<http://www.wikidata.org/entity/Q7737>	<http://www.wikidata.org/entity/Q36790>	18679	1702	1	1	0	39	1740	1	0
<http://www.wikidata.org/entity/Q8752>	<http://www.wikidata.org/entity/Q25167>	30759	1585	1	3	0	1	1587	1	0
<http://www.wikidata.org/entity/Q25167>	<http://www.wikidata.org/entity/Q8752>	50565	2030	1	3	0	1	2032	1	0
<http://www.wikidata.org/entity/Q9610>	<http://www.wikidata.org/entity/Q25164>	14501	908	1	4	3	32	944	1	0
<http://www.wikidata.org/entity/Q25164>	<http://www.wikidata.org/entity/Q9610>	32974	857	1	6	3	42	905	1	0
<http://www.wikidata.org/entity/Q25164>	<http://www.wikidata.org/entity/Q8765>	32974	72	0	0	0	2	74	0	0
<http://www.wikidata.org/entity/Q8765>	<http://www.wikidata.org/entity/Q25164>	33758	53	0	0	0	2	55	0	0
<http://www.wikidata.org/entity/Q33284>	<http://www.wikidata.org/entity/Q35518>	1711	18	0	0	0	0	18	0	0
<http://www.wikidata.org/entity/Q35518>	<http://www.wikidata.org/entity/Q33284>	15737	42	0	0	0	0	42	0	0
<http://www.wikidata.org/entity/Q8748>	<http://www.wikidata.org/entity/Q5287>	8162	225	0	1	2	4	231	0	0
<http://www.wikidata.org/entity/Q5287>	<http://www.wikidata.org/entity/Q8748>	34860	335	0	1	1	8	344	0	0
<http://www.wikidata.org/entity/Q9176>	<http://www.wikidata.org/entity/Q33578>	1593	153	0	0	0	25	178	0	0
<http://www.wikidata.org/entity/Q33578>	<http://www.wikidata.org/entity/Q9176>	5759	175	0	0	0	30	205	0	0
<http://www.wikidata.org/entity/Q7411>	<http://www.wikidata.org/entity/Q256>	2611	221	0	2	2	6	227	0	0
<http://www.wikidata.org/entity/Q256>	<http://www.wikidata.org/entity/Q7411>	2630	228	0	2	1	5	233	0	0
<http://www.wikidata.org/entity/Q9237>	<http://www.wikidata.org/entity/Q8752>	5311	550	0	1	0	5	555	0	0
<http://www.wikidata.org/entity/Q8752>	<http://www.wikidata.org/entity/Q9237>	30759	541	0	1	0	3	544	0	0
<http://www.wikidata.org/entity/Q7411>	<http://www.wikidata.org/entity/Q5287>	2611	757	0	6	8	6	772	0	0
<http://www.wikidata.org/entity/Q5287>	<http://www.wikidata.org/entity/Q7411>	34860	1010	0	7	5	9	1026	0	0
<http://www.wikidata.org/entity/Q36495>	<http://www.wikidata.org/entity/Q10134>	1973	392	0	1	0	27	419	0	0
<http://www.wikidata.org/entity/Q10134>	<http://www.wikidata.org/entity/Q36495>	2146	303	0	2	0	21	325	0	0
<http://www.wikidata.org/entity/Q256>	<http://www.wikidata.org/entity/Q8748>	2630	159	23	24	0	2	172	23	0
<http://www.wikidata.org/entity/Q8748>	<http://www.wikidata.org/entity/Q256>	8162	149	22	23	0	1	161	22	0
<http://www.wikidata.org/entity/Q10134>	<http://www.wikidata.org/entity/Q9035>	2146	683	1	5	1	26	712	1	0
<http://www.wikidata.org/entity/Q33578>	<http://www.wikidata.org/entity/Q12107>	5759	788	0	0	0	50	838	0	0
<http://www.wikidata.org/entity/Q12107>	<http://www.wikidata.org/entity/Q33578>	5780	856	0	0	0	37	893	0	0
<http://www.wikidata.org/entity/Q9035>	<http://www.wikidata.org/entity/Q10134>	19363	743	1	5	1	35	781	1	0
<http://www.wikidata.org/entity/Q58635>	<http://www.wikidata.org/entity/Q56356571>	8319	1699	94	98	5	72	1860	94	0
<http://www.wikidata.org/entity/Q56356571>	<http://www.wikidata.org/entity/Q58635>	11610	1506	91	92	3	54	1643	91	0
<http://www.wikidata.org/entity/Q35518>	<http://www.wikidata.org/entity/Q36790>	15737	3561	2101	2101	0	440	4862	2085	1
<http://www.wikidata.org/entity/Q36790>	<http://www.wikidata.org/entity/Q35518>	17051	5077	2521	2521	0	516	6430	2529	13
<http://www.wikidata.org/entity/Q9610>	<http://www.wikidata.org/entity/Q25167>	14501	1209	3	6	6	52	1270	3	0
<http://www.wikidata.org/entity/Q25167>	<http://www.wikidata.org/entity/Q9610>	50565	1159	3	6	8	75	1245	3	0
<http://www.wikidata.org/entity/Q8765>	<http://www.wikidata.org/entity/Q25167>	33758	62	0	0	0	2	64	0	0
<http://www.wikidata.org/entity/Q25167>	<http://www.wikidata.org/entity/Q8765>	50565	87	0	0	0	4	91	0	0
<http://www.wikidata.org/entity/Q9176>	<http://www.wikidata.org/entity/Q13955>	1593	129	0	0	0	12	141	0	0
<http://www.wikidata.org/entity/Q13955>	<http://www.wikidata.org/entity/Q9176>	14706	120	0	0	0	10	130	0	0
<http://www.wikidata.org/entity/Q9176>	<http://www.wikidata.org/entity/Q32238>	1593	119	0	1	0	8	127	0	0
<http://www.wikidata.org/entity/Q32238>	<http://www.wikidata.org/entity/Q9176>	14153	148	0	1	0	6	153	0	0
<http://www.wikidata.org/entity/Q56475>	<http://www.wikidata.org/entity/Q1860>	1897	625	0	1	1	124	749	0	0
<http://www.wikidata.org/entity/Q1860>	<http://www.wikidata.org/entity/Q56475>	59942	923	0	1	1	184	1107	0	0
<http://www.wikidata.org/entity/Q1860>	<http://www.wikidata.org/entity/Q5146>	59942	2972	94	124	29	153	3158	91	1
<http://www.wikidata.org/entity/Q5146>	<http://www.wikidata.org/entity/Q1860>	176780	2329	92	123	31	118	2477	93	3
<http://www.wikidata.org/entity/Q12107>	<http://www.wikidata.org/entity/Q13955>	5780	473	1	1	0	14	487	1	0
<http://www.wikidata.org/entity/Q13955>	<http://www.wikidata.org/entity/Q12107>	14706	368	1	1	0	13	381	1	0
<http://www.wikidata.org/entity/Q12107>	<http://www.wikidata.org/entity/Q32238>	5780	823	1	1	0	12	835	1	0
<http://www.wikidata.org/entity/Q32238>	<http://www.wikidata.org/entity/Q12107>	14153	821	1	1	0	10	828	1	0
<http://www.wikidata.org/entity/Q150>	<http://www.wikidata.org/entity/Q5146>	33497	1887	16	52	54	79	2009	16	0
<http://www.wikidata.org/entity/Q5146>	<http://www.wikidata.org/entity/Q150>	176780	1742	14	49	29	70	1835	14	0
<http://www.wikidata.org/entity/Q56475>	<http://www.wikidata.org/entity/Q150>	1897	502	0	0	1	59	561	0	0
<http://www.wikidata.org/entity/Q150>	<http://www.wikidata.org/entity/Q56475>	33497	594	0	0	4	68	665	0	0
<http://www.wikidata.org/entity/Q809>	<http://www.wikidata.org/entity/Q652>	4135	730	10	21	2	1	733	10	0
<http://www.wikidata.org/entity/Q652>	<http://www.wikidata.org/entity/Q809>	26452	799	10	17	1	1	802	10	0
<http://www.wikidata.org/entity/Q5218>	<http://www.wikidata.org/entity/Q5287>	2046	11	0	2	0	0	11	0	0
<http://www.wikidata.org/entity/Q5287>	<http://www.wikidata.org/entity/Q5218>	34860	28	0	3	0	0	28	0	0
<http://www.wikidata.org/entity/Q13955>	<http://www.wikidata.org/entity/Q9168>	14706	26	2	2	0	3	31	2	0
<http://www.wikidata.org/entity/Q9168>	<http://www.wikidata.org/entity/Q13955>	18925	26	2	2	0	7	35	2	0
<http://www.wikidata.org/entity/Q32238>	<http://www.wikidata.org/entity/Q9168>	14153	50	0	0	0	1	50	0	0
<http://www.wikidata.org/entity/Q9168>	<http://www.wikidata.org/entity/Q32238>	18925	42	0	0	0	1	43	0	0
<http://www.wikidata.org/entity/Q5218>	<http://www.wikidata.org/entity/Q256>	2046	10	0	1	0	0	10	0	0
<http://www.wikidata.org/entity/Q256>	<http://www.wikidata.org/entity/Q5218>	2630	13	0	1	0	0	13	0	0
<http://www.wikidata.org/entity/Q33578>	<http://www.wikidata.org/entity/Q50868>	5759	32	0	0	0	0	32	0	0
<http://www.wikidata.org/entity/Q50868>	<http://www.wikidata.org/entity/Q33578>	18852	21	0	0	0	0	21	0	0
<http://www.wikidata.org/entity/Q809>	<http://www.wikidata.org/entity/Q36236>	4135	460	1	16	0	0	460	1	0
<http://www.wikidata.org/entity/Q36236>	<http://www.wikidata.org/entity/Q809>	12554	529	1	13	0	0	531	1	0
<http://www.wikidata.org/entity/Q33454>	<http://www.wikidata.org/entity/Q652>	9001	146	0	0	0	2	148	0	0
<http://www.wikidata.org/entity/Q11059>	<http://www.wikidata.org/entity/Q7737>	1928	358	0	1	0	15	373	0	0
<http://www.wikidata.org/entity/Q652>	<http://www.wikidata.org/entity/Q33454>	26452	180	0	0	0	2	182	0	0
<http://www.wikidata.org/entity/Q7737>	<http://www.wikidata.org/entity/Q11059>	18679	577	0	2	0	13	589	0	0
<http://www.wikidata.org/entity/Q5218>	<http://www.wikidata.org/entity/Q9237>	2046	8	0	2	0	0	8	0	0
<http://www.wikidata.org/entity/Q9237>	<http://www.wikidata.org/entity/Q5218>	5311	11	0	2	0	0	11	0	0
<http://www.wikidata.org/entity/Q10134>	<http://www.wikidata.org/entity/Q13349>	2146	7	0	0	0	0	7	0	0
<http://www.wikidata.org/entity/Q13349>	<http://www.wikidata.org/entity/Q10134>	6804	7	0	0	0	0	7	0	0
<http://www.wikidata.org/entity/Q58635>	<http://www.wikidata.org/entity/Q1860>	8319	3030	40	44	6	220	3281	40	0
<http://www.wikidata.org/entity/Q1860>	<http://www.wikidata.org/entity/Q58635>	59942	2713	39	42	8	235	2978	39	0
<http://www.wikidata.org/entity/Q1412>	<http://www.wikidata.org/entity/Q7737>	2495	516	9	14	0	5	522	9	0
<http://www.wikidata.org/entity/Q7737>	<http://www.wikidata.org/entity/Q1412>	18679	801	9	15	0	6	808	9	0
<http://www.wikidata.org/entity/Q58635>	<http://www.wikidata.org/entity/Q150>	8319	2372	0	0	8	119	2494	0	0
<http://www.wikidata.org/entity/Q150>	<http://www.wikidata.org/entity/Q58635>	33497	1691	0	0	15	97	1797	0	0
<http://www.wikidata.org/entity/Q11051>	<http://www.wikidata.org/entity/Q7737>	3900	841	1	8	1	12	856	1	0
<http://www.wikidata.org/entity/Q7737>	<http://www.wikidata.org/entity/Q11051>	18679	1061	1	4	1	13	1075	1	0
<http://www.wikidata.org/entity/Q11059>	<http://www.wikidata.org/entity/Q35518>	1928	292	0	0	0	38	330	0	0
<http://www.wikidata.org/entity/Q35518>	<http://www.wikidata.org/entity/Q11059>	15737	619	0	0	0	86	705	0	0
<http://www.wikidata.org/entity/Q33454>	<http://www.wikidata.org/entity/Q36236>	9001	96	0	0	0	1	97	0	0
<http://www.wikidata.org/entity/Q36236>	<http://www.wikidata.org/entity/Q33454>	12554	131	0	0	0	1	132	0	0
<http://www.wikidata.org/entity/Q1412>	<http://www.wikidata.org/entity/Q35518>	2495	253	0	1	0	19	272	0	0
<http://www.wikidata.org/entity/Q35518>	<http://www.wikidata.org/entity/Q1412>	15737	796	0	1	0	43	839	0	0
<http://www.wikidata.org/entity/Q5218>	<http://www.wikidata.org/entity/Q25164>	2046	11	0	1	0	0	11	0	0
<http://www.wikidata.org/entity/Q25164>	<http://www.wikidata.org/entity/Q5218>	32974	18	0	1	0	0	18	0	0
<http://www.wikidata.org/entity/Q5218>	<http://www.wikidata.org/entity/Q25167>	2046	17	0	1	0	0	17	0	0
<http://www.wikidata.org/entity/Q25167>	<http://www.wikidata.org/entity/Q5218>	50565	28	0	1	0	0	28	0	0
<http://www.wikidata.org/entity/Q10134>	<http://www.wikidata.org/entity/Q9072>	2146	438	0	0	0	16	454	0	0
<http://www.wikidata.org/entity/Q9072>	<http://www.wikidata.org/entity/Q10134>	4943	472	0	0	0	15	487	0	0
<http://www.wikidata.org/entity/Q11051>	<http://www.wikidata.org/entity/Q35518>	3900	557	0	0	0	38	595	0	0
<http://www.wikidata.org/entity/Q35518>	<http://www.wikidata.org/entity/Q11051>	15737	1161	0	0	0	72	1233	0	0
<http://www.wikidata.org/entity/Q9237>	<http://www.wikidata.org/entity/Q8748>	5311	218	0	1	0	1	219	0	0
<http://www.wikidata.org/entity/Q8748>	<http://www.wikidata.org/entity/Q9237>	8162	183	0	1	0	1	184	0	0
<http://www.wikidata.org/entity/Q256>	<http://www.wikidata.org/entity/Q8752>	2630	227	0	1	0	3	230	0	0
<http://www.wikidata.org/entity/Q8752>	<http://www.wikidata.org/entity/Q256>	30759	232	0	1	0	2	234	0	0
<http://www.wikidata.org/entity/Q7411>	<http://www.wikidata.org/entity/Q9237>	2611	805	23	28	1	6	827	23	0
<http://www.wikidata.org/entity/Q9237>	<http://www.wikidata.org/entity/Q7411>	5311	878	24	29	1	5	900	24	0
<http://www.wikidata.org/entity/Q36928>	<http://www.wikidata.org/entity/Q25164>	3314	629	0	0	0	0	629	0	0
<http://www.wikidata.org/entity/Q25164>	<http://www.wikidata.org/entity/Q36928>	32974	645	0	0	0	0	645	0	0
<http://www.wikidata.org/entity/Q8752>	<http://www.wikidata.org/entity/Q5287>	30759	936	0	3	0	2	938	0	0
<http://www.wikidata.org/entity/Q5287>	<http://www.wikidata.org/entity/Q8752>	34860	1105	0	3	0	3	1108	0	0
<http://www.wikidata.org/entity/Q809>	<http://www.wikidata.org/entity/Q9288>	4135	496	1	5	0	0	496	1	0
<http://www.wikidata.org/entity/Q9288>	<http://www.wikidata.org/entity/Q809>	7451	500	1	5	0	0	500	1	0
<http://www.wikidata.org/entity/Q33151>	<http://www.wikidata.org/entity/Q809>	1938	24	0	1	0	0	24	0	0
<http://www.wikidata.org/entity/Q809>	<http://www.wikidata.org/entity/Q33151>	4135	23	0	1	0	0	24	0	0
<http://www.wikidata.org/entity/Q36928>	<http://www.wikidata.org/entity/Q25167>	3314	869	0	0	0	0	869	0	0
<http://www.wikidata.org/entity/Q25167>	<http://www.wikidata.org/entity/Q36928>	50565	929	0	0	0	0	929	0	0
<http://www.wikidata.org/entity/Q809>	<http://www.wikidata.org/entity/Q1321>	4135	491	9	25	2	1	496	9	0
<http://www.wikidata.org/entity/Q1321>	<http://www.wikidata.org/entity/Q809>	20953	579	9	19	2	1	584	9	0
<http://www.wikidata.org/entity/Q56475>	<http://www.wikidata.org/entity/Q56356571>	1897	353	0	0	1	30	383	0	0
<http://www.wikidata.org/entity/Q36928>	<http://www.wikidata.org/entity/Q9237>	3314	486	0	0	0	0	486	0	0
<http://www.wikidata.org/entity/Q9237>	<http://www.wikidata.org/entity/Q36928>	5311	381	0	0	0	0	381	0	0
<http://www.wikidata.org/entity/Q56356571>	<http://www.wikidata.org/entity/Q56475>	11610	595	0	0	1	38	633	0	0
<http://www.wikidata.org/entity/Q56356571>	<http://www.wikidata.org/entity/Q5146>	11610	1341	0	2	5	31	1377	0	0
<http://www.wikidata.org/entity/Q5146>	<http://www.wikidata.org/entity/Q56356571>	176780	899	0	2	5	23	927	0	0
<http://www.wikidata.org/entity/Q7411>	<http://www.wikidata.org/entity/Q25164>	2611	739	0	5	121	4	862	0	0
<http://www.wikidata.org/entity/Q25164>	<http://www.wikidata.org/entity/Q7411>	32974	901	0	6	149	7	1057	0	0
<http://www.wikidata.org/entity/Q256>	<http://www.wikidata.org/entity/Q9610>	2630	309	1	3	0	58	369	1	0
<http://www.wikidata.org/entity/Q9610>	<http://www.wikidata.org/entity/Q256>	14501	481	1	4	0	64	547	1	0
<http://www.wikidata.org/entity/Q256>	<http://www.wikidata.org/entity/Q8765>	2630	46	0	0	0	2	48	0	0
<http://www.wikidata.org/entity/Q8765>	<http://www.wikidata.org/entity/Q256>	33758	36	0	0	0	2	38	0	0
<http://www.wikidata.org/entity/Q8748>	<http://www.wikidata.org/entity/Q25164>	8162	221	0	1	4	1	224	0	0
<http://www.wikidata.org/entity/Q25164>	<http://www.wikidata.org/entity/Q8748>	32974	309	0	2	4	1	313	0	0
<http://www.wikidata.org/entity/Q8765>	<http://www.wikidata.org/entity/Q5287>	33758	55	0	1	0	2	57	0	0
<http://www.wikidata.org/entity/Q5287>	<http://www.wikidata.org/entity/Q8765>	34860	77	0	1	0	4	81	0	0
<http://www.wikidata.org/entity/Q10134>	<http://www.wikidata.org/entity/Q9056>	2146	394	1	4	1	5	400	2	1
<http://www.wikidata.org/entity/Q9056>	<http://www.wikidata.org/entity/Q10134>	25347	589	2	6	2	6	597	1	0
<http://www.wikidata.org/entity/Q9610>	<http://www.wikidata.org/entity/Q5287>	14501	1040	0	8	0	97	1139	0	0
<http://www.wikidata.org/entity/Q5287>	<http://www.wikidata.org/entity/Q9610>	34860	1022	0	5	0	113	1137	0	0
<http://www.wikidata.org/entity/Q8748>	<http://www.wikidata.org/entity/Q25167>	8162	292	0	1	4	2	296	0	0
<http://www.wikidata.org/entity/Q25167>	<http://www.wikidata.org/entity/Q8748>	50565	416	0	2	3	2	420	0	0
<http://www.wikidata.org/entity/Q7411>	<http://www.wikidata.org/entity/Q25167>	2611	985	2	3	205	8	1195	2	0
<http://www.wikidata.org/entity/Q25167>	<http://www.wikidata.org/entity/Q7411>	50565	1267	2	4	266	9	1542	2	0
<http://www.wikidata.org/entity/Q9176>	<http://www.wikidata.org/entity/Q50868>	1593	13	0	0	0	1	14	0	0
<http://www.wikidata.org/entity/Q50868>	<http://www.wikidata.org/entity/Q9176>	18852	10	0	0	0	1	11	0	0
<http://www.wikidata.org/entity/Q5218>	<http://www.wikidata.org/entity/Q7411>	2046	7	0	1	0	0	7	0	0
<http://www.wikidata.org/entity/Q7411>	<http://www.wikidata.org/entity/Q5218>	2611	9	0	1	0	0	9	0	0
<http://www.wikidata.org/entity/Q12107>	<http://www.wikidata.org/entity/Q50868>	5780	50	0	0	0	2	52	0	0
<http://www.wikidata.org/entity/Q50868>	<http://www.wikidata.org/entity/Q12107>	18852	31	0	0	0	2	33	0	0
<http://www.wikidata.org/entity/Q5218>	<http://www.wikidata.org/entity/Q8748>	2046	5	0	0	0	0	5	0	0
<http://www.wikidata.org/entity/Q8748>	<http://www.wikidata.org/entity/Q5218>	8162	5	0	0	0	0	5	0	0
<http://www.wikidata.org/entity/Q9072>	<http://www.wikidata.org/entity/Q9056>	4943	676	0	3	1	2	680	0	0
<http://www.wikidata.org/entity/Q9056>	<http://www.wikidata.org/entity/Q9072>	25347	841	0	4	2	2	847	0	0
<http://www.wikidata.org/entity/Q13349>	<http://www.wikidata.org/entity/Q9056>	6804	7	0	0	0	0	7	0	0
<http://www.wikidata.org/entity/Q50868>	<http://www.wikidata.org/entity/Q9168>	18852	2	0	0	0	0	2	0	0
<http://www.wikidata.org/entity/Q9168>	<http://www.wikidata.org/entity/Q50868>	18925	2	0	0	0	0	2	0	0
<http://www.wikidata.org/entity/Q9056>	<http://www.wikidata.org/entity/Q13349>	25347	20	0	0	0	0	20	0	0
<http://www.wikidata.org/entity/Q33578>	<http://www.wikidata.org/entity/Q32238>	5759	644	5	5	0	9	657	7	2
<http://www.wikidata.org/entity/Q32238>	<http://www.wikidata.org/entity/Q33578>	14153	734	7	9	0	9	746	5	0
<http://www.wikidata.org/entity/Q5218>	<http://www.wikidata.org/entity/Q36928>	2046	5	0	0	0	0	5	0	0
<http://www.wikidata.org/entity/Q36928>	<http://www.wikidata.org/entity/Q5218>	3314	6	0	0	0	0	6	0	0
<http://www.wikidata.org/entity/Q33578>	<http://www.wikidata.org/entity/Q13955>	5759	359	0	0	0	20	379	0	0
<http://www.wikidata.org/entity/Q13955>	<http://www.wikidata.org/entity/Q33578>	14706	275	0	0	0	18	293	0	0
<http://www.wikidata.org/entity/Q33151>	<http://www.wikidata.org/entity/Q1321>	1938	44	2	8	0	0	47	2	0
<http://www.wikidata.org/entity/Q9176>	<http://www.wikidata.org/entity/Q12107>	1593	207	0	0	0	27	234	0	0
<http://www.wikidata.org/entity/Q1321>	<http://www.wikidata.org/entity/Q33151>	20953	59	2	8	0	0	63	2	0
<http://www.wikidata.org/entity/Q12107>	<http://www.wikidata.org/entity/Q9176>	5780	226	0	0	0	24	250	0	0
<http://www.wikidata.org/entity/Q7411>	<http://www.wikidata.org/entity/Q8748>	2611	98	0	1	4	1	103	0	0
<http://www.wikidata.org/entity/Q8748>	<http://www.wikidata.org/entity/Q7411>	8162	95	0	1	4	1	98	0	0
<http://www.wikidata.org/entity/Q256>	<http://www.wikidata.org/entity/Q5287>	2630	663	1	7	0	88	751	1	0
<http://www.wikidata.org/entity/Q5287>	<http://www.wikidata.org/entity/Q256>	34860	937	1	7	0	118	1055	1	0
<http://www.wikidata.org/entity/Q9288>	<http://www.wikidata.org/entity/Q1321>	7451	1533	1	8	3	14	1552	1	0
<http://www.wikidata.org/entity/Q1321>	<http://www.wikidata.org/entity/Q9288>	20953	1810	1	7	3	14	1829	1	0
<http://www.wikidata.org/entity/Q11059>	<http://www.wikidata.org/entity/Q1412>	1928	132	0	1	0	5	137	0	0
<http://www.wikidata.org/entity/Q1412>	<http://www.wikidata.org/entity/Q11059>	2495	110	0	1	0	6	116	0	0
<http://www.wikidata.org/entity/Q652>	<http://www.wikidata.org/entity/Q652>	26452	21996	0	815	456	187	22715	0	0
<http://www.wikidata.org/entity/Q5146>	<http://www.wikidata.org/entity/Q5146>	176780	3006	0	166	48	141	3204	0	0
<http://www.wikidata.org/entity/Q9072>	<http://www.wikidata.org/entity/Q9072>	4943	3992	0	35	1	68	4074	0	0
<http://www.wikidata.org/entity/Q809>	<http://www.wikidata.org/entity/Q809>	4135	2671	0	126	2	4	2691	0	0
<http://www.wikidata.org/entity/Q9288>	<http://www.wikidata.org/entity/Q9288>	7451	6573	0	73	3	58	6649	0	0
<http://www.wikidata.org/entity/Q25167>	<http://www.wikidata.org/entity/Q25167>	50565	18726	0	32679	674	321	37981	0	0
<http://www.wikidata.org/entity/Q13349>	<http://www.wikidata.org/entity/Q13349>	6804	21	0	0	0	0	21	0	0
<http://www.wikidata.org/entity/Q5218>	<http://www.wikidata.org/entity/Q5218>	2046	19	0	6	0	1	21	0	0
<http://www.wikidata.org/entity/Q33947>	<http://www.wikidata.org/entity/Q33947>	10045	10039	0	4	0	1	10040	0	0
<http://www.wikidata.org/entity/Q33284>	<http://www.wikidata.org/entity/Q33284>	1711	37	0	2	0	0	38	0	0
<http://www.wikidata.org/entity/Q25164>	<http://www.wikidata.org/entity/Q25164>	32974	13907	7	32179	354	181	32474	7	1
<http://www.wikidata.org/entity/Q50868>	<http://www.wikidata.org/entity/Q50868>	18852	307	0	1	0	7	314	0	0
<http://www.wikidata.org/entity/Q36495>	<http://www.wikidata.org/entity/Q36495>	1973	1310	0	159	0	189	1521	0	0
<http://www.wikidata.org/entity/Q9610>	<http://www.wikidata.org/entity/Q9610>	14501	2469	0	162	10	222	2799	0	0
<http://www.wikidata.org/entity/Q397>	<http://www.wikidata.org/entity/Q397>	2705	2273	0	180	2	31	2384	0	0
<http://www.wikidata.org/entity/Q9237>	<http://www.wikidata.org/entity/Q9237>	5311	3414	0	260	1	273	3747	0	0
<http://www.wikidata.org/entity/Q8752>	<http://www.wikidata.org/entity/Q8752>	30759	2184	0	43	0	3	2190	0	0
<http://www.wikidata.org/entity/Q188>	<http://www.wikidata.org/entity/Q188>	20135	16474	5	773	401	627	17590	5	0
<http://www.wikidata.org/entity/Q1860>	<http://www.wikidata.org/entity/Q1860>	59942	33041	5	3546	365	2818	36672	5	3
<http://www.wikidata.org/entity/Q9027>	<http://www.wikidata.org/entity/Q9027>	38988	18065	0	300	732	348	19227	0	0
<http://www.wikidata.org/entity/Q9035>	<http://www.wikidata.org/entity/Q9035>	19363	10543	0	415	279	176	11143	0	0
<http://www.wikidata.org/entity/Q36928>	<http://www.wikidata.org/entity/Q36928>	3314	1305	0	0	0	0	1305	0	0
<http://www.wikidata.org/entity/Q36790>	<http://www.wikidata.org/entity/Q36790>	17051	7049	0	2526	0	826	8473	0	0
<http://www.wikidata.org/entity/Q10134>	<http://www.wikidata.org/entity/Q10134>	2146	1184	0	37	5	181	1379	0	0
<http://www.wikidata.org/entity/Q8748>	<http://www.wikidata.org/entity/Q8748>	8162	415	0	32	4	5	436	0	0
<http://www.wikidata.org/entity/Q9056>	<http://www.wikidata.org/entity/Q9056>	25347	22222	0	241	56	13	22262	0	0
<http://www.wikidata.org/entity/Q727694>	<http://www.wikidata.org/entity/Q727694>	4417	1639	0	134	0	251	1932	0	0
<http://www.wikidata.org/entity/Q1412>	<http://www.wikidata.org/entity/Q1412>	2495	1521	0	81	2	35	1591	0	0
<http://www.wikidata.org/entity/Q5287>	<http://www.wikidata.org/entity/Q5287>	34860	11523	0	347	13	640	12272	0	0
<http://www.wikidata.org/entity/Q13955>	<http://www.wikidata.org/entity/Q13955>	14706	1073	0	130	2	69	1223	0	0
<http://www.wikidata.org/entity/Q56475>	<http://www.wikidata.org/entity/Q56475>	1897	730	0	7	1	170	904	0	0
<http://www.wikidata.org/entity/Q58635>	<http://www.wikidata.org/entity/Q58635>	8319	3930	0	593	31	319	4709	0	0
<http://www.wikidata.org/entity/Q11059>	<http://www.wikidata.org/entity/Q11059>	1928	733	0	113	0	66	864	0	0
<http://www.wikidata.org/entity/Q35518>	<http://www.wikidata.org/entity/Q35518>	15737	4657	0	2092	0	645	6074	0	0
<http://www.wikidata.org/entity/Q56356571>	<http://www.wikidata.org/entity/Q56356571>	11610	5440	16	497	15	166	5833	16	0
<http://www.wikidata.org/entity/Q33151>	<http://www.wikidata.org/entity/Q33151>	1938	135	0	81	0	1	157	0	0
<http://www.wikidata.org/entity/Q256>	<http://www.wikidata.org/entity/Q256>	2630	1232	0	197	2	213	1521	0	0
<http://www.wikidata.org/entity/Q7737>	<http://www.wikidata.org/entity/Q7737>	18679	14467	0	195	52	132	14642	0	0
<http://www.wikidata.org/entity/Q8765>	<http://www.wikidata.org/entity/Q8765>	33758	83	0	38	0	2	101	0	0
<http://www.wikidata.org/entity/Q150>	<http://www.wikidata.org/entity/Q150>	33497	21099	0	1108	699	612	22461	0	0
<http://www.wikidata.org/entity/Q36236>	<http://www.wikidata.org/entity/Q36236>	12554	10436	13	1013	0	41	10611	14	2
<http://www.wikidata.org/entity/Q12107>	<http://www.wikidata.org/entity/Q12107>	5780	3546	0	37	16	163	3725	0	0
<http://www.wikidata.org/entity/Q33578>	<http://www.wikidata.org/entity/Q33578>	5759	2040	0	29	0	158	2212	0	0
<http://www.wikidata.org/entity/Q11051>	<http://www.wikidata.org/entity/Q11051>	3900	1570	7	559	4	93	2039	7	0
<http://www.wikidata.org/entity/Q33454>	<http://www.wikidata.org/entity/Q33454>	9001	176	0	1	0	3	180	0	0
<http://www.wikidata.org/entity/Q9176>	<http://www.wikidata.org/entity/Q9176>	1593	814	0	31	0	136	955	0	0
<http://www.wikidata.org/entity/Q32238>	<http://www.wikidata.org/entity/Q32238>	14153	2091	0	52	0	16	2118	0	0
<http://www.wikidata.org/entity/Q7411>	<http://www.wikidata.org/entity/Q7411>	2611	1750	0	171	363	22	2117	0	0
<http://www.wikidata.org/entity/Q1321>	<http://www.wikidata.org/entity/Q1321>	20953	6330	4	653	806	88	7211	4	0
<http://www.wikidata.org/entity/Q9168>	<http://www.wikidata.org/entity/Q9168>	18925	1805	0	20	0	29	1852	0	0
<http://www.wikidata.org/entity/Q56475>	<http://www.wikidata.org/entity/Q5146>	1897	296	0	0	1	25	322	0	0
<http://www.wikidata.org/entity/Q5146>	<http://www.wikidata.org/entity/Q56475>	176780	310	0	0	1	26	337	0	0
<http://www.wikidata.org/entity/Q9610>	<http://www.wikidata.org/entity/Q8765>	14501	36	0	0	0	2	38	0	0
<http://www.wikidata.org/entity/Q36495>	<http://www.wikidata.org/entity/Q9035>	1973	971	0	7	0	18	990	0	0
<http://www.wikidata.org/entity/Q8765>	<http://www.wikidata.org/entity/Q9610>	33758	29	0	0	0	2	31	0	0
<http://www.wikidata.org/entity/Q9035>	<http://www.wikidata.org/entity/Q36495>	19363	878	0	6	0	18	897	0	0
<http://www.wikidata.org/entity/Q32238>	<http://www.wikidata.org/entity/Q13955>	14153	318	0	3	0	4	322	0	0
<http://www.wikidata.org/entity/Q13955>	<http://www.wikidata.org/entity/Q32238>	14706	229	0	2	0	4	233	0	0
<http://www.wikidata.org/entity/Q33151>	<http://www.wikidata.org/entity/Q9288>	1938	70	0	0	0	0	70	0	0
<http://www.wikidata.org/entity/Q9288>	<http://www.wikidata.org/entity/Q33151>	7451	73	0	0	0	0	73	0	0
<http://www.wikidata.org/entity/Q11059>	<http://www.wikidata.org/entity/Q11051>	1928	316	26	31	0	18	347	26	0
<http://www.wikidata.org/entity/Q11051>	<http://www.wikidata.org/entity/Q11059>	3900	386	27	32	0	24	424	27	0
<http://www.wikidata.org/entity/Q33284>	<http://www.wikidata.org/entity/Q36790>	1711	18	0	0	0	0	18	0	0
<http://www.wikidata.org/entity/Q36790>	<http://www.wikidata.org/entity/Q33284>	17051	69	0	0	0	0	69	0	0
<http://www.wikidata.org/entity/Q25164>	<http://www.wikidata.org/entity/Q25167>	32974	13780	32177	32180	354	180	32360	32153	5
<http://www.wikidata.org/entity/Q25167>	<http://www.wikidata.org/entity/Q25164>	50565	14299	32595	32597	382	191	33175	32623	37
<http://www.wikidata.org/entity/Q150>	<http://www.wikidata.org/entity/Q1860>	33497	9191	585	772	272	416	9978	598	15
<http://www.wikidata.org/entity/Q1860>	<http://www.wikidata.org/entity/Q150>	59942	10174	597	781	142	513	10941	584	4
<http://www.wikidata.org/entity/Q1412>	<http://www.wikidata.org/entity/Q11051>	2495	229	0	0	0	7	236	0	0
<http://www.wikidata.org/entity/Q11051>	<http://www.wikidata.org/entity/Q1412>	3900	341	0	0	0	7	348	0	0
<http://www.wikidata.org/entity/Q7411>	<http://www.wikidata.org/entity/Q36928>	2611	138	0	0	0	0	138	0	0
<http://www.wikidata.org/entity/Q36928>	<http://www.wikidata.org/entity/Q7411>	3314	185	0	0	0	0	185	0	0
<http://www.wikidata.org/entity/Q9237>	<http://www.wikidata.org/entity/Q25164>	5311	1389	1	4	1	37	1425	2	1
<http://www.wikidata.org/entity/Q12107>	<http://www.wikidata.org/entity/Q9168>	5780	112	0	0	0	9	121	0	0
<http://www.wikidata.org/entity/Q9168>	<http://www.wikidata.org/entity/Q12107>	18925	78	0	0	0	11	89	0	0
<http://www.wikidata.org/entity/Q25164>	<http://www.wikidata.org/entity/Q9237>	32974	1708	2	5	2	53	1760	1	0
<http://www.wikidata.org/entity/Q36236>	<http://www.wikidata.org/entity/Q652>	12554	3076	30	56	0	9	3095	30	0
<http://www.wikidata.org/entity/Q652>	<http://www.wikidata.org/entity/Q36236>	26452	3210	30	59	0	9	3228	30	0
<http://www.wikidata.org/entity/Q9610>	<http://www.wikidata.org/entity/Q8752>	14501	333	0	0	0	3	336	0	0
<http://www.wikidata.org/entity/Q35518>	<http://www.wikidata.org/entity/Q7737>	15737	2503	0	1	0	38	2541	0	0
<http://www.wikidata.org/entity/Q7737>	<http://www.wikidata.org/entity/Q35518>	18679	1646	0	1	0	34	1680	0	0
<http://www.wikidata.org/entity/Q8752>	<http://www.wikidata.org/entity/Q9610>	30759	274	0	0	0	3	277	0	0
<http://www.wikidata.org/entity/Q8752>	<http://www.wikidata.org/entity/Q8765>	30759	33	0	0	0	0	33	0	0
<http://www.wikidata.org/entity/Q8765>	<http://www.wikidata.org/entity/Q8752>	33758	31	0	0	0	0	31	0	0
<http://www.wikidata.org/entity/Q36928>	<http://www.wikidata.org/entity/Q8748>	3314	107	0	0	0	0	107	0	0
<http://www.wikidata.org/entity/Q8748>	<http://www.wikidata.org/entity/Q36928>	8162	86	0	0	0	0	86	0	0
<http://www.wikidata.org/entity/Q9176>	<http://www.wikidata.org/entity/Q9168>	1593	19	0	0	0	1	20	0	0
<http://www.wikidata.org/entity/Q9168>	<http://www.wikidata.org/entity/Q9176>	18925	18	0	0	0	1	19	0	0
<http://www.wikidata.org/entity/Q36495>	<http://www.wikidata.org/entity/Q9027>	1973	869	0	0	0	27	896	0	0
<http://www.wikidata.org/entity/Q9027>	<http://www.wikidata.org/entity/Q36495>	38988	819	0	0	0	24	843	0	0
<http://www.wikidata.org/entity/Q9035>	<http://www.wikidata.org/entity/Q9027>	19363	4871	120	132	175	62	5168	120	6
<http://www.wikidata.org/entity/Q9027>	<http://www.wikidata.org/entity/Q9035>	38988	5101	121	132	260	58	5478	120	6
<http://www.wikidata.org/entity/Q9072>	<http://www.wikidata.org/entity/Q13349>	4943	12	0	0	0	0	12	0	0
<http://www.wikidata.org/entity/Q13349>	<http://www.wikidata.org/entity/Q9072>	6804	11	0	0	0	0	11	0	0
<http://www.wikidata.org/entity/Q9237>	<http://www.wikidata.org/entity/Q25167>	5311	1934	0	6	1	52	1984	0	0
<http://www.wikidata.org/entity/Q25167>	<http://www.wikidata.org/entity/Q9237>	50565	2484	0	7	2	74	2557	0	0
<http://www.wikidata.org/entity/Q8748>	<http://www.wikidata.org/entity/Q9610>	8162	119	0	0	0	3	122	0	0
<http://www.wikidata.org/entity/Q9610>	<http://www.wikidata.org/entity/Q8748>	14501	337	0	0	0	2	339	0	0
<http://www.wikidata.org/entity/Q8748>	<http://www.wikidata.org/entity/Q8765>	8162	14	0	0	0	0	14	0	0
<http://www.wikidata.org/entity/Q36928>	<http://www.wikidata.org/entity/Q8752>	3314	191	0	0	0	0	191	0	0
<http://www.wikidata.org/entity/Q8765>	<http://www.wikidata.org/entity/Q8748>	33758	14	0	0	0	0	14	0	0
<http://www.wikidata.org/entity/Q8752>	<http://www.wikidata.org/entity/Q36928>	30759	162	0	0	0	0	162	0	0
<http://www.wikidata.org/entity/Q58635>	<http://www.wikidata.org/entity/Q5146>	8319	1283	1	4	1	56	1343	1	0
<http://www.wikidata.org/entity/Q5146>	<http://www.wikidata.org/entity/Q58635>	176780	794	1	3	3	49	848	1	0
<http://www.wikidata.org/entity/Q25164>	<http://www.wikidata.org/entity/Q5287>	32974	3712	0	11	7	65	3779	0	0
<http://www.wikidata.org/entity/Q5287>	<http://www.wikidata.org/entity/Q25164>	34860	3323	0	10	6	69	3396	0	0
<http://www.wikidata.org/entity/Q56475>	<http://www.wikidata.org/entity/Q58635>	1897	337	0	1	0	41	379	0	0
<http://www.wikidata.org/entity/Q58635>	<http://www.wikidata.org/entity/Q56475>	8319	639	0	1	0	56	696	0	0
<http://www.wikidata.org/entity/Q7411>	<http://www.wikidata.org/entity/Q8765>	2611	28	1	1	0	0	28	1	0
<http://www.wikidata.org/entity/Q36495>	<http://www.wikidata.org/entity/Q9056>	1973	347	3	13	0	3	352	4	1
<http://www.wikidata.org/entity/Q8765>	<http://www.wikidata.org/entity/Q7411>	33758	28	1	1	0	0	28	1	0
<http://www.wikidata.org/entity/Q9056>	<http://www.wikidata.org/entity/Q36495>	25347	405	4	12	0	4	410	3	0
<http://www.wikidata.org/entity/Q9035>	<http://www.wikidata.org/entity/Q9056>	19363	1626	17	46	25	5	1656	21	4
<http://www.wikidata.org/entity/Q9056>	<http://www.wikidata.org/entity/Q9035>	25347	1905	21	51	51	4	1948	17	0
<http://www.wikidata.org/entity/Q7411>	<http://www.wikidata.org/entity/Q9610>	2611	245	0	0	6	5	256	0	0
<http://www.wikidata.org/entity/Q9610>	<http://www.wikidata.org/entity/Q7411>	14501	314	0	3	5	5	323	0	0
<http://www.wikidata.org/entity/Q256>	<http://www.wikidata.org/entity/Q25164>	2630	641	0	0	1	28	669	0	0
<http://www.wikidata.org/entity/Q25164>	<http://www.wikidata.org/entity/Q256>	32974	813	0	1	1	39	853	0	0
<http://www.wikidata.org/entity/Q727694>	<http://www.wikidata.org/entity/Q188>	4417	929	12	28	0	77	1013	13	1
<http://www.wikidata.org/entity/Q188>	<http://www.wikidata.org/entity/Q727694>	20135	1116	11	24	0	84	1203	10	0
<http://www.wikidata.org/entity/Q256>	<http://www.wikidata.org/entity/Q25167>	2630	788	1	2	1	42	831	1	0
<http://www.wikidata.org/entity/Q25167>	<http://www.wikidata.org/entity/Q256>	50565	1068	1	2	2	55	1126	1	0
<http://www.wikidata.org/entity/Q809>	<http://www.wikidata.org/entity/Q33454>	4135	38	0	0	0	0	38	0	0
<http://www.wikidata.org/entity/Q33454>	<http://www.wikidata.org/entity/Q809>	9001	36	0	0	0	0	36	0	0
<http://www.wikidata.org/entity/Q5287>	<http://www.wikidata.org/entity/Q25167>	34860	4477	0	8	7	101	4584	0	0
<http://www.wikidata.org/entity/Q25167>	<http://www.wikidata.org/entity/Q5287>	50565	5178	0	10	8	95	5276	0	0
<http://www.wikidata.org/entity/Q36928>	<http://www.wikidata.org/entity/Q8765>	3314	16	0	0	0	0	16	0	0
<http://www.wikidata.org/entity/Q8748>	<http://www.wikidata.org/entity/Q8752>	8162	106	0	1	0	0	106	0	0
<http://www.wikidata.org/entity/Q8752>	<http://www.wikidata.org/entity/Q8748>	30759	117	0	1	0	0	117	0	0
<http://www.wikidata.org/entity/Q8765>	<http://www.wikidata.org/entity/Q36928>	33758	10	0	0	0	0	10	0	0
<http://www.wikidata.org/entity/Q36928>	<http://www.wikidata.org/entity/Q9610>	3314	343	0	0	0	0	343	0	0
<http://www.wikidata.org/entity/Q9610>	<http://www.wikidata.org/entity/Q36928>	14501	488	0	0	0	0	488	0	0
<http://www.wikidata.org/entity/Q256>	<http://www.wikidata.org/entity/Q9237>	2630	540	2	6	0	66	608	2	0
<http://www.wikidata.org/entity/Q9237>	<http://www.wikidata.org/entity/Q256>	5311	583	2	7	0	68	653	2	0
<http://www.wikidata.org/entity/Q7411>	<http://www.wikidata.org/entity/Q8752>	2611	344	0	5	0	0	344	0	0
<http://www.wikidata.org/entity/Q8752>	<http://www.wikidata.org/entity/Q7411>	30759	341	0	5	0	0	341	0	0
<http://www.wikidata.org/entity/Q9056>	<http://www.wikidata.org/entity/Q9027>	25347	2139	13	22	53	8	2185	7	0
<http://www.wikidata.org/entity/Q9237>	<http://www.wikidata.org/entity/Q5287>	5311	1551	7	19	0	122	1672	7	0
<http://www.wikidata.org/entity/Q9027>	<http://www.wikidata.org/entity/Q9056>	38988	1894	7	16	38	11	1941	13	6
<http://www.wikidata.org/entity/Q5287>	<http://www.wikidata.org/entity/Q9237>	34860	1942	9	23	0	155	2099	9	0
<http://www.wikidata.org/entity/Q9288>	<http://www.wikidata.org/entity/Q652>	7451	3870	4	13	3	12	3888	5	1
<http://www.wikidata.org/entity/Q652>	<http://www.wikidata.org/entity/Q9288>	26452	4251	5	13	3	15	4273	4	0
<http://www.wikidata.org/entity/Q5218>	<http://www.wikidata.org/entity/Q8765>	2046	2	0	0	0	0	2	0	0
<http://www.wikidata.org/entity/Q8765>	<http://www.wikidata.org/entity/Q5218>	33758	2	0	0	0	0	2	0	0
<http://www.wikidata.org/entity/Q33151>	<http://www.wikidata.org/entity/Q652>	1938	81	6	8	0	0	86	6	0
<http://www.wikidata.org/entity/Q33284>	<http://www.wikidata.org/entity/Q1412>	1711	9	0	0	0	0	9	0	0
<http://www.wikidata.org/entity/Q652>	<http://www.wikidata.org/entity/Q33151>	26452	114	7	13	0	0	123	7	0
<http://www.wikidata.org/entity/Q1412>	<http://www.wikidata.org/entity/Q33284>	2495	9	0	0	0	0	9	0	0
<http://www.wikidata.org/entity/Q13349>	<http://www.wikidata.org/entity/Q9027>	6804	11	0	0	0	0	11	0	0
<http://www.wikidata.org/entity/Q5218>	<http://www.wikidata.org/entity/Q9610>	2046	9	0	0	0	0	9	0	0
<http://www.wikidata.org/entity/Q9027>	<http://www.wikidata.org/entity/Q13349>	38988	16	0	0	0	0	16	0	0
<http://www.wikidata.org/entity/Q9610>	<http://www.wikidata.org/entity/Q5218>	14501	13	0	1	0	0	13	0	0
<http://www.wikidata.org/entity/Q11051>	<http://www.wikidata.org/entity/Q36790>	3900	559	0	2	0	48	607	0	0
<http://www.wikidata.org/entity/Q36790>	<http://www.wikidata.org/entity/Q11051>	17051	1828	0	1	0	92	1920	0	0
<http://www.wikidata.org/entity/Q33284>	<http://www.wikidata.org/entity/Q11059>	1711	14	0	0	0	0	14	0	0
<http://www.wikidata.org/entity/Q11059>	<http://www.wikidata.org/entity/Q33284>	1928	34	0	0	0	0	34	0	0
<http://www.wikidata.org/entity/Q1321>	<http://www.wikidata.org/entity/Q652>	20953	3697	150	189	228	29	3972	151	1
<http://www.wikidata.org/entity/Q652>	<http://www.wikidata.org/entity/Q1321>	26452	3366	151	194	219	32	3643	150	0
<http://www.wikidata.org/entity/Q9072>	<http://www.wikidata.org/entity/Q9035>	4943	1544	2	8	1	19	1566	2	0
<http://www.wikidata.org/entity/Q9035>	<http://www.wikidata.org/entity/Q9072>	19363	1541	2	8	1	22	1566	2	0
<http://www.wikidata.org/entity/Q11059>	<http://www.wikidata.org/entity/Q36790>	1928	311	0	1	0	37	348	0	0
<http://www.wikidata.org/entity/Q36790>	<http://www.wikidata.org/entity/Q11059>	17051	798	0	1	0	110	908	0	0
<http://www.wikidata.org/entity/Q36495>	<http://www.wikidata.org/entity/Q9072>	1973	455	0	0	0	13	468	0	0
<http://www.wikidata.org/entity/Q33284>	<http://www.wikidata.org/entity/Q11051>	1711	12	0	0	0	0	12	0	0
<http://www.wikidata.org/entity/Q9072>	<http://www.wikidata.org/entity/Q36495>	4943	411	0	0	0	10	421	0	0
<http://www.wikidata.org/entity/Q11051>	<http://www.wikidata.org/entity/Q33284>	3900	30	0	0	0	0	30	0	0
<http://www.wikidata.org/entity/Q1412>	<http://www.wikidata.org/entity/Q36790>	2495	255	1	1	0	17	272	1	0
<http://www.wikidata.org/entity/Q36790>	<http://www.wikidata.org/entity/Q1412>	17051	1485	1	1	0	52	1537	1	0
<http://www.wikidata.org/entity/Q13349>	<http://www.wikidata.org/entity/Q9035>	6804	9	0	0	0	0	9	0	0
<http://www.wikidata.org/entity/Q9035>	<http://www.wikidata.org/entity/Q13349>	19363	18	0	0	0	0	18	0	0
<http://www.wikidata.org/entity/Q36236>	<http://www.wikidata.org/entity/Q1321>	12554	1606	33	66	0	13	1624	33	0
<http://www.wikidata.org/entity/Q1321>	<http://www.wikidata.org/entity/Q36236>	20953	1760	33	65	0	13	1776	33	0
<http://www.wikidata.org/entity/Q36495>	<http://www.wikidata.org/entity/Q13349>	1973	13	0	0	0	0	13	0	0
<http://www.wikidata.org/entity/Q13349>	<http://www.wikidata.org/entity/Q36495>	6804	6	0	0	0	0	6	0	0
<http://www.wikidata.org/entity/Q5218>	<http://www.wikidata.org/entity/Q8752>	2046	9	0	1	0	0	9	0	0
<http://www.wikidata.org/entity/Q8752>	<http://www.wikidata.org/entity/Q5218>	30759	10	0	1	0	0	10	0	0
<http://www.wikidata.org/entity/Q33151>	<http://www.wikidata.org/entity/Q36236>	1938	64	4	9	0	0	66	4	0
<http://www.wikidata.org/entity/Q36236>	<http://www.wikidata.org/entity/Q33151>	12554	94	4	9	0	0	98	4	0
<http://www.wikidata.org/entity/Q397>	<http://www.wikidata.org/entity/Q33947>	2705	14	0	0	0	2	16	0	0
<http://www.wikidata.org/entity/Q33947>	<http://www.wikidata.org/entity/Q397>	10045	11	0	0	0	1	12	0	0
<http://www.wikidata.org/entity/Q56356571>	<http://www.wikidata.org/entity/Q1860>	11610	3505	61	67	5	99	3656	62	1
<http://www.wikidata.org/entity/Q1860>	<http://www.wikidata.org/entity/Q56356571>	59942	3392	63	69	7	104	3553	62	0
<http://www.wikidata.org/entity/Q9288>	<http://www.wikidata.org/entity/Q36236>	7451	1675	5	13	0	11	1688	5	0
<http://www.wikidata.org/entity/Q36236>	<http://www.wikidata.org/entity/Q9288>	12554	1761	5	12	0	10	1773	5	0
<http://www.wikidata.org/entity/Q56356571>	<http://www.wikidata.org/entity/Q150>	11610	2750	4	8	8	68	2826	4	0
<http://www.wikidata.org/entity/Q150>	<http://www.wikidata.org/entity/Q56356571>	33497	2163	4	9	20	58	2243	4	0
<http://www.wikidata.org/entity/Q9072>	<http://www.wikidata.org/entity/Q9027>	4943	2047	1	3	1	31	2079	1	0
<http://www.wikidata.org/entity/Q9027>	<http://www.wikidata.org/entity/Q9072>	38988	2145	1	4	1	34	2181	1	0
<http://www.wikidata.org/entity/Q397>	<http://www.wikidata.org/entity/Q9168>	2705	65	0	0	0	2	67	0	0
<http://www.wikidata.org/entity/Q9168>	<http://www.wikidata.org/entity/Q397>	18925	61	0	0	0	5	66	0	0
<http://www.wikidata.org/entity/Q33151>	<http://www.wikidata.org/entity/Q25164>	1938	81	0	2	0	0	81	0	0
<http://www.wikidata.org/entity/Q25164>	<http://www.wikidata.org/entity/Q33151>	32974	136	0	2	0	0	136	0	0
<http://www.wikidata.org/entity/Q11059>	<http://www.wikidata.org/entity/Q56356571>	1928	332	1	1	0	20	353	1	0
<http://www.wikidata.org/entity/Q56356571>	<http://www.wikidata.org/entity/Q11059>	11610	516	1	1	0	24	541	1	0
<http://www.wikidata.org/entity/Q9288>	<http://www.wikidata.org/entity/Q25164>	7451	2504	1	4	2	16	2522	1	0
<http://www.wikidata.org/entity/Q25164>	<http://www.wikidata.org/entity/Q9288>	32974	3196	1	4	2	23	3221	1	0
<http://www.wikidata.org/entity/Q1412>	<http://www.wikidata.org/entity/Q56356571>	2495	369	1	1	0	14	383	1	0
<http://www.wikidata.org/entity/Q56356571>	<http://www.wikidata.org/entity/Q1412>	11610	623	1	1	0	22	645	1	0
<http://www.wikidata.org/entity/Q1321>	<http://www.wikidata.org/entity/Q25164>	20953	2501	12	23	173	25	2659	13	1
<http://www.wikidata.org/entity/Q25164>	<http://www.wikidata.org/entity/Q1321>	32974	2577	13	26	199	31	2742	12	0
<http://www.wikidata.org/entity/Q33454>	<http://www.wikidata.org/entity/Q8752>	9001	36	0	0	0	0	36	0	0
<http://www.wikidata.org/entity/Q8752>	<http://www.wikidata.org/entity/Q33454>	30759	37	0	0	0	0	37	0	0
<http://www.wikidata.org/entity/Q1321>	<http://www.wikidata.org/entity/Q25167>	20953	3220	14	25	307	32	3520	14	0
<http://www.wikidata.org/entity/Q25167>	<http://www.wikidata.org/entity/Q1321>	50565	3394	14	29	370	41	3749	14	0
<http://www.wikidata.org/entity/Q9288>	<http://www.wikidata.org/entity/Q25167>	7451	3456	1	5	3	23	3482	1	0
<http://www.wikidata.org/entity/Q25167>	<http://www.wikidata.org/entity/Q9288>	50565	4435	1	5	3	29	4467	1	0
<http://www.wikidata.org/entity/Q11051>	<http://www.wikidata.org/entity/Q56356571>	3900	763	30	36	0	28	821	30	0
<http://www.wikidata.org/entity/Q56356571>	<http://www.wikidata.org/entity/Q11051>	11610	933	29	32	0	32	992	29	0
<http://www.wikidata.org/entity/Q36928>	<http://www.wikidata.org/entity/Q809>	3314	141	0	0	0	0	141	0	0
<http://www.wikidata.org/entity/Q809>	<http://www.wikidata.org/entity/Q36928>	4135	113	0	0	0	0	113	0	0
<http://www.wikidata.org/entity/Q33151>	<http://www.wikidata.org/entity/Q25167>	1938	90	0	0	0	0	90	0	0
<http://www.wikidata.org/entity/Q25167>	<http://www.wikidata.org/entity/Q33151>	50565	162	0	0	0	0	162	0	0
<http://www.wikidata.org/entity/Q33284>	<http://www.wikidata.org/entity/Q1860>	1711	31	1	1	0	0	32	1	0
<http://www.wikidata.org/entity/Q9237>	<http://www.wikidata.org/entity/Q1321>	5311	969	9	34	1	22	995	9	0
<http://www.wikidata.org/entity/Q1321>	<http://www.wikidata.org/entity/Q9237>	20953	1124	8	31	1	23	1150	8	0
<http://www.wikidata.org/entity/Q1860>	<http://www.wikidata.org/entity/Q33284>	59942	57	1	1	0	0	58	1	0
<http://www.wikidata.org/entity/Q9176>	<http://www.wikidata.org/entity/Q397>	1593	127	0	0	0	7	134	0	0
<http://www.wikidata.org/entity/Q397>	<http://www.wikidata.org/entity/Q9176>	2705	129	0	0	0	5	134	0	0
<http://www.wikidata.org/entity/Q36790>	<http://www.wikidata.org/entity/Q150>	17051	4323	1	1	0	297	4620	1	0
<http://www.wikidata.org/entity/Q10134>	<http://www.wikidata.org/entity/Q188>	2146	881	12	17	3	95	981	9	0
<http://www.wikidata.org/entity/Q150>	<http://www.wikidata.org/entity/Q36790>	33497	1512	1	1	0	161	1673	1	0
<http://www.wikidata.org/entity/Q188>	<http://www.wikidata.org/entity/Q10134>	20135	1476	9	20	7	149	1633	13	4
<http://www.wikidata.org/entity/Q33151>	<http://www.wikidata.org/entity/Q9237>	1938	72	23	24	0	0	79	21	0
<http://www.wikidata.org/entity/Q9237>	<http://www.wikidata.org/entity/Q33151>	5311	80	21	21	0	0	88	23	2
<http://www.wikidata.org/entity/Q397>	<http://www.wikidata.org/entity/Q12107>	2705	658	0	0	0	9	667	0	0
<http://www.wikidata.org/entity/Q12107>	<http://www.wikidata.org/entity/Q397>	5780	827	0	0	0	8	835	0	0
<http://www.wikidata.org/entity/Q33454>	<http://www.wikidata.org/entity/Q9610>	9001	65	0	0	0	2	67	0	0
<http://www.wikidata.org/entity/Q9610>	<http://www.wikidata.org/entity/Q33454>	14501	111	0	0	0	2	113	0	0
<http://www.wikidata.org/entity/Q9237>	<http://www.wikidata.org/entity/Q9288>	5311	1279	0	1	0	28	1307	0	0
<http://www.wikidata.org/entity/Q9288>	<http://www.wikidata.org/entity/Q9237>	7451	1245	0	1	0	24	1269	0	0
<http://www.wikidata.org/entity/Q33454>	<http://www.wikidata.org/entity/Q8765>	9001	4	0	0	0	1	5	0	0
<http://www.wikidata.org/entity/Q8765>	<http://www.wikidata.org/entity/Q33454>	33758	4	0	0	0	1	5	0	0
<http://www.wikidata.org/entity/Q7411>	<http://www.wikidata.org/entity/Q809>	2611	270	1	7	0	1	271	1	0
<http://www.wikidata.org/entity/Q809>	<http://www.wikidata.org/entity/Q7411>	4135	255	1	7	0	1	257	1	0
<http://www.wikidata.org/entity/Q36790>	<http://www.wikidata.org/entity/Q1860>	17051	5535	1	3	0	542	6077	1	0
<http://www.wikidata.org/entity/Q1860>	<http://www.wikidata.org/entity/Q36790>	59942	2425	1	5	0	403	2830	1	0
<http://www.wikidata.org/entity/Q33284>	<http://www.wikidata.org/entity/Q150>	1711	22	0	0	0	0	22	0	0
<http://www.wikidata.org/entity/Q150>	<http://www.wikidata.org/entity/Q33284>	33497	30	0	0	0	0	30	0	0
<http://www.wikidata.org/entity/Q809>	<http://www.wikidata.org/entity/Q8748>	4135	80	0	1	0	1	81	0	0
<http://www.wikidata.org/entity/Q8748>	<http://www.wikidata.org/entity/Q809>	8162	75	0	1	0	1	76	0	0
<http://www.wikidata.org/entity/Q652>	<http://www.wikidata.org/entity/Q5287>	26452	4950	10	45	5	63	5036	10	0
<http://www.wikidata.org/entity/Q5287>	<http://www.wikidata.org/entity/Q652>	34860	5026	9	37	5	80	5123	9	0
<http://www.wikidata.org/entity/Q56475>	<http://www.wikidata.org/entity/Q35518>	1897	303	0	0	0	78	381	0	0
<http://www.wikidata.org/entity/Q35518>	<http://www.wikidata.org/entity/Q56475>	15737	1061	0	0	0	158	1219	0	0
<http://www.wikidata.org/entity/Q35518>	<http://www.wikidata.org/entity/Q5146>	15737	1591	0	1	0	116	1707	0	0
<http://www.wikidata.org/entity/Q5146>	<http://www.wikidata.org/entity/Q35518>	176780	674	0	1	0	54	728	0	0
<http://www.wikidata.org/entity/Q256>	<http://www.wikidata.org/entity/Q652>	2630	833	4	7	1	37	871	4	0
<http://www.wikidata.org/entity/Q652>	<http://www.wikidata.org/entity/Q256>	26452	939	4	8	1	42	983	4	0
<http://www.wikidata.org/entity/Q56475>	<http://www.wikidata.org/entity/Q7737>	1897	432	0	0	0	16	448	0	0
<http://www.wikidata.org/entity/Q256>	<http://www.wikidata.org/entity/Q36236>	2630	482	0	6	0	20	503	0	0
<http://www.wikidata.org/entity/Q36236>	<http://www.wikidata.org/entity/Q256>	12554	559	0	8	0	21	581	0	0
<http://www.wikidata.org/entity/Q7737>	<http://www.wikidata.org/entity/Q56475>	18679	734	0	0	0	17	751	0	0
<http://www.wikidata.org/entity/Q7737>	<http://www.wikidata.org/entity/Q5146>	18679	2127	3	16	12	18	2156	3	0
<http://www.wikidata.org/entity/Q5146>	<http://www.wikidata.org/entity/Q7737>	176780	1532	3	17	3	17	1553	3	0
<http://www.wikidata.org/entity/Q397>	<http://www.wikidata.org/entity/Q50868>	2705	22	0	0	0	0	22	0	0
<http://www.wikidata.org/entity/Q50868>	<http://www.wikidata.org/entity/Q397>	18852	20	0	0	0	0	20	0	0
<http://www.wikidata.org/entity/Q36236>	<http://www.wikidata.org/entity/Q5287>	12554	1876	7	34	0	26	1911	7	0
<http://www.wikidata.org/entity/Q5287>	<http://www.wikidata.org/entity/Q36236>	34860	2182	8	36	0	32	2225	8	0
<http://www.wikidata.org/entity/Q5218>	<http://www.wikidata.org/entity/Q809>	2046	8	0	1	0	0	8	0	0
<http://www.wikidata.org/entity/Q809>	<http://www.wikidata.org/entity/Q5218>	4135	10	0	1	0	0	10	0	0
<http://www.wikidata.org/entity/Q9176>	<http://www.wikidata.org/entity/Q33947>	1593	20	0	0	0	1	21	0	0
<http://www.wikidata.org/entity/Q33947>	<http://www.wikidata.org/entity/Q9176>	10045	14	0	0	0	1	15	0	0
<http://www.wikidata.org/entity/Q33284>	<http://www.wikidata.org/entity/Q56356571>	1711	21	0	0	0	0	21	0	0
<http://www.wikidata.org/entity/Q56356571>	<http://www.wikidata.org/entity/Q33284>	11610	42	0	0	0	0	42	0	0
<http://www.wikidata.org/entity/Q12107>	<http://www.wikidata.org/entity/Q33947>	5780	24	0	1	0	1	25	0	0
<http://www.wikidata.org/entity/Q33947>	<http://www.wikidata.org/entity/Q12107>	10045	15	0	1	0	1	16	0	0
<http://www.wikidata.org/entity/Q58635>	<http://www.wikidata.org/entity/Q35518>	8319	1245	0	0	0	111	1356	0	0
<http://www.wikidata.org/entity/Q9237>	<http://www.wikidata.org/entity/Q36236>	5311	1190	3	17	0	21	1212	3	0
<http://www.wikidata.org/entity/Q35518>	<http://www.wikidata.org/entity/Q58635>	15737	1739	0	0	0	147	1886	0	0
<http://www.wikidata.org/entity/Q36236>	<http://www.wikidata.org/entity/Q9237>	12554	1266	3	18	0	20	1288	3	0
<http://www.wikidata.org/entity/Q652>	<http://www.wikidata.org/entity/Q25164>	26452	5376	8	21	125	19	5530	8	0
<http://www.wikidata.org/entity/Q25164>	<http://www.wikidata.org/entity/Q652>	32974	6201	8	21	154	28	6391	8	0
<http://www.wikidata.org/entity/Q652>	<http://www.wikidata.org/entity/Q25167>	26452	7408	20	33	221	36	7674	20	0
<http://www.wikidata.org/entity/Q25167>	<http://www.wikidata.org/entity/Q652>	50565	8686	22	37	279	42	9017	22	0
<http://www.wikidata.org/entity/Q56356571>	<http://www.wikidata.org/entity/Q36790>	11610	1070	0	0	0	70	1140	0	0
<http://www.wikidata.org/entity/Q36790>	<http://www.wikidata.org/entity/Q56356571>	17051	2572	0	0	0	112	2684	0	0
<http://www.wikidata.org/entity/Q36236>	<http://www.wikidata.org/entity/Q25164>	12554	1986	2	8	0	11	1997	1	0
<http://www.wikidata.org/entity/Q25164>	<http://www.wikidata.org/entity/Q36236>	32974	2429	1	8	0	12	2441	2	1
<http://www.wikidata.org/entity/Q11059>	<http://www.wikidata.org/entity/Q1860>	1928	559	14	20	0	48	615	13	0
<http://www.wikidata.org/entity/Q1860>	<http://www.wikidata.org/entity/Q11059>	59942	703	12	18	0	71	779	13	1
<http://www.wikidata.org/entity/Q33947>	<http://www.wikidata.org/entity/Q9168>	10045	0	0	0	0	0	0	0	0
<http://www.wikidata.org/entity/Q9168>	<http://www.wikidata.org/entity/Q33947>	18925	0	0	0	0	0	0	0	0
<http://www.wikidata.org/entity/Q5218>	<http://www.wikidata.org/entity/Q33454>	2046	4	0	0	0	0	4	0	0
<http://www.wikidata.org/entity/Q33454>	<http://www.wikidata.org/entity/Q5218>	9001	4	0	0	0	0	4	0	0
<http://www.wikidata.org/entity/Q11051>	<http://www.wikidata.org/entity/Q150>	3900	1043	3	8	2	39	1086	3	0
<http://www.wikidata.org/entity/Q150>	<http://www.wikidata.org/entity/Q11051>	33497	969	3	7	4	43	1018	3	0
<http://www.wikidata.org/entity/Q9237>	<http://www.wikidata.org/entity/Q652>	5311	2041	4	17	1	33	2079	4	0
<http://www.wikidata.org/entity/Q652>	<http://www.wikidata.org/entity/Q9237>	26452	2201	3	20	1	37	2245	3	0
<http://www.wikidata.org/entity/Q58635>	<http://www.wikidata.org/entity/Q7737>	8319	2112	0	1	3	36	2150	0	0
<http://www.wikidata.org/entity/Q7737>	<http://www.wikidata.org/entity/Q58635>	18679	2043	0	1	4	29	2074	0	0
<http://www.wikidata.org/entity/Q1412>	<http://www.wikidata.org/entity/Q1860>	2495	740	25	39	0	33	781	25	0
<http://www.wikidata.org/entity/Q1860>	<http://www.wikidata.org/entity/Q1412>	59942	1054	25	39	0	49	1112	25	0
<http://www.wikidata.org/entity/Q1412>	<http://www.wikidata.org/entity/Q150>	2495	675	5	18	1	19	696	5	0
<http://www.wikidata.org/entity/Q150>	<http://www.wikidata.org/entity/Q1412>	33497	800	5	18	3	23	827	5	0
<http://www.wikidata.org/entity/Q11051>	<http://www.wikidata.org/entity/Q1860>	3900	1221	77	116	0	75	1331	79	2
<http://www.wikidata.org/entity/Q1860>	<http://www.wikidata.org/entity/Q11051>	59942	1389	71	102	0	96	1517	69	0
<http://www.wikidata.org/entity/Q36236>	<http://www.wikidata.org/entity/Q25167>	12554	2810	2	8	0	16	2826	2	0
<http://www.wikidata.org/entity/Q11059>	<http://www.wikidata.org/entity/Q150>	1928	427	0	1	0	30	457	0	0
<http://www.wikidata.org/entity/Q25167>	<http://www.wikidata.org/entity/Q36236>	50565	3504	2	7	0	19	3523	2	0
<http://www.wikidata.org/entity/Q150>	<http://www.wikidata.org/entity/Q11059>	33497	437	0	1	0	28	464	0	0
<http://www.wikidata.org/entity/Q256>	<http://www.wikidata.org/entity/Q9288>	2630	556	1	1	0	27	584	1	0
<http://www.wikidata.org/entity/Q9288>	<http://www.wikidata.org/entity/Q256>	7451	570	1	1	0	26	597	1	0
<http://www.wikidata.org/entity/Q1321>	<http://www.wikidata.org/entity/Q5287>	20953	2037	4	34	9	33	2084	4	0
<http://www.wikidata.org/entity/Q5287>	<http://www.wikidata.org/entity/Q1321>	34860	2037	4	35	7	47	2098	4	0
<http://www.wikidata.org/entity/Q33151>	<http://www.wikidata.org/entity/Q256>	1938	32	0	1	0	0	32	0	0
<http://www.wikidata.org/entity/Q256>	<http://www.wikidata.org/entity/Q33151>	2630	38	0	0	0	0	38	0	0
<http://www.wikidata.org/entity/Q36928>	<http://www.wikidata.org/entity/Q33454>	3314	98	0	0	0	0	98	0	0
<http://www.wikidata.org/entity/Q33454>	<http://www.wikidata.org/entity/Q36928>	9001	61	0	0	0	0	61	0	0
<http://www.wikidata.org/entity/Q9288>	<http://www.wikidata.org/entity/Q5287>	7451	2280	0	3	0	31	2313	0	0
<http://www.wikidata.org/entity/Q33947>	<http://www.wikidata.org/entity/Q50868>	10045	2	0	0	0	0	2	0	0
<http://www.wikidata.org/entity/Q50868>	<http://www.wikidata.org/entity/Q33947>	18852	2	0	0	0	0	2	0	0
<http://www.wikidata.org/entity/Q5287>	<http://www.wikidata.org/entity/Q9288>	34860	2713	0	4	0	40	2755	0	0
<http://www.wikidata.org/entity/Q33151>	<http://www.wikidata.org/entity/Q5287>	1938	69	12	15	0	0	73	11	0
<http://www.wikidata.org/entity/Q5287>	<http://www.wikidata.org/entity/Q33151>	34860	119	12	15	0	0	125	13	1
<http://www.wikidata.org/entity/Q256>	<http://www.wikidata.org/entity/Q1321>	2630	448	0	6	2	28	476	0	0
<http://www.wikidata.org/entity/Q1321>	<http://www.wikidata.org/entity/Q256>	20953	538	0	6	4	29	570	0	0
<http://www.wikidata.org/entity/Q809>	<http://www.wikidata.org/entity/Q8752>	4135	195	2	4	0	0	195	2	0
<http://www.wikidata.org/entity/Q8752>	<http://www.wikidata.org/entity/Q809>	30759	194	2	4	0	0	195	2	0
<http://www.wikidata.org/entity/Q10134>	<http://www.wikidata.org/entity/Q727694>	2146	233	1	5	0	27	262	1	0
<http://www.wikidata.org/entity/Q727694>	<http://www.wikidata.org/entity/Q10134>	4417	337	1	5	0	41	380	1	0
<http://www.wikidata.org/entity/Q8748>	<http://www.wikidata.org/entity/Q33454>	8162	23	0	0	0	0	23	0	0
<http://www.wikidata.org/entity/Q33454>	<http://www.wikidata.org/entity/Q8748>	9001	24	0	0	0	0	24	0	0
<http://www.wikidata.org/entity/Q7411>	<http://www.wikidata.org/entity/Q33454>	2611	50	0	0	0	0	50	0	0
<http://www.wikidata.org/entity/Q33454>	<http://www.wikidata.org/entity/Q7411>	9001	48	0	0	0	0	48	0	0
<http://www.wikidata.org/entity/Q809>	<http://www.wikidata.org/entity/Q8765>	4135	23	0	0	0	0	23	0	0
<http://www.wikidata.org/entity/Q8765>	<http://www.wikidata.org/entity/Q809>	33758	23	0	0	0	0	23	0	0
<http://www.wikidata.org/entity/Q809>	<http://www.wikidata.org/entity/Q9610>	4135	206	0	0	0	0	206	0	0
<http://www.wikidata.org/entity/Q9610>	<http://www.wikidata.org/entity/Q809>	14501	332	0	1	0	0	332	0	0
<http://www.wikidata.org/entity/Q9237>	<http://www.wikidata.org/entity/Q32238>	5311	532	0	2	0	11	544	0	0
<http://www.wikidata.org/entity/Q32238>	<http://www.wikidata.org/entity/Q9237>	14153	700	0	3	0	9	708	0	0
<http://www.wikidata.org/entity/Q58635>	<http://www.wikidata.org/entity/Q9027>	8319	2134	3	4	10	96	2241	3	0
<http://www.wikidata.org/entity/Q9027>	<http://www.wikidata.org/entity/Q58635>	38988	1509	1	2	11	76	1597	1	0
<http://www.wikidata.org/entity/Q9610>	<http://www.wikidata.org/entity/Q50868>	14501	29	0	0	0	1	30	0	0
<http://www.wikidata.org/entity/Q50868>	<http://www.wikidata.org/entity/Q9610>	18852	18	0	0	0	1	19	0	0
<http://www.wikidata.org/entity/Q11059>	<http://www.wikidata.org/entity/Q188>	1928	417	0	3	0	26	443	0	0
<http://www.wikidata.org/entity/Q188>	<http://www.wikidata.org/entity/Q11059>	20135	528	0	3	0	37	565	0	0
<http://www.wikidata.org/entity/Q50868>	<http://www.wikidata.org/entity/Q8765>	18852	1	0	0	0	0	1	0	0
<http://www.wikidata.org/entity/Q8765>	<http://www.wikidata.org/entity/Q50868>	33758	1	0	0	0	0	1	0	0
<http://www.wikidata.org/entity/Q9237>	<http://www.wikidata.org/entity/Q13955>	5311	511	4	8	0	30	543	4	0
<http://www.wikidata.org/entity/Q13955>	<http://www.wikidata.org/entity/Q9237>	14706	455	4	9	0	28	485	4	0
<http://www.wikidata.org/entity/Q1412>	<http://www.wikidata.org/entity/Q188>	2495	665	8	20	1	22	690	8	0
<http://www.wikidata.org/entity/Q188>	<http://www.wikidata.org/entity/Q1412>	20135	1034	8	19	3	33	1072	8	0
<http://www.wikidata.org/entity/Q11051>	<http://www.wikidata.org/entity/Q188>	3900	1026	6	18	2	49	1083	6	0
<http://www.wikidata.org/entity/Q188>	<http://www.wikidata.org/entity/Q11051>	20135	1194	6	16	6	58	1263	6	0
<http://www.wikidata.org/entity/Q58635>	<http://www.wikidata.org/entity/Q9035>	8319	1900	0	1	9	48	1957	0	0
<http://www.wikidata.org/entity/Q9035>	<http://www.wikidata.org/entity/Q58635>	19363	1293	0	3	8	42	1344	0	0
<http://www.wikidata.org/entity/Q50868>	<http://www.wikidata.org/entity/Q8752>	18852	11	0	0	0	0	11	0	0
<http://www.wikidata.org/entity/Q8752>	<http://www.wikidata.org/entity/Q50868>	30759	12	0	0	0	0	12	0	0
<http://www.wikidata.org/entity/Q10134>	<http://www.wikidata.org/entity/Q56356571>	2146	489	0	1	0	18	508	0	0
<http://www.wikidata.org/entity/Q56356571>	<http://www.wikidata.org/entity/Q10134>	11610	814	0	1	0	27	842	0	0
<http://www.wikidata.org/entity/Q36495>	<http://www.wikidata.org/entity/Q58635>	1973	571	0	0	0	25	596	0	0
<http://www.wikidata.org/entity/Q58635>	<http://www.wikidata.org/entity/Q36495>	8319	798	0	0	0	25	823	0	0
<http://www.wikidata.org/entity/Q56475>	<http://www.wikidata.org/entity/Q9056>	1897	240	0	0	1	6	246	1	1
<http://www.wikidata.org/entity/Q9056>	<http://www.wikidata.org/entity/Q56475>	25347	375	1	1	2	6	381	0	0
<http://www.wikidata.org/entity/Q9056>	<http://www.wikidata.org/entity/Q5146>	25347	833	5	13	24	7	857	2	0
<http://www.wikidata.org/entity/Q32238>	<http://www.wikidata.org/entity/Q25164>	14153	939	1	7	0	9	948	1	0
<http://www.wikidata.org/entity/Q5146>	<http://www.wikidata.org/entity/Q9056>	176780	625	2	9	13	9	645	5	3
<http://www.wikidata.org/entity/Q25164>	<http://www.wikidata.org/entity/Q32238>	32974	983	1	4	0	11	994	1	0
<http://www.wikidata.org/entity/Q13955>	<http://www.wikidata.org/entity/Q25164>	14706	451	0	2	0	10	461	0	0
<http://www.wikidata.org/entity/Q25164>	<http://www.wikidata.org/entity/Q13955>	32974	586	0	3	0	15	601	0	0
<http://www.wikidata.org/entity/Q13955>	<http://www.wikidata.org/entity/Q25167>	14706	607	1	3	2	12	621	1	0
<http://www.wikidata.org/entity/Q25167>	<http://www.wikidata.org/entity/Q13955>	50565	850	1	5	2	24	876	1	0
<http://www.wikidata.org/entity/Q32238>	<http://www.wikidata.org/entity/Q25167>	14153	1207	3	4	0	9	1213	1	0
<http://www.wikidata.org/entity/Q25167>	<http://www.wikidata.org/entity/Q32238>	50565	1360	1	3	0	14	1374	3	2
<http://www.wikidata.org/entity/Q809>	<http://www.wikidata.org/entity/Q33947>	4135	16	0	2	0	0	16	0	0
<http://www.wikidata.org/entity/Q33947>	<http://www.wikidata.org/entity/Q809>	10045	14	0	2	0	0	14	0	0
<http://www.wikidata.org/entity/Q13349>	<http://www.wikidata.org/entity/Q5146>	6804	9	0	0	0	0	9	0	0
<http://www.wikidata.org/entity/Q397>	<http://www.wikidata.org/entity/Q33454>	2705	75	0	0	0	2	77	0	0
<http://www.wikidata.org/entity/Q5146>	<http://www.wikidata.org/entity/Q13349>	176780	12	0	0	0	0	12	0	0
<http://www.wikidata.org/entity/Q33454>	<http://www.wikidata.org/entity/Q397>	9001	67	0	0	0	2	69	0	0
<http://www.wikidata.org/entity/Q56475>	<http://www.wikidata.org/entity/Q13349>	1897	4	0	0	0	0	4	0	0
<http://www.wikidata.org/entity/Q33284>	<http://www.wikidata.org/entity/Q727694>	1711	15	0	0	0	0	15	0	0
<http://www.wikidata.org/entity/Q13349>	<http://www.wikidata.org/entity/Q56475>	6804	4	0	0	0	0	4	0	0
<http://www.wikidata.org/entity/Q727694>	<http://www.wikidata.org/entity/Q33284>	4417	25	0	0	0	0	25	0	0
<http://www.wikidata.org/entity/Q12107>	<http://www.wikidata.org/entity/Q9610>	5780	658	0	1	0	44	702	0	0
<http://www.wikidata.org/entity/Q9610>	<http://www.wikidata.org/entity/Q12107>	14501	818	0	2	0	46	864	0	0
<http://www.wikidata.org/entity/Q12107>	<http://www.wikidata.org/entity/Q8765>	5780	43	0	0	0	2	45	0	0
<http://www.wikidata.org/entity/Q8765>	<http://www.wikidata.org/entity/Q12107>	33758	33	0	0	0	2	35	0	0
<http://www.wikidata.org/entity/Q33578>	<http://www.wikidata.org/entity/Q25164>	5759	1014	0	0	0	37	1048	0	0
<http://www.wikidata.org/entity/Q25164>	<http://www.wikidata.org/entity/Q33578>	32974	1188	0	0	0	45	1231	0	0
<http://www.wikidata.org/entity/Q9176>	<http://www.wikidata.org/entity/Q9610>	1593	166	3	4	0	24	193	3	0
<http://www.wikidata.org/entity/Q9610>	<http://www.wikidata.org/entity/Q9176>	14501	181	3	4	0	26	210	3	0
<http://www.wikidata.org/entity/Q9168>	<http://www.wikidata.org/entity/Q8752>	18925	106	0	0	0	1	107	0	0
<http://www.wikidata.org/entity/Q8752>	<http://www.wikidata.org/entity/Q9168>	30759	109	0	0	0	1	110	0	0
<http://www.wikidata.org/entity/Q9176>	<http://www.wikidata.org/entity/Q8765>	1593	13	0	0	0	5	18	0	0
<http://www.wikidata.org/entity/Q8765>	<http://www.wikidata.org/entity/Q9176>	33758	12	0	0	0	2	14	0	0
<http://www.wikidata.org/entity/Q33578>	<http://www.wikidata.org/entity/Q25167>	5759	1328	0	1	0	50	1375	0	0
<http://www.wikidata.org/entity/Q25167>	<http://www.wikidata.org/entity/Q33578>	50565	1665	0	1	0	65	1728	0	0
<http://www.wikidata.org/entity/Q727694>	<http://www.wikidata.org/entity/Q36790>	4417	433	1	1	0	88	521	1	0
<http://www.wikidata.org/entity/Q36790>	<http://www.wikidata.org/entity/Q727694>	17051	1342	1	1	0	167	1509	1	0
<http://www.wikidata.org/entity/Q9237>	<http://www.wikidata.org/entity/Q33578>	5311	684	0	1	0	48	732	0	0
<http://www.wikidata.org/entity/Q33578>	<http://www.wikidata.org/entity/Q9237>	5759	782	0	1	0	52	832	0	0
<http://www.wikidata.org/entity/Q12107>	<http://www.wikidata.org/entity/Q8752>	5780	641	1	2	0	1	642	1	0
<http://www.wikidata.org/entity/Q8752>	<http://www.wikidata.org/entity/Q12107>	30759	522	1	2	0	1	523	1	0
<http://www.wikidata.org/entity/Q9168>	<http://www.wikidata.org/entity/Q8765>	18925	4	0	0	0	0	4	0	0
<http://www.wikidata.org/entity/Q8765>	<http://www.wikidata.org/entity/Q9168>	33758	4	0	0	0	0	4	0	0
<http://www.wikidata.org/entity/Q9176>	<http://www.wikidata.org/entity/Q8752>	1593	150	2	3	0	0	150	2	0
<http://www.wikidata.org/entity/Q8752>	<http://www.wikidata.org/entity/Q9176>	30759	143	2	3	0	0	143	2	0
<http://www.wikidata.org/entity/Q9610>	<http://www.wikidata.org/entity/Q9168>	14501	42	1	1	0	12	55	1	0
<http://www.wikidata.org/entity/Q9168>	<http://www.wikidata.org/entity/Q9610>	18925	30	1	1	0	15	46	1	0
<http://www.wikidata.org/entity/Q56475>	<http://www.wikidata.org/entity/Q9072>	1897	317	0	0	0	18	335	0	0
<http://www.wikidata.org/entity/Q9072>	<http://www.wikidata.org/entity/Q56475>	4943	343	0	0	0	16	359	0	0
<http://www.wikidata.org/entity/Q9072>	<http://www.wikidata.org/entity/Q5146>	4943	904	0	1	0	19	923	0	0
<http://www.wikidata.org/entity/Q5146>	<http://www.wikidata.org/entity/Q9072>	176780	867	0	1	0	28	895	0	0
<http://www.wikidata.org/entity/Q10134>	<http://www.wikidata.org/entity/Q1860>	2146	1003	36	40	3	124	1146	32	1
<http://www.wikidata.org/entity/Q1860>	<http://www.wikidata.org/entity/Q10134>	59942	1353	32	36	6	195	1566	36	4
<http://www.wikidata.org/entity/Q33578>	<http://www.wikidata.org/entity/Q5287>	5759	1083	0	0	0	79	1159	0	0
<http://www.wikidata.org/entity/Q9176>	<http://www.wikidata.org/entity/Q8748>	1593	50	0	0	0	0	50	0	0
<http://www.wikidata.org/entity/Q5287>	<http://www.wikidata.org/entity/Q33578>	34860	1247	0	1	0	90	1336	0	0
<http://www.wikidata.org/entity/Q8748>	<http://www.wikidata.org/entity/Q9176>	8162	42	0	0	0	0	42	0	0
<http://www.wikidata.org/entity/Q33284>	<http://www.wikidata.org/entity/Q188>	1711	27	0	0	0	0	27	0	0
<http://www.wikidata.org/entity/Q36928>	<http://www.wikidata.org/entity/Q9168>	3314	16	0	0	0	0	16	0	0
<http://www.wikidata.org/entity/Q9168>	<http://www.wikidata.org/entity/Q36928>	18925	16	0	0	0	0	16	0	0
<http://www.wikidata.org/entity/Q188>	<http://www.wikidata.org/entity/Q33284>	20135	55	0	0	0	0	55	0	0
<http://www.wikidata.org/entity/Q7411>	<http://www.wikidata.org/entity/Q12107>	2611	401	0	1	4	3	407	0	0
<http://www.wikidata.org/entity/Q12107>	<http://www.wikidata.org/entity/Q7411>	5780	496	0	1	9	2	506	0	0
<http://www.wikidata.org/entity/Q5218>	<http://www.wikidata.org/entity/Q50868>	2046	3	0	0	0	0	3	0	0
<http://www.wikidata.org/entity/Q50868>	<http://www.wikidata.org/entity/Q5218>	18852	3	0	0	0	0	3	0	0
<http://www.wikidata.org/entity/Q13349>	<http://www.wikidata.org/entity/Q58635>	6804	9	0	0	0	0	9	0	0
<http://www.wikidata.org/entity/Q12107>	<http://www.wikidata.org/entity/Q8748>	5780	268	0	1	0	1	269	0	0
<http://www.wikidata.org/entity/Q58635>	<http://www.wikidata.org/entity/Q13349>	8319	21	0	0	0	0	21	0	0
<http://www.wikidata.org/entity/Q8748>	<http://www.wikidata.org/entity/Q12107>	8162	191	0	1	0	2	193	0	0
<http://www.wikidata.org/entity/Q9176>	<http://www.wikidata.org/entity/Q7411>	1593	157	0	6	0	0	157	0	0
<http://www.wikidata.org/entity/Q7411>	<http://www.wikidata.org/entity/Q9176>	2611	165	0	6	0	0	165	0	0
<http://www.wikidata.org/entity/Q256>	<http://www.wikidata.org/entity/Q33578>	2630	329	0	0	0	38	367	0	0
<http://www.wikidata.org/entity/Q33578>	<http://www.wikidata.org/entity/Q256>	5759	403	0	0	0	53	456	0	0
<http://www.wikidata.org/entity/Q397>	<http://www.wikidata.org/entity/Q809>	2705	296	5	10	0	1	300	5	0
<http://www.wikidata.org/entity/Q809>	<http://www.wikidata.org/entity/Q397>	4135	265	5	10	0	1	269	5	0
<http://www.wikidata.org/entity/Q10134>	<http://www.wikidata.org/entity/Q150>	2146	840	1	4	2	64	908	1	0
<http://www.wikidata.org/entity/Q36790>	<http://www.wikidata.org/entity/Q188>	17051	4366	0	1	0	306	4672	0	0
<http://www.wikidata.org/entity/Q188>	<http://www.wikidata.org/entity/Q36790>	20135	1814	0	1	0	193	2007	0	0
<http://www.wikidata.org/entity/Q150>	<http://www.wikidata.org/entity/Q10134>	33497	1016	1	2	7	87	1110	1	0
<http://www.wikidata.org/entity/Q9176>	<http://www.wikidata.org/entity/Q36928>	1593	78	0	0	0	0	78	0	0
<http://www.wikidata.org/entity/Q36928>	<http://www.wikidata.org/entity/Q9176>	3314	74	0	0	0	0	74	0	0
<http://www.wikidata.org/entity/Q8748>	<http://www.wikidata.org/entity/Q9168>	8162	10	0	0	0	2	12	0	0
<http://www.wikidata.org/entity/Q9168>	<http://www.wikidata.org/entity/Q8748>	18925	11	0	0	0	4	15	0	0
<http://www.wikidata.org/entity/Q7411>	<http://www.wikidata.org/entity/Q9168>	2611	42	0	0	0	1	43	0	0
<http://www.wikidata.org/entity/Q9168>	<http://www.wikidata.org/entity/Q7411>	18925	40	0	0	0	1	41	0	0
<http://www.wikidata.org/entity/Q36928>	<http://www.wikidata.org/entity/Q12107>	3314	608	0	0	0	0	608	0	0
<http://www.wikidata.org/entity/Q12107>	<http://www.wikidata.org/entity/Q36928>	5780	632	0	0	0	0	632	0	0
<http://www.wikidata.org/entity/Q9072>	<http://www.wikidata.org/entity/Q58635>	4943	794	0	1	1	24	820	0	0
<http://www.wikidata.org/entity/Q58635>	<http://www.wikidata.org/entity/Q9072>	8319	1281	0	1	1	35	1317	0	0
<http://www.wikidata.org/entity/Q11059>	<http://www.wikidata.org/entity/Q727694>	1928	194	0	0	0	20	214	0	0
<http://www.wikidata.org/entity/Q727694>	<http://www.wikidata.org/entity/Q11059>	4417	252	0	0	0	25	277	0	0
<http://www.wikidata.org/entity/Q9176>	<http://www.wikidata.org/entity/Q5218>	1593	6	0	0	0	0	6	0	0
<http://www.wikidata.org/entity/Q5218>	<http://www.wikidata.org/entity/Q9176>	2046	5	0	0	0	0	5	0	0
<http://www.wikidata.org/entity/Q7411>	<http://www.wikidata.org/entity/Q50868>	2611	15	0	0	0	0	15	0	0
<http://www.wikidata.org/entity/Q50868>	<http://www.wikidata.org/entity/Q7411>	18852	13	0	0	0	0	13	0	0
<http://www.wikidata.org/entity/Q5218>	<http://www.wikidata.org/entity/Q12107>	2046	13	0	0	0	1	14	0	0
<http://www.wikidata.org/entity/Q12107>	<http://www.wikidata.org/entity/Q5218>	5780	21	0	1	0	2	24	0	0
<http://www.wikidata.org/entity/Q56475>	<http://www.wikidata.org/entity/Q9027>	1897	491	0	0	1	39	530	0	0
<http://www.wikidata.org/entity/Q8748>	<http://www.wikidata.org/entity/Q50868>	8162	15	0	0	0	0	15	0	0
<http://www.wikidata.org/entity/Q50868>	<http://www.wikidata.org/entity/Q8748>	18852	13	0	0	0	0	13	0	0
<http://www.wikidata.org/entity/Q9027>	<http://www.wikidata.org/entity/Q56475>	38988	574	0	0	1	45	619	0	0
<http://www.wikidata.org/entity/Q9027>	<http://www.wikidata.org/entity/Q5146>	38988	1885	2	13	45	60	1987	2	0
<http://www.wikidata.org/entity/Q5146>	<http://www.wikidata.org/entity/Q9027>	176780	1677	2	13	37	62	1772	2	0
<http://www.wikidata.org/entity/Q1412>	<http://www.wikidata.org/entity/Q727694>	2495	207	0	1	0	11	218	0	0
<http://www.wikidata.org/entity/Q727694>	<http://www.wikidata.org/entity/Q1412>	4417	294	0	1	0	14	308	0	0
<http://www.wikidata.org/entity/Q11051>	<http://www.wikidata.org/entity/Q727694>	3900	414	1	11	0	31	449	1	0
<http://www.wikidata.org/entity/Q727694>	<http://www.wikidata.org/entity/Q11051>	4417	397	2	8	0	27	426	2	0
<http://www.wikidata.org/entity/Q5218>	<http://www.wikidata.org/entity/Q9168>	2046	0	0	0	0	0	0	0	0
<http://www.wikidata.org/entity/Q33454>	<http://www.wikidata.org/entity/Q33947>	9001	4	0	0	0	0	4	0	0
<http://www.wikidata.org/entity/Q33947>	<http://www.wikidata.org/entity/Q33454>	10045	4	0	0	0	0	4	0	0
<http://www.wikidata.org/entity/Q9168>	<http://www.wikidata.org/entity/Q5218>	18925	0	0	0	0	0	0	0	0
<http://www.wikidata.org/entity/Q13955>	<http://www.wikidata.org/entity/Q5287>	14706	504	0	8	0	32	539	0	0
<http://www.wikidata.org/entity/Q5287>	<http://www.wikidata.org/entity/Q13955>	34860	786	0	8	0	46	834	0	0
<http://www.wikidata.org/entity/Q32238>	<http://www.wikidata.org/entity/Q5287>	14153	1031	0	9	0	10	1040	0	0
<http://www.wikidata.org/entity/Q5287>	<http://www.wikidata.org/entity/Q32238>	34860	1119	0	4	0	14	1134	0	0
<http://www.wikidata.org/entity/Q58635>	<http://www.wikidata.org/entity/Q9056>	8319	906	0	0	2	17	923	1	1
<http://www.wikidata.org/entity/Q9056>	<http://www.wikidata.org/entity/Q58635>	25347	762	1	1	4	6	770	0	0
<http://www.wikidata.org/entity/Q36495>	<http://www.wikidata.org/entity/Q5146>	1973	435	3	20	0	21	460	3	0
<http://www.wikidata.org/entity/Q256>	<http://www.wikidata.org/entity/Q13955>	2630	306	7	8	0	24	335	7	0
<http://www.wikidata.org/entity/Q13955>	<http://www.wikidata.org/entity/Q256>	14706	282	7	8	0	25	312	7	0
<http://www.wikidata.org/entity/Q5146>	<http://www.wikidata.org/entity/Q36495>	176780	352	2	16	0	20	376	2	0
<http://www.wikidata.org/entity/Q56475>	<http://www.wikidata.org/entity/Q36495>	1897	161	0	0	0	17	178	0	0
<http://www.wikidata.org/entity/Q36495>	<http://www.wikidata.org/entity/Q56475>	1973	217	0	0	0	19	236	0	0
<http://www.wikidata.org/entity/Q9035>	<http://www.wikidata.org/entity/Q5146>	19363	1412	0	8	23	32	1467	0	0
<http://www.wikidata.org/entity/Q5146>	<http://www.wikidata.org/entity/Q9035>	176780	1354	0	9	25	34	1414	0	0
<http://www.wikidata.org/entity/Q56475>	<http://www.wikidata.org/entity/Q9035>	1897	426	0	0	1	24	451	0	0
<http://www.wikidata.org/entity/Q9035>	<http://www.wikidata.org/entity/Q56475>	19363	467	0	0	1	24	492	0	0
<http://www.wikidata.org/entity/Q256>	<http://www.wikidata.org/entity/Q32238>	2630	267	0	0	0	11	278	0	0
<http://www.wikidata.org/entity/Q32238>	<http://www.wikidata.org/entity/Q256>	14153	386	0	0	0	10	396	0	0
<http://www.wikidata.org/entity/Q36928>	<http://www.wikidata.org/entity/Q50868>	3314	27	0	0	0	0	27	0	0
<http://www.wikidata.org/entity/Q50868>	<http://www.wikidata.org/entity/Q36928>	18852	17	0	0	0	0	17	0	0
<http://www.wikidata.org/entity/Q33151>	<http://www.wikidata.org/entity/Q33578>	1938	52	0	0	0	0	52	0	0
<http://www.wikidata.org/entity/Q33578>	<http://www.wikidata.org/entity/Q33151>	5759	83	0	0	0	0	83	0	0
<http://www.wikidata.org/entity/Q7737>	<http://www.wikidata.org/entity/Q9056>	18679	1892	28	44	8	2	1898	38	10
<http://www.wikidata.org/entity/Q9056>	<http://www.wikidata.org/entity/Q7737>	25347	1771	36	52	6	2	1778	27	0
<http://www.wikidata.org/entity/Q33578>	<http://www.wikidata.org/entity/Q9288>	5759	878	1	2	0	21	899	1	0
<http://www.wikidata.org/entity/Q9288>	<http://www.wikidata.org/entity/Q33578>	7451	741	1	2	0	16	757	1	0
<http://www.wikidata.org/entity/Q397>	<http://www.wikidata.org/entity/Q8752>	2705	352	0	3	0	1	353	0	0
<http://www.wikidata.org/entity/Q8752>	<http://www.wikidata.org/entity/Q397>	30759	346	0	3	0	1	347	0	0
<http://www.wikidata.org/entity/Q33578>	<http://www.wikidata.org/entity/Q1321>	5759	619	0	2	0	31	651	0	0
<http://www.wikidata.org/entity/Q1321>	<http://www.wikidata.org/entity/Q33578>	20953	623	0	2	0	25	649	0	0
<http://www.wikidata.org/entity/Q33454>	<http://www.wikidata.org/entity/Q9168>	9001	4	0	0	0	0	4	0	0
<http://www.wikidata.org/entity/Q5218>	<http://www.wikidata.org/entity/Q33947>	2046	3	0	0	0	0	3	0	0
<http://www.wikidata.org/entity/Q9168>	<http://www.wikidata.org/entity/Q33454>	18925	4	0	0	0	0	4	0	0
<http://www.wikidata.org/entity/Q33947>	<http://www.wikidata.org/entity/Q5218>	10045	3	0	0	0	0	3	0	0
<http://www.wikidata.org/entity/Q12107>	<http://www.wikidata.org/entity/Q33454>	5780	149	0	0	0	2	151	0	0
<http://www.wikidata.org/entity/Q33454>	<http://www.wikidata.org/entity/Q12107>	9001	108	0	0	0	2	110	0	0
<http://www.wikidata.org/entity/Q397>	<http://www.wikidata.org/entity/Q8765>	2705	34	2	2	0	3	39	2	0
<http://www.wikidata.org/entity/Q35518>	<http://www.wikidata.org/entity/Q9056>	15737	1163	0	1	0	19	1182	1	1
<http://www.wikidata.org/entity/Q9056>	<http://www.wikidata.org/entity/Q35518>	25347	668	1	2	0	10	678	0	0
<http://www.wikidata.org/entity/Q8765>	<http://www.wikidata.org/entity/Q397>	33758	29	2	2	0	2	33	2	0
<http://www.wikidata.org/entity/Q397>	<http://www.wikidata.org/entity/Q9610>	2705	324	0	6	0	13	338	0	0
<http://www.wikidata.org/entity/Q9610>	<http://www.wikidata.org/entity/Q397>	14501	418	0	4	0	12	431	0	0
<http://www.wikidata.org/entity/Q9176>	<http://www.wikidata.org/entity/Q33454>	1593	26	0	0	0	5	31	0	0
<http://www.wikidata.org/entity/Q33454>	<http://www.wikidata.org/entity/Q9176>	9001	25	0	0	0	2	27	0	0
<http://www.wikidata.org/entity/Q727694>	<http://www.wikidata.org/entity/Q1860>	4417	1055	101	112	0	156	1245	100	0
<http://www.wikidata.org/entity/Q1860>	<http://www.wikidata.org/entity/Q727694>	59942	1231	90	101	0	170	1426	91	1
<http://www.wikidata.org/entity/Q727694>	<http://www.wikidata.org/entity/Q150>	4417	931	6	23	0	82	1016	6	0
<http://www.wikidata.org/entity/Q150>	<http://www.wikidata.org/entity/Q727694>	33497	857	6	22	0	71	931	6	0
<http://www.wikidata.org/entity/Q7411>	<http://www.wikidata.org/entity/Q33947>	2611	10	0	1	0	0	10	0	0
<http://www.wikidata.org/entity/Q33947>	<http://www.wikidata.org/entity/Q7411>	10045	9	0	1	0	0	9	0	0
<http://www.wikidata.org/entity/Q56356571>	<http://www.wikidata.org/entity/Q188>	11610	2697	3	8	8	66	2769	4	1
<http://www.wikidata.org/entity/Q188>	<http://www.wikidata.org/entity/Q56356571>	20135	2615	4	11	19	69	2703	3	0
<http://www.wikidata.org/entity/Q8748>	<http://www.wikidata.org/entity/Q33947>	8162	6	0	1	0	0	6	0	0
<http://www.wikidata.org/entity/Q33947>	<http://www.wikidata.org/entity/Q8748>	10045	6	0	1	0	0	6	0	0
<http://www.wikidata.org/entity/Q13349>	<http://www.wikidata.org/entity/Q35518>	6804	7	0	0	0	0	7	0	0
<http://www.wikidata.org/entity/Q35518>	<http://www.wikidata.org/entity/Q13349>	15737	13	0	0	0	0	13	0	0
<http://www.wikidata.org/entity/Q9072>	<http://www.wikidata.org/entity/Q7737>	4943	1656	2	6	1	11	1668	2	0
<http://www.wikidata.org/entity/Q7737>	<http://www.wikidata.org/entity/Q9072>	18679	2141	2	7	2	14	2157	2	0
<http://www.wikidata.org/entity/Q33454>	<http://www.wikidata.org/entity/Q50868>	9001	5	0	0	0	0	5	0	0
<http://www.wikidata.org/entity/Q50868>	<http://www.wikidata.org/entity/Q33454>	18852	5	0	0	0	0	5	0	0
<http://www.wikidata.org/entity/Q9288>	<http://www.wikidata.org/entity/Q13955>	7451	451	7	9	0	7	462	7	0
<http://www.wikidata.org/entity/Q33151>	<http://www.wikidata.org/entity/Q32238>	1938	54	0	1	0	0	54	0	0
<http://www.wikidata.org/entity/Q13955>	<http://www.wikidata.org/entity/Q9288>	14706	433	7	9	0	10	447	7	0
<http://www.wikidata.org/entity/Q32238>	<http://www.wikidata.org/entity/Q33151>	14153	95	0	2	0	0	96	0	0
<http://www.wikidata.org/entity/Q10134>	<http://www.wikidata.org/entity/Q1412>	2146	203	0	0	0	14	217	0	0
<http://www.wikidata.org/entity/Q1412>	<http://www.wikidata.org/entity/Q10134>	2495	214	0	0	0	15	229	0	0
<http://www.wikidata.org/entity/Q33151>	<http://www.wikidata.org/entity/Q13955>	1938	28	0	1	0	0	28	0	0
<http://www.wikidata.org/entity/Q9288>	<http://www.wikidata.org/entity/Q32238>	7451	640	0	0	0	5	645	0	0
<http://www.wikidata.org/entity/Q32238>	<http://www.wikidata.org/entity/Q9288>	14153	833	0	0	0	5	836	0	0
<http://www.wikidata.org/entity/Q13955>	<http://www.wikidata.org/entity/Q33151>	14706	29	0	1	0	0	29	0	0
<http://www.wikidata.org/entity/Q11059>	<http://www.wikidata.org/entity/Q10134>	1928	198	0	0	0	17	215	0	0
<http://www.wikidata.org/entity/Q10134>	<http://www.wikidata.org/entity/Q11059>	2146	151	0	0	0	13	164	0	0
<http://www.wikidata.org/entity/Q32238>	<http://www.wikidata.org/entity/Q1321>	14153	663	1	18	0	7	672	1	0
<http://www.wikidata.org/entity/Q1321>	<http://www.wikidata.org/entity/Q32238>	20953	602	1	10	0	6	611	1	0
<http://www.wikidata.org/entity/Q13955>	<http://www.wikidata.org/entity/Q1321>	14706	337	3	10	2	11	348	3	0
<http://www.wikidata.org/entity/Q1321>	<http://www.wikidata.org/entity/Q13955>	20953	384	3	10	3	11	398	3	0
<http://www.wikidata.org/entity/Q36928>	<http://www.wikidata.org/entity/Q33947>	3314	10	0	0	0	0	10	0	0
<http://www.wikidata.org/entity/Q33947>	<http://www.wikidata.org/entity/Q36928>	10045	9	0	0	0	0	9	0	0
<http://www.wikidata.org/entity/Q13349>	<http://www.wikidata.org/entity/Q7737>	6804	12	0	0	0	0	12	0	0
<http://www.wikidata.org/entity/Q7737>	<http://www.wikidata.org/entity/Q13349>	18679	35	0	0	0	0	35	0	0
<http://www.wikidata.org/entity/Q10134>	<http://www.wikidata.org/entity/Q11051>	2146	292	0	2	0	17	311	0	0
<http://www.wikidata.org/entity/Q11051>	<http://www.wikidata.org/entity/Q10134>	3900	447	0	4	0	21	472	0	0
<http://www.wikidata.org/entity/Q9072>	<http://www.wikidata.org/entity/Q35518>	4943	603	0	0	0	27	630	0	0
<http://www.wikidata.org/entity/Q35518>	<http://www.wikidata.org/entity/Q9072>	15737	1543	0	0	0	66	1609	0	0
<http://www.wikidata.org/entity/Q33947>	<http://www.wikidata.org/entity/Q9610>	10045	14	0	0	0	1	15	0	0
<http://www.wikidata.org/entity/Q9610>	<http://www.wikidata.org/entity/Q33947>	14501	22	0	0	0	1	23	0	0
<http://www.wikidata.org/entity/Q33947>	<http://www.wikidata.org/entity/Q8765>	10045	5	0	0	0	1	6	0	0
<http://www.wikidata.org/entity/Q8765>	<http://www.wikidata.org/entity/Q33947>	33758	5	0	0	0	1	6	0	0
<http://www.wikidata.org/entity/Q727694>	<http://www.wikidata.org/entity/Q56356571>	4417	639	0	3	0	32	671	0	0
<http://www.wikidata.org/entity/Q56356571>	<http://www.wikidata.org/entity/Q727694>	11610	804	0	4	0	30	834	0	0
<http://www.wikidata.org/entity/Q33578>	<http://www.wikidata.org/entity/Q652>	5759	1374	0	3	0	35	1412	0	0
<http://www.wikidata.org/entity/Q652>	<http://www.wikidata.org/entity/Q33578>	26452	1370	0	3	0	32	1405	0	0
<http://www.wikidata.org/entity/Q33578>	<http://www.wikidata.org/entity/Q36236>	5759	844	0	1	0	11	856	0	0
<http://www.wikidata.org/entity/Q36236>	<http://www.wikidata.org/entity/Q33578>	12554	842	0	2	0	9	851	0	0
<http://www.wikidata.org/entity/Q33947>	<http://www.wikidata.org/entity/Q8752>	10045	9	0	0	0	0	9	0	0
<http://www.wikidata.org/entity/Q8752>	<http://www.wikidata.org/entity/Q33947>	30759	12	0	0	0	0	12	0	0
<http://www.wikidata.org/entity/Q5218>	<http://www.wikidata.org/entity/Q397>	2046	14	0	2	0	0	14	0	0
<http://www.wikidata.org/entity/Q397>	<http://www.wikidata.org/entity/Q5218>	2705	23	0	2	0	0	23	0	0
<http://www.wikidata.org/entity/Q809>	<http://www.wikidata.org/entity/Q50868>	4135	13	0	0	0	0	13	0	0
<http://www.wikidata.org/entity/Q50868>	<http://www.wikidata.org/entity/Q809>	18852	12	0	0	0	0	12	0	0
<http://www.wikidata.org/entity/Q35518>	<http://www.wikidata.org/entity/Q9027>	15737	2635	0	0	0	193	2828	0	0
<http://www.wikidata.org/entity/Q9027>	<http://www.wikidata.org/entity/Q35518>	38988	1273	0	0	0	98	1371	0	0
<http://www.wikidata.org/entity/Q36236>	<http://www.wikidata.org/entity/Q32238>	12554	698	2	2	0	4	702	2	0
<http://www.wikidata.org/entity/Q32238>	<http://www.wikidata.org/entity/Q36236>	14153	774	2	5	0	4	778	2	0
<http://www.wikidata.org/entity/Q36236>	<http://www.wikidata.org/entity/Q13955>	12554	489	1	7	0	3	493	1	0
<http://www.wikidata.org/entity/Q13955>	<http://www.wikidata.org/entity/Q36236>	14706	410	1	7	0	3	414	1	0
<http://www.wikidata.org/entity/Q36495>	<http://www.wikidata.org/entity/Q7737>	1973	929	1	11	0	10	944	1	0
<http://www.wikidata.org/entity/Q7737>	<http://www.wikidata.org/entity/Q36495>	18679	1394	1	9	0	12	1408	1	0
<http://www.wikidata.org/entity/Q7737>	<http://www.wikidata.org/entity/Q9035>	18679	4025	16	31	31	19	4066	19	4
<http://www.wikidata.org/entity/Q9035>	<http://www.wikidata.org/entity/Q7737>	19363	3125	19	34	22	15	3157	16	1
<http://www.wikidata.org/entity/Q397>	<http://www.wikidata.org/entity/Q36928>	2705	324	0	0	0	0	324	0	0
<http://www.wikidata.org/entity/Q36928>	<http://www.wikidata.org/entity/Q397>	3314	421	0	0	0	0	421	0	0
<http://www.wikidata.org/entity/Q809>	<http://www.wikidata.org/entity/Q9168>	4135	23	0	0	0	0	23	0	0
<http://www.wikidata.org/entity/Q9168>	<http://www.wikidata.org/entity/Q809>	18925	23	0	0	0	0	23	0	0
<http://www.wikidata.org/entity/Q7737>	<http://www.wikidata.org/entity/Q9027>	18679	5217	3	14	35	39	5289	3	0
<http://www.wikidata.org/entity/Q9027>	<http://www.wikidata.org/entity/Q7737>	38988	4542	3	14	32	33	4606	3	0
<http://www.wikidata.org/entity/Q36495>	<http://www.wikidata.org/entity/Q35518>	1973	339	0	2	0	30	370	0	0
<http://www.wikidata.org/entity/Q7411>	<http://www.wikidata.org/entity/Q397>	2611	272	19	19	0	2	274	19	0
<http://www.wikidata.org/entity/Q397>	<http://www.wikidata.org/entity/Q7411>	2705	292	19	19	0	2	294	19	0
<http://www.wikidata.org/entity/Q35518>	<http://www.wikidata.org/entity/Q36495>	15737	663	0	1	0	52	715	0	0
<http://www.wikidata.org/entity/Q35518>	<http://www.wikidata.org/entity/Q9035>	15737	2275	0	1	0	112	2387	1	1
<http://www.wikidata.org/entity/Q9035>	<http://www.wikidata.org/entity/Q35518>	19363	988	1	1	0	56	1044	0	0
<http://www.wikidata.org/entity/Q13955>	<http://www.wikidata.org/entity/Q652>	14706	654	5	13	1	18	675	5	0
<http://www.wikidata.org/entity/Q652>	<http://www.wikidata.org/entity/Q13955>	26452	738	5	13	2	19	761	5	0
<http://www.wikidata.org/entity/Q33284>	<http://www.wikidata.org/entity/Q10134>	1711	13	0	0	0	0	13	0	0
<http://www.wikidata.org/entity/Q10134>	<http://www.wikidata.org/entity/Q33284>	2146	14	0	0	0	0	14	0	0
<http://www.wikidata.org/entity/Q188>	<http://www.wikidata.org/entity/Q1860>	20135	8880	399	482	153	507	9620	390	11
<http://www.wikidata.org/entity/Q1860>	<http://www.wikidata.org/entity/Q188>	59942	8556	382	461	88	519	9230	389	17
<http://www.wikidata.org/entity/Q32238>	<http://www.wikidata.org/entity/Q652>	14153	1336	1	14	0	4	1342	1	0
<http://www.wikidata.org/entity/Q652>	<http://www.wikidata.org/entity/Q32238>	26452	1244	1	6	0	4	1249	1	0
<http://www.wikidata.org/entity/Q397>	<http://www.wikidata.org/entity/Q8748>	2705	123	0	1	0	2	125	0	0
<http://www.wikidata.org/entity/Q8748>	<http://www.wikidata.org/entity/Q397>	8162	111	0	1	0	3	114	0	0
<http://www.wikidata.org/entity/Q188>	<http://www.wikidata.org/entity/Q150>	20135	6952	115	168	257	241	7415	109	1
<http://www.wikidata.org/entity/Q150>	<http://www.wikidata.org/entity/Q188>	33497	6048	112	163	247	206	6447	118	7
<http://www.wikidata.org/entity/Q10134>	<http://www.wikidata.org/entity/Q36790>	2146	404	0	0	0	53	457	0	0
<http://www.wikidata.org/entity/Q9176>	<http://www.wikidata.org/entity/Q809>	1593	143	0	1	0	0	143	0	0
<http://www.wikidata.org/entity/Q36790>	<http://www.wikidata.org/entity/Q10134>	17051	1900	0	0	0	137	2037	0	0
<http://www.wikidata.org/entity/Q809>	<http://www.wikidata.org/entity/Q9176>	4135	141	0	1	0	0	141	0	0
<http://www.wikidata.org/entity/Q809>	<http://www.wikidata.org/entity/Q12107>	4135	331	1	8	0	0	331	1	0
<http://www.wikidata.org/entity/Q12107>	<http://www.wikidata.org/entity/Q809>	5780	414	1	8	0	0	414	1	0
<http://www.wikidata.org/entity/Q50868>	<http://www.wikidata.org/entity/Q9056>	18852	18	0	0	0	0	18	0	0
<http://www.wikidata.org/entity/Q13349>	<http://www.wikidata.org/entity/Q9168>	6804	0	0	0	0	0	0	0	0
<http://www.wikidata.org/entity/Q9056>	<http://www.wikidata.org/entity/Q50868>	25347	37	0	0	0	0	37	0	0
<http://www.wikidata.org/entity/Q9168>	<http://www.wikidata.org/entity/Q13349>	18925	0	0	0	0	0	0	0	0
<http://www.wikidata.org/entity/Q36928>	<http://www.wikidata.org/entity/Q58635>	3314	593	0	0	0	0	593	0	0
<http://www.wikidata.org/entity/Q58635>	<http://www.wikidata.org/entity/Q36928>	8319	789	0	0	0	0	789	0	0
<http://www.wikidata.org/entity/Q56475>	<http://www.wikidata.org/entity/Q8752>	1897	147	0	0	0	1	148	0	0
<http://www.wikidata.org/entity/Q8752>	<http://www.wikidata.org/entity/Q56475>	30759	167	0	0	0	1	168	0	0
<http://www.wikidata.org/entity/Q8752>	<http://www.wikidata.org/entity/Q5146>	30759	528	1	5	0	2	530	1	0
<http://www.wikidata.org/entity/Q5146>	<http://www.wikidata.org/entity/Q8752>	176780	493	1	5	0	3	496	1	0
<http://www.wikidata.org/entity/Q9176>	<http://www.wikidata.org/entity/Q9072>	1593	195	0	0	0	16	211	0	0
<http://www.wikidata.org/entity/Q9072>	<http://www.wikidata.org/entity/Q9176>	4943	209	0	0	0	12	221	0	0
<http://www.wikidata.org/entity/Q9072>	<http://www.wikidata.org/entity/Q12107>	4943	865	0	1	0	14	879	0	0
<http://www.wikidata.org/entity/Q12107>	<http://www.wikidata.org/entity/Q9072>	5780	1049	0	1	0	14	1063	0	0
<http://www.wikidata.org/entity/Q7411>	<http://www.wikidata.org/entity/Q58635>	2611	386	0	0	10	7	400	0	0
<http://www.wikidata.org/entity/Q58635>	<http://www.wikidata.org/entity/Q7411>	8319	673	0	0	8	12	690	0	0
<http://www.wikidata.org/entity/Q9176>	<http://www.wikidata.org/entity/Q13349>	1593	5	0	0	0	0	5	0	0
<http://www.wikidata.org/entity/Q13349>	<http://www.wikidata.org/entity/Q9176>	6804	4	0	0	0	0	4	0	0
<http://www.wikidata.org/entity/Q56356571>	<http://www.wikidata.org/entity/Q5287>	11610	2095	2	4	2	58	2154	2	0
<http://www.wikidata.org/entity/Q5287>	<http://www.wikidata.org/entity/Q56356571>	34860	1988	1	3	2	60	2049	1	0
<http://www.wikidata.org/entity/Q256>	<http://www.wikidata.org/entity/Q56356571>	2630	603	17	18	0	42	657	17	0
<http://www.wikidata.org/entity/Q56356571>	<http://www.wikidata.org/entity/Q256>	11610	937	17	18	0	55	1004	17	0
<http://www.wikidata.org/entity/Q8748>	<http://www.wikidata.org/entity/Q58635>	8162	169	0	0	2	4	175	0	0
<http://www.wikidata.org/entity/Q58635>	<http://www.wikidata.org/entity/Q8748>	8319	315	0	0	1	4	319	0	0
<http://www.wikidata.org/entity/Q12107>	<http://www.wikidata.org/entity/Q13349>	5780	15	0	0	0	0	15	0	0
<http://www.wikidata.org/entity/Q13349>	<http://www.wikidata.org/entity/Q12107>	6804	8	0	0	0	0	8	0	0
<http://www.wikidata.org/entity/Q56475>	<http://www.wikidata.org/entity/Q9610>	1897	226	0	0	0	43	269	0	0
<http://www.wikidata.org/entity/Q9610>	<http://www.wikidata.org/entity/Q56475>	14501	381	0	0	0	52	433	0	0
<http://www.wikidata.org/entity/Q9610>	<http://www.wikidata.org/entity/Q5146>	14501	765	3	8	2	42	813	3	0
<http://www.wikidata.org/entity/Q5146>	<http://www.wikidata.org/entity/Q9610>	176780	480	4	8	2	44	531	4	0
<http://www.wikidata.org/entity/Q56475>	<http://www.wikidata.org/entity/Q8765>	1897	22	0	0	0	2	24	0	0
<http://www.wikidata.org/entity/Q8765>	<http://www.wikidata.org/entity/Q56475>	33758	22	0	0	0	2	24	0	0
<http://www.wikidata.org/entity/Q8765>	<http://www.wikidata.org/entity/Q5146>	33758	33	4	4	0	2	37	4	0
<http://www.wikidata.org/entity/Q5146>	<http://www.wikidata.org/entity/Q8765>	176780	33	3	3	0	2	37	3	0
<http://www.wikidata.org/entity/Q9072>	<http://www.wikidata.org/entity/Q9168>	4943	94	0	0	0	4	98	0	0
<http://www.wikidata.org/entity/Q9168>	<http://www.wikidata.org/entity/Q9072>	18925	84	0	0	0	4	88	0	0
<http://www.wikidata.org/entity/Q12107>	<http://www.wikidata.org/entity/Q9056>	5780	912	6	14	1	5	917	8	2
<http://www.wikidata.org/entity/Q9056>	<http://www.wikidata.org/entity/Q12107>	25347	979	8	16	2	5	984	6	0
<http://www.wikidata.org/entity/Q33454>	<http://www.wikidata.org/entity/Q35518>	9001	88	0	0	0	2	90	0	0
<http://www.wikidata.org/entity/Q35518>	<http://www.wikidata.org/entity/Q33454>	15737	242	0	0	0	5	247	0	0
<http://www.wikidata.org/entity/Q1412>	<http://www.wikidata.org/entity/Q36236>	2495	389	1	7	0	8	400	1	0
<http://www.wikidata.org/entity/Q36236>	<http://www.wikidata.org/entity/Q1412>	12554	487	1	8	0	8	498	1	0
<http://www.wikidata.org/entity/Q150>	<http://www.wikidata.org/entity/Q25167>	33497	6342	10	32	462	105	6856	10	0
<http://www.wikidata.org/entity/Q25167>	<http://www.wikidata.org/entity/Q150>	50565	7568	19	47	310	117	7954	19	0
<http://www.wikidata.org/entity/Q11059>	<http://www.wikidata.org/entity/Q36236>	1928	323	22	22	0	9	343	21	0
<http://www.wikidata.org/entity/Q36236>	<http://www.wikidata.org/entity/Q11059>	12554	362	22	25	0	12	385	23	1
<http://www.wikidata.org/entity/Q9176>	<http://www.wikidata.org/entity/Q9056>	1593	288	2	3	0	2	290	3	1
<http://www.wikidata.org/entity/Q9056>	<http://www.wikidata.org/entity/Q9176>	25347	305	3	4	0	2	307	2	0
<http://www.wikidata.org/entity/Q25164>	<http://www.wikidata.org/entity/Q1860>	32974	7262	58	98	100	144	7478	59	2
<http://www.wikidata.org/entity/Q1860>	<http://www.wikidata.org/entity/Q25164>	59942	6725	47	67	96	155	6933	46	1
<http://www.wikidata.org/entity/Q11051>	<http://www.wikidata.org/entity/Q36236>	3900	844	131	136	0	8	891	131	0
<http://www.wikidata.org/entity/Q36236>	<http://www.wikidata.org/entity/Q11051>	12554	809	136	143	0	10	861	136	0
<http://www.wikidata.org/entity/Q25164>	<http://www.wikidata.org/entity/Q150>	32974	5458	24	43	174	76	5664	24	0
<http://www.wikidata.org/entity/Q150>	<http://www.wikidata.org/entity/Q25164>	33497	4642	13	28	281	68	4937	13	0
<http://www.wikidata.org/entity/Q25167>	<http://www.wikidata.org/entity/Q1860>	50565	10238	73	107	178	240	10636	73	1
<http://www.wikidata.org/entity/Q1860>	<http://www.wikidata.org/entity/Q25167>	59942	9332	61	83	162	264	9725	61	1
<http://www.wikidata.org/entity/Q9072>	<http://www.wikidata.org/entity/Q50868>	4943	25	0	0	0	1	26	0	0
<http://www.wikidata.org/entity/Q50868>	<http://www.wikidata.org/entity/Q9072>	18852	22	0	0	0	1	23	0	0
<http://www.wikidata.org/entity/Q9237>	<http://www.wikidata.org/entity/Q1860>	5311	2658	99	122	1	206	2888	100	1
<http://www.wikidata.org/entity/Q33284>	<http://www.wikidata.org/entity/Q1321>	1711	13	0	0	0	0	13	0	0
<http://www.wikidata.org/entity/Q1860>	<http://www.wikidata.org/entity/Q9237>	59942	3247	99	124	1	284	3557	98	0
<http://www.wikidata.org/entity/Q1321>	<http://www.wikidata.org/entity/Q33284>	20953	16	0	0	0	0	16	0	0
<http://www.wikidata.org/entity/Q11059>	<http://www.wikidata.org/entity/Q652>	1928	444	3	3	0	18	462	3	0
<http://www.wikidata.org/entity/Q33454>	<http://www.wikidata.org/entity/Q7737>	9001	108	0	0	0	1	109	0	0
<http://www.wikidata.org/entity/Q7737>	<http://www.wikidata.org/entity/Q33454>	18679	204	0	0	0	2	206	0	0
<http://www.wikidata.org/entity/Q652>	<http://www.wikidata.org/entity/Q11059>	26452	441	3	3	0	19	460	3	0
<http://www.wikidata.org/entity/Q1412>	<http://www.wikidata.org/entity/Q652>	2495	633	4	12	1	10	646	4	0
<http://www.wikidata.org/entity/Q652>	<http://www.wikidata.org/entity/Q1412>	26452	751	5	13	1	14	768	5	0
<http://www.wikidata.org/entity/Q33284>	<http://www.wikidata.org/entity/Q33151>	1711	4	0	0	0	0	4	0	0
<http://www.wikidata.org/entity/Q33151>	<http://www.wikidata.org/entity/Q33284>	1938	5	0	0	0	0	5	0	0
<http://www.wikidata.org/entity/Q9168>	<http://www.wikidata.org/entity/Q9056>	18925	84	0	0	0	6	90	0	0
<http://www.wikidata.org/entity/Q9056>	<http://www.wikidata.org/entity/Q9168>	25347	94	0	0	0	3	97	0	0
<http://www.wikidata.org/entity/Q13349>	<http://www.wikidata.org/entity/Q50868>	6804	2	0	0	0	0	2	0	0
<http://www.wikidata.org/entity/Q50868>	<http://www.wikidata.org/entity/Q13349>	18852	2	0	0	0	0	2	0	0
<http://www.wikidata.org/entity/Q5218>	<http://www.wikidata.org/entity/Q58635>	2046	9	0	0	0	1	10	0	0
<http://www.wikidata.org/entity/Q33284>	<http://www.wikidata.org/entity/Q9288>	1711	16	0	0	0	0	16	0	0
<http://www.wikidata.org/entity/Q58635>	<http://www.wikidata.org/entity/Q5218>	8319	22	0	0	0	1	23	0	0
<http://www.wikidata.org/entity/Q9288>	<http://www.wikidata.org/entity/Q33284>	7451	20	0	0	0	0	20	0	0
<http://www.wikidata.org/entity/Q33151>	<http://www.wikidata.org/entity/Q36790>	1938	62	0	0	0	1	63	0	0
<http://www.wikidata.org/entity/Q36790>	<http://www.wikidata.org/entity/Q33151>	17051	176	0	0	0	4	180	0	0
<http://www.wikidata.org/entity/Q9288>	<http://www.wikidata.org/entity/Q36790>	7451	884	1	3	0	31	915	1	0
<http://www.wikidata.org/entity/Q36790>	<http://www.wikidata.org/entity/Q9288>	17051	3048	1	2	0	60	3108	1	0
<http://www.wikidata.org/entity/Q36790>	<http://www.wikidata.org/entity/Q1321>	17051	2220	0	1	0	68	2288	0	0
<http://www.wikidata.org/entity/Q1321>	<http://www.wikidata.org/entity/Q36790>	20953	682	0	1	0	31	713	0	0
<http://www.wikidata.org/entity/Q11051>	<http://www.wikidata.org/entity/Q652>	3900	1071	4	17	2	25	1104	4	0
<http://www.wikidata.org/entity/Q652>	<http://www.wikidata.org/entity/Q11051>	26452	989	4	16	2	26	1021	4	0
<http://www.wikidata.org/entity/Q9237>	<http://www.wikidata.org/entity/Q150>	5311	1954	12	30	1	105	2065	12	0
<http://www.wikidata.org/entity/Q150>	<http://www.wikidata.org/entity/Q9237>	33497	2044	11	29	3	116	2168	11	0
<http://www.wikidata.org/entity/Q36495>	<http://www.wikidata.org/entity/Q12107>	1973	816	1	2	0	33	849	1	0
<http://www.wikidata.org/entity/Q12107>	<http://www.wikidata.org/entity/Q36495>	5780	883	1	2	0	33	916	1	0
<http://www.wikidata.org/entity/Q12107>	<http://www.wikidata.org/entity/Q9035>	5780	1909	1	13	11	39	1959	1	0
<http://www.wikidata.org/entity/Q9035>	<http://www.wikidata.org/entity/Q12107>	19363	1584	1	13	5	39	1628	1	0
<http://www.wikidata.org/entity/Q10134>	<http://www.wikidata.org/entity/Q33578>	2146	361	0	0	0	24	385	0	0
<http://www.wikidata.org/entity/Q33578>	<http://www.wikidata.org/entity/Q10134>	5759	490	0	0	0	32	522	0	0
<http://www.wikidata.org/entity/Q5287>	<http://www.wikidata.org/entity/Q1860>	34860	8480	259	318	8	410	9020	227	2
<http://www.wikidata.org/entity/Q1860>	<http://www.wikidata.org/entity/Q5287>	59942	9001	222	275	13	479	9588	264	44
<http://www.wikidata.org/entity/Q9176>	<http://www.wikidata.org/entity/Q36495>	1593	106	0	0	0	15	121	0	0
<http://www.wikidata.org/entity/Q36495>	<http://www.wikidata.org/entity/Q9176>	1973	141	0	0	0	13	154	0	0
<http://www.wikidata.org/entity/Q9176>	<http://www.wikidata.org/entity/Q9035>	1593	409	0	1	0	20	429	0	0
<http://www.wikidata.org/entity/Q9035>	<http://www.wikidata.org/entity/Q9176>	19363	448	0	1	0	23	471	0	0
<http://www.wikidata.org/entity/Q256>	<http://www.wikidata.org/entity/Q1860>	2630	1012	37	39	1	148	1166	36	0
<http://www.wikidata.org/entity/Q9168>	<http://www.wikidata.org/entity/Q9027>	18925	299	0	0	0	16	315	0	0
<http://www.wikidata.org/entity/Q9027>	<http://www.wikidata.org/entity/Q9168>	38988	334	0	0	0	14	348	0	0
<http://www.wikidata.org/entity/Q1860>	<http://www.wikidata.org/entity/Q256>	59942	1348	37	41	1	227	1583	38	1
<http://www.wikidata.org/entity/Q256>	<http://www.wikidata.org/entity/Q150>	2630	822	5	9	1	100	926	5	0
<http://www.wikidata.org/entity/Q150>	<http://www.wikidata.org/entity/Q256>	33497	927	5	9	3	111	1043	5	0
<http://www.wikidata.org/entity/Q150>	<http://www.wikidata.org/entity/Q5287>	33497	4003	7	42	16	181	4203	8	1
<http://www.wikidata.org/entity/Q5287>	<http://www.wikidata.org/entity/Q150>	34860	4335	8	42	6	192	4538	7	0
<http://www.wikidata.org/entity/Q809>	<http://www.wikidata.org/entity/Q35518>	4135	195	0	0	0	1	196	0	0
<http://www.wikidata.org/entity/Q35518>	<http://www.wikidata.org/entity/Q809>	15737	482	0	0	0	2	484	0	0
<http://www.wikidata.org/entity/Q5218>	<http://www.wikidata.org/entity/Q5146>	2046	11	0	2	0	0	11	0	0
<http://www.wikidata.org/entity/Q5146>	<http://www.wikidata.org/entity/Q5218>	176780	15	0	2	0	0	15	0	0
<http://www.wikidata.org/entity/Q56475>	<http://www.wikidata.org/entity/Q5218>	1897	9	0	0	0	0	9	0	0
<http://www.wikidata.org/entity/Q5218>	<http://www.wikidata.org/entity/Q56475>	2046	6	0	0	0	0	6	0	0
<http://www.wikidata.org/entity/Q12107>	<http://www.wikidata.org/entity/Q9027>	5780	1973	2	4	9	50	2032	2	0
<http://www.wikidata.org/entity/Q9027>	<http://www.wikidata.org/entity/Q12107>	38988	1729	2	4	4	53	1786	2	0
<http://www.wikidata.org/entity/Q9168>	<http://www.wikidata.org/entity/Q9035>	18925	224	0	0	0	10	234	0	0
<http://www.wikidata.org/entity/Q9035>	<http://www.wikidata.org/entity/Q9168>	19363	234	0	0	0	11	245	0	0
<http://www.wikidata.org/entity/Q36495>	<http://www.wikidata.org/entity/Q9168>	1973	35	0	0	0	4	39	0	0
<http://www.wikidata.org/entity/Q9168>	<http://www.wikidata.org/entity/Q36495>	18925	27	0	0	0	3	30	0	0
<http://www.wikidata.org/entity/Q9176>	<http://www.wikidata.org/entity/Q9027>	1593	463	1	1	0	39	502	1	0
<http://www.wikidata.org/entity/Q9027>	<http://www.wikidata.org/entity/Q9176>	38988	492	1	1	0	41	533	1	0
<http://www.wikidata.org/entity/Q809>	<http://www.wikidata.org/entity/Q7737>	4135	599	33	38	2	0	600	26	0
<http://www.wikidata.org/entity/Q7737>	<http://www.wikidata.org/entity/Q809>	18679	844	26	31	3	0	846	33	7
<http://www.wikidata.org/entity/Q36495>	<http://www.wikidata.org/entity/Q50868>	1973	22	0	0	0	1	23	0	0
<http://www.wikidata.org/entity/Q50868>	<http://www.wikidata.org/entity/Q36495>	18852	14	0	0	0	1	15	0	0
<http://www.wikidata.org/entity/Q50868>	<http://www.wikidata.org/entity/Q9035>	18852	29	0	0	0	0	29	0	0
<http://www.wikidata.org/entity/Q9035>	<http://www.wikidata.org/entity/Q50868>	19363	39	0	0	0	0	39	0	0
<http://www.wikidata.org/entity/Q58635>	<http://www.wikidata.org/entity/Q8752>	8319	615	0	0	0	5	620	0	0
<http://www.wikidata.org/entity/Q8752>	<http://www.wikidata.org/entity/Q58635>	30759	391	0	0	0	2	393	0	0
<http://www.wikidata.org/entity/Q36928>	<http://www.wikidata.org/entity/Q5146>	3314	466	0	0	0	0	466	0	0
<http://www.wikidata.org/entity/Q5146>	<http://www.wikidata.org/entity/Q36928>	176780	349	0	0	0	0	349	0	0
<http://www.wikidata.org/entity/Q9237>	<http://www.wikidata.org/entity/Q56356571>	5311	1130	5	7	0	51	1185	4	0
<http://www.wikidata.org/entity/Q56356571>	<http://www.wikidata.org/entity/Q9237>	11610	1633	4	6	0	57	1694	5	1
<http://www.wikidata.org/entity/Q56475>	<http://www.wikidata.org/entity/Q36928>	1897	185	0	0	0	0	185	0	0
<http://www.wikidata.org/entity/Q36928>	<http://www.wikidata.org/entity/Q56475>	3314	296	0	0	0	0	296	0	0
<http://www.wikidata.org/entity/Q33284>	<http://www.wikidata.org/entity/Q36236>	1711	18	0	0	0	0	18	0	0
<http://www.wikidata.org/entity/Q36236>	<http://www.wikidata.org/entity/Q33284>	12554	33	0	0	0	0	33	0	0
<http://www.wikidata.org/entity/Q36236>	<http://www.wikidata.org/entity/Q36790>	12554	842	1	1	0	28	869	1	0
<http://www.wikidata.org/entity/Q36790>	<http://www.wikidata.org/entity/Q36236>	17051	2789	1	1	0	74	2863	1	0
<http://www.wikidata.org/entity/Q10134>	<http://www.wikidata.org/entity/Q32238>	2146	272	0	0	0	5	277	0	0
<http://www.wikidata.org/entity/Q32238>	<http://www.wikidata.org/entity/Q10134>	14153	396	0	0	0	6	400	0	0
<http://www.wikidata.org/entity/Q58635>	<http://www.wikidata.org/entity/Q8765>	8319	80	0	0	0	2	82	0	0
<http://www.wikidata.org/entity/Q8765>	<http://www.wikidata.org/entity/Q58635>	33758	45	0	0	0	2	47	0	0
<http://www.wikidata.org/entity/Q11059>	<http://www.wikidata.org/entity/Q1321>	1928	238	0	0	0	11	249	0	0
<http://www.wikidata.org/entity/Q1412>	<http://www.wikidata.org/entity/Q9288>	2495	430	0	4	0	6	436	0	0
<http://www.wikidata.org/entity/Q9288>	<http://www.wikidata.org/entity/Q1412>	7451	448	0	4	0	7	455	0	0
<http://www.wikidata.org/entity/Q1321>	<http://www.wikidata.org/entity/Q11059>	20953	256	0	0	0	7	263	0	0
<http://www.wikidata.org/entity/Q58635>	<http://www.wikidata.org/entity/Q9610>	8319	1070	38	46	3	83	1191	38	0
<http://www.wikidata.org/entity/Q9610>	<http://www.wikidata.org/entity/Q58635>	14501	905	36	42	1	67	1006	36	0
<http://www.wikidata.org/entity/Q8748>	<http://www.wikidata.org/entity/Q5146>	8162	172	0	1	0	3	175	0	0
<http://www.wikidata.org/entity/Q5146>	<http://www.wikidata.org/entity/Q8748>	176780	179	0	1	0	2	181	0	0
<http://www.wikidata.org/entity/Q50868>	<http://www.wikidata.org/entity/Q9027>	18852	33	0	0	0	3	36	0	0
<http://www.wikidata.org/entity/Q9027>	<http://www.wikidata.org/entity/Q50868>	38988	43	0	0	0	3	46	0	0
<http://www.wikidata.org/entity/Q10134>	<http://www.wikidata.org/entity/Q13955>	2146	205	0	1	0	16	222	0	0
<http://www.wikidata.org/entity/Q56475>	<http://www.wikidata.org/entity/Q8748>	1897	78	0	0	0	2	80	0	0
<http://www.wikidata.org/entity/Q13955>	<http://www.wikidata.org/entity/Q10134>	14706	211	0	1	0	18	230	0	0
<http://www.wikidata.org/entity/Q8748>	<http://www.wikidata.org/entity/Q56475>	8162	78	0	0	0	3	81	0	0
<http://www.wikidata.org/entity/Q33284>	<http://www.wikidata.org/entity/Q652>	1711	24	0	0	0	0	24	0	0
<http://www.wikidata.org/entity/Q33151>	<http://www.wikidata.org/entity/Q1412>	1938	31	0	0	0	0	31	0	0
<http://www.wikidata.org/entity/Q1412>	<http://www.wikidata.org/entity/Q33151>	2495	32	0	0	0	0	32	0	0
<http://www.wikidata.org/entity/Q652>	<http://www.wikidata.org/entity/Q33284>	26452	25	0	0	0	0	25	0	0
<http://www.wikidata.org/entity/Q11059>	<http://www.wikidata.org/entity/Q33151>	1928	35	1	1	0	0	35	1	0
<http://www.wikidata.org/entity/Q33151>	<http://www.wikidata.org/entity/Q11059>	1938	23	1	1	0	0	23	1	0
<http://www.wikidata.org/entity/Q56356571>	<http://www.wikidata.org/entity/Q25164>	11610	2030	1	3	6	27	2062	1	0
<http://www.wikidata.org/entity/Q25164>	<http://www.wikidata.org/entity/Q56356571>	32974	1914	1	3	7	24	1943	1	0
<http://www.wikidata.org/entity/Q7411>	<http://www.wikidata.org/entity/Q5146>	2611	443	0	6	26	8	475	0	0
<http://www.wikidata.org/entity/Q5146>	<http://www.wikidata.org/entity/Q7411>	176780	463	0	6	23	8	494	0	0
<http://www.wikidata.org/entity/Q1412>	<http://www.wikidata.org/entity/Q1321>	2495	311	3	15	1	10	323	3	0
<http://www.wikidata.org/entity/Q11059>	<http://www.wikidata.org/entity/Q9288>	1928	317	0	1	0	9	326	0	0
<http://www.wikidata.org/entity/Q56475>	<http://www.wikidata.org/entity/Q7411>	1897	171	0	0	1	2	173	0	0
<http://www.wikidata.org/entity/Q1321>	<http://www.wikidata.org/entity/Q1412>	20953	361	3	15	2	11	376	3	0
<http://www.wikidata.org/entity/Q9288>	<http://www.wikidata.org/entity/Q11059>	7451	278	0	1	0	7	285	0	0
<http://www.wikidata.org/entity/Q7411>	<http://www.wikidata.org/entity/Q56475>	2611	176	0	0	4	3	179	0	0
<http://www.wikidata.org/entity/Q56356571>	<http://www.wikidata.org/entity/Q25167>	11610	2796	2	5	10	50	2856	2	0
<http://www.wikidata.org/entity/Q25167>	<http://www.wikidata.org/entity/Q56356571>	50565	2674	2	5	11	53	2736	2	0
<http://www.wikidata.org/entity/Q33151>	<http://www.wikidata.org/entity/Q11051>	1938	32	3	6	0	0	33	3	0
<http://www.wikidata.org/entity/Q11051>	<http://www.wikidata.org/entity/Q33151>	3900	64	3	5	0	0	65	3	0
<http://www.wikidata.org/entity/Q11051>	<http://www.wikidata.org/entity/Q9288>	3900	698	0	1	0	11	710	0	0
<http://www.wikidata.org/entity/Q9288>	<http://www.wikidata.org/entity/Q11051>	7451	546	0	1	0	9	556	0	0
<http://www.wikidata.org/entity/Q11051>	<http://www.wikidata.org/entity/Q1321>	3900	574	1	3	3	12	587	1	0
<http://www.wikidata.org/entity/Q1321>	<http://www.wikidata.org/entity/Q11051>	20953	523	1	3	3	11	535	1	0
<http://www.wikidata.org/entity/Q36790>	<http://www.wikidata.org/entity/Q652>	17051	4709	1	2	0	115	4825	1	0
<http://www.wikidata.org/entity/Q652>	<http://www.wikidata.org/entity/Q36790>	26452	1775	1	3	0	56	1833	1	0
<http://www.wikidata.org/entity/Q33151>	<http://www.wikidata.org/entity/Q1860>	1938	97	77	77	0	1	119	72	0
<http://www.wikidata.org/entity/Q35518>	<http://www.wikidata.org/entity/Q8752>	15737	660	0	1	0	0	660	0	0
<http://www.wikidata.org/entity/Q9610>	<http://www.wikidata.org/entity/Q7737>	14501	1009	1	4	1	25	1036	1	0
<http://www.wikidata.org/entity/Q8752>	<http://www.wikidata.org/entity/Q35518>	30759	304	0	1	0	0	304	0	0
<http://www.wikidata.org/entity/Q7737>	<http://www.wikidata.org/entity/Q9610>	18679	1085	1	4	1	27	1114	1	0
<http://www.wikidata.org/entity/Q1860>	<http://www.wikidata.org/entity/Q33151>	59942	163	71	71	0	1	190	76	5
<http://www.wikidata.org/entity/Q7737>	<http://www.wikidata.org/entity/Q8765>	18679	107	0	1	0	2	109	0	0
<http://www.wikidata.org/entity/Q8765>	<http://www.wikidata.org/entity/Q7737>	33758	58	0	1	0	1	59	0	0
<http://www.wikidata.org/entity/Q56356571>	<http://www.wikidata.org/entity/Q36236>	11610	1766	1	5	0	13	1779	1	0
<http://www.wikidata.org/entity/Q36236>	<http://www.wikidata.org/entity/Q56356571>	12554	1334	1	5	0	11	1345	1	0
<http://www.wikidata.org/entity/Q9288>	<http://www.wikidata.org/entity/Q1860>	7451	4371	29	43	1	46	4431	26	0
<http://www.wikidata.org/entity/Q1860>	<http://www.wikidata.org/entity/Q9288>	59942	5237	30	44	1	73	5322	32	2
<http://www.wikidata.org/entity/Q1321>	<http://www.wikidata.org/entity/Q1860>	20953	4167	392	420	165	71	4454	393	6
<http://www.wikidata.org/entity/Q1860>	<http://www.wikidata.org/entity/Q1321>	59942	4122	387	421	170	100	4435	386	5
<http://www.wikidata.org/entity/Q33284>	<http://www.wikidata.org/entity/Q9237>	1711	18	0	1	0	0	18	0	0
<http://www.wikidata.org/entity/Q9237>	<http://www.wikidata.org/entity/Q33284>	5311	23	0	1	0	0	23	0	0
<http://www.wikidata.org/entity/Q9237>	<http://www.wikidata.org/entity/Q36790>	5311	673	1	2	0	108	781	1	0
<http://www.wikidata.org/entity/Q36790>	<http://www.wikidata.org/entity/Q9237>	17051	2581	1	2	0	234	2815	1	0
<http://www.wikidata.org/entity/Q1321>	<http://www.wikidata.org/entity/Q150>	20953	3430	133	174	253	50	3721	134	1
<http://www.wikidata.org/entity/Q150>	<http://www.wikidata.org/entity/Q1321>	33497	3187	132	168	459	55	3664	131	0
<http://www.wikidata.org/entity/Q9288>	<http://www.wikidata.org/entity/Q150>	7451	3122	4	16	3	37	3167	4	0
<http://www.wikidata.org/entity/Q150>	<http://www.wikidata.org/entity/Q9288>	33497	3320	4	13	6	43	3372	4	0
<http://www.wikidata.org/entity/Q33151>	<http://www.wikidata.org/entity/Q150>	1938	75	9	14	0	0	77	9	0
<http://www.wikidata.org/entity/Q150>	<http://www.wikidata.org/entity/Q33151>	33497	103	10	14	0	0	106	10	0
<http://www.wikidata.org/entity/Q7737>	<http://www.wikidata.org/entity/Q8752>	18679	1548	1	3	0	2	1549	1	0
<http://www.wikidata.org/entity/Q8752>	<http://www.wikidata.org/entity/Q7737>	30759	1206	1	3	0	1	1207	1	0
<http://www.wikidata.org/entity/Q9610>	<http://www.wikidata.org/entity/Q35518>	14501	665	0	0	0	93	758	0	0
<http://www.wikidata.org/entity/Q35518>	<http://www.wikidata.org/entity/Q9610>	15737	1093	0	0	0	165	1258	0	0
<http://www.wikidata.org/entity/Q35518>	<http://www.wikidata.org/entity/Q8765>	15737	29	0	0	0	6	35	0	0
<http://www.wikidata.org/entity/Q397>	<http://www.wikidata.org/entity/Q9056>	2705	490	4	13	0	3	497	6	2
<http://www.wikidata.org/entity/Q8765>	<http://www.wikidata.org/entity/Q35518>	33758	16	0	0	0	2	18	0	0
<http://www.wikidata.org/entity/Q9056>	<http://www.wikidata.org/entity/Q397>	25347	606	6	15	0	3	612	4	0
<http://www.wikidata.org/entity/Q33284>	<http://www.wikidata.org/entity/Q25164>	1711	22	0	0	0	0	22	0	0
<http://www.wikidata.org/entity/Q25164>	<http://www.wikidata.org/entity/Q33284>	32974	37	0	0	0	0	37	0	0
<http://www.wikidata.org/entity/Q36790>	<http://www.wikidata.org/entity/Q25167>	17051	4401	1	1	0	126	4527	1	0
<http://www.wikidata.org/entity/Q25167>	<http://www.wikidata.org/entity/Q36790>	50565	1978	1	4	0	77	2055	1	0
<http://www.wikidata.org/entity/Q56356571>	<http://www.wikidata.org/entity/Q652>	11610	2874	0	4	7	28	2910	0	0
<http://www.wikidata.org/entity/Q652>	<http://www.wikidata.org/entity/Q56356571>	26452	2377	0	4	7	29	2414	0	0
<http://www.wikidata.org/entity/Q727694>	<http://www.wikidata.org/entity/Q33578>	4417	397	0	0	0	41	438	0	0
<http://www.wikidata.org/entity/Q33578>	<http://www.wikidata.org/entity/Q727694>	5759	390	0	0	0	32	422	0	0
<http://www.wikidata.org/entity/Q36790>	<http://www.wikidata.org/entity/Q25164>	17051	3369	1	1	0	87	3456	1	0
<http://www.wikidata.org/entity/Q25164>	<http://www.wikidata.org/entity/Q36790>	32974	1328	1	2	0	41	1369	1	0
<http://www.wikidata.org/entity/Q33284>	<http://www.wikidata.org/entity/Q25167>	1711	23	0	0	0	0	23	0	0
<http://www.wikidata.org/entity/Q25167>	<http://www.wikidata.org/entity/Q33284>	50565	44	0	0	0	0	44	0	0
<http://www.wikidata.org/entity/Q36495>	<http://www.wikidata.org/entity/Q33947>	1973	14	0	0	0	2	16	0	0
<http://www.wikidata.org/entity/Q33947>	<http://www.wikidata.org/entity/Q36495>	10045	9	0	0	0	1	10	0	0
<http://www.wikidata.org/entity/Q33947>	<http://www.wikidata.org/entity/Q9035>	10045	18	1	2	0	1	19	1	0
<http://www.wikidata.org/entity/Q9035>	<http://www.wikidata.org/entity/Q33947>	19363	27	1	2	0	1	28	1	0
<http://www.wikidata.org/entity/Q56475>	<http://www.wikidata.org/entity/Q33454>	1897	60	0	0	0	3	63	0	0
<http://www.wikidata.org/entity/Q33454>	<http://www.wikidata.org/entity/Q56475>	9001	61	0	0	0	3	64	0	0
<http://www.wikidata.org/entity/Q33454>	<http://www.wikidata.org/entity/Q5146>	9001	87	0	0	0	2	89	0	0
<http://www.wikidata.org/entity/Q727694>	<http://www.wikidata.org/entity/Q32238>	4417	334	0	0	0	5	339	0	0
<http://www.wikidata.org/entity/Q5146>	<http://www.wikidata.org/entity/Q33454>	176780	91	0	0	0	2	93	0	0
<http://www.wikidata.org/entity/Q397>	<http://www.wikidata.org/entity/Q13349>	2705	9	0	0	0	0	9	0	0
<http://www.wikidata.org/entity/Q32238>	<http://www.wikidata.org/entity/Q727694>	14153	343	0	3	0	4	346	0	0
<http://www.wikidata.org/entity/Q13349>	<http://www.wikidata.org/entity/Q397>	6804	7	0	0	0	0	7	0	0
<http://www.wikidata.org/entity/Q727694>	<http://www.wikidata.org/entity/Q13955>	4417	332	0	4	0	17	350	0	0
<http://www.wikidata.org/entity/Q13955>	<http://www.wikidata.org/entity/Q727694>	14706	235	0	4	0	14	250	0	0
<http://www.wikidata.org/entity/Q809>	<http://www.wikidata.org/entity/Q58635>	4135	271	0	0	0	1	272	0	0
<http://www.wikidata.org/entity/Q58635>	<http://www.wikidata.org/entity/Q809>	8319	469	0	0	0	1	470	0	0
<http://www.wikidata.org/entity/Q1412>	<http://www.wikidata.org/entity/Q5287>	2495	509	0	4	0	21	530	0	0
<http://www.wikidata.org/entity/Q5287>	<http://www.wikidata.org/entity/Q1412>	34860	791	0	5	0	30	822	0	0
<http://www.wikidata.org/entity/Q11059>	<http://www.wikidata.org/entity/Q256>	1928	197	1	1	0	21	219	1	0
<http://www.wikidata.org/entity/Q256>	<http://www.wikidata.org/entity/Q11059>	2630	170	1	1	0	20	191	1	0
<http://www.wikidata.org/entity/Q33947>	<http://www.wikidata.org/entity/Q9027>	10045	23	0	3	0	1	24	0	0
<http://www.wikidata.org/entity/Q9027>	<http://www.wikidata.org/entity/Q33947>	38988	29	0	3	0	1	30	0	0
<http://www.wikidata.org/entity/Q1412>	<http://www.wikidata.org/entity/Q256>	2495	205	0	1	0	15	221	0	0
<http://www.wikidata.org/entity/Q256>	<http://www.wikidata.org/entity/Q1412>	2630	214	0	1	0	16	231	0	0
<http://www.wikidata.org/entity/Q11059>	<http://www.wikidata.org/entity/Q5287>	1928	361	0	0	0	30	391	0	0
<http://www.wikidata.org/entity/Q5287>	<http://www.wikidata.org/entity/Q11059>	34860	498	0	0	0	37	535	0	0
<http://www.wikidata.org/entity/Q11051>	<http://www.wikidata.org/entity/Q5287>	3900	835	2	9	0	46	883	2	0
<http://www.wikidata.org/entity/Q5287>	<http://www.wikidata.org/entity/Q11051>	34860	986	2	11	0	53	1042	2	0
<http://www.wikidata.org/entity/Q397>	<http://www.wikidata.org/entity/Q9072>	2705	521	1	3	0	13	535	1	0
<http://www.wikidata.org/entity/Q9072>	<http://www.wikidata.org/entity/Q397>	4943	520	1	3	0	12	533	1	0
<http://www.wikidata.org/entity/Q256>	<http://www.wikidata.org/entity/Q11051>	2630	313	6	12	0	26	348	6	0
<http://www.wikidata.org/entity/Q11051>	<http://www.wikidata.org/entity/Q256>	3900	406	7	16	0	27	445	6	0
<http://www.wikidata.org/entity/Q33947>	<http://www.wikidata.org/entity/Q9056>	10045	15	0	2	0	0	15	0	0
<http://www.wikidata.org/entity/Q9056>	<http://www.wikidata.org/entity/Q33947>	25347	25	0	2	0	0	25	0	0
<http://www.wikidata.org/entity/Q1412>	<http://www.wikidata.org/entity/Q9237>	2495	384	0	1	0	18	402	0	0
<http://www.wikidata.org/entity/Q9237>	<http://www.wikidata.org/entity/Q1412>	5311	440	0	1	0	22	462	0	0
<http://www.wikidata.org/entity/Q58635>	<http://www.wikidata.org/entity/Q33454>	8319	213	0	0	0	3	216	0	0
<http://www.wikidata.org/entity/Q33454>	<http://www.wikidata.org/entity/Q58635>	9001	94	0	0	0	2	96	0	0
<http://www.wikidata.org/entity/Q13955>	<http://www.wikidata.org/entity/Q188>	14706	613	5	13	2	29	645	5	0
<http://www.wikidata.org/entity/Q188>	<http://www.wikidata.org/entity/Q13955>	20135	872	5	12	4	44	920	5	0
<http://www.wikidata.org/entity/Q11059>	<http://www.wikidata.org/entity/Q9237>	1928	296	2	3	0	30	327	2	0
<http://www.wikidata.org/entity/Q9237>	<http://www.wikidata.org/entity/Q11059>	5311	292	2	3	0	29	322	2	0
<http://www.wikidata.org/entity/Q652>	<http://www.wikidata.org/entity/Q1860>	26452	11315	726	758	121	148	11847	506	0
<http://www.wikidata.org/entity/Q1860>	<http://www.wikidata.org/entity/Q652>	59942	11972	481	515	134	169	12341	700	219
<http://www.wikidata.org/entity/Q32238>	<http://www.wikidata.org/entity/Q188>	14153	1205	2	16	0	10	1214	1	0
<http://www.wikidata.org/entity/Q5218>	<http://www.wikidata.org/entity/Q7737>	2046	15	0	2	0	0	15	0	0
<http://www.wikidata.org/entity/Q188>	<http://www.wikidata.org/entity/Q32238>	20135	1359	1	8	0	16	1377	2	1
<http://www.wikidata.org/entity/Q7737>	<http://www.wikidata.org/entity/Q5218>	18679	37	0	2	0	0	37	0	0
<http://www.wikidata.org/entity/Q652>	<http://www.wikidata.org/entity/Q150>	26452	7625	101	153	204	75	7922	104	3
<http://www.wikidata.org/entity/Q150>	<http://www.wikidata.org/entity/Q652>	33497	7377	103	153	400	77	7869	101	0
<http://www.wikidata.org/entity/Q56475>	<http://www.wikidata.org/entity/Q809>	1897	129	0	0	0	0	129	0	0
<http://www.wikidata.org/entity/Q809>	<http://www.wikidata.org/entity/Q56475>	4135	141	0	0	0	0	141	0	0
<http://www.wikidata.org/entity/Q809>	<http://www.wikidata.org/entity/Q5146>	4135	277	1	8	2	1	279	1	0
<http://www.wikidata.org/entity/Q11051>	<http://www.wikidata.org/entity/Q9237>	3900	681	1	9	0	44	728	1	0
<http://www.wikidata.org/entity/Q5146>	<http://www.wikidata.org/entity/Q809>	176780	273	1	7	1	1	276	1	0
<http://www.wikidata.org/entity/Q9237>	<http://www.wikidata.org/entity/Q11051>	5311	574	1	6	0	40	615	1	0
<http://www.wikidata.org/entity/Q11059>	<http://www.wikidata.org/entity/Q25164>	1928	333	0	0	0	13	346	0	0
<http://www.wikidata.org/entity/Q25164>	<http://www.wikidata.org/entity/Q11059>	32974	395	0	0	0	12	407	0	0
<http://www.wikidata.org/entity/Q36236>	<http://www.wikidata.org/entity/Q1860>	12554	3868	719	737	0	35	4012	712	1
<http://www.wikidata.org/entity/Q1860>	<http://www.wikidata.org/entity/Q36236>	59942	4475	679	694	0	52	4624	683	5
<http://www.wikidata.org/entity/Q9288>	<http://www.wikidata.org/entity/Q56356571>	7451	1344	1	5	1	17	1364	1	0
<http://www.wikidata.org/entity/Q56356571>	<http://www.wikidata.org/entity/Q9288>	11610	1857	1	6	1	22	1882	1	0
<http://www.wikidata.org/entity/Q11051>	<http://www.wikidata.org/entity/Q25167>	3900	983	3	4	3	28	1015	3	0
<http://www.wikidata.org/entity/Q25167>	<http://www.wikidata.org/entity/Q11051>	50565	1103	3	3	3	41	1147	3	0
<http://www.wikidata.org/entity/Q33151>	<http://www.wikidata.org/entity/Q56356571>	1938	53	0	1	0	0	53	0	0
<http://www.wikidata.org/entity/Q56356571>	<http://www.wikidata.org/entity/Q33151>	11610	105	0	0	0	0	105	0	0
<http://www.wikidata.org/entity/Q1412>	<http://www.wikidata.org/entity/Q25164>	2495	529	4	9	1	11	541	4	0
<http://www.wikidata.org/entity/Q25164>	<http://www.wikidata.org/entity/Q1412>	32974	708	4	10	3	14	725	4	0
<http://www.wikidata.org/entity/Q56356571>	<http://www.wikidata.org/entity/Q1321>	11610	1487	2	4	9	18	1511	2	0
<http://www.wikidata.org/entity/Q1321>	<http://www.wikidata.org/entity/Q56356571>	20953	1200	1	4	9	17	1224	1	0
<http://www.wikidata.org/entity/Q5218>	<http://www.wikidata.org/entity/Q35518>	2046	10	0	1	0	0	10	0	0
<http://www.wikidata.org/entity/Q35518>	<http://www.wikidata.org/entity/Q5218>	15737	26	0	1	0	0	26	0	0
<http://www.wikidata.org/entity/Q1412>	<http://www.wikidata.org/entity/Q25167>	2495	688	2	8	1	16	706	2	0
<http://www.wikidata.org/entity/Q25167>	<http://www.wikidata.org/entity/Q1412>	50565	996	2	9	3	24	1024	2	0
<http://www.wikidata.org/entity/Q11051>	<http://www.wikidata.org/entity/Q25164>	3900	785	1	2	3	22	808	1	0
<http://www.wikidata.org/entity/Q25164>	<http://www.wikidata.org/entity/Q11051>	32974	795	1	2	3	26	822	1	0
<http://www.wikidata.org/entity/Q11059>	<http://www.wikidata.org/entity/Q25167>	1928	414	0	0	0	17	431	0	0
<http://www.wikidata.org/entity/Q36236>	<http://www.wikidata.org/entity/Q150>	12554	2976	244	282	0	25	3008	245	1
<http://www.wikidata.org/entity/Q150>	<http://www.wikidata.org/entity/Q36236>	33497	3040	252	284	0	31	3074	251	0
<http://www.wikidata.org/entity/Q25167>	<http://www.wikidata.org/entity/Q11059>	50565	540	0	0	0	19	559	0	0
<http://www.wikidata.org/entity/Q7411>	<http://www.wikidata.org/entity/Q7737>	2611	822	1	5	23	1	842	0	0
<http://www.wikidata.org/entity/Q7737>	<http://www.wikidata.org/entity/Q7411>	18679	1158	0	5	26	1	1179	1	1
<http://www.wikidata.org/entity/Q397>	<http://www.wikidata.org/entity/Q9027>	2705	1130	1	6	1	12	1144	1	0
<http://www.wikidata.org/entity/Q9027>	<http://www.wikidata.org/entity/Q397>	38988	1196	1	5	1	11	1208	1	0
<http://www.wikidata.org/entity/Q8748>	<http://www.wikidata.org/entity/Q7737>	8162	241	0	2	2	2	245	0	0
<http://www.wikidata.org/entity/Q7737>	<http://www.wikidata.org/entity/Q8748>	18679	380	0	2	2	1	383	0	0
<http://www.wikidata.org/entity/Q36928>	<http://www.wikidata.org/entity/Q35518>	3314	915	0	0	0	0	915	0	0
<http://www.wikidata.org/entity/Q35518>	<http://www.wikidata.org/entity/Q36928>	15737	1929	0	0	0	0	1929	0	0
<http://www.wikidata.org/entity/Q9072>	<http://www.wikidata.org/entity/Q33947>	4943	17	0	1	0	1	18	0	0
<http://www.wikidata.org/entity/Q33947>	<http://www.wikidata.org/entity/Q9072>	10045	14	0	1	0	1	15	0	0
<http://www.wikidata.org/entity/Q397>	<http://www.wikidata.org/entity/Q9035>	2705	843	3	13	0	11	859	3	0
<http://www.wikidata.org/entity/Q9035>	<http://www.wikidata.org/entity/Q397>	19363	825	3	11	0	10	839	3	0
<http://www.wikidata.org/entity/Q7411>	<http://www.wikidata.org/entity/Q35518>	2611	256	0	0	0	10	265	0	0
<http://www.wikidata.org/entity/Q36495>	<http://www.wikidata.org/entity/Q397>	1973	312	0	8	0	6	319	0	0
<http://www.wikidata.org/entity/Q35518>	<http://www.wikidata.org/entity/Q7411>	15737	580	0	0	0	28	608	0	0
<http://www.wikidata.org/entity/Q397>	<http://www.wikidata.org/entity/Q36495>	2705	250	0	8	0	6	256	0	0
<http://www.wikidata.org/entity/Q33284>	<http://www.wikidata.org/entity/Q256>	1711	11	0	0	0	0	11	0	0
<http://www.wikidata.org/entity/Q256>	<http://www.wikidata.org/entity/Q33284>	2630	15	0	0	0	0	15	0	0
<http://www.wikidata.org/entity/Q8748>	<http://www.wikidata.org/entity/Q35518>	8162	148	0	0	0	4	152	0	0
<http://www.wikidata.org/entity/Q35518>	<http://www.wikidata.org/entity/Q8748>	15737	383	0	0	0	8	391	0	0
<http://www.wikidata.org/entity/Q13349>	<http://www.wikidata.org/entity/Q33947>	6804	3	0	0	0	0	3	0	0
<http://www.wikidata.org/entity/Q33947>	<http://www.wikidata.org/entity/Q13349>	10045	3	0	0	0	0	3	0	0
<http://www.wikidata.org/entity/Q36928>	<http://www.wikidata.org/entity/Q7737>	3314	734	0	0	0	0	734	0	0
<http://www.wikidata.org/entity/Q7737>	<http://www.wikidata.org/entity/Q36928>	18679	814	0	0	0	0	814	0	0
<http://www.wikidata.org/entity/Q33284>	<http://www.wikidata.org/entity/Q5287>	1711	24	0	0	0	0	24	0	0
<http://www.wikidata.org/entity/Q5287>	<http://www.wikidata.org/entity/Q33284>	34860	48	0	0	0	0	48	0	0
<http://www.wikidata.org/entity/Q33578>	<http://www.wikidata.org/entity/Q188>	5759	1287	1	2	0	83	1367	1	0
<http://www.wikidata.org/entity/Q188>	<http://www.wikidata.org/entity/Q33578>	20135	1606	1	3	0	95	1700	1	0
<http://www.wikidata.org/entity/Q36790>	<http://www.wikidata.org/entity/Q5287>	17051	3496	2	2	0	301	3797	2	0
<http://www.wikidata.org/entity/Q5287>	<http://www.wikidata.org/entity/Q36790>	34860	1404	3	3	0	189	1593	3	0
<http://www.wikidata.org/entity/Q256>	<http://www.wikidata.org/entity/Q36790>	2630	374	0	0	0	95	469	0	0
<http://www.wikidata.org/entity/Q36790>	<http://www.wikidata.org/entity/Q256>	17051	1575	0	0	0	212	1787	0	0
<http://www.wikidata.org/entity/Q5218>	<http://www.wikidata.org/entity/Q9035>	2046	14	0	1	0	0	15	0	0
<http://www.wikidata.org/entity/Q9035>	<http://www.wikidata.org/entity/Q5218>	19363	25	0	1	0	0	26	0	0
<http://www.wikidata.org/entity/Q36495>	<http://www.wikidata.org/entity/Q5218>	1973	12	0	4	0	0	13	0	0
<http://www.wikidata.org/entity/Q5218>	<http://www.wikidata.org/entity/Q36495>	2046	7	0	3	0	0	7	0	0
<http://www.wikidata.org/entity/Q36236>	<http://www.wikidata.org/entity/Q188>	12554	2716	13	62	0	25	2746	13	0
<http://www.wikidata.org/entity/Q188>	<http://www.wikidata.org/entity/Q36236>	20135	3301	13	58	0	36	3340	13	0
<http://www.wikidata.org/entity/Q13349>	<http://www.wikidata.org/entity/Q8752>	6804	5	0	0	0	0	5	0	0
<http://www.wikidata.org/entity/Q8752>	<http://www.wikidata.org/entity/Q13349>	30759	6	0	0	0	0	6	0	0
<http://www.wikidata.org/entity/Q56475>	<http://www.wikidata.org/entity/Q9168>	1897	14	0	0	0	6	20	0	0
<http://www.wikidata.org/entity/Q9168>	<http://www.wikidata.org/entity/Q56475>	18925	13	0	0	0	9	22	0	0
<http://www.wikidata.org/entity/Q9168>	<http://www.wikidata.org/entity/Q5146>	18925	65	0	0	0	13	78	0	0
<http://www.wikidata.org/entity/Q5146>	<http://www.wikidata.org/entity/Q9168>	176780	67	0	0	0	15	82	0	0
<http://www.wikidata.org/entity/Q9072>	<http://www.wikidata.org/entity/Q8765>	4943	61	0	0	0	2	63	0	0
<http://www.wikidata.org/entity/Q8765>	<http://www.wikidata.org/entity/Q9072>	33758	50	0	0	0	2	52	0	0
<http://www.wikidata.org/entity/Q9072>	<http://www.wikidata.org/entity/Q9610>	4943	507	0	0	0	20	527	0	0
<http://www.wikidata.org/entity/Q9610>	<http://www.wikidata.org/entity/Q9072>	14501	758	0	0	0	26	784	0	0
<http://www.wikidata.org/entity/Q12107>	<http://www.wikidata.org/entity/Q5146>	5780	1072	0	4	5	39	1116	0	0
<http://www.wikidata.org/entity/Q5146>	<http://www.wikidata.org/entity/Q12107>	176780	850	0	4	2	41	893	0	0
<http://www.wikidata.org/entity/Q56475>	<http://www.wikidata.org/entity/Q12107>	1897	350	0	0	0	22	372	0	0
<http://www.wikidata.org/entity/Q12107>	<http://www.wikidata.org/entity/Q56475>	5780	477	0	0	0	26	503	0	0
<http://www.wikidata.org/entity/Q13349>	<http://www.wikidata.org/entity/Q8765>	6804	3	0	0	0	0	3	0	0
<http://www.wikidata.org/entity/Q8765>	<http://www.wikidata.org/entity/Q13349>	33758	3	0	0	0	0	3	0	0
<http://www.wikidata.org/entity/Q5218>	<http://www.wikidata.org/entity/Q9027>	2046	14	0	0	0	0	14	0	0
<http://www.wikidata.org/entity/Q13349>	<http://www.wikidata.org/entity/Q9610>	6804	5	0	0	0	0	5	0	0
<http://www.wikidata.org/entity/Q9610>	<http://www.wikidata.org/entity/Q13349>	14501	10	0	0	0	0	10	0	0
<http://www.wikidata.org/entity/Q9027>	<http://www.wikidata.org/entity/Q5218>	38988	24	0	1	0	0	25	0	0
<http://www.wikidata.org/entity/Q9176>	<http://www.wikidata.org/entity/Q5146>	1593	219	0	2	0	17	237	0	0
<http://www.wikidata.org/entity/Q5146>	<http://www.wikidata.org/entity/Q9176>	176780	211	0	2	0	15	227	0	0
<http://www.wikidata.org/entity/Q9176>	<http://www.wikidata.org/entity/Q56475>	1593	107	0	0	0	21	128	0	0
<http://www.wikidata.org/entity/Q56475>	<http://www.wikidata.org/entity/Q9176>	1897	96	0	0	0	21	117	0	0
<http://www.wikidata.org/entity/Q188>	<http://www.wikidata.org/entity/Q652>	20135	7167	133	163	252	80	7512	131	2
<http://www.wikidata.org/entity/Q652>	<http://www.wikidata.org/entity/Q188>	26452	6343	132	166	122	61	6536	134	4
<http://www.wikidata.org/entity/Q32238>	<http://www.wikidata.org/entity/Q1860>	14153	1598	133	140	0	13	1643	34	3
<http://www.wikidata.org/entity/Q1860>	<http://www.wikidata.org/entity/Q32238>	59942	1792	32	37	0	21	1826	127	97
<http://www.wikidata.org/entity/Q13955>	<http://www.wikidata.org/entity/Q1860>	14706	836	45	49	1	56	911	47	2
<http://www.wikidata.org/entity/Q1860>	<http://www.wikidata.org/entity/Q13955>	59942	1144	47	52	1	83	1246	44	0
<http://www.wikidata.org/entity/Q13955>	<http://www.wikidata.org/entity/Q150>	14706	622	9	14	2	31	656	9	0
<http://www.wikidata.org/entity/Q150>	<http://www.wikidata.org/entity/Q13955>	33497	712	9	15	3	37	754	9	0
<http://www.wikidata.org/entity/Q32238>	<http://www.wikidata.org/entity/Q150>	14153	1268	5	19	0	13	1280	3	0
<http://www.wikidata.org/entity/Q150>	<http://www.wikidata.org/entity/Q32238>	33497	1117	3	10	0	17	1136	5	2
<http://www.wikidata.org/entity/Q9072>	<http://www.wikidata.org/entity/Q8752>	4943	526	0	2	0	1	527	0	0
<http://www.wikidata.org/entity/Q8752>	<http://www.wikidata.org/entity/Q9072>	30759	500	0	2	0	1	501	0	0
<http://www.wikidata.org/entity/Q36928>	<http://www.wikidata.org/entity/Q9027>	3314	768	0	0	0	0	768	0	0
<http://www.wikidata.org/entity/Q9027>	<http://www.wikidata.org/entity/Q36928>	38988	619	0	0	0	0	619	0	0
<http://www.wikidata.org/entity/Q36495>	<http://www.wikidata.org/entity/Q8748>	1973	98	0	0	0	0	98	0	0
<http://www.wikidata.org/entity/Q8748>	<http://www.wikidata.org/entity/Q36495>	8162	73	0	0	0	0	73	0	0
<http://www.wikidata.org/entity/Q10134>	<http://www.wikidata.org/entity/Q256>	2146	277	0	2	0	38	316	0	0
<http://www.wikidata.org/entity/Q256>	<http://www.wikidata.org/entity/Q10134>	2630	294	0	2	0	39	334	0	0
<http://www.wikidata.org/entity/Q8748>	<http://www.wikidata.org/entity/Q9035>	8162	229	0	2	4	2	233	0	0
<http://www.wikidata.org/entity/Q9035>	<http://www.wikidata.org/entity/Q8748>	19363	251	0	2	2	2	254	0	0
<http://www.wikidata.org/entity/Q33578>	<http://www.wikidata.org/entity/Q1860>	5759	1611	17	21	0	141	1762	16	1
<http://www.wikidata.org/entity/Q1860>	<http://www.wikidata.org/entity/Q33578>	59942	1947	16	21	0	183	2142	17	2
<http://www.wikidata.org/entity/Q9610>	<http://www.wikidata.org/entity/Q9056>	14501	720	2	6	2	14	738	2	0
<http://www.wikidata.org/entity/Q7411>	<http://www.wikidata.org/entity/Q9035>	2611	790	8	13	132	5	925	8	0
<http://www.wikidata.org/entity/Q9056>	<http://www.wikidata.org/entity/Q9610>	25347	585	2	7	4	8	597	2	0
<http://www.wikidata.org/entity/Q9035>	<http://www.wikidata.org/entity/Q7411>	19363	855	8	13	132	4	988	8	0
<http://www.wikidata.org/entity/Q10134>	<http://www.wikidata.org/entity/Q5287>	2146	738	0	9	2	68	810	0	0
<http://www.wikidata.org/entity/Q9056>	<http://www.wikidata.org/entity/Q8765>	25347	31	1	2	0	0	32	1	0
<http://www.wikidata.org/entity/Q8765>	<http://www.wikidata.org/entity/Q9056>	33758	30	1	2	0	0	31	1	0
<http://www.wikidata.org/entity/Q397>	<http://www.wikidata.org/entity/Q35518>	2705	612	0	1	0	15	627	0	0
<http://www.wikidata.org/entity/Q35518>	<http://www.wikidata.org/entity/Q397>	15737	1507	0	1	0	38	1545	0	0
<http://www.wikidata.org/entity/Q36495>	<http://www.wikidata.org/entity/Q7411>	1973	271	0	1	0	1	272	0	0
<http://www.wikidata.org/entity/Q5287>	<http://www.wikidata.org/entity/Q10134>	34860	1085	0	10	2	101	1191	0	0
<http://www.wikidata.org/entity/Q7411>	<http://www.wikidata.org/entity/Q36495>	2611	207	0	1	0	1	208	0	0
<http://www.wikidata.org/entity/Q33578>	<http://www.wikidata.org/entity/Q150>	5759	1280	0	1	0	81	1358	0	0
<http://www.wikidata.org/entity/Q150>	<http://www.wikidata.org/entity/Q33578>	33497	1195	0	1	0	83	1277	0	0
<http://www.wikidata.org/entity/Q50868>	<http://www.wikidata.org/entity/Q5146>	18852	25	0	0	0	0	25	0	0
<http://www.wikidata.org/entity/Q5146>	<http://www.wikidata.org/entity/Q50868>	176780	34	0	0	0	0	34	0	0
<http://www.wikidata.org/entity/Q8748>	<http://www.wikidata.org/entity/Q9027>	8162	266	0	1	4	4	272	0	0
<http://www.wikidata.org/entity/Q56475>	<http://www.wikidata.org/entity/Q50868>	1897	13	0	0	0	1	14	0	0
<http://www.wikidata.org/entity/Q9027>	<http://www.wikidata.org/entity/Q8748>	38988	326	0	1	2	3	330	0	0
<http://www.wikidata.org/entity/Q50868>	<http://www.wikidata.org/entity/Q56475>	18852	13	0	0	0	1	14	0	0
<http://www.wikidata.org/entity/Q33151>	<http://www.wikidata.org/entity/Q727694>	1938	22	1	4	0	0	22	1	0
<http://www.wikidata.org/entity/Q727694>	<http://www.wikidata.org/entity/Q33151>	4417	39	1	2	0	0	39	1	0
<http://www.wikidata.org/entity/Q36928>	<http://www.wikidata.org/entity/Q9035>	3314	668	0	0	0	0	668	0	0
<http://www.wikidata.org/entity/Q9035>	<http://www.wikidata.org/entity/Q36928>	19363	512	0	0	0	0	512	0	0
<http://www.wikidata.org/entity/Q36495>	<http://www.wikidata.org/entity/Q36928>	1973	173	0	0	0	0	173	0	0
<http://www.wikidata.org/entity/Q36928>	<http://www.wikidata.org/entity/Q36495>	3314	192	0	0	0	0	192	0	0
<http://www.wikidata.org/entity/Q727694>	<http://www.wikidata.org/entity/Q9288>	4417	654	0	5	0	14	668	0	0
<http://www.wikidata.org/entity/Q9288>	<http://www.wikidata.org/entity/Q727694>	7451	549	0	5	0	14	563	0	0
<http://www.wikidata.org/entity/Q727694>	<http://www.wikidata.org/entity/Q1321>	4417	607	20	36	0	23	642	18	0
<http://www.wikidata.org/entity/Q1321>	<http://www.wikidata.org/entity/Q727694>	20953	583	18	35	0	18	611	20	2
<http://www.wikidata.org/entity/Q7411>	<http://www.wikidata.org/entity/Q9027>	2611	942	2	7	208	6	1145	2	0
<http://www.wikidata.org/entity/Q9027>	<http://www.wikidata.org/entity/Q7411>	38988	1049	2	7	300	7	1351	2	0
<http://www.wikidata.org/entity/Q9056>	<http://www.wikidata.org/entity/Q8752>	25347	585	6	11	0	0	585	6	0
<http://www.wikidata.org/entity/Q8752>	<http://www.wikidata.org/entity/Q9056>	30759	490	6	11	0	0	491	6	0
<http://www.wikidata.org/entity/Q397>	<http://www.wikidata.org/entity/Q7737>	2705	1076	2	10	0	5	1082	2	0
<http://www.wikidata.org/entity/Q7737>	<http://www.wikidata.org/entity/Q397>	18679	1469	2	11	0	7	1476	2	0
<http://www.wikidata.org/entity/Q10134>	<http://www.wikidata.org/entity/Q25164>	2146	672	0	0	1	26	699	0	0
<http://www.wikidata.org/entity/Q25164>	<http://www.wikidata.org/entity/Q10134>	32974	890	0	0	1	36	927	0	0
<http://www.wikidata.org/entity/Q8748>	<http://www.wikidata.org/entity/Q9056>	8162	144	0	2	2	3	149	0	0
<http://www.wikidata.org/entity/Q9056>	<http://www.wikidata.org/entity/Q8748>	25347	216	0	2	2	2	220	0	0
<http://www.wikidata.org/entity/Q8752>	<http://www.wikidata.org/entity/Q9027>	30759	1354	1	3	0	1	1355	1	0
<http://www.wikidata.org/entity/Q9027>	<http://www.wikidata.org/entity/Q8752>	38988	1459	1	3	0	1	1460	1	0
<http://www.wikidata.org/entity/Q56356571>	<http://www.wikidata.org/entity/Q13955>	11610	859	29	29	0	13	895	29	0
<http://www.wikidata.org/entity/Q13955>	<http://www.wikidata.org/entity/Q56356571>	14706	514	29	29	0	11	548	29	0
<http://www.wikidata.org/entity/Q9035>	<http://www.wikidata.org/entity/Q8765>	19363	61	0	2	0	2	63	0	0
<http://www.wikidata.org/entity/Q8765>	<http://www.wikidata.org/entity/Q9035>	33758	57	0	2	0	2	59	0	0
<http://www.wikidata.org/entity/Q36495>	<http://www.wikidata.org/entity/Q9610>	1973	304	0	2	0	18	323	0	0
<http://www.wikidata.org/entity/Q56356571>	<http://www.wikidata.org/entity/Q32238>	11610	790	0	0	0	8	798	0	0
<http://www.wikidata.org/entity/Q32238>	<http://www.wikidata.org/entity/Q56356571>	14153	716	0	1	0	7	721	0	0
<http://www.wikidata.org/entity/Q9610>	<http://www.wikidata.org/entity/Q36495>	14501	463	0	3	0	17	481	0	0
<http://www.wikidata.org/entity/Q36495>	<http://www.wikidata.org/entity/Q8765>	1973	41	0	0	0	3	44	0	0
<http://www.wikidata.org/entity/Q7411>	<http://www.wikidata.org/entity/Q9056>	2611	399	5	12	25	1	418	5	0
<http://www.wikidata.org/entity/Q9610>	<http://www.wikidata.org/entity/Q9035>	14501	1027	0	7	6	34	1068	0	0
<http://www.wikidata.org/entity/Q9035>	<http://www.wikidata.org/entity/Q9610>	19363	817	0	10	7	39	866	0	0
<http://www.wikidata.org/entity/Q9056>	<http://www.wikidata.org/entity/Q7411>	25347	495	5	12	33	1	523	5	0
<http://www.wikidata.org/entity/Q8765>	<http://www.wikidata.org/entity/Q36495>	33758	29	0	0	0	2	31	0	0
<http://www.wikidata.org/entity/Q5218>	<http://www.wikidata.org/entity/Q9072>	2046	9	0	1	0	0	10	0	0
<http://www.wikidata.org/entity/Q9072>	<http://www.wikidata.org/entity/Q5218>	4943	12	0	1	0	0	13	0	0
<http://www.wikidata.org/entity/Q10134>	<http://www.wikidata.org/entity/Q25167>	2146	839	0	2	2	35	876	0	0
<http://www.wikidata.org/entity/Q25167>	<http://www.wikidata.org/entity/Q10134>	50565	1216	0	2	2	53	1271	0	0
<http://www.wikidata.org/entity/Q9288>	<http://www.wikidata.org/entity/Q188>	7451	2945	6	16	3	33	2985	6	0
<http://www.wikidata.org/entity/Q188>	<http://www.wikidata.org/entity/Q9288>	20135	3765	6	16	8	46	3823	6	0
<http://www.wikidata.org/entity/Q33151>	<http://www.wikidata.org/entity/Q188>	1938	87	10	17	0	0	90	10	0
<http://www.wikidata.org/entity/Q188>	<http://www.wikidata.org/entity/Q33151>	20135	140	10	13	0	0	145	10	0
<http://www.wikidata.org/entity/Q36928>	<http://www.wikidata.org/entity/Q9056>	3314	331	0	0	0	0	331	0	0
<http://www.wikidata.org/entity/Q9056>	<http://www.wikidata.org/entity/Q36928>	25347	358	0	0	0	0	358	0	0
<http://www.wikidata.org/entity/Q9610>	<http://www.wikidata.org/entity/Q9027>	14501	1151	2	8	6	84	1242	2	0
<http://www.wikidata.org/entity/Q9027>	<http://www.wikidata.org/entity/Q9610>	38988	904	2	8	13	83	1001	2	0
<http://www.wikidata.org/entity/Q5218>	<http://www.wikidata.org/entity/Q13349>	2046	2	0	0	0	0	2	0	0
<http://www.wikidata.org/entity/Q13349>	<http://www.wikidata.org/entity/Q5218>	6804	2	0	0	0	0	2	0	0
<http://www.wikidata.org/entity/Q8765>	<http://www.wikidata.org/entity/Q9027>	33758	54	0	0	0	2	56	0	0
<http://www.wikidata.org/entity/Q9027>	<http://www.wikidata.org/entity/Q8765>	38988	59	0	0	0	2	61	0	0
<http://www.wikidata.org/entity/Q10134>	<http://www.wikidata.org/entity/Q9237>	2146	506	1	4	0	43	551	1	0
<http://www.wikidata.org/entity/Q9237>	<http://www.wikidata.org/entity/Q10134>	5311	566	1	4	0	46	614	1	0
<http://www.wikidata.org/entity/Q188>	<http://www.wikidata.org/entity/Q1321>	20135	3554	69	116	287	75	3905	66	0
<http://www.wikidata.org/entity/Q1321>	<http://www.wikidata.org/entity/Q188>	20953	3026	65	111	156	52	3207	68	3
<http://www.wikidata.org/entity/Q36495>	<http://www.wikidata.org/entity/Q8752>	1973	307	0	2	0	1	308	0	0
<http://www.wikidata.org/entity/Q8752>	<http://www.wikidata.org/entity/Q36495>	30759	263	0	1	0	1	264	0	0
<http://www.wikidata.org/entity/Q58635>	<http://www.wikidata.org/entity/Q50868>	8319	63	0	0	0	2	65	0	0
<http://www.wikidata.org/entity/Q50868>	<http://www.wikidata.org/entity/Q58635>	18852	29	0	0	0	2	31	0	0
<http://www.wikidata.org/entity/Q9035>	<http://www.wikidata.org/entity/Q8752>	19363	1040	1	7	0	1	1042	1	0
<http://www.wikidata.org/entity/Q8752>	<http://www.wikidata.org/entity/Q9035>	30759	989	1	7	0	1	991	1	0
<http://www.wikidata.org/entity/Q727694>	<http://www.wikidata.org/entity/Q36236>	4417	663	6	29	0	15	683	6	0
<http://www.wikidata.org/entity/Q36236>	<http://www.wikidata.org/entity/Q727694>	12554	629	4	29	0	12	646	4	0
<http://www.wikidata.org/entity/Q5218>	<http://www.wikidata.org/entity/Q9056>	2046	13	0	2	0	0	13	0	0
<http://www.wikidata.org/entity/Q9056>	<http://www.wikidata.org/entity/Q5218>	25347	35	0	2	0	0	35	0	0
<http://www.wikidata.org/entity/Q58635>	<http://www.wikidata.org/entity/Q9168>	8319	76	1	1	0	18	95	1	0
<http://www.wikidata.org/entity/Q9168>	<http://www.wikidata.org/entity/Q58635>	18925	52	1	1	0	17	70	1	0
<http://www.wikidata.org/entity/Q36928>	<http://www.wikidata.org/entity/Q13349>	3314	5	0	0	0	0	5	0	0
<http://www.wikidata.org/entity/Q13349>	<http://www.wikidata.org/entity/Q36928>	6804	4	0	0	0	0	4	0	0
<http://www.wikidata.org/entity/Q33947>	<http://www.wikidata.org/entity/Q7737>	10045	19	0	2	0	0	19	0	0
<http://www.wikidata.org/entity/Q7737>	<http://www.wikidata.org/entity/Q33947>	18679	27	0	2	0	0	27	0	0
<http://www.wikidata.org/entity/Q7411>	<http://www.wikidata.org/entity/Q9072>	2611	458	1	1	3	2	462	1	0
<http://www.wikidata.org/entity/Q9072>	<http://www.wikidata.org/entity/Q7411>	4943	500	1	1	1	2	503	1	0
<http://www.wikidata.org/entity/Q9072>	<http://www.wikidata.org/entity/Q8748>	4943	203	0	1	1	1	205	0	0
<http://www.wikidata.org/entity/Q8748>	<http://www.wikidata.org/entity/Q9072>	8162	185	0	1	2	1	188	0	0
<http://www.wikidata.org/entity/Q7411>	<http://www.wikidata.org/entity/Q13349>	2611	6	0	0	0	0	6	0	0
<http://www.wikidata.org/entity/Q13349>	<http://www.wikidata.org/entity/Q7411>	6804	6	0	0	0	0	6	0	0
<http://www.wikidata.org/entity/Q9176>	<http://www.wikidata.org/entity/Q58635>	1593	214	0	0	0	22	236	0	0
<http://www.wikidata.org/entity/Q58635>	<http://www.wikidata.org/entity/Q9176>	8319	336	0	0	0	31	367	0	0
<http://www.wikidata.org/entity/Q727694>	<http://www.wikidata.org/entity/Q652>	4417	966	7	23	0	39	1009	7	0
<http://www.wikidata.org/entity/Q652>	<http://www.wikidata.org/entity/Q727694>	26452	916	7	21	0	33	954	7	0
<http://www.wikidata.org/entity/Q33947>	<http://www.wikidata.org/entity/Q35518>	10045	13	0	0	0	1	14	0	0
<http://www.wikidata.org/entity/Q35518>	<http://www.wikidata.org/entity/Q33947>	15737	22	0	0	0	3	25	0	0
<http://www.wikidata.org/entity/Q12107>	<http://www.wikidata.org/entity/Q58635>	5780	1251	0	0	0	47	1298	0	0
<http://www.wikidata.org/entity/Q13349>	<http://www.wikidata.org/entity/Q8748>	6804	4	0	0	0	0	4	0	0
<http://www.wikidata.org/entity/Q8748>	<http://www.wikidata.org/entity/Q13349>	8162	4	0	0	0	0	4	0	0
<http://www.wikidata.org/entity/Q58635>	<http://www.wikidata.org/entity/Q12107>	8319	1655	0	0	0	67	1722	0	0
<http://www.wikidata.org/entity/Q33578>	<http://www.wikidata.org/entity/Q56356571>	5759	772	0	1	0	30	802	0	0
<http://www.wikidata.org/entity/Q56356571>	<http://www.wikidata.org/entity/Q33578>	11610	983	0	2	0	30	1013	0	0
<http://www.wikidata.org/entity/Q36928>	<http://www.wikidata.org/entity/Q9072>	3314	470	0	0	0	0	470	0	0
<http://www.wikidata.org/entity/Q9072>	<http://www.wikidata.org/entity/Q36928>	4943	348	0	0	0	0	348	0	0
<http://www.wikidata.org/entity/Q727694>	<http://www.wikidata.org/entity/Q9237>	4417	605	10	21	0	60	670	10	0
<http://www.wikidata.org/entity/Q9237>	<http://www.wikidata.org/entity/Q727694>	5311	523	9	21	0	50	577	9	0
<http://www.wikidata.org/entity/Q9176>	<http://www.wikidata.org/entity/Q7737>	1593	356	1	4	0	11	367	1	0
<http://www.wikidata.org/entity/Q7737>	<http://www.wikidata.org/entity/Q9176>	18679	486	1	4	0	10	496	1	0
<http://www.wikidata.org/entity/Q35518>	<http://www.wikidata.org/entity/Q9168>	15737	105	0	0	0	29	134	0	0
<http://www.wikidata.org/entity/Q9168>	<http://www.wikidata.org/entity/Q35518>	18925	50	0	0	0	18	68	0	0
<http://www.wikidata.org/entity/Q12107>	<http://www.wikidata.org/entity/Q7737>	5780	2065	16	19	11	22	2094	9	0
<http://www.wikidata.org/entity/Q7737>	<http://www.wikidata.org/entity/Q12107>	18679	2481	9	13	13	33	2520	16	7
<http://www.wikidata.org/entity/Q809>	<http://www.wikidata.org/entity/Q9027>	4135	742	4	11	2	1	746	4	0
<http://www.wikidata.org/entity/Q9027>	<http://www.wikidata.org/entity/Q809>	38988	792	4	10	2	1	796	4	0
<http://www.wikidata.org/entity/Q33284>	<http://www.wikidata.org/entity/Q33578>	1711	18	0	0	0	0	18	0	0
<http://www.wikidata.org/entity/Q33578>	<http://www.wikidata.org/entity/Q33284>	5759	32	0	0	0	0	32	0	0
<http://www.wikidata.org/entity/Q188>	<http://www.wikidata.org/entity/Q5287>	20135	4884	124	143	27	275	5213	128	7
<http://www.wikidata.org/entity/Q5287>	<http://www.wikidata.org/entity/Q188>	34860	4380	123	141	10	252	4674	122	3
<http://www.wikidata.org/entity/Q9176>	<http://www.wikidata.org/entity/Q35518>	1593	122	0	1	0	29	151	0	0
<http://www.wikidata.org/entity/Q35518>	<http://www.wikidata.org/entity/Q9176>	15737	229	0	1	0	68	297	0	0
<http://www.wikidata.org/entity/Q7737>	<http://www.wikidata.org/entity/Q9168>	18679	401	1	1	0	10	411	1	0
<http://www.wikidata.org/entity/Q9168>	<http://www.wikidata.org/entity/Q7737>	18925	357	1	1	0	11	368	1	0
<http://www.wikidata.org/entity/Q727694>	<http://www.wikidata.org/entity/Q25164>	4417	723	5	8	0	26	752	5	0
<http://www.wikidata.org/entity/Q33454>	<http://www.wikidata.org/entity/Q9056>	9001	66	0	0	0	0	66	0	0
<http://www.wikidata.org/entity/Q9056>	<http://www.wikidata.org/entity/Q33454>	25347	129	0	0	0	0	129	0	0
<http://www.wikidata.org/entity/Q25164>	<http://www.wikidata.org/entity/Q727694>	32974	735	5	11	0	21	762	5	0
<http://www.wikidata.org/entity/Q256>	<http://www.wikidata.org/entity/Q188>	2630	784	5	12	1	92	877	6	1
<http://www.wikidata.org/entity/Q188>	<http://www.wikidata.org/entity/Q256>	20135	1173	6	13	1	119	1295	5	0
<http://www.wikidata.org/entity/Q12107>	<http://www.wikidata.org/entity/Q35518>	5780	1131	0	0	0	54	1185	0	0
<http://www.wikidata.org/entity/Q35518>	<http://www.wikidata.org/entity/Q12107>	15737	2109	0	0	0	111	2220	0	0
<http://www.wikidata.org/entity/Q58635>	<http://www.wikidata.org/entity/Q33947>	8319	31	0	0	0	1	32	0	0
<http://www.wikidata.org/entity/Q33947>	<http://www.wikidata.org/entity/Q58635>	10045	16	0	0	0	1	17	0	0
<http://www.wikidata.org/entity/Q809>	<http://www.wikidata.org/entity/Q9035>	4135	595	6	21	0	1	598	6	0
<http://www.wikidata.org/entity/Q9035>	<http://www.wikidata.org/entity/Q809>	19363	648	6	20	0	1	651	6	0
<http://www.wikidata.org/entity/Q36495>	<http://www.wikidata.org/entity/Q809>	1973	186	0	3	0	0	187	0	0
<http://www.wikidata.org/entity/Q809>	<http://www.wikidata.org/entity/Q36495>	4135	136	0	3	0	0	137	0	0
<http://www.wikidata.org/entity/Q727694>	<http://www.wikidata.org/entity/Q25167>	4417	909	3	7	0	35	947	3	0
<http://www.wikidata.org/entity/Q25167>	<http://www.wikidata.org/entity/Q727694>	50565	1039	3	12	0	34	1081	3	0
<http://www.wikidata.org/entity/Q33578>	<http://www.wikidata.org/entity/Q36790>	5759	751	0	0	0	70	821	0	0
<http://www.wikidata.org/entity/Q36790>	<http://www.wikidata.org/entity/Q33578>	17051	2617	0	0	0	139	2756	0	0
<http://www.wikidata.org/entity/Q33284>	<http://www.wikidata.org/entity/Q32238>	1711	20	0	0	0	0	20	0	0
<http://www.wikidata.org/entity/Q56475>	<http://www.wikidata.org/entity/Q397>	1897	215	0	0	0	11	226	0	0
<http://www.wikidata.org/entity/Q397>	<http://www.wikidata.org/entity/Q56475>	2705	243	0	0	0	10	253	0	0
<http://www.wikidata.org/entity/Q32238>	<http://www.wikidata.org/entity/Q33284>	14153	34	0	0	0	0	34	0	0
<http://www.wikidata.org/entity/Q397>	<http://www.wikidata.org/entity/Q5146>	2705	532	5	16	1	15	551	5	0
<http://www.wikidata.org/entity/Q13349>	<http://www.wikidata.org/entity/Q33454>	6804	3	0	0	0	0	3	0	0
<http://www.wikidata.org/entity/Q33454>	<http://www.wikidata.org/entity/Q13349>	9001	3	0	0	0	0	3	0	0
<http://www.wikidata.org/entity/Q5146>	<http://www.wikidata.org/entity/Q397>	176780	506	5	14	1	17	526	5	0
<http://www.wikidata.org/entity/Q10134>	<http://www.wikidata.org/entity/Q652>	2146	856	0	3	2	23	883	0	0
<http://www.wikidata.org/entity/Q652>	<http://www.wikidata.org/entity/Q10134>	26452	994	0	2	2	29	1026	0	0
<http://www.wikidata.org/entity/Q33284>	<http://www.wikidata.org/entity/Q13955>	1711	11	0	0	0	0	11	0	0
<http://www.wikidata.org/entity/Q13955>	<http://www.wikidata.org/entity/Q33284>	14706	12	0	0	0	0	12	0	0
<http://www.wikidata.org/entity/Q7737>	<http://www.wikidata.org/entity/Q50868>	18679	81	0	0	0	1	82	0	0
<http://www.wikidata.org/entity/Q50868>	<http://www.wikidata.org/entity/Q7737>	18852	35	0	0	0	1	36	0	0
<http://www.wikidata.org/entity/Q32238>	<http://www.wikidata.org/entity/Q36790>	14153	785	1	1	0	14	796	1	0
<http://www.wikidata.org/entity/Q36790>	<http://www.wikidata.org/entity/Q32238>	17051	2479	1	1	0	29	2508	1	0
<http://www.wikidata.org/entity/Q13955>	<http://www.wikidata.org/entity/Q36790>	14706	296	1	2	0	30	326	1	0
<http://www.wikidata.org/entity/Q36790>	<http://www.wikidata.org/entity/Q13955>	17051	918	1	2	0	85	1003	1	0
<http://www.wikidata.org/entity/Q10134>	<http://www.wikidata.org/entity/Q36236>	2146	511	1	3	0	9	521	1	0
<http://www.wikidata.org/entity/Q36236>	<http://www.wikidata.org/entity/Q10134>	12554	632	1	2	0	9	641	1	0
<http://www.wikidata.org/entity/Q35518>	<http://www.wikidata.org/entity/Q50868>	15737	171	1	1	0	9	180	1	0
<http://www.wikidata.org/entity/Q50868>	<http://www.wikidata.org/entity/Q35518>	18852	39	1	1	0	5	44	1	0
<http://www.wikidata.org/entity/Q9072>	<http://www.wikidata.org/entity/Q33454>	4943	95	0	0	0	2	97	0	0
<http://www.wikidata.org/entity/Q33454>	<http://www.wikidata.org/entity/Q9072>	9001	85	0	0	0	2	87	0	0
<http://www.wikidata.org/entity/Q397>	<http://www.wikidata.org/entity/Q58635>	2705	533	1	3	0	9	545	1	0
<http://www.wikidata.org/entity/Q58635>	<http://www.wikidata.org/entity/Q397>	8319	839	1	3	0	13	855	1	0
<http://www.wikidata.org/entity/Q809>	<http://www.wikidata.org/entity/Q13349>	4135	4	0	0	0	0	4	0	0
<http://www.wikidata.org/entity/Q13349>	<http://www.wikidata.org/entity/Q809>	6804	3	0	0	0	0	3	0	0
<http://www.wikidata.org/entity/Q11059>	<http://www.wikidata.org/entity/Q33578>	1928	245	0	0	0	15	260	0	0
<http://www.wikidata.org/entity/Q33578>	<http://www.wikidata.org/entity/Q11059>	5759	275	0	0	0	13	288	0	0
<http://www.wikidata.org/entity/Q809>	<http://www.wikidata.org/entity/Q9072>	4135	312	0	4	0	0	313	0	0
<http://www.wikidata.org/entity/Q9072>	<http://www.wikidata.org/entity/Q809>	4943	326	0	4	0	0	327	0	0
<http://www.wikidata.org/entity/Q1412>	<http://www.wikidata.org/entity/Q33578>	2495	251	0	0	0	15	266	0	0
<http://www.wikidata.org/entity/Q33578>	<http://www.wikidata.org/entity/Q1412>	5759	343	0	0	0	18	361	0	0
<http://www.wikidata.org/entity/Q11051>	<http://www.wikidata.org/entity/Q33578>	3900	574	0	1	0	30	604	0	0
<http://www.wikidata.org/entity/Q33578>	<http://www.wikidata.org/entity/Q11051>	5759	513	0	1	0	24	538	0	0
<http://www.wikidata.org/entity/Q11059>	<http://www.wikidata.org/entity/Q32238>	1928	202	0	0	0	4	206	0	0
<http://www.wikidata.org/entity/Q32238>	<http://www.wikidata.org/entity/Q11059>	14153	268	0	0	0	4	271	0	0
<http://www.wikidata.org/entity/Q10134>	<http://www.wikidata.org/entity/Q1321>	2146	517	0	3	2	20	540	0	0
<http://www.wikidata.org/entity/Q1321>	<http://www.wikidata.org/entity/Q10134>	20953	643	0	2	3	21	667	0	0
<http://www.wikidata.org/entity/Q11059>	<http://www.wikidata.org/entity/Q13955>	1928	164	0	0	0	12	176	0	0
<http://www.wikidata.org/entity/Q13955>	<http://www.wikidata.org/entity/Q11059>	14706	143	0	0	0	10	153	0	0
<http://www.wikidata.org/entity/Q9237>	<http://www.wikidata.org/entity/Q188>	5311	1944	7	31	1	109	2055	7	0
<http://www.wikidata.org/entity/Q188>	<http://www.wikidata.org/entity/Q9237>	20135	2461	7	34	2	146	2613	7	0
<http://www.wikidata.org/entity/Q1412>	<http://www.wikidata.org/entity/Q13955>	2495	196	0	3	0	7	203	0	0
<http://www.wikidata.org/entity/Q13955>	<http://www.wikidata.org/entity/Q1412>	14706	195	0	3	0	7	202	0	0
<http://www.wikidata.org/entity/Q33151>	<http://www.wikidata.org/entity/Q10134>	1938	36	0	0	0	0	36	0	0
<http://www.wikidata.org/entity/Q10134>	<http://www.wikidata.org/entity/Q33151>	2146	36	0	0	0	0	36	0	0
<http://www.wikidata.org/entity/Q33454>	<http://www.wikidata.org/entity/Q9027>	9001	124	0	0	0	2	126	0	0
<http://www.wikidata.org/entity/Q1412>	<http://www.wikidata.org/entity/Q32238>	2495	176	0	3	0	3	179	0	0
<http://www.wikidata.org/entity/Q9027>	<http://www.wikidata.org/entity/Q33454>	38988	152	0	0	0	2	154	0	0
<http://www.wikidata.org/entity/Q32238>	<http://www.wikidata.org/entity/Q1412>	14153	265	0	3	0	3	268	0	0
<http://www.wikidata.org/entity/Q10134>	<http://www.wikidata.org/entity/Q9288>	2146	565	1	1	0	17	582	1	0
<http://www.wikidata.org/entity/Q9288>	<http://www.wikidata.org/entity/Q10134>	7451	596	1	1	0	18	614	1	0
<http://www.wikidata.org/entity/Q11051>	<http://www.wikidata.org/entity/Q32238>	3900	472	0	1	0	6	478	0	0
<http://www.wikidata.org/entity/Q32238>	<http://www.wikidata.org/entity/Q11051>	14153	479	0	1	0	6	485	0	0
<http://www.wikidata.org/entity/Q11051>	<http://www.wikidata.org/entity/Q13955>	3900	398	0	0	0	17	415	0	0
<http://www.wikidata.org/entity/Q13955>	<http://www.wikidata.org/entity/Q11051>	14706	281	0	0	0	17	298	0	0
<http://www.wikidata.org/entity/Q33947>	<http://www.wikidata.org/entity/Q5146>	10045	15	0	1	0	1	16	0	0
<http://www.wikidata.org/entity/Q5146>	<http://www.wikidata.org/entity/Q33947>	176780	19	0	1	0	1	20	0	0
<http://www.wikidata.org/entity/Q56475>	<http://www.wikidata.org/entity/Q33947>	1897	11	0	0	0	1	12	0	0
<http://www.wikidata.org/entity/Q33947>	<http://www.wikidata.org/entity/Q56475>	10045	9	0	0	0	1	10	0	0
<http://www.wikidata.org/entity/Q727694>	<http://www.wikidata.org/entity/Q5287>	4417	826	9	25	0	104	938	9	0
<http://www.wikidata.org/entity/Q5287>	<http://www.wikidata.org/entity/Q727694>	34860	1011	8	25	0	100	1119	8	0
<http://www.wikidata.org/entity/Q36495>	<http://www.wikidata.org/entity/Q33454>	1973	49	0	0	0	1	50	0	0
<http://www.wikidata.org/entity/Q33454>	<http://www.wikidata.org/entity/Q36495>	9001	40	0	0	0	1	41	0	0
<http://www.wikidata.org/entity/Q33454>	<http://www.wikidata.org/entity/Q9035>	9001	114	0	0	0	1	115	0	0
<http://www.wikidata.org/entity/Q9035>	<http://www.wikidata.org/entity/Q33454>	19363	127	0	0	0	1	128	0	0
<http://www.wikidata.org/entity/Q256>	<http://www.wikidata.org/entity/Q727694>	2630	265	0	5	0	36	300	0	0
<http://www.wikidata.org/entity/Q727694>	<http://www.wikidata.org/entity/Q256>	4417	341	0	5	0	52	393	0	0
<http://www.wikidata.org/entity/Q188>	<http://www.wikidata.org/entity/Q25164>	20135	5255	24	48	189	101	5513	22	0
<http://www.wikidata.org/entity/Q25164>	<http://www.wikidata.org/entity/Q188>	32974	5307	26	59	119	101	5483	30	4
<http://www.wikidata.org/entity/Q809>	<http://www.wikidata.org/entity/Q9056>	4135	535	42	52	0	1	537	41	0
<http://www.wikidata.org/entity/Q9056>	<http://www.wikidata.org/entity/Q809>	25347	673	41	50	0	1	674	42	1
<http://www.wikidata.org/entity/Q188>	<http://www.wikidata.org/entity/Q25167>	20135	7175	40	71	290	153	7595	34	0
<http://www.wikidata.org/entity/Q25167>	<http://www.wikidata.org/entity/Q188>	50565	7415	36	75	191	143	7717	42	6
<http://www.wikidata.org/entity/Q13349>	<http://www.wikidata.org/entity/Q9288>	6804	7	0	0	0	0	7	0	0
<http://www.wikidata.org/entity/Q9288>	<http://www.wikidata.org/entity/Q13349>	7451	8	0	0	0	0	8	0	0
<http://www.wikidata.org/entity/Q652>	<http://www.wikidata.org/entity/Q9027>	26452	6497	12	26	197	52	6751	12	0
<http://www.wikidata.org/entity/Q9027>	<http://www.wikidata.org/entity/Q652>	38988	6370	12	27	294	43	6713	12	0
<http://www.wikidata.org/entity/Q33151>	<http://www.wikidata.org/entity/Q13349>	1938	3	0	0	0	0	3	0	0
<http://www.wikidata.org/entity/Q13349>	<http://www.wikidata.org/entity/Q33151>	6804	2	0	0	0	0	2	0	0
<http://www.wikidata.org/entity/Q33284>	<http://www.wikidata.org/entity/Q50868>	1711	2	0	0	0	0	2	0	0
<http://www.wikidata.org/entity/Q50868>	<http://www.wikidata.org/entity/Q33284>	18852	2	0	0	0	0	2	0	0
<http://www.wikidata.org/entity/Q5218>	<http://www.wikidata.org/entity/Q188>	2046	19	1	3	0	1	21	1	0
<http://www.wikidata.org/entity/Q32238>	<http://www.wikidata.org/entity/Q7737>	14153	1071	0	8	0	3	1072	0	0
<http://www.wikidata.org/entity/Q7737>	<http://www.wikidata.org/entity/Q32238>	18679	1321	0	5	0	6	1327	0	0
<http://www.wikidata.org/entity/Q188>	<http://www.wikidata.org/entity/Q5218>	20135	52	1	2	0	1	54	1	0
<http://www.wikidata.org/entity/Q13955>	<http://www.wikidata.org/entity/Q7737>	14706	532	2	5	0	10	542	2	0
<http://www.wikidata.org/entity/Q7737>	<http://www.wikidata.org/entity/Q13955>	18679	819	2	5	0	14	833	2	0
<http://www.wikidata.org/entity/Q13349>	<http://www.wikidata.org/entity/Q1321>	6804	9	0	0	0	0	9	0	0
<http://www.wikidata.org/entity/Q36495>	<http://www.wikidata.org/entity/Q36236>	1973	560	1	34	0	4	567	1	0
<http://www.wikidata.org/entity/Q1321>	<http://www.wikidata.org/entity/Q13349>	20953	10	0	0	0	0	10	0	0
<http://www.wikidata.org/entity/Q36236>	<http://www.wikidata.org/entity/Q36495>	12554	550	1	29	0	3	556	1	0
<http://www.wikidata.org/entity/Q36236>	<http://www.wikidata.org/entity/Q9035>	12554	2102	5	19	0	14	2117	5	0
<http://www.wikidata.org/entity/Q9035>	<http://www.wikidata.org/entity/Q36236>	19363	2098	5	21	0	11	2111	5	0
<http://www.wikidata.org/entity/Q36790>	<http://www.wikidata.org/entity/Q50868>	17051	398	0	1	0	12	410	0	0
<http://www.wikidata.org/entity/Q50868>	<http://www.wikidata.org/entity/Q36790>	18852	38	0	1	0	4	42	0	0
<http://www.wikidata.org/entity/Q36495>	<http://www.wikidata.org/entity/Q652>	1973	968	12	30	0	17	991	11	0
<http://www.wikidata.org/entity/Q652>	<http://www.wikidata.org/entity/Q36495>	26452	937	10	27	0	19	963	10	0
<http://www.wikidata.org/entity/Q9035>	<http://www.wikidata.org/entity/Q652>	19363	4262	19	49	136	23	4430	19	1
<http://www.wikidata.org/entity/Q652>	<http://www.wikidata.org/entity/Q9035>	26452	4496	19	50	137	22	4663	19	1
<http://www.wikidata.org/entity/Q36236>	<http://www.wikidata.org/entity/Q9027>	12554	2663	2	9	0	25	2687	2	0
<http://www.wikidata.org/entity/Q9027>	<http://www.wikidata.org/entity/Q36236>	38988	2741	2	8	0	23	2764	2	0
<http://www.wikidata.org/entity/Q32238>	<http://www.wikidata.org/entity/Q35518>	14153	775	0	1	0	12	785	0	0
<http://www.wikidata.org/entity/Q35518>	<http://www.wikidata.org/entity/Q32238>	15737	1514	0	1	0	25	1539	0	0
<http://www.wikidata.org/entity/Q13955>	<http://www.wikidata.org/entity/Q35518>	14706	292	2	3	0	28	321	2	0
<http://www.wikidata.org/entity/Q35518>	<http://www.wikidata.org/entity/Q13955>	15737	695	2	3	0	68	763	2	0
<http://www.wikidata.org/entity/Q9072>	<http://www.wikidata.org/entity/Q9288>	4943	1209	0	0	0	13	1222	0	0
<http://www.wikidata.org/entity/Q9288>	<http://www.wikidata.org/entity/Q9072>	7451	1167	0	0	0	14	1181	0	0
<http://www.wikidata.org/entity/Q33151>	<http://www.wikidata.org/entity/Q9072>	1938	53	0	1	0	0	54	0	0
<http://www.wikidata.org/entity/Q9072>	<http://www.wikidata.org/entity/Q33151>	4943	60	0	1	0	0	61	0	0
<http://www.wikidata.org/entity/Q9072>	<http://www.wikidata.org/entity/Q1321>	4943	899	2	7	1	16	918	2	0
<http://www.wikidata.org/entity/Q1321>	<http://www.wikidata.org/entity/Q9072>	20953	1016	2	8	1	17	1036	2	0
<http://www.wikidata.org/entity/Q727694>	<http://www.wikidata.org/entity/Q9610>	4417	378	0	4	0	60	439	0	0
<http://www.wikidata.org/entity/Q9610>	<http://www.wikidata.org/entity/Q727694>	14501	538	0	4	0	48	587	0	0
<http://www.wikidata.org/entity/Q727694>	<http://www.wikidata.org/entity/Q8765>	4417	40	0	0	0	2	42	0	0
<http://www.wikidata.org/entity/Q8765>	<http://www.wikidata.org/entity/Q727694>	33758	22	0	0	0	2	24	0	0
<http://www.wikidata.org/entity/Q7411>	<http://www.wikidata.org/entity/Q188>	2611	952	19	24	119	7	1072	19	0
<http://www.wikidata.org/entity/Q188>	<http://www.wikidata.org/entity/Q7411>	20135	1333	19	25	240	9	1586	19	0
<http://www.wikidata.org/entity/Q33284>	<http://www.wikidata.org/entity/Q12107>	1711	16	0	0	0	0	16	0	0
<http://www.wikidata.org/entity/Q12107>	<http://www.wikidata.org/entity/Q33284>	5780	25	0	0	0	0	25	0	0
<http://www.wikidata.org/entity/Q33947>	<http://www.wikidata.org/entity/Q56356571>	10045	17	0	0	0	1	18	0	0
<http://www.wikidata.org/entity/Q56356571>	<http://www.wikidata.org/entity/Q33947>	11610	44	0	0	0	2	46	0	0
<http://www.wikidata.org/entity/Q33578>	<http://www.wikidata.org/entity/Q35518>	5759	741	0	0	0	72	813	0	0
<http://www.wikidata.org/entity/Q35518>	<http://www.wikidata.org/entity/Q33578>	15737	1624	0	0	0	124	1748	0	0
<http://www.wikidata.org/entity/Q397>	<http://www.wikidata.org/entity/Q1860>	2705	1696	110	142	0	31	1797	110	0
<http://www.wikidata.org/entity/Q1860>	<http://www.wikidata.org/entity/Q397>	59942	2053	87	116	0	39	2142	87	0
<http://www.wikidata.org/entity/Q9176>	<http://www.wikidata.org/entity/Q33284>	1593	7	0	0	0	0	7	0	0
<http://www.wikidata.org/entity/Q33284>	<http://www.wikidata.org/entity/Q9176>	1711	5	0	0	0	0	5	0	0
<http://www.wikidata.org/entity/Q8748>	<http://www.wikidata.org/entity/Q188>	8162	289	2	5	4	4	295	2	0
<http://www.wikidata.org/entity/Q188>	<http://www.wikidata.org/entity/Q8748>	20135	457	2	5	7	8	472	2	0
<http://www.wikidata.org/entity/Q397>	<http://www.wikidata.org/entity/Q150>	2705	1234	19	39	0	19	1259	19	0
<http://www.wikidata.org/entity/Q150>	<http://www.wikidata.org/entity/Q397>	33497	1310	18	34	0	21	1335	18	0
<http://www.wikidata.org/entity/Q9176>	<http://www.wikidata.org/entity/Q36790>	1593	141	1	1	0	34	175	1	0
<http://www.wikidata.org/entity/Q10134>	<http://www.wikidata.org/entity/Q809>	2146	147	0	0	1	0	148	0	0
<http://www.wikidata.org/entity/Q809>	<http://www.wikidata.org/entity/Q10134>	4135	155	0	0	2	0	157	0	0
<http://www.wikidata.org/entity/Q36790>	<http://www.wikidata.org/entity/Q9176>	17051	301	1	1	0	78	379	1	0
<http://www.wikidata.org/entity/Q12107>	<http://www.wikidata.org/entity/Q36790>	5780	1160	0	0	0	62	1222	0	0
<http://www.wikidata.org/entity/Q36790>	<http://www.wikidata.org/entity/Q12107>	17051	3308	0	0	0	132	3440	0	0
<http://www.wikidata.org/entity/Q727694>	<http://www.wikidata.org/entity/Q8752>	4417	241	3	5	0	4	245	3	0
<http://www.wikidata.org/entity/Q8752>	<http://www.wikidata.org/entity/Q727694>	30759	201	3	5	0	1	202	3	0
<http://www.wikidata.org/entity/Q1321>	<http://www.wikidata.org/entity/Q9056>	20953	1496	28	56	27	6	1522	32	4
<http://www.wikidata.org/entity/Q9056>	<http://www.wikidata.org/entity/Q1321>	25347	1503	31	59	53	6	1540	28	0
<http://www.wikidata.org/entity/Q9288>	<http://www.wikidata.org/entity/Q9056>	7451	1169	11	20	0	3	1172	14	3
<http://www.wikidata.org/entity/Q33578>	<http://www.wikidata.org/entity/Q7737>	5759	1103	0	0	0	19	1122	0	0
<http://www.wikidata.org/entity/Q9056>	<http://www.wikidata.org/entity/Q9288>	25347	1407	14	25	0	3	1411	11	0
<http://www.wikidata.org/entity/Q7737>	<http://www.wikidata.org/entity/Q33578>	18679	1430	0	1	0	18	1448	0	0
<http://www.wikidata.org/entity/Q36928>	<http://www.wikidata.org/entity/Q188>	3314	816	0	0	0	0	816	0	0
<http://www.wikidata.org/entity/Q33284>	<http://www.wikidata.org/entity/Q9168>	1711	0	0	0	0	0	0	0	0
<http://www.wikidata.org/entity/Q188>	<http://www.wikidata.org/entity/Q36928>	20135	843	0	0	0	0	843	0	0
<http://www.wikidata.org/entity/Q9168>	<http://www.wikidata.org/entity/Q33284>	18925	0	0	0	0	0	0	0	0
<http://www.wikidata.org/entity/Q33151>	<http://www.wikidata.org/entity/Q9056>	1938	47	2	5	0	0	47	2	0
<http://www.wikidata.org/entity/Q9056>	<http://www.wikidata.org/entity/Q33151>	25347	100	2	5	0	0	100	2	0
<http://www.wikidata.org/entity/Q36790>	<http://www.wikidata.org/entity/Q9168>	17051	132	0	0	0	48	180	0	0
<http://www.wikidata.org/entity/Q9168>	<http://www.wikidata.org/entity/Q36790>	18925	56	0	0	0	20	76	0	0
<http://www.wikidata.org/entity/Q1321>	<http://www.wikidata.org/entity/Q9027>	20953	2883	21	31	275	42	3193	21	0
<http://www.wikidata.org/entity/Q9027>	<http://www.wikidata.org/entity/Q1321>	38988	2632	21	31	380	39	3043	21	0
<http://www.wikidata.org/entity/Q7411>	<http://www.wikidata.org/entity/Q727694>	2611	259	0	6	0	4	264	0	0
<http://www.wikidata.org/entity/Q727694>	<http://www.wikidata.org/entity/Q7411>	4417	315	0	7	0	8	325	0	0
<http://www.wikidata.org/entity/Q188>	<http://www.wikidata.org/entity/Q8765>	20135	91	2	3	0	7	99	2	0
<http://www.wikidata.org/entity/Q8765>	<http://www.wikidata.org/entity/Q188>	33758	64	2	3	0	2	67	2	0
<http://www.wikidata.org/entity/Q11059>	<http://www.wikidata.org/entity/Q50868>	1928	18	0	0	0	3	21	0	0
<http://www.wikidata.org/entity/Q50868>	<http://www.wikidata.org/entity/Q11059>	18852	15	0	0	0	3	18	0	0
<http://www.wikidata.org/entity/Q9610>	<http://www.wikidata.org/entity/Q188>	14501	1275	14	18	6	94	1379	14	0
<http://www.wikidata.org/entity/Q188>	<http://www.wikidata.org/entity/Q9610>	20135	1337	13	17	12	132	1487	13	0
<http://www.wikidata.org/entity/Q1412>	<http://www.wikidata.org/entity/Q50868>	2495	18	0	0	0	0	18	0	0
<http://www.wikidata.org/entity/Q50868>	<http://www.wikidata.org/entity/Q1412>	18852	16	0	0	0	0	16	0	0
<http://www.wikidata.org/entity/Q727694>	<http://www.wikidata.org/entity/Q8748>	4417	127	0	0	0	3	130	0	0
<http://www.wikidata.org/entity/Q8748>	<http://www.wikidata.org/entity/Q727694>	8162	89	0	0	0	3	92	0	0
<http://www.wikidata.org/entity/Q33151>	<http://www.wikidata.org/entity/Q9027>	1938	89	2	2	0	1	90	2	0
<http://www.wikidata.org/entity/Q9027>	<http://www.wikidata.org/entity/Q33151>	38988	114	2	2	0	1	115	2	0
<http://www.wikidata.org/entity/Q13349>	<http://www.wikidata.org/entity/Q652>	6804	11	0	0	0	0	11	0	0
<http://www.wikidata.org/entity/Q652>	<http://www.wikidata.org/entity/Q13349>	26452	13	0	0	0	0	13	0	0
<http://www.wikidata.org/entity/Q10134>	<http://www.wikidata.org/entity/Q33454>	2146	71	0	0	0	2	73	0	0
<http://www.wikidata.org/entity/Q33454>	<http://www.wikidata.org/entity/Q10134>	9001	69	0	0	0	2	71	0	0
<http://www.wikidata.org/entity/Q9288>	<http://www.wikidata.org/entity/Q9027>	7451	3014	0	5	3	25	3045	0	0
<http://www.wikidata.org/entity/Q9027>	<http://www.wikidata.org/entity/Q9288>	38988	3233	0	3	7	23	3264	0	0
<http://www.wikidata.org/entity/Q9072>	<http://www.wikidata.org/entity/Q36236>	4943	1013	0	1	0	7	1020	0	0
<http://www.wikidata.org/entity/Q36236>	<http://www.wikidata.org/entity/Q9072>	12554	1105	0	1	0	8	1113	0	0
<http://www.wikidata.org/entity/Q11051>	<http://www.wikidata.org/entity/Q50868>	3900	38	0	0	0	2	40	0	0
<http://www.wikidata.org/entity/Q50868>	<http://www.wikidata.org/entity/Q11051>	18852	25	0	0	0	2	27	0	0
<http://www.wikidata.org/entity/Q9035>	<http://www.wikidata.org/entity/Q1321>	19363	2175	21	41	160	31	2351	22	1
<http://www.wikidata.org/entity/Q1321>	<http://www.wikidata.org/entity/Q9035>	20953	2504	22	40	180	24	2698	21	0
<http://www.wikidata.org/entity/Q188>	<http://www.wikidata.org/entity/Q8752>	20135	1687	5	8	0	4	1691	5	0
<http://www.wikidata.org/entity/Q8752>	<http://www.wikidata.org/entity/Q188>	30759	1245	5	8	0	3	1248	5	0
<http://www.wikidata.org/entity/Q36495>	<http://www.wikidata.org/entity/Q1321>	1973	871	3	29	0	10	885	2	0
<http://www.wikidata.org/entity/Q13349>	<http://www.wikidata.org/entity/Q36236>	6804	10	0	0	0	0	10	0	0
<http://www.wikidata.org/entity/Q36236>	<http://www.wikidata.org/entity/Q13349>	12554	20	0	0	0	0	20	0	0
<http://www.wikidata.org/entity/Q1321>	<http://www.wikidata.org/entity/Q36495>	20953	925	2	24	0	9	938	3	1
<http://www.wikidata.org/entity/Q9288>	<http://www.wikidata.org/entity/Q9035>	7451	2311	1	6	3	17	2332	1	0
<http://www.wikidata.org/entity/Q9035>	<http://www.wikidata.org/entity/Q9288>	19363	2388	1	6	3	20	2412	1	0
<http://www.wikidata.org/entity/Q36495>	<http://www.wikidata.org/entity/Q9288>	1973	588	0	4	0	7	597	0	0
<http://www.wikidata.org/entity/Q9288>	<http://www.wikidata.org/entity/Q36495>	7451	493	0	4	0	6	500	0	0
<http://www.wikidata.org/entity/Q36928>	<http://www.wikidata.org/entity/Q727694>	3314	280	0	0	0	0	280	0	0
<http://www.wikidata.org/entity/Q727694>	<http://www.wikidata.org/entity/Q36928>	4417	280	0	0	0	0	280	0	0
<http://www.wikidata.org/entity/Q33151>	<http://www.wikidata.org/entity/Q9035>	1938	79	2	3	0	0	79	2	0
<http://www.wikidata.org/entity/Q9035>	<http://www.wikidata.org/entity/Q33151>	19363	94	2	3	0	0	94	2	0
<http://www.wikidata.org/entity/Q33151>	<http://www.wikidata.org/entity/Q36495>	1938	26	1	8	0	0	28	2	1
<http://www.wikidata.org/entity/Q36495>	<http://www.wikidata.org/entity/Q33151>	1973	28	2	7	0	0	31	1	0
<http://www.wikidata.org/entity/Q9072>	<http://www.wikidata.org/entity/Q652>	4943	1987	1	7	1	11	2001	1	0
<http://www.wikidata.org/entity/Q652>	<http://www.wikidata.org/entity/Q9072>	26452	2123	1	7	1	16	2142	1	0
<http://www.wikidata.org/entity/Q9176>	<http://www.wikidata.org/entity/Q1412>	1593	131	1	2	0	13	144	1	0
<http://www.wikidata.org/entity/Q1412>	<http://www.wikidata.org/entity/Q9176>	2495	119	1	2	0	10	129	1	0
<http://www.wikidata.org/entity/Q11059>	<http://www.wikidata.org/entity/Q12107>	1928	329	0	0	0	18	347	0	0
<http://www.wikidata.org/entity/Q12107>	<http://www.wikidata.org/entity/Q11059>	5780	359	0	0	0	17	376	0	0
<http://www.wikidata.org/entity/Q1412>	<http://www.wikidata.org/entity/Q12107>	2495	347	1	8	0	13	360	1	0
<http://www.wikidata.org/entity/Q12107>	<http://www.wikidata.org/entity/Q1412>	5780	464	1	7	0	14	478	1	0
<http://www.wikidata.org/entity/Q36236>	<http://www.wikidata.org/entity/Q9056>	12554	1173	5	51	0	2	1179	7	2
<http://www.wikidata.org/entity/Q9056>	<http://www.wikidata.org/entity/Q36236>	25347	1271	8	53	0	2	1275	6	0
<http://www.wikidata.org/entity/Q9176>	<http://www.wikidata.org/entity/Q11059>	1593	68	0	0	0	9	77	0	0
<http://www.wikidata.org/entity/Q11059>	<http://www.wikidata.org/entity/Q9176>	1928	61	0	0	0	12	73	0	0
<http://www.wikidata.org/entity/Q5218>	<http://www.wikidata.org/entity/Q727694>	2046	9	8	11	0	0	16	1	0
<http://www.wikidata.org/entity/Q727694>	<http://www.wikidata.org/entity/Q5218>	4417	16	1	4	0	0	17	8	7
<http://www.wikidata.org/entity/Q9176>	<http://www.wikidata.org/entity/Q11051>	1593	158	0	0	0	12	170	0	0
<http://www.wikidata.org/entity/Q11051>	<http://www.wikidata.org/entity/Q9176>	3900	184	0	0	0	11	195	0	0
<http://www.wikidata.org/entity/Q11051>	<http://www.wikidata.org/entity/Q12107>	3900	677	0	0	0	16	693	0	0
<http://www.wikidata.org/entity/Q12107>	<http://www.wikidata.org/entity/Q11051>	5780	641	0	0	0	12	653	0	0
<http://www.wikidata.org/entity/Q9056>	<http://www.wikidata.org/entity/Q652>	25347	2343	32	56	45	6	2395	22	0
<http://www.wikidata.org/entity/Q652>	<http://www.wikidata.org/entity/Q9056>	26452	2097	22	45	23	10	2134	32	10
<http://www.wikidata.org/entity/Q1412>	<http://www.wikidata.org/entity/Q9168>	2495	17	0	0	0	3	20	0	0
<http://www.wikidata.org/entity/Q9168>	<http://www.wikidata.org/entity/Q1412>	18925	15	0	0	0	3	18	0	0
<http://www.wikidata.org/entity/Q397>	<http://www.wikidata.org/entity/Q56356571>	2705	588	0	3	0	9	598	0	0
<http://www.wikidata.org/entity/Q56356571>	<http://www.wikidata.org/entity/Q397>	11610	822	0	3	0	12	835	0	0
<http://www.wikidata.org/entity/Q11059>	<http://www.wikidata.org/entity/Q9168>	1928	9	0	0	0	3	12	0	0
<http://www.wikidata.org/entity/Q9168>	<http://www.wikidata.org/entity/Q11059>	18925	9	0	0	0	3	12	0	0
<http://www.wikidata.org/entity/Q33947>	<http://www.wikidata.org/entity/Q1860>	10045	20	0	2	0	1	21	0	0
<http://www.wikidata.org/entity/Q1860>	<http://www.wikidata.org/entity/Q33947>	59942	29	0	3	0	1	30	0	0
<http://www.wikidata.org/entity/Q33947>	<http://www.wikidata.org/entity/Q150>	10045	18	0	2	0	1	19	0	0
<http://www.wikidata.org/entity/Q150>	<http://www.wikidata.org/entity/Q33947>	33497	25	0	2	0	1	26	0	0
<http://www.wikidata.org/entity/Q11051>	<http://www.wikidata.org/entity/Q9168>	3900	32	1	1	0	8	41	1	0
<http://www.wikidata.org/entity/Q9168>	<http://www.wikidata.org/entity/Q11051>	18925	30	1	1	0	7	38	1	0
<http://www.wikidata.org/entity/Q10134>	<http://www.wikidata.org/entity/Q36928>	2146	259	0	0	0	0	259	0	0
<http://www.wikidata.org/entity/Q36928>	<http://www.wikidata.org/entity/Q10134>	3314	383	0	0	0	0	383	0	0
<http://www.wikidata.org/entity/Q9168>	<http://www.wikidata.org/entity/Q1860>	18925	661	14	14	0	23	698	13	0
<http://www.wikidata.org/entity/Q256>	<http://www.wikidata.org/entity/Q9027>	2630	753	0	2	1	60	813	0	0
<http://www.wikidata.org/entity/Q1860>	<http://www.wikidata.org/entity/Q9168>	59942	757	13	13	0	37	807	14	1
<http://www.wikidata.org/entity/Q9027>	<http://www.wikidata.org/entity/Q256>	38988	824	0	2	2	63	890	0	0
<http://www.wikidata.org/entity/Q11059>	<http://www.wikidata.org/entity/Q33947>	1928	22	0	0	0	1	23	0	0
<http://www.wikidata.org/entity/Q33947>	<http://www.wikidata.org/entity/Q11059>	10045	11	0	0	0	1	12	0	0
<http://www.wikidata.org/entity/Q1412>	<http://www.wikidata.org/entity/Q33947>	2495	12	2	2	0	1	13	2	0
<http://www.wikidata.org/entity/Q33947>	<http://www.wikidata.org/entity/Q1412>	10045	11	2	2	0	1	12	2	0
<http://www.wikidata.org/entity/Q5287>	<http://www.wikidata.org/entity/Q9027>	34860	4077	0	8	8	132	4218	0	0
<http://www.wikidata.org/entity/Q9027>	<http://www.wikidata.org/entity/Q5287>	38988	3876	0	6	12	100	3987	0	0
<http://www.wikidata.org/entity/Q9237>	<http://www.wikidata.org/entity/Q9056>	5311	773	3	14	1	5	779	7	4
<http://www.wikidata.org/entity/Q9056>	<http://www.wikidata.org/entity/Q9237>	25347	923	6	18	2	6	930	3	0
<http://www.wikidata.org/entity/Q9168>	<http://www.wikidata.org/entity/Q150>	18925	388	2	2	0	23	413	2	0
<http://www.wikidata.org/entity/Q150>	<http://www.wikidata.org/entity/Q9168>	33497	407	2	2	0	31	440	2	0
<http://www.wikidata.org/entity/Q11051>	<http://www.wikidata.org/entity/Q33947>	3900	27	0	0	0	1	28	0	0
<http://www.wikidata.org/entity/Q33947>	<http://www.wikidata.org/entity/Q11051>	10045	14	0	0	0	1	15	0	0
<http://www.wikidata.org/entity/Q56475>	<http://www.wikidata.org/entity/Q13955>	1897	178	0	0	0	24	202	0	0
<http://www.wikidata.org/entity/Q10134>	<http://www.wikidata.org/entity/Q8748>	2146	110	0	0	0	1	111	0	0
<http://www.wikidata.org/entity/Q8748>	<http://www.wikidata.org/entity/Q10134>	8162	113	0	0	0	1	114	0	0
<http://www.wikidata.org/entity/Q13955>	<http://www.wikidata.org/entity/Q56475>	14706	183	0	0	0	25	208	0	0
<http://www.wikidata.org/entity/Q13955>	<http://www.wikidata.org/entity/Q5146>	14706	347	0	7	0	19	368	0	0
<http://www.wikidata.org/entity/Q5146>	<http://www.wikidata.org/entity/Q13955>	176780	362	0	6	0	19	382	0	0
<http://www.wikidata.org/entity/Q36495>	<http://www.wikidata.org/entity/Q256>	1973	312	0	5	0	12	324	0	0
<http://www.wikidata.org/entity/Q256>	<http://www.wikidata.org/entity/Q36495>	2630	255	0	4	0	11	266	0	0
<http://www.wikidata.org/entity/Q256>	<http://www.wikidata.org/entity/Q9035>	2630	654	0	5	1	33	690	0	0
<http://www.wikidata.org/entity/Q9035>	<http://www.wikidata.org/entity/Q256>	19363	689	0	8	2	36	731	0	0
<http://www.wikidata.org/entity/Q32238>	<http://www.wikidata.org/entity/Q5146>	14153	682	0	5	0	9	689	0	0
<http://www.wikidata.org/entity/Q9056>	<http://www.wikidata.org/entity/Q25164>	25347	1641	12	23	47	4	1659	8	0
<http://www.wikidata.org/entity/Q25164>	<http://www.wikidata.org/entity/Q9056>	32974	1674	8	20	29	5	1693	12	4
<http://www.wikidata.org/entity/Q5146>	<http://www.wikidata.org/entity/Q32238>	176780	506	0	3	0	11	517	0	0
<http://www.wikidata.org/entity/Q727694>	<http://www.wikidata.org/entity/Q33454>	4417	93	0	0	0	2	95	0	0
<http://www.wikidata.org/entity/Q33454>	<http://www.wikidata.org/entity/Q727694>	9001	54	0	0	0	2	56	0	0
<http://www.wikidata.org/entity/Q56475>	<http://www.wikidata.org/entity/Q32238>	1897	273	1	1	0	8	282	1	0
<http://www.wikidata.org/entity/Q33284>	<http://www.wikidata.org/entity/Q397>	1711	11	0	0	0	0	11	0	0
<http://www.wikidata.org/entity/Q32238>	<http://www.wikidata.org/entity/Q56475>	14153	417	1	1	0	6	423	1	0
<http://www.wikidata.org/entity/Q397>	<http://www.wikidata.org/entity/Q33284>	2705	14	0	0	0	0	14	0	0
<http://www.wikidata.org/entity/Q9176>	<http://www.wikidata.org/entity/Q1860>	1593	600	15	21	0	81	683	15	0
<http://www.wikidata.org/entity/Q1860>	<http://www.wikidata.org/entity/Q9176>	59942	749	16	22	0	113	866	16	0
<http://www.wikidata.org/entity/Q9035>	<http://www.wikidata.org/entity/Q5287>	19363	2813	3	14	7	55	2877	3	0
<http://www.wikidata.org/entity/Q5287>	<http://www.wikidata.org/entity/Q9035>	34860	3204	3	16	7	73	3287	3	0
<http://www.wikidata.org/entity/Q36495>	<http://www.wikidata.org/entity/Q5287>	1973	865	5	16	0	47	915	5	0
<http://www.wikidata.org/entity/Q10134>	<http://www.wikidata.org/entity/Q7411>	2146	231	1	2	1	2	234	1	0
<http://www.wikidata.org/entity/Q7411>	<http://www.wikidata.org/entity/Q10134>	2611	240	1	2	2	3	245	1	0
<http://www.wikidata.org/entity/Q5287>	<http://www.wikidata.org/entity/Q36495>	34860	968	5	18	0	54	1025	5	0
<http://www.wikidata.org/entity/Q12107>	<http://www.wikidata.org/entity/Q1860>	5780	2781	2	21	7	113	2903	2	0
<http://www.wikidata.org/entity/Q1860>	<http://www.wikidata.org/entity/Q12107>	59942	2845	2	20	6	152	3003	2	0
<http://www.wikidata.org/entity/Q12107>	<http://www.wikidata.org/entity/Q150>	5780	2401	11	23	11	81	2492	12	1
<http://www.wikidata.org/entity/Q150>	<http://www.wikidata.org/entity/Q12107>	33497	2123	11	24	11	93	2228	10	0
<http://www.wikidata.org/entity/Q9176>	<http://www.wikidata.org/entity/Q150>	1593	468	2	5	0	42	510	2	0
<http://www.wikidata.org/entity/Q809>	<http://www.wikidata.org/entity/Q188>	4135	746	25	38	2	3	759	23	1
<http://www.wikidata.org/entity/Q188>	<http://www.wikidata.org/entity/Q809>	20135	1046	22	36	2	2	1056	24	3
<http://www.wikidata.org/entity/Q150>	<http://www.wikidata.org/entity/Q9176>	33497	512	3	6	0	45	557	3	0
<http://www.wikidata.org/entity/Q9056>	<http://www.wikidata.org/entity/Q25167>	25347	2341	9	25	53	7	2368	3	0
<http://www.wikidata.org/entity/Q25167>	<http://www.wikidata.org/entity/Q9056>	50565	2464	3	18	34	13	2495	10	7
<http://www.wikidata.org/entity/Q397>	<http://www.wikidata.org/entity/Q36790>	2705	625	1	2	0	14	639	1	0
<http://www.wikidata.org/entity/Q36790>	<http://www.wikidata.org/entity/Q397>	17051	2411	1	2	0	38	2449	1	0
<http://www.wikidata.org/entity/Q33578>	<http://www.wikidata.org/entity/Q5146>	5759	793	1	1	0	48	838	2	1
<http://www.wikidata.org/entity/Q5146>	<http://www.wikidata.org/entity/Q33578>	176780	675	2	2	0	47	722	1	0
<http://www.wikidata.org/entity/Q56475>	<http://www.wikidata.org/entity/Q33578>	1897	319	0	0	0	37	356	0	0
<http://www.wikidata.org/entity/Q33578>	<http://www.wikidata.org/entity/Q56475>	5759	432	0	0	0	38	470	0	0
<http://www.wikidata.org/entity/Q13349>	<http://www.wikidata.org/entity/Q25164>	6804	10	0	0	0	0	10	0	0
<http://www.wikidata.org/entity/Q25164>	<http://www.wikidata.org/entity/Q13349>	32974	18	0	0	0	0	18	0	0
<http://www.wikidata.org/entity/Q13349>	<http://www.wikidata.org/entity/Q25167>	6804	12	0	0	0	0	12	0	0
<http://www.wikidata.org/entity/Q25167>	<http://www.wikidata.org/entity/Q13349>	50565	22	0	0	0	0	22	0	0
<http://www.wikidata.org/entity/Q9072>	<http://www.wikidata.org/entity/Q9237>	4943	980	0	0	0	34	1014	0	0
<http://www.wikidata.org/entity/Q9237>	<http://www.wikidata.org/entity/Q9072>	5311	1008	0	0	0	41	1049	0	0
<http://www.wikidata.org/entity/Q9072>	<http://www.wikidata.org/entity/Q25167>	4943	2072	4	5	1	24	2099	4	0
<http://www.wikidata.org/entity/Q25167>	<http://www.wikidata.org/entity/Q9072>	50565	2659	4	5	1	39	2701	4	0
<http://www.wikidata.org/entity/Q9237>	<http://www.wikidata.org/entity/Q13349>	5311	10	0	0	0	0	10	0	0
<http://www.wikidata.org/entity/Q13349>	<http://www.wikidata.org/entity/Q9237>	6804	7	0	0	0	0	7	0	0
<http://www.wikidata.org/entity/Q5218>	<http://www.wikidata.org/entity/Q10134>	2046	10	0	0	0	1	11	0	0
<http://www.wikidata.org/entity/Q10134>	<http://www.wikidata.org/entity/Q5218>	2146	10	0	0	0	1	11	0	0
<http://www.wikidata.org/entity/Q50868>	<http://www.wikidata.org/entity/Q1860>	18852	53	0	0	0	4	57	0	0
<http://www.wikidata.org/entity/Q1860>	<http://www.wikidata.org/entity/Q50868>	59942	70	0	0	0	6	76	0	0
<http://www.wikidata.org/entity/Q50868>	<http://www.wikidata.org/entity/Q150>	18852	37	0	0	0	2	39	0	0
<http://www.wikidata.org/entity/Q150>	<http://www.wikidata.org/entity/Q50868>	33497	47	0	0	0	2	49	0	0
<http://www.wikidata.org/entity/Q9072>	<http://www.wikidata.org/entity/Q25164>	4943	1563	1	4	1	17	1582	1	0
<http://www.wikidata.org/entity/Q25164>	<http://www.wikidata.org/entity/Q9072>	32974	1935	1	4	2	25	1963	1	0
<http://www.wikidata.org/entity/Q13349>	<http://www.wikidata.org/entity/Q5287>	6804	12	0	0	0	0	12	0	0
<http://www.wikidata.org/entity/Q5287>	<http://www.wikidata.org/entity/Q13349>	34860	24	0	0	0	0	24	0	0
<http://www.wikidata.org/entity/Q9176>	<http://www.wikidata.org/entity/Q56356571>	1593	286	0	0	0	24	310	0	0
<http://www.wikidata.org/entity/Q56356571>	<http://www.wikidata.org/entity/Q9176>	11610	454	0	0	0	30	484	0	0
<http://www.wikidata.org/entity/Q33284>	<http://www.wikidata.org/entity/Q33947>	1711	2	0	0	0	0	2	0	0
<http://www.wikidata.org/entity/Q33947>	<http://www.wikidata.org/entity/Q33284>	10045	2	0	0	0	0	2	0	0
<http://www.wikidata.org/entity/Q33578>	<http://www.wikidata.org/entity/Q58635>	5759	782	0	0	0	45	827	0	0
<http://www.wikidata.org/entity/Q58635>	<http://www.wikidata.org/entity/Q33578>	8319	1141	0	0	0	51	1192	0	0
<http://www.wikidata.org/entity/Q12107>	<http://www.wikidata.org/entity/Q56356571>	5780	1151	0	0	0	30	1181	0	0
<http://www.wikidata.org/entity/Q56356571>	<http://www.wikidata.org/entity/Q12107>	11610	1332	0	0	0	36	1368	0	0
<http://www.wikidata.org/entity/Q256>	<http://www.wikidata.org/entity/Q13349>	2630	10	0	0	0	0	10	0	0
<http://www.wikidata.org/entity/Q13349>	<http://www.wikidata.org/entity/Q256>	6804	7	0	0	0	0	7	0	0
<http://www.wikidata.org/entity/Q33947>	<http://www.wikidata.org/entity/Q36790>	10045	12	0	0	0	1	13	0	0
<http://www.wikidata.org/entity/Q36790>	<http://www.wikidata.org/entity/Q33947>	17051	34	0	0	0	2	36	0	0
<http://www.wikidata.org/entity/Q56356571>	<http://www.wikidata.org/entity/Q9168>	11610	67	0	0	0	4	71	0	0
<http://www.wikidata.org/entity/Q9168>	<http://www.wikidata.org/entity/Q56356571>	18925	53	0	0	0	2	55	0	0
<http://www.wikidata.org/entity/Q11059>	<http://www.wikidata.org/entity/Q397>	1928	196	1	2	0	6	202	1	0
<http://www.wikidata.org/entity/Q397>	<http://www.wikidata.org/entity/Q11059>	2705	198	1	2	0	5	203	1	0
<http://www.wikidata.org/entity/Q1412>	<http://www.wikidata.org/entity/Q397>	2495	201	0	6	0	6	208	0	0
<http://www.wikidata.org/entity/Q397>	<http://www.wikidata.org/entity/Q1412>	2705	231	0	7	0	6	239	0	0
<http://www.wikidata.org/entity/Q9072>	<http://www.wikidata.org/entity/Q5287>	4943	1414	0	2	1	37	1452	0	0
<http://www.wikidata.org/entity/Q5287>	<http://www.wikidata.org/entity/Q9072>	34860	1767	0	2	1	55	1823	0	0
<http://www.wikidata.org/entity/Q256>	<http://www.wikidata.org/entity/Q9072>	2630	469	0	1	0	34	503	0	0
<http://www.wikidata.org/entity/Q9072>	<http://www.wikidata.org/entity/Q256>	4943	482	0	1	0	31	513	0	0
<http://www.wikidata.org/entity/Q397>	<http://www.wikidata.org/entity/Q11051>	2705	332	0	1	0	6	338	0	0
<http://www.wikidata.org/entity/Q11051>	<http://www.wikidata.org/entity/Q397>	3900	411	0	1	0	7	419	0	0
<http://www.wikidata.org/entity/Q25164>	<http://www.wikidata.org/entity/Q9027>	32974	6162	56	88	206	76	6452	57	1
<http://www.wikidata.org/entity/Q9027>	<http://www.wikidata.org/entity/Q25164>	38988	5252	50	71	240	64	5573	49	0
<http://www.wikidata.org/entity/Q10134>	<http://www.wikidata.org/entity/Q8752>	2146	272	0	0	0	0	272	0	0
<http://www.wikidata.org/entity/Q56356571>	<http://www.wikidata.org/entity/Q50868>	11610	62	0	0	0	4	66	0	0
<http://www.wikidata.org/entity/Q50868>	<http://www.wikidata.org/entity/Q56356571>	18852	33	0	0	0	3	36	0	0
<http://www.wikidata.org/entity/Q8752>	<http://www.wikidata.org/entity/Q10134>	30759	281	0	0	0	0	281	0	0
<http://www.wikidata.org/entity/Q9237>	<http://www.wikidata.org/entity/Q9035>	5311	1571	2	12	1	39	1612	2	0
<http://www.wikidata.org/entity/Q9035>	<http://www.wikidata.org/entity/Q9237>	19363	1567	2	12	1	40	1609	2	0
<http://www.wikidata.org/entity/Q36495>	<http://www.wikidata.org/entity/Q9237>	1973	437	11	21	0	20	461	11	0
<http://www.wikidata.org/entity/Q9237>	<http://www.wikidata.org/entity/Q36495>	5311	383	8	17	0	18	404	8	0
<http://www.wikidata.org/entity/Q9027>	<http://www.wikidata.org/entity/Q25167>	38988	7214	83	98	469	101	7824	81	0
<http://www.wikidata.org/entity/Q25167>	<http://www.wikidata.org/entity/Q9027>	50565	8634	93	116	406	122	9202	94	2
<http://www.wikidata.org/entity/Q256>	<http://www.wikidata.org/entity/Q9056>	2630	304	0	5	1	3	307	1	1
<http://www.wikidata.org/entity/Q9056>	<http://www.wikidata.org/entity/Q256>	25347	409	1	7	2	3	413	0	0
<http://www.wikidata.org/entity/Q33454>	<http://www.wikidata.org/entity/Q188>	9001	123	0	0	0	2	125	0	0
<http://www.wikidata.org/entity/Q188>	<http://www.wikidata.org/entity/Q33454>	20135	229	0	0	0	6	235	0	0
<http://www.wikidata.org/entity/Q36495>	<http://www.wikidata.org/entity/Q25164>	1973	850	2	7	0	20	873	2	0
<http://www.wikidata.org/entity/Q25164>	<http://www.wikidata.org/entity/Q36495>	32974	931	2	7	0	17	951	2	0
<http://www.wikidata.org/entity/Q9035>	<http://www.wikidata.org/entity/Q25164>	19363	3752	111	138	123	44	3981	109	0
<http://www.wikidata.org/entity/Q25164>	<http://www.wikidata.org/entity/Q9035>	32974	4744	124	150	149	55	5007	126	2
<http://www.wikidata.org/entity/Q10134>	<http://www.wikidata.org/entity/Q9610>	2146	301	0	2	0	36	338	0	0
<http://www.wikidata.org/entity/Q9610>	<http://www.wikidata.org/entity/Q10134>	14501	506	0	2	0	41	548	0	0
<http://www.wikidata.org/entity/Q58635>	<http://www.wikidata.org/entity/Q32238>	8319	991	0	0	0	15	1006	0	0
<http://www.wikidata.org/entity/Q32238>	<http://www.wikidata.org/entity/Q58635>	14153	738	0	0	0	9	745	0	0
<http://www.wikidata.org/entity/Q9237>	<http://www.wikidata.org/entity/Q9027>	5311	1874	1	5	1	78	1952	1	0
<http://www.wikidata.org/entity/Q9056>	<http://www.wikidata.org/entity/Q5287>	25347	1476	2	23	8	7	1489	2	0
<http://www.wikidata.org/entity/Q10134>	<http://www.wikidata.org/entity/Q8765>	2146	20	0	0	0	2	22	0	0
<http://www.wikidata.org/entity/Q5287>	<http://www.wikidata.org/entity/Q9056>	34860	1484	2	23	4	12	1501	2	0
<http://www.wikidata.org/entity/Q9027>	<http://www.wikidata.org/entity/Q9237>	38988	1993	1	4	1	79	2072	1	0
<http://www.wikidata.org/entity/Q8765>	<http://www.wikidata.org/entity/Q10134>	33758	21	0	0	0	2	23	0	0
<http://www.wikidata.org/entity/Q58635>	<http://www.wikidata.org/entity/Q13955>	8319	801	4	7	0	24	831	4	0
<http://www.wikidata.org/entity/Q13955>	<http://www.wikidata.org/entity/Q58635>	14706	437	4	7	0	18	461	4	0
<http://www.wikidata.org/entity/Q36495>	<http://www.wikidata.org/entity/Q25167>	1973	1009	0	7	0	24	1037	0	0
<http://www.wikidata.org/entity/Q25167>	<http://www.wikidata.org/entity/Q36495>	50565	1140	0	6	0	25	1168	0	0
<http://www.wikidata.org/entity/Q9035>	<http://www.wikidata.org/entity/Q25167>	19363	4981	161	173	188	72	5328	149	0
<http://www.wikidata.org/entity/Q25167>	<http://www.wikidata.org/entity/Q9035>	50565	6399	174	187	240	83	6816	185	11
<http://www.wikidata.org/entity/Q809>	<http://www.wikidata.org/entity/Q727694>	4135	264	1	4	0	1	266	1	0
<http://www.wikidata.org/entity/Q727694>	<http://www.wikidata.org/entity/Q809>	4417	330	1	4	0	2	333	1	0
<http://www.wikidata.org/entity/Q11059>	<http://www.wikidata.org/entity/Q8748>	1928	95	0	0	0	1	96	0	0
<http://www.wikidata.org/entity/Q8748>	<http://www.wikidata.org/entity/Q11059>	8162	67	0	0	0	1	68	0	0
<http://www.wikidata.org/entity/Q56475>	<http://www.wikidata.org/entity/Q1321>	1897	283	0	0	1	14	298	0	0
<http://www.wikidata.org/entity/Q1412>	<http://www.wikidata.org/entity/Q7411>	2495	200	0	1	1	1	202	0	0
<http://www.wikidata.org/entity/Q7411>	<http://www.wikidata.org/entity/Q1412>	2611	210	0	1	1	1	211	0	0
<http://www.wikidata.org/entity/Q1321>	<http://www.wikidata.org/entity/Q56475>	20953	355	0	0	1	15	371	0	0
<http://www.wikidata.org/entity/Q1321>	<http://www.wikidata.org/entity/Q5146>	20953	952	36	62	36	33	1034	36	0
<http://www.wikidata.org/entity/Q5146>	<http://www.wikidata.org/entity/Q1321>	176780	805	36	59	38	35	889	36	0
<http://www.wikidata.org/entity/Q9288>	<http://www.wikidata.org/entity/Q5146>	7451	1215	0	6	0	17	1234	0	0
<http://www.wikidata.org/entity/Q5146>	<http://www.wikidata.org/entity/Q9288>	176780	1202	0	6	0	22	1226	0	0
<http://www.wikidata.org/entity/Q56475>	<http://www.wikidata.org/entity/Q9288>	1897	355	0	0	0	12	367	0	0
<http://www.wikidata.org/entity/Q11059>	<http://www.wikidata.org/entity/Q7411>	1928	106	0	0	0	1	107	0	0
<http://www.wikidata.org/entity/Q7411>	<http://www.wikidata.org/entity/Q11059>	2611	101	0	0	0	1	102	0	0
<http://www.wikidata.org/entity/Q9288>	<http://www.wikidata.org/entity/Q56475>	7451	369	0	0	0	11	380	0	0
<http://www.wikidata.org/entity/Q1412>	<http://www.wikidata.org/entity/Q8748>	2495	78	0	0	0	0	78	0	0
<http://www.wikidata.org/entity/Q8748>	<http://www.wikidata.org/entity/Q1412>	8162	81	0	0	0	0	81	0	0
<http://www.wikidata.org/entity/Q727694>	<http://www.wikidata.org/entity/Q50868>	4417	21	0	0	0	0	21	0	0
<http://www.wikidata.org/entity/Q50868>	<http://www.wikidata.org/entity/Q727694>	18852	16	0	0	0	0	16	0	0
<http://www.wikidata.org/entity/Q56475>	<http://www.wikidata.org/entity/Q33151>	1897	39	0	0	0	0	39	0	0
<http://www.wikidata.org/entity/Q33151>	<http://www.wikidata.org/entity/Q56475>	1938	35	0	0	0	0	35	0	0
<http://www.wikidata.org/entity/Q33151>	<http://www.wikidata.org/entity/Q5146>	1938	47	1	4	0	0	49	1	0
<http://www.wikidata.org/entity/Q5146>	<http://www.wikidata.org/entity/Q33151>	176780	49	1	4	0	0	51	1	0
<http://www.wikidata.org/entity/Q7411>	<http://www.wikidata.org/entity/Q11051>	2611	241	0	0	2	1	244	0	0
<http://www.wikidata.org/entity/Q11051>	<http://www.wikidata.org/entity/Q7411>	3900	317	0	0	2	1	320	0	0
<http://www.wikidata.org/entity/Q11051>	<http://www.wikidata.org/entity/Q8748>	3900	163	0	0	0	2	165	0	0
<http://www.wikidata.org/entity/Q8748>	<http://www.wikidata.org/entity/Q11051>	8162	107	0	0	0	2	109	0	0
<http://www.wikidata.org/entity/Q11059>	<http://www.wikidata.org/entity/Q36928>	1928	190	0	0	0	0	190	0	0
<http://www.wikidata.org/entity/Q36928>	<http://www.wikidata.org/entity/Q11059>	3314	210	0	0	0	0	210	0	0
<http://www.wikidata.org/entity/Q10134>	<http://www.wikidata.org/entity/Q33947>	2146	10	0	0	0	1	11	0	0
<http://www.wikidata.org/entity/Q33947>	<http://www.wikidata.org/entity/Q10134>	10045	10	0	0	0	1	11	0	0
<http://www.wikidata.org/entity/Q1412>	<http://www.wikidata.org/entity/Q36928>	2495	146	0	0	0	0	146	0	0
<http://www.wikidata.org/entity/Q36928>	<http://www.wikidata.org/entity/Q1412>	3314	219	0	0	0	0	219	0	0
<http://www.wikidata.org/entity/Q809>	<http://www.wikidata.org/entity/Q56356571>	4135	346	1	3	0	0	346	1	0
<http://www.wikidata.org/entity/Q56356571>	<http://www.wikidata.org/entity/Q809>	11610	588	2	5	0	0	588	2	0
<http://www.wikidata.org/entity/Q36928>	<http://www.wikidata.org/entity/Q11051>	3314	358	0	0	0	0	358	0	0
<http://www.wikidata.org/entity/Q11051>	<http://www.wikidata.org/entity/Q36928>	3900	338	0	0	0	0	338	0	0
<http://www.wikidata.org/entity/Q9237>	<http://www.wikidata.org/entity/Q7737>	5311	1568	2	16	0	27	1597	2	0
<http://www.wikidata.org/entity/Q7737>	<http://www.wikidata.org/entity/Q9237>	18679	2048	2	14	0	35	2083	2	0
<http://www.wikidata.org/entity/Q9176>	<http://www.wikidata.org/entity/Q727694>	1593	185	2	3	0	16	201	2	0
<http://www.wikidata.org/entity/Q727694>	<http://www.wikidata.org/entity/Q9176>	4417	224	2	3	0	17	241	2	0
<http://www.wikidata.org/entity/Q33454>	<http://www.wikidata.org/entity/Q1860>	9001	161	1	1	0	3	165	1	0
<http://www.wikidata.org/entity/Q1860>	<http://www.wikidata.org/entity/Q33454>	59942	251	1	1	0	6	258	1	0
<http://www.wikidata.org/entity/Q11059>	<http://www.wikidata.org/entity/Q5218>	1928	10	0	0	0	0	10	0	0
<http://www.wikidata.org/entity/Q5218>	<http://www.wikidata.org/entity/Q11059>	2046	5	0	0	0	0	5	0	0
<http://www.wikidata.org/entity/Q35518>	<http://www.wikidata.org/entity/Q25164>	15737	2209	0	1	0	72	2281	0	0
<http://www.wikidata.org/entity/Q25164>	<http://www.wikidata.org/entity/Q35518>	32974	1280	0	1	0	56	1336	0	0
<http://www.wikidata.org/entity/Q33284>	<http://www.wikidata.org/entity/Q8765>	1711	1	0	0	0	0	1	0	0
<http://www.wikidata.org/entity/Q8765>	<http://www.wikidata.org/entity/Q33284>	33758	1	0	0	0	0	1	0	0
<http://www.wikidata.org/entity/Q5218>	<http://www.wikidata.org/entity/Q1412>	2046	8	0	1	0	0	8	0	0
<http://www.wikidata.org/entity/Q1412>	<http://www.wikidata.org/entity/Q5218>	2495	9	0	1	0	0	9	0	0
<http://www.wikidata.org/entity/Q33284>	<http://www.wikidata.org/entity/Q9610>	1711	16	0	0	0	0	16	0	0
<http://www.wikidata.org/entity/Q9610>	<http://www.wikidata.org/entity/Q33284>	14501	118	0	0	0	0	118	0	0
<http://www.wikidata.org/entity/Q727694>	<http://www.wikidata.org/entity/Q12107>	4417	540	0	1	0	46	587	0	0
<http://www.wikidata.org/entity/Q12107>	<http://www.wikidata.org/entity/Q727694>	5780	526	0	1	0	29	556	0	0
<http://www.wikidata.org/entity/Q58635>	<http://www.wikidata.org/entity/Q652>	8319	2470	0	2	8	62	2541	0	0
<http://www.wikidata.org/entity/Q652>	<http://www.wikidata.org/entity/Q58635>	26452	1822	0	2	6	42	1871	0	0
<http://www.wikidata.org/entity/Q36790>	<http://www.wikidata.org/entity/Q8765>	17051	69	0	0	0	5	74	0	0
<http://www.wikidata.org/entity/Q8765>	<http://www.wikidata.org/entity/Q36790>	33758	17	0	0	0	2	19	0	0
<http://www.wikidata.org/entity/Q9610>	<http://www.wikidata.org/entity/Q36790>	14501	720	0	0	0	98	818	0	0
<http://www.wikidata.org/entity/Q36790>	<http://www.wikidata.org/entity/Q9610>	17051	1880	0	0	0	230	2110	0	0
<http://www.wikidata.org/entity/Q35518>	<http://www.wikidata.org/entity/Q25167>	15737	3003	0	1	0	104	3107	0	0
<http://www.wikidata.org/entity/Q25167>	<http://www.wikidata.org/entity/Q35518>	50565	1911	0	1	0	81	1992	0	0
<http://www.wikidata.org/entity/Q33454>	<http://www.wikidata.org/entity/Q150>	9001	127	0	1	0	2	130	0	0
<http://www.wikidata.org/entity/Q150>	<http://www.wikidata.org/entity/Q33454>	33497	156	0	1	0	3	160	0	0
<http://www.wikidata.org/entity/Q5218>	<http://www.wikidata.org/entity/Q11051>	2046	8	0	0	0	0	8	0	0
<http://www.wikidata.org/entity/Q11051>	<http://www.wikidata.org/entity/Q5218>	3900	12	0	0	0	0	12	0	0
<http://www.wikidata.org/entity/Q9237>	<http://www.wikidata.org/entity/Q35518>	5311	667	0	1	0	94	761	0	0
<http://www.wikidata.org/entity/Q58635>	<http://www.wikidata.org/entity/Q36236>	8319	1478	0	11	0	22	1504	0	0
<http://www.wikidata.org/entity/Q36236>	<http://www.wikidata.org/entity/Q58635>	12554	1061	0	12	0	18	1082	0	0
<http://www.wikidata.org/entity/Q35518>	<http://www.wikidata.org/entity/Q9237>	15737	1600	0	1	0	183	1783	0	0
<http://www.wikidata.org/entity/Q727694>	<http://www.wikidata.org/entity/Q9168>	4417	29	0	0	0	13	42	0	0
<http://www.wikidata.org/entity/Q9168>	<http://www.wikidata.org/entity/Q727694>	18925	23	0	0	0	13	36	0	0
<http://www.wikidata.org/entity/Q7737>	<http://www.wikidata.org/entity/Q25164>	18679	4606	5	12	27	17	4641	4	0
<http://www.wikidata.org/entity/Q25164>	<http://www.wikidata.org/entity/Q7737>	32974	4547	4	12	19	14	4573	5	1
<http://www.wikidata.org/entity/Q33284>	<http://www.wikidata.org/entity/Q8752>	1711	6	0	0	0	0	6	0	0
<http://www.wikidata.org/entity/Q8752>	<http://www.wikidata.org/entity/Q33284>	30759	8	0	0	0	0	8	0	0
<http://www.wikidata.org/entity/Q36790>	<http://www.wikidata.org/entity/Q8752>	17051	1035	1	1	0	6	1041	1	0
<http://www.wikidata.org/entity/Q8752>	<http://www.wikidata.org/entity/Q36790>	30759	312	1	1	0	2	314	1	0
<http://www.wikidata.org/entity/Q7737>	<http://www.wikidata.org/entity/Q25167>	18679	6031	4	9	42	26	6090	2	0
<http://www.wikidata.org/entity/Q25167>	<http://www.wikidata.org/entity/Q7737>	50565	6220	2	7	31	27	6270	4	2
<http://www.wikidata.org/entity/Q56475>	<http://www.wikidata.org/entity/Q652>	1897	523	0	0	0	28	551	0	0
<http://www.wikidata.org/entity/Q652>	<http://www.wikidata.org/entity/Q56475>	26452	630	0	0	0	30	660	0	0
<http://www.wikidata.org/entity/Q652>	<http://www.wikidata.org/entity/Q5146>	26452	2260	12	38	23	38	2331	12	1
<http://www.wikidata.org/entity/Q5146>	<http://www.wikidata.org/entity/Q652>	176780	2016	12	37	26	29	2081	12	1
<http://www.wikidata.org/entity/Q33284>	<http://www.wikidata.org/entity/Q8748>	1711	6	0	0	0	0	6	0	0
<http://www.wikidata.org/entity/Q8748>	<http://www.wikidata.org/entity/Q33284>	8162	6	0	0	0	0	6	0	0
<http://www.wikidata.org/entity/Q809>	<http://www.wikidata.org/entity/Q150>	4135	668	24	45	2	1	676	21	0
<http://www.wikidata.org/entity/Q9176>	<http://www.wikidata.org/entity/Q188>	1593	482	2	7	0	37	521	2	0
<http://www.wikidata.org/entity/Q150>	<http://www.wikidata.org/entity/Q809>	33497	742	20	38	4	1	748	23	3
<http://www.wikidata.org/entity/Q188>	<http://www.wikidata.org/entity/Q9176>	20135	684	2	6	0	54	740	2	0
<http://www.wikidata.org/entity/Q35518>	<http://www.wikidata.org/entity/Q5287>	15737	2295	0	2	0	222	2517	0	0
<http://www.wikidata.org/entity/Q5287>	<http://www.wikidata.org/entity/Q35518>	34860	1321	0	3	0	165	1486	0	0
<http://www.wikidata.org/entity/Q10134>	<http://www.wikidata.org/entity/Q397>	2146	293	0	2	0	7	300	0	0
<http://www.wikidata.org/entity/Q397>	<http://www.wikidata.org/entity/Q10134>	2705	328	0	3	0	8	336	0	0
<http://www.wikidata.org/entity/Q33284>	<http://www.wikidata.org/entity/Q7411>	1711	9	0	0	0	0	9	0	0
<http://www.wikidata.org/entity/Q7411>	<http://www.wikidata.org/entity/Q33284>	2611	9	0	0	0	0	9	0	0
<http://www.wikidata.org/entity/Q12107>	<http://www.wikidata.org/entity/Q188>	5780	2247	3	17	11	83	2337	3	0
<http://www.wikidata.org/entity/Q188>	<http://www.wikidata.org/entity/Q12107>	20135	2672	3	15	12	110	2794	3	0
<http://www.wikidata.org/entity/Q256>	<http://www.wikidata.org/entity/Q35518>	2630	356	0	0	0	97	453	0	0
<http://www.wikidata.org/entity/Q35518>	<http://www.wikidata.org/entity/Q256>	15737	905	0	0	0	188	1093	0	0
<http://www.wikidata.org/entity/Q7411>	<http://www.wikidata.org/entity/Q36790>	2611	258	0	0	0	9	266	0	0
<http://www.wikidata.org/entity/Q36790>	<http://www.wikidata.org/entity/Q7411>	17051	969	0	0	0	40	1009	0	0
<http://www.wikidata.org/entity/Q8748>	<http://www.wikidata.org/entity/Q36790>	8162	155	0	0	0	5	160	0	0
<http://www.wikidata.org/entity/Q36790>	<http://www.wikidata.org/entity/Q8748>	17051	695	0	0	0	12	707	0	0
<http://www.wikidata.org/entity/Q809>	<http://www.wikidata.org/entity/Q1860>	4135	818	74	96	2	4	841	49	1
<http://www.wikidata.org/entity/Q1860>	<http://www.wikidata.org/entity/Q809>	59942	1007	50	71	2	4	1024	75	26
<http://www.wikidata.org/entity/Q9168>	<http://www.wikidata.org/entity/Q188>	18925	267	0	0	0	23	290	0	0
<http://www.wikidata.org/entity/Q188>	<http://www.wikidata.org/entity/Q9168>	20135	327	0	0	0	34	361	0	0
<http://www.wikidata.org/entity/Q33284>	<http://www.wikidata.org/entity/Q36928>	1711	14	0	0	0	0	14	0	0
<http://www.wikidata.org/entity/Q36928>	<http://www.wikidata.org/entity/Q33284>	3314	18	0	0	0	0	18	0	0
<http://www.wikidata.org/entity/Q7737>	<http://www.wikidata.org/entity/Q5287>	18679	4181	7	27	15	57	4259	7	0
<http://www.wikidata.org/entity/Q5287>	<http://www.wikidata.org/entity/Q7737>	34860	3695	7	28	5	68	3774	7	0
<http://www.wikidata.org/entity/Q256>	<http://www.wikidata.org/entity/Q7737>	2630	694	3	6	0	23	718	3	0
<http://www.wikidata.org/entity/Q56475>	<http://www.wikidata.org/entity/Q36236>	1897	335	0	0	0	11	346	0	0
<http://www.wikidata.org/entity/Q7737>	<http://www.wikidata.org/entity/Q256>	18679	1080	3	7	0	28	1109	3	0
<http://www.wikidata.org/entity/Q36236>	<http://www.wikidata.org/entity/Q56475>	12554	421	0	0	0	13	434	0	0
<http://www.wikidata.org/entity/Q36236>	<http://www.wikidata.org/entity/Q5146>	12554	1087	2	24	0	13	1103	2	0
<http://www.wikidata.org/entity/Q5146>	<http://www.wikidata.org/entity/Q36236>	176780	961	2	23	0	17	979	2	0
<http://www.wikidata.org/entity/Q36928>	<http://www.wikidata.org/entity/Q36790>	3314	910	0	0	0	0	910	0	0
<http://www.wikidata.org/entity/Q36790>	<http://www.wikidata.org/entity/Q36928>	17051	2991	0	0	0	0	2991	0	0
<http://www.wikidata.org/entity/Q33151>	<http://www.wikidata.org/entity/Q58635>	1938	54	0	0	0	0	54	0	0
<http://www.wikidata.org/entity/Q58635>	<http://www.wikidata.org/entity/Q33151>	8319	136	0	0	0	0	136	0	0
<http://www.wikidata.org/entity/Q9288>	<http://www.wikidata.org/entity/Q58635>	7451	935	0	0	1	21	957	0	0
<http://www.wikidata.org/entity/Q58635>	<http://www.wikidata.org/entity/Q9288>	8319	1537	0	0	3	29	1569	0	0
<http://www.wikidata.org/entity/Q33284>	<http://www.wikidata.org/entity/Q5218>	1711	2	0	0	0	0	2	0	0
<http://www.wikidata.org/entity/Q5218>	<http://www.wikidata.org/entity/Q33284>	2046	2	0	0	0	0	2	0	0
<http://www.wikidata.org/entity/Q1412>	<http://www.wikidata.org/entity/Q9610>	2495	240	0	1	0	16	257	0	0
<http://www.wikidata.org/entity/Q9610>	<http://www.wikidata.org/entity/Q1412>	14501	332	0	1	0	17	350	0	0
<http://www.wikidata.org/entity/Q1412>	<http://www.wikidata.org/entity/Q8765>	2495	18	0	0	0	2	20	0	0
<http://www.wikidata.org/entity/Q8765>	<http://www.wikidata.org/entity/Q1412>	33758	18	0	0	0	2	20	0	0
<http://www.wikidata.org/entity/Q11059>	<http://www.wikidata.org/entity/Q9610>	1928	283	16	17	0	27	323	16	0
<http://www.wikidata.org/entity/Q9610>	<http://www.wikidata.org/entity/Q11059>	14501	538	16	17	0	27	578	16	0
<http://www.wikidata.org/entity/Q58635>	<http://www.wikidata.org/entity/Q1321>	8319	1257	0	1	9	34	1294	0	0
<http://www.wikidata.org/entity/Q1321>	<http://www.wikidata.org/entity/Q58635>	20953	971	0	1	9	27	1004	0	0
<http://www.wikidata.org/entity/Q11059>	<http://www.wikidata.org/entity/Q8765>	1928	28	0	0	0	1	29	0	0
<http://www.wikidata.org/entity/Q8765>	<http://www.wikidata.org/entity/Q11059>	33758	17	0	0	0	1	18	0	0
<http://www.wikidata.org/entity/Q50868>	<http://www.wikidata.org/entity/Q188>	18852	40	0	0	0	3	43	0	0
<http://www.wikidata.org/entity/Q188>	<http://www.wikidata.org/entity/Q50868>	20135	73	0	0	0	5	78	0	0
<http://www.wikidata.org/entity/Q11051>	<http://www.wikidata.org/entity/Q9610>	3900	678	44	54	0	41	758	44	0
<http://www.wikidata.org/entity/Q9610>	<http://www.wikidata.org/entity/Q11051>	14501	836	45	50	0	42	916	45	0
<http://www.wikidata.org/entity/Q11051>	<http://www.wikidata.org/entity/Q8765>	3900	41	0	0	0	2	43	0	0
<http://www.wikidata.org/entity/Q8765>	<http://www.wikidata.org/entity/Q11051>	33758	23	0	0	0	2	25	0	0
<http://www.wikidata.org/entity/Q5218>	<http://www.wikidata.org/entity/Q36790>	2046	10	1	1	0	0	10	1	0
<http://www.wikidata.org/entity/Q36790>	<http://www.wikidata.org/entity/Q5218>	17051	27	1	1	0	0	27	1	0
<http://www.wikidata.org/entity/Q33454>	<http://www.wikidata.org/entity/Q56356571>	9001	88	0	0	0	2	90	0	0
<http://www.wikidata.org/entity/Q56356571>	<http://www.wikidata.org/entity/Q33454>	11610	158	0	0	0	2	160	0	0
<http://www.wikidata.org/entity/Q1412>	<http://www.wikidata.org/entity/Q8752>	2495	159	1	1	0	0	159	1	0
<http://www.wikidata.org/entity/Q8752>	<http://www.wikidata.org/entity/Q1412>	30759	175	1	1	0	0	175	1	0
<http://www.wikidata.org/entity/Q11059>	<http://www.wikidata.org/entity/Q8752>	1928	94	0	0	0	3	97	0	0
<http://www.wikidata.org/entity/Q8752>	<http://www.wikidata.org/entity/Q11059>	30759	89	0	0	0	1	90	0	0
<http://www.wikidata.org/entity/Q11051>	<http://www.wikidata.org/entity/Q8752>	3900	276	0	0	0	3	279	0	0
<http://www.wikidata.org/entity/Q8752>	<http://www.wikidata.org/entity/Q11051>	30759	224	0	0	0	1	225	0	0
<http://www.wikidata.org/entity/Q8752>	<http://www.wikidata.org/entity/Q1860>	30759	1922	14	26	0	3	1928	14	0
<http://www.wikidata.org/entity/Q1860>	<http://www.wikidata.org/entity/Q8752>	59942	2221	15	28	0	4	2228	15	0
<http://www.wikidata.org/entity/Q33151>	<http://www.wikidata.org/entity/Q35518>	1938	66	0	0	0	1	67	0	0
<http://www.wikidata.org/entity/Q35518>	<http://www.wikidata.org/entity/Q33151>	15737	169	0	0	0	5	174	0	0
<http://www.wikidata.org/entity/Q9288>	<http://www.wikidata.org/entity/Q35518>	7451	830	1	2	0	30	860	1	0
<http://www.wikidata.org/entity/Q35518>	<http://www.wikidata.org/entity/Q9288>	15737	1943	1	2	0	67	2010	1	0
<http://www.wikidata.org/entity/Q35518>	<http://www.wikidata.org/entity/Q1321>	15737	1304	0	0	0	65	1369	0	0
<http://www.wikidata.org/entity/Q1321>	<http://www.wikidata.org/entity/Q35518>	20953	592	0	0	0	31	623	0	0
<http://www.wikidata.org/entity/Q5218>	<http://www.wikidata.org/entity/Q56356571>	2046	10	0	0	0	0	10	0	0
<http://www.wikidata.org/entity/Q56356571>	<http://www.wikidata.org/entity/Q5218>	11610	36	0	0	0	0	36	0	0
<http://www.wikidata.org/entity/Q9072>	<http://www.wikidata.org/entity/Q13955>	4943	371	0	0	0	8	379	0	0
<http://www.wikidata.org/entity/Q13955>	<http://www.wikidata.org/entity/Q9072>	14706	336	0	0	0	11	347	0	0
<http://www.wikidata.org/entity/Q8752>	<http://www.wikidata.org/entity/Q150>	30759	1496	3	12	0	3	1499	4	1
<http://www.wikidata.org/entity/Q150>	<http://www.wikidata.org/entity/Q8752>	33497	1540	4	13	0	4	1544	3	0
<http://www.wikidata.org/entity/Q9072>	<http://www.wikidata.org/entity/Q32238>	4943	492	0	1	0	5	497	0	0
<http://www.wikidata.org/entity/Q32238>	<http://www.wikidata.org/entity/Q9072>	14153	661	0	1	0	5	666	0	0
<http://www.wikidata.org/entity/Q8765>	<http://www.wikidata.org/entity/Q1860>	33758	76	13	14	0	2	86	13	0
<http://www.wikidata.org/entity/Q1860>	<http://www.wikidata.org/entity/Q8765>	59942	104	13	14	0	2	113	13	0
<http://www.wikidata.org/entity/Q9610>	<http://www.wikidata.org/entity/Q1860>	14501	1481	51	60	5	166	1667	33	2
<http://www.wikidata.org/entity/Q33151>	<http://www.wikidata.org/entity/Q7737>	1938	67	1	3	0	0	68	1	0
<http://www.wikidata.org/entity/Q1860>	<http://www.wikidata.org/entity/Q9610>	59942	1464	33	41	7	233	1717	49	18
<http://www.wikidata.org/entity/Q7737>	<http://www.wikidata.org/entity/Q33151>	18679	114	1	4	0	0	115	1	0
<http://www.wikidata.org/entity/Q33578>	<http://www.wikidata.org/entity/Q9056>	5759	526	0	0	0	4	530	1	1
<http://www.wikidata.org/entity/Q9288>	<http://www.wikidata.org/entity/Q7737>	7451	2733	2	8	0	6	2740	2	0
<http://www.wikidata.org/entity/Q7737>	<http://www.wikidata.org/entity/Q9288>	18679	3580	2	8	0	7	3588	2	0
<http://www.wikidata.org/entity/Q9056>	<http://www.wikidata.org/entity/Q33578>	25347	602	1	1	0	4	606	0	0
<http://www.wikidata.org/entity/Q7737>	<http://www.wikidata.org/entity/Q1321>	18679	2973	21	38	35	27	3023	28	7
<http://www.wikidata.org/entity/Q1321>	<http://www.wikidata.org/entity/Q7737>	20953	2570	28	45	27	18	2610	21	0
<http://www.wikidata.org/entity/Q13349>	<http://www.wikidata.org/entity/Q13955>	6804	10	0	0	0	0	10	0	0
<http://www.wikidata.org/entity/Q13955>	<http://www.wikidata.org/entity/Q13349>	14706	11	0	0	0	0	11	0	0
<http://www.wikidata.org/entity/Q13349>	<http://www.wikidata.org/entity/Q32238>	6804	6	0	0	0	0	6	0	0
<http://www.wikidata.org/entity/Q32238>	<http://www.wikidata.org/entity/Q13349>	14153	15	0	0	0	0	15	0	0
<http://www.wikidata.org/entity/Q397>	<http://www.wikidata.org/entity/Q727694>	2705	354	1	3	0	9	363	1	0
<http://www.wikidata.org/entity/Q727694>	<http://www.wikidata.org/entity/Q397>	4417	411	1	3	0	14	425	1	0
<http://www.wikidata.org/entity/Q33284>	<http://www.wikidata.org/entity/Q33454>	1711	8	0	0	0	0	8	0	0
<http://www.wikidata.org/entity/Q33454>	<http://www.wikidata.org/entity/Q33284>	9001	11	0	0	0	0	11	0	0
<http://www.wikidata.org/entity/Q33454>	<http://www.wikidata.org/entity/Q36790>	9001	93	0	0	0	2	95	0	0
<http://www.wikidata.org/entity/Q36790>	<http://www.wikidata.org/entity/Q33454>	17051	448	0	0	0	5	453	0	0
<http://www.wikidata.org/entity/Q9610>	<http://www.wikidata.org/entity/Q150>	14501	1314	3	12	4	91	1408	2	0
<http://www.wikidata.org/entity/Q150>	<http://www.wikidata.org/entity/Q9610>	33497	1105	2	9	9	101	1212	3	1
<http://www.wikidata.org/entity/Q150>	<http://www.wikidata.org/entity/Q8765>	33497	72	1	2	0	3	76	1	0
<http://www.wikidata.org/entity/Q8765>	<http://www.wikidata.org/entity/Q150>	33758	64	1	2	0	2	67	1	0
<http://www.wikidata.org/entity/Q13955>	<http://www.wikidata.org/entity/Q9056>	14706	282	3	5	0	4	286	4	1
<http://www.wikidata.org/entity/Q9056>	<http://www.wikidata.org/entity/Q13955>	25347	393	4	7	0	3	396	3	0
<http://www.wikidata.org/entity/Q58635>	<http://www.wikidata.org/entity/Q5287>	8319	1963	0	1	1	117	2080	0	0
<http://www.wikidata.org/entity/Q56475>	<http://www.wikidata.org/entity/Q25164>	1897	381	0	0	0	17	398	0	0
<http://www.wikidata.org/entity/Q5287>	<http://www.wikidata.org/entity/Q58635>	34860	1685	0	1	1	112	1798	0	0
<http://www.wikidata.org/entity/Q25164>	<http://www.wikidata.org/entity/Q56475>	32974	516	0	0	0	18	534	0	0
<http://www.wikidata.org/entity/Q25164>	<http://www.wikidata.org/entity/Q5146>	32974	1736	1	8	27	49	1802	1	0
<http://www.wikidata.org/entity/Q5146>	<http://www.wikidata.org/entity/Q25164>	176780	1341	1	7	29	40	1405	1	0
<http://www.wikidata.org/entity/Q32238>	<http://www.wikidata.org/entity/Q9056>	14153	485	0	5	0	0	486	1	1
<http://www.wikidata.org/entity/Q9056>	<http://www.wikidata.org/entity/Q32238>	25347	532	1	5	0	0	532	0	0
<http://www.wikidata.org/entity/Q7411>	<http://www.wikidata.org/entity/Q56356571>	2611	482	0	0	12	2	492	0	0
<http://www.wikidata.org/entity/Q56356571>	<http://www.wikidata.org/entity/Q7411>	11610	751	0	0	7	3	759	0	0
<http://www.wikidata.org/entity/Q33947>	<http://www.wikidata.org/entity/Q188>	10045	18	1	2	0	1	19	1	0
<http://www.wikidata.org/entity/Q188>	<http://www.wikidata.org/entity/Q33947>	20135	39	1	2	0	2	41	1	0
<http://www.wikidata.org/entity/Q33578>	<http://www.wikidata.org/entity/Q13349>	5759	14	0	0	0	0	14	0	0
<http://www.wikidata.org/entity/Q13349>	<http://www.wikidata.org/entity/Q33578>	6804	9	0	0	0	0	9	0	0
<http://www.wikidata.org/entity/Q8748>	<http://www.wikidata.org/entity/Q56356571>	8162	186	1	1	2	0	189	1	0
<http://www.wikidata.org/entity/Q56356571>	<http://www.wikidata.org/entity/Q8748>	11610	309	1	1	1	0	310	1	0
<http://www.wikidata.org/entity/Q256>	<http://www.wikidata.org/entity/Q58635>	2630	498	6	12	1	69	576	6	0
<http://www.wikidata.org/entity/Q58635>	<http://www.wikidata.org/entity/Q256>	8319	835	6	12	1	91	936	6	0
<http://www.wikidata.org/entity/Q25167>	<http://www.wikidata.org/entity/Q5146>	50565	2439	1	8	41	60	2534	1	0
<http://www.wikidata.org/entity/Q5146>	<http://www.wikidata.org/entity/Q25167>	176780	1809	1	7	38	50	1893	1	0
<http://www.wikidata.org/entity/Q56475>	<http://www.wikidata.org/entity/Q25167>	1897	496	0	0	1	32	529	0	0
<http://www.wikidata.org/entity/Q25167>	<http://www.wikidata.org/entity/Q56475>	50565	725	0	0	1	43	769	0	0
<http://www.wikidata.org/entity/Q9237>	<http://www.wikidata.org/entity/Q5146>	5311	1052	4	15	1	51	1102	4	0
<http://www.wikidata.org/entity/Q5146>	<http://www.wikidata.org/entity/Q9237>	176780	988	4	16	2	59	1046	4	0
<http://www.wikidata.org/entity/Q11051>	<http://www.wikidata.org/entity/Q809>	3900	251	0	0	0	0	251	0	0
<http://www.wikidata.org/entity/Q809>	<http://www.wikidata.org/entity/Q11051>	4135	167	0	1	0	0	167	0	0
<http://www.wikidata.org/entity/Q36928>	<http://www.wikidata.org/entity/Q56356571>	3314	569	0	0	0	0	569	0	0
<http://www.wikidata.org/entity/Q56475>	<http://www.wikidata.org/entity/Q9237>	1897	344	0	0	0	54	398	0	0
<http://www.wikidata.org/entity/Q56356571>	<http://www.wikidata.org/entity/Q36928>	11610	646	0	0	0	0	646	0	0
<http://www.wikidata.org/entity/Q9237>	<http://www.wikidata.org/entity/Q56475>	5311	391	0	0	0	59	450	0	0
<http://www.wikidata.org/entity/Q11059>	<http://www.wikidata.org/entity/Q809>	1928	100	0	0	0	0	100	0	0
<http://www.wikidata.org/entity/Q809>	<http://www.wikidata.org/entity/Q11059>	4135	82	0	0	0	0	82	0	0
<http://www.wikidata.org/entity/Q1412>	<http://www.wikidata.org/entity/Q809>	2495	148	2	9	0	0	148	2	0
<http://www.wikidata.org/entity/Q809>	<http://www.wikidata.org/entity/Q1412>	4135	163	2	9	0	0	163	2	0
<http://www.wikidata.org/entity/Q9072>	<http://www.wikidata.org/entity/Q33578>	4943	621	0	0	0	15	636	0	0
<http://www.wikidata.org/entity/Q33578>	<http://www.wikidata.org/entity/Q9072>	5759	730	0	0	0	20	750	0	0
<http://www.wikidata.org/entity/Q36236>	<http://www.wikidata.org/entity/Q7737>	12554	2078	13	29	0	4	2085	5	0
<http://www.wikidata.org/entity/Q7737>	<http://www.wikidata.org/entity/Q36236>	18679	2639	6	19	0	5	2646	13	7
<http://www.wikidata.org/entity/Q56475>	<http://www.wikidata.org/entity/Q256>	1897	217	0	0	0	56	273	0	0
<http://www.wikidata.org/entity/Q256>	<http://www.wikidata.org/entity/Q56475>	2630	234	0	0	0	55	289	0	0
<http://www.wikidata.org/entity/Q256>	<http://www.wikidata.org/entity/Q5146>	2630	456	0	1	1	44	499	0	0
<http://www.wikidata.org/entity/Q36495>	<http://www.wikidata.org/entity/Q13955>	1973	190	0	6	0	3	196	0	0
<http://www.wikidata.org/entity/Q5146>	<http://www.wikidata.org/entity/Q256>	176780	457	0	1	3	52	511	0	0
<http://www.wikidata.org/entity/Q13955>	<http://www.wikidata.org/entity/Q36495>	14706	141	0	5	0	4	147	0	0
<http://www.wikidata.org/entity/Q13955>	<http://www.wikidata.org/entity/Q9035>	14706	500	1	5	2	10	512	1	0
<http://www.wikidata.org/entity/Q9035>	<http://www.wikidata.org/entity/Q13955>	19363	538	1	5	2	12	553	1	0
<http://www.wikidata.org/entity/Q56356571>	<http://www.wikidata.org/entity/Q9610>	11610	899	6	9	2	47	953	6	0
<http://www.wikidata.org/entity/Q36495>	<http://www.wikidata.org/entity/Q32238>	1973	350	0	1	0	6	356	0	0
<http://www.wikidata.org/entity/Q9610>	<http://www.wikidata.org/entity/Q56356571>	14501	865	6	8	2	36	908	6	0
<http://www.wikidata.org/entity/Q32238>	<http://www.wikidata.org/entity/Q36495>	14153	383	0	5	0	3	388	0	0
<http://www.wikidata.org/entity/Q56356571>	<http://www.wikidata.org/entity/Q8765>	11610	80	0	0	0	3	83	0	0
<http://www.wikidata.org/entity/Q32238>	<http://www.wikidata.org/entity/Q9035>	14153	1032	1	8	0	4	1037	0	0
<http://www.wikidata.org/entity/Q9035>	<http://www.wikidata.org/entity/Q32238>	19363	830	0	4	0	4	834	1	1
<http://www.wikidata.org/entity/Q8765>	<http://www.wikidata.org/entity/Q56356571>	33758	45	0	0	0	2	47	0	0
<http://www.wikidata.org/entity/Q5287>	<http://www.wikidata.org/entity/Q5146>	34860	1810	2	18	4	96	1914	2	0
<http://www.wikidata.org/entity/Q5146>	<http://www.wikidata.org/entity/Q5287>	176780	1422	2	16	4	74	1503	2	0
<http://www.wikidata.org/entity/Q56475>	<http://www.wikidata.org/entity/Q5287>	1897	438	0	0	0	70	508	0	0
<http://www.wikidata.org/entity/Q58635>	<http://www.wikidata.org/entity/Q25164>	8319	1848	0	0	6	48	1899	0	0
<http://www.wikidata.org/entity/Q25164>	<http://www.wikidata.org/entity/Q58635>	32974	1511	0	0	7	46	1562	0	0
<http://www.wikidata.org/entity/Q5287>	<http://www.wikidata.org/entity/Q56475>	34860	693	0	0	0	94	787	0	0
<http://www.wikidata.org/entity/Q35518>	<http://www.wikidata.org/entity/Q652>	15737	3251	1	2	0	93	3344	1	0
<http://www.wikidata.org/entity/Q652>	<http://www.wikidata.org/entity/Q35518>	26452	1736	1	2	0	57	1793	1	0
<http://www.wikidata.org/entity/Q727694>	<http://www.wikidata.org/entity/Q33947>	4417	26	0	0	0	1	27	0	0
<http://www.wikidata.org/entity/Q33947>	<http://www.wikidata.org/entity/Q727694>	10045	13	0	0	0	1	14	0	0
<http://www.wikidata.org/entity/Q58635>	<http://www.wikidata.org/entity/Q25167>	8319	2362	4	6	12	73	2450	4	0
<http://www.wikidata.org/entity/Q25167>	<http://www.wikidata.org/entity/Q58635>	50565	2129	3	4	11	80	2222	3	0
<http://www.wikidata.org/entity/Q36236>	<http://www.wikidata.org/entity/Q35518>	12554	805	0	1	0	23	828	0	0
<http://www.wikidata.org/entity/Q35518>	<http://www.wikidata.org/entity/Q36236>	15737	1782	0	1	0	49	1831	0	0
<http://www.wikidata.org/entity/Q9237>	<http://www.wikidata.org/entity/Q58635>	5311	915	2	3	0	72	989	2	0
<http://www.wikidata.org/entity/Q58635>	<http://www.wikidata.org/entity/Q9237>	8319	1419	2	3	0	92	1513	2	0
<http://www.wikidata.org/entity/Q32238>	<http://www.wikidata.org/entity/Q9027>	14153	1143	0	6	0	9	1151	0	0
<http://www.wikidata.org/entity/Q9027>	<http://www.wikidata.org/entity/Q32238>	38988	1007	0	4	0	9	1016	0	0
<http://www.wikidata.org/entity/Q1412>	<http://www.wikidata.org/entity/Q33454>	2495	53	0	0	0	2	55	0	0
<http://www.wikidata.org/entity/Q33454>	<http://www.wikidata.org/entity/Q1412>	9001	54	0	0	0	2	56	0	0
<http://www.wikidata.org/entity/Q13955>	<http://www.wikidata.org/entity/Q9027>	14706	585	1	3	2	13	599	1	0
<http://www.wikidata.org/entity/Q56356571>	<http://www.wikidata.org/entity/Q8752>	11610	740	0	2	0	4	744	0	0
<http://www.wikidata.org/entity/Q10134>	<http://www.wikidata.org/entity/Q50868>	2146	15	0	0	0	1	16	0	0
<http://www.wikidata.org/entity/Q9027>	<http://www.wikidata.org/entity/Q13955>	38988	659	1	3	3	14	675	1	0
<http://www.wikidata.org/entity/Q8752>	<http://www.wikidata.org/entity/Q56356571>	30759	540	0	1	0	2	542	0	0
<http://www.wikidata.org/entity/Q50868>	<http://www.wikidata.org/entity/Q10134>	18852	14	0	0	0	1	15	0	0
<http://www.wikidata.org/entity/Q7737>	<http://www.wikidata.org/entity/Q652>	18679	7039	9	40	31	23	7098	9	0
<http://www.wikidata.org/entity/Q652>	<http://www.wikidata.org/entity/Q7737>	26452	6378	9	39	20	22	6423	9	0
<http://www.wikidata.org/entity/Q11059>	<http://www.wikidata.org/entity/Q33454>	1928	60	0	0	0	0	60	0	0
<http://www.wikidata.org/entity/Q33454>	<http://www.wikidata.org/entity/Q11059>	9001	44	0	0	0	0	44	0	0
<http://www.wikidata.org/entity/Q5218>	<http://www.wikidata.org/entity/Q1860>	2046	19	11	12	0	1	21	4	0
<http://www.wikidata.org/entity/Q1860>	<http://www.wikidata.org/entity/Q5218>	59942	38	4	5	0	3	42	11	7
<http://www.wikidata.org/entity/Q5218>	<http://www.wikidata.org/entity/Q150>	2046	16	0	3	0	0	17	1	1
<http://www.wikidata.org/entity/Q150>	<http://www.wikidata.org/entity/Q5218>	33497	29	1	3	0	0	30	0	0
<http://www.wikidata.org/entity/Q11051>	<http://www.wikidata.org/entity/Q33454>	3900	119	0	0	0	2	121	0	0
<http://www.wikidata.org/entity/Q33454>	<http://www.wikidata.org/entity/Q11051>	9001	72	0	0	0	2	74	0	0
<http://www.wikidata.org/entity/Q33578>	<http://www.wikidata.org/entity/Q9027>	5759	1241	0	1	0	56	1295	0	0
<http://www.wikidata.org/entity/Q9027>	<http://www.wikidata.org/entity/Q33578>	38988	1194	0	1	0	50	1244	0	0
<http://www.wikidata.org/entity/Q36928>	<http://www.wikidata.org/entity/Q1860>	3314	1156	0	0	0	0	1156	0	0
<http://www.wikidata.org/entity/Q1860>	<http://www.wikidata.org/entity/Q36928>	59942	1101	0	0	0	0	1101	0	0
<http://www.wikidata.org/entity/Q10134>	<http://www.wikidata.org/entity/Q9168>	2146	33	0	0	0	8	41	0	0
<http://www.wikidata.org/entity/Q9168>	<http://www.wikidata.org/entity/Q10134>	18925	29	0	0	0	9	38	0	0
<http://www.wikidata.org/entity/Q36928>	<http://www.wikidata.org/entity/Q150>	3314	864	0	0	0	0	864	0	0
<http://www.wikidata.org/entity/Q150>	<http://www.wikidata.org/entity/Q36928>	33497	725	0	0	0	0	725	0	0
<http://www.wikidata.org/entity/Q7411>	<http://www.wikidata.org/entity/Q1860>	2611	1242	103	112	134	15	1382	102	0
<http://www.wikidata.org/entity/Q1860>	<http://www.wikidata.org/entity/Q7411>	59942	1558	102	112	130	25	1706	102	1
<http://www.wikidata.org/entity/Q33578>	<http://www.wikidata.org/entity/Q9035>	5759	1085	0	0	0	29	1114	0	0
<http://www.wikidata.org/entity/Q10134>	<http://www.wikidata.org/entity/Q12107>	2146	530	0	1	1	37	569	0	0
<http://www.wikidata.org/entity/Q9035>	<http://www.wikidata.org/entity/Q33578>	19363	992	0	0	0	32	1024	0	0
<http://www.wikidata.org/entity/Q12107>	<http://www.wikidata.org/entity/Q10134>	5780	730	0	1	1	50	782	0	0
<http://www.wikidata.org/entity/Q36495>	<http://www.wikidata.org/entity/Q33578>	1973	338	0	0	0	22	360	0	0
<http://www.wikidata.org/entity/Q33578>	<http://www.wikidata.org/entity/Q36495>	5759	360	0	0	0	18	378	0	0
<http://www.wikidata.org/entity/Q397>	<http://www.wikidata.org/entity/Q188>	2705	1143	23	32	0	19	1168	22	0
<http://www.wikidata.org/entity/Q188>	<http://www.wikidata.org/entity/Q397>	20135	1533	20	30	0	26	1563	21	1
<http://www.wikidata.org/entity/Q8748>	<http://www.wikidata.org/entity/Q1860>	8162	356	3	4	4	5	365	3	0
<http://www.wikidata.org/entity/Q1860>	<http://www.wikidata.org/entity/Q8748>	59942	493	3	4	6	8	504	3	0
<http://www.wikidata.org/entity/Q809>	<http://www.wikidata.org/entity/Q36790>	4135	211	0	1	0	1	212	0	0
<http://www.wikidata.org/entity/Q36790>	<http://www.wikidata.org/entity/Q809>	17051	864	0	1	0	1	865	0	0
<http://www.wikidata.org/entity/Q9176>	<http://www.wikidata.org/entity/Q10134>	1593	107	1	1	0	21	128	1	0
<http://www.wikidata.org/entity/Q10134>	<http://www.wikidata.org/entity/Q9176>	2146	92	1	1	0	17	109	1	0
<http://www.wikidata.org/entity/Q8748>	<http://www.wikidata.org/entity/Q150>	8162	274	0	2	4	3	279	0	0
<http://www.wikidata.org/entity/Q150>	<http://www.wikidata.org/entity/Q8748>	33497	333	0	2	5	4	341	0	0
<http://www.wikidata.org/entity/Q33284>	<http://www.wikidata.org/entity/Q809>	1711	7	0	0	0	0	7	0	0
<http://www.wikidata.org/entity/Q809>	<http://www.wikidata.org/entity/Q33284>	4135	9	0	0	0	0	9	0	0
<http://www.wikidata.org/entity/Q7411>	<http://www.wikidata.org/entity/Q150>	2611	978	24	34	199	10	1181	24	0
<http://www.wikidata.org/entity/Q150>	<http://www.wikidata.org/entity/Q7411>	33497	1062	24	34	394	10	1465	24	0
