langLabel	targLabel	langRank	targRank	lang	targ	nSense	nsIFTS	nsTransToL2	nsTrans2ToL2	nsDemonym	nsPredicateFor	nsMeetsGlossTag	nsAny	nsAnyTrunc10k
Akkadian	Albanian	19	28	<http://www.wikidata.org/entity/Q35518>	<http://www.wikidata.org/entity/Q8748>	15737	383	0	0	0	8	0	391	391
Akkadian	Arabic	19	20	<http://www.wikidata.org/entity/Q35518>	<http://www.wikidata.org/entity/Q13955>	15737	695	2	3	0	68	0	763	763
Akkadian	Aragonese	19	6	<http://www.wikidata.org/entity/Q35518>	<http://www.wikidata.org/entity/Q8765>	15737	29	0	0	0	6	0	35	35
Akkadian	Bangla	19	21	<http://www.wikidata.org/entity/Q35518>	<http://www.wikidata.org/entity/Q9610>	15737	1093	0	0	0	165	2	1258	1258
Akkadian	Banjar	19	46	<http://www.wikidata.org/entity/Q35518>	<http://www.wikidata.org/entity/Q33151>	15737	169	0	0	0	5	0	174	174
Akkadian	Basque	19	9	<http://www.wikidata.org/entity/Q35518>	<http://www.wikidata.org/entity/Q8752>	15737	660	0	1	0	0	0	660	660
Akkadian	Bokmål	19	3	<http://www.wikidata.org/entity/Q35518>	<http://www.wikidata.org/entity/Q25167>	15737	3003	0	1	0	104	0	3107	3107
Akkadian	Breton	19	31	<http://www.wikidata.org/entity/Q35518>	<http://www.wikidata.org/entity/Q12107>	15737	2109	0	0	0	111	0	2220	2220
Akkadian	Central Bikol	19	49	<http://www.wikidata.org/entity/Q35518>	<http://www.wikidata.org/entity/Q33284>	15737	42	0	0	0	0	0	42	42
Akkadian	Czech	19	11	<http://www.wikidata.org/entity/Q35518>	<http://www.wikidata.org/entity/Q9056>	15737	1163	0	1	0	19	0	1182	1182
Akkadian	Dagbanli	19	22	<http://www.wikidata.org/entity/Q35518>	<http://www.wikidata.org/entity/Q32238>	15737	1514	0	1	0	25	0	1539	1539
Akkadian	Danish	19	14	<http://www.wikidata.org/entity/Q35518>	<http://www.wikidata.org/entity/Q9035>	15737	2275	0	1	0	112	0	2387	2387
Akkadian	Dutch	19	41	<http://www.wikidata.org/entity/Q35518>	<http://www.wikidata.org/entity/Q7411>	15737	580	0	0	0	28	0	608	608
Akkadian	Egyptian	19	16	<http://www.wikidata.org/entity/Q35518>	<http://www.wikidata.org/entity/Q50868>	15737	171	1	1	0	9	0	180	180
Akkadian	English	19	2	<http://www.wikidata.org/entity/Q35518>	<http://www.wikidata.org/entity/Q1860>	15737	3942	1	2	0	454	15725	15727	10000
Akkadian	Estonian	19	34	<http://www.wikidata.org/entity/Q35518>	<http://www.wikidata.org/entity/Q9072>	15737	1543	0	0	0	66	0	1609	1609
Akkadian	Finnish	19	42	<http://www.wikidata.org/entity/Q35518>	<http://www.wikidata.org/entity/Q1412>	15737	796	0	1	0	43	0	839	839
Akkadian	French	19	7	<http://www.wikidata.org/entity/Q35518>	<http://www.wikidata.org/entity/Q150>	15737	2965	0	1	0	248	117	3285	3285
Akkadian	Fula	19	26	<http://www.wikidata.org/entity/Q35518>	<http://www.wikidata.org/entity/Q33454>	15737	242	0	0	0	5	0	247	247
Akkadian	German	19	13	<http://www.wikidata.org/entity/Q35518>	<http://www.wikidata.org/entity/Q188>	15737	2897	0	0	0	249	1809	4323	4323
Akkadian	Hausa	19	48	<http://www.wikidata.org/entity/Q35518>	<http://www.wikidata.org/entity/Q56475>	15737	1061	0	0	0	158	0	1219	1219
Akkadian	Hebrew	19	29	<http://www.wikidata.org/entity/Q35518>	<http://www.wikidata.org/entity/Q9288>	15737	1943	1	2	0	67	0	2010	2010
Akkadian	Hindustani	19	37	<http://www.wikidata.org/entity/Q35518>	<http://www.wikidata.org/entity/Q11051>	15737	1161	0	0	0	72	0	1233	1233
Akkadian	Igbo	19	32	<http://www.wikidata.org/entity/Q35518>	<http://www.wikidata.org/entity/Q33578>	15737	1624	0	0	0	124	0	1748	1748
Akkadian	Italian	19	10	<http://www.wikidata.org/entity/Q35518>	<http://www.wikidata.org/entity/Q652>	15737	3251	1	2	0	93	0	3344	3344
Akkadian	Japanese	19	5	<http://www.wikidata.org/entity/Q35518>	<http://www.wikidata.org/entity/Q5287>	15737	2295	0	2	0	222	0	2517	2517
Akkadian	Klingon	19	43	<http://www.wikidata.org/entity/Q35518>	<http://www.wikidata.org/entity/Q10134>	15737	1196	0	0	0	120	0	1316	1316
Akkadian	Korean	19	50	<http://www.wikidata.org/entity/Q35518>	<http://www.wikidata.org/entity/Q9176>	15737	229	0	1	0	68	0	297	297
Akkadian	Latin	19	39	<http://www.wikidata.org/entity/Q35518>	<http://www.wikidata.org/entity/Q397>	15737	1507	0	1	0	38	0	1545	1545
Akkadian	Malay	19	33	<http://www.wikidata.org/entity/Q35518>	<http://www.wikidata.org/entity/Q9237>	15737	1600	0	1	0	183	0	1783	1783
Akkadian	Malayalam	19	23	<http://www.wikidata.org/entity/Q35518>	<http://www.wikidata.org/entity/Q36236>	15737	1782	0	1	0	49	0	1831	1831
Akkadian	Mon	19	30	<http://www.wikidata.org/entity/Q35518>	<http://www.wikidata.org/entity/Q13349>	15737	13	0	0	0	0	0	13	13
Akkadian	New Persian	19	24	<http://www.wikidata.org/entity/Q35518>	<http://www.wikidata.org/entity/Q56356571>	15737	1758	0	0	0	104	0	1862	1862
Akkadian	Northern Sami	19	25	<http://www.wikidata.org/entity/Q35518>	<http://www.wikidata.org/entity/Q33947>	15737	22	0	0	0	3	0	25	25
Akkadian	Nynorsk	19	8	<http://www.wikidata.org/entity/Q35518>	<http://www.wikidata.org/entity/Q25164>	15737	2209	0	1	0	72	0	2281	2281
Akkadian	Persian	19	15	<http://www.wikidata.org/entity/Q35518>	<http://www.wikidata.org/entity/Q9168>	15737	105	0	0	0	29	0	134	134
Akkadian	Polish	19	36	<http://www.wikidata.org/entity/Q35518>	<http://www.wikidata.org/entity/Q809>	15737	482	0	0	0	2	0	484	484
Akkadian	Portuguese	19	1	<http://www.wikidata.org/entity/Q35518>	<http://www.wikidata.org/entity/Q5146>	15737	1591	0	1	0	116	0	1707	1707
Akkadian	Punjabi	19	27	<http://www.wikidata.org/entity/Q35518>	<http://www.wikidata.org/entity/Q58635>	15737	1739	0	0	0	147	0	1886	1886
Akkadian	Quechua	19	44	<http://www.wikidata.org/entity/Q35518>	<http://www.wikidata.org/entity/Q5218>	15737	26	0	1	0	0	0	26	26
Akkadian	Russian	19	17	<http://www.wikidata.org/entity/Q35518>	<http://www.wikidata.org/entity/Q7737>	15737	2503	0	1	0	38	0	2541	2541
Akkadian	Sanskrit	19	47	<http://www.wikidata.org/entity/Q35518>	<http://www.wikidata.org/entity/Q11059>	15737	619	0	0	0	86	0	705	705
Akkadian	Southern Min	19	45	<http://www.wikidata.org/entity/Q35518>	<http://www.wikidata.org/entity/Q36495>	15737	663	0	1	0	52	0	715	715
Akkadian	Spanish	19	12	<http://www.wikidata.org/entity/Q35518>	<http://www.wikidata.org/entity/Q1321>	15737	1304	0	0	0	65	0	1369	1369
Akkadian	Standard Chinese	19	35	<http://www.wikidata.org/entity/Q35518>	<http://www.wikidata.org/entity/Q727694>	15737	848	0	1	0	115	0	963	963
Akkadian	Sumerian	19	18	<http://www.wikidata.org/entity/Q35518>	<http://www.wikidata.org/entity/Q36790>	15737	3561	2101	2101	0	440	0	4862	4862
Akkadian	Swedish	19	4	<http://www.wikidata.org/entity/Q35518>	<http://www.wikidata.org/entity/Q9027>	15737	2635	0	0	0	193	0	2828	2828
Akkadian	Turkish	19	40	<http://www.wikidata.org/entity/Q35518>	<http://www.wikidata.org/entity/Q256>	15737	905	0	0	0	188	0	1093	1093
Akkadian	Ugaritic	19	38	<http://www.wikidata.org/entity/Q35518>	<http://www.wikidata.org/entity/Q36928>	15737	1929	0	0	0	0	0	1929	1929
Albanian	Akkadian	28	19	<http://www.wikidata.org/entity/Q8748>	<http://www.wikidata.org/entity/Q35518>	8162	148	0	0	0	4	0	152	152
Albanian	Arabic	28	20	<http://www.wikidata.org/entity/Q8748>	<http://www.wikidata.org/entity/Q13955>	8162	83	0	0	0	2	0	85	85
Albanian	Aragonese	28	6	<http://www.wikidata.org/entity/Q8748>	<http://www.wikidata.org/entity/Q8765>	8162	14	0	0	0	0	0	14	14
Albanian	Bangla	28	21	<http://www.wikidata.org/entity/Q8748>	<http://www.wikidata.org/entity/Q9610>	8162	119	0	0	0	3	2	124	124
Albanian	Banjar	28	46	<http://www.wikidata.org/entity/Q8748>	<http://www.wikidata.org/entity/Q33151>	8162	16	0	0	0	0	0	16	16
Albanian	Basque	28	9	<http://www.wikidata.org/entity/Q8748>	<http://www.wikidata.org/entity/Q8752>	8162	106	0	1	0	0	0	106	106
Albanian	Bokmål	28	3	<http://www.wikidata.org/entity/Q8748>	<http://www.wikidata.org/entity/Q25167>	8162	292	0	1	4	2	0	296	296
Albanian	Breton	28	31	<http://www.wikidata.org/entity/Q8748>	<http://www.wikidata.org/entity/Q12107>	8162	191	0	1	0	2	0	193	193
Albanian	Central Bikol	28	49	<http://www.wikidata.org/entity/Q8748>	<http://www.wikidata.org/entity/Q33284>	8162	6	0	0	0	0	0	6	6
Albanian	Czech	28	11	<http://www.wikidata.org/entity/Q8748>	<http://www.wikidata.org/entity/Q9056>	8162	144	0	2	2	3	0	149	149
Albanian	Dagbanli	28	22	<http://www.wikidata.org/entity/Q8748>	<http://www.wikidata.org/entity/Q32238>	8162	114	0	0	0	0	0	114	114
Albanian	Danish	28	14	<http://www.wikidata.org/entity/Q8748>	<http://www.wikidata.org/entity/Q9035>	8162	229	0	2	4	2	0	233	233
Albanian	Dutch	28	41	<http://www.wikidata.org/entity/Q8748>	<http://www.wikidata.org/entity/Q7411>	8162	95	0	1	4	1	0	98	98
Albanian	Egyptian	28	16	<http://www.wikidata.org/entity/Q8748>	<http://www.wikidata.org/entity/Q50868>	8162	15	0	0	0	0	0	15	15
Albanian	English	28	2	<http://www.wikidata.org/entity/Q8748>	<http://www.wikidata.org/entity/Q1860>	8162	356	3	4	4	5	8115	8147	8147
Albanian	Estonian	28	34	<http://www.wikidata.org/entity/Q8748>	<http://www.wikidata.org/entity/Q9072>	8162	185	0	1	2	1	0	188	188
Albanian	Finnish	28	42	<http://www.wikidata.org/entity/Q8748>	<http://www.wikidata.org/entity/Q1412>	8162	81	0	0	0	0	0	81	81
Albanian	French	28	7	<http://www.wikidata.org/entity/Q8748>	<http://www.wikidata.org/entity/Q150>	8162	274	0	2	4	3	0	279	279
Albanian	Fula	28	26	<http://www.wikidata.org/entity/Q8748>	<http://www.wikidata.org/entity/Q33454>	8162	23	0	0	0	0	0	23	23
Albanian	German	28	13	<http://www.wikidata.org/entity/Q8748>	<http://www.wikidata.org/entity/Q188>	8162	289	2	5	4	4	6	296	296
Albanian	Hausa	28	48	<http://www.wikidata.org/entity/Q8748>	<http://www.wikidata.org/entity/Q56475>	8162	78	0	0	0	3	0	81	81
Albanian	Hebrew	28	29	<http://www.wikidata.org/entity/Q8748>	<http://www.wikidata.org/entity/Q9288>	8162	191	0	0	0	1	0	192	192
Albanian	Hindustani	28	37	<http://www.wikidata.org/entity/Q8748>	<http://www.wikidata.org/entity/Q11051>	8162	107	0	0	0	2	0	109	109
Albanian	Igbo	28	32	<http://www.wikidata.org/entity/Q8748>	<http://www.wikidata.org/entity/Q33578>	8162	138	0	0	0	2	0	140	140
Albanian	Italian	28	10	<http://www.wikidata.org/entity/Q8748>	<http://www.wikidata.org/entity/Q652>	8162	289	2	3	4	4	0	297	297
Albanian	Japanese	28	5	<http://www.wikidata.org/entity/Q8748>	<http://www.wikidata.org/entity/Q5287>	8162	225	0	1	2	4	0	231	231
Albanian	Klingon	28	43	<http://www.wikidata.org/entity/Q8748>	<http://www.wikidata.org/entity/Q10134>	8162	113	0	0	0	1	0	114	114
Albanian	Korean	28	50	<http://www.wikidata.org/entity/Q8748>	<http://www.wikidata.org/entity/Q9176>	8162	42	0	0	0	0	0	42	42
Albanian	Latin	28	39	<http://www.wikidata.org/entity/Q8748>	<http://www.wikidata.org/entity/Q397>	8162	111	0	1	0	3	0	114	114
Albanian	Malay	28	33	<http://www.wikidata.org/entity/Q8748>	<http://www.wikidata.org/entity/Q9237>	8162	183	0	1	0	1	0	184	184
Albanian	Malayalam	28	23	<http://www.wikidata.org/entity/Q8748>	<http://www.wikidata.org/entity/Q36236>	8162	185	0	0	0	3	0	188	188
Albanian	Mon	28	30	<http://www.wikidata.org/entity/Q8748>	<http://www.wikidata.org/entity/Q13349>	8162	4	0	0	0	0	0	4	4
Albanian	New Persian	28	24	<http://www.wikidata.org/entity/Q8748>	<http://www.wikidata.org/entity/Q56356571>	8162	186	1	1	2	0	0	189	189
Albanian	Northern Sami	28	25	<http://www.wikidata.org/entity/Q8748>	<http://www.wikidata.org/entity/Q33947>	8162	6	0	1	0	0	0	6	6
Albanian	Nynorsk	28	8	<http://www.wikidata.org/entity/Q8748>	<http://www.wikidata.org/entity/Q25164>	8162	221	0	1	4	1	0	224	224
Albanian	Persian	28	15	<http://www.wikidata.org/entity/Q8748>	<http://www.wikidata.org/entity/Q9168>	8162	10	0	0	0	2	0	12	12
Albanian	Polish	28	36	<http://www.wikidata.org/entity/Q8748>	<http://www.wikidata.org/entity/Q809>	8162	75	0	1	0	1	0	76	76
Albanian	Portuguese	28	1	<http://www.wikidata.org/entity/Q8748>	<http://www.wikidata.org/entity/Q5146>	8162	172	0	1	0	3	0	175	175
Albanian	Punjabi	28	27	<http://www.wikidata.org/entity/Q8748>	<http://www.wikidata.org/entity/Q58635>	8162	169	0	0	2	4	0	175	175
Albanian	Quechua	28	44	<http://www.wikidata.org/entity/Q8748>	<http://www.wikidata.org/entity/Q5218>	8162	5	0	0	0	0	0	5	5
Albanian	Russian	28	17	<http://www.wikidata.org/entity/Q8748>	<http://www.wikidata.org/entity/Q7737>	8162	241	0	2	2	2	1	245	245
Albanian	Sanskrit	28	47	<http://www.wikidata.org/entity/Q8748>	<http://www.wikidata.org/entity/Q11059>	8162	67	0	0	0	1	0	68	68
Albanian	Southern Min	28	45	<http://www.wikidata.org/entity/Q8748>	<http://www.wikidata.org/entity/Q36495>	8162	73	0	0	0	0	0	73	73
Albanian	Spanish	28	12	<http://www.wikidata.org/entity/Q8748>	<http://www.wikidata.org/entity/Q1321>	8162	157	0	1	4	3	0	162	162
Albanian	Standard Chinese	28	35	<http://www.wikidata.org/entity/Q8748>	<http://www.wikidata.org/entity/Q727694>	8162	89	0	0	0	3	0	92	92
Albanian	Sumerian	28	18	<http://www.wikidata.org/entity/Q8748>	<http://www.wikidata.org/entity/Q36790>	8162	155	0	0	0	5	0	160	160
Albanian	Swedish	28	4	<http://www.wikidata.org/entity/Q8748>	<http://www.wikidata.org/entity/Q9027>	8162	266	0	1	4	4	0	272	272
Albanian	Turkish	28	40	<http://www.wikidata.org/entity/Q8748>	<http://www.wikidata.org/entity/Q256>	8162	149	22	23	0	1	3	161	161
Albanian	Ugaritic	28	38	<http://www.wikidata.org/entity/Q8748>	<http://www.wikidata.org/entity/Q36928>	8162	86	0	0	0	0	0	86	86
Arabic	Akkadian	20	19	<http://www.wikidata.org/entity/Q13955>	<http://www.wikidata.org/entity/Q35518>	14706	292	2	3	0	28	0	321	321
Arabic	Albanian	20	28	<http://www.wikidata.org/entity/Q13955>	<http://www.wikidata.org/entity/Q8748>	14706	88	0	0	0	1	0	89	89
Arabic	Aragonese	20	6	<http://www.wikidata.org/entity/Q13955>	<http://www.wikidata.org/entity/Q8765>	14706	32	0	0	0	1	0	33	33
Arabic	Bangla	20	21	<http://www.wikidata.org/entity/Q13955>	<http://www.wikidata.org/entity/Q9610>	14706	270	1	1	0	20	429	661	661
Arabic	Banjar	20	46	<http://www.wikidata.org/entity/Q13955>	<http://www.wikidata.org/entity/Q33151>	14706	29	0	1	0	0	0	29	29
Arabic	Basque	20	9	<http://www.wikidata.org/entity/Q13955>	<http://www.wikidata.org/entity/Q8752>	14706	187	0	0	0	0	0	187	187
Arabic	Bokmål	20	3	<http://www.wikidata.org/entity/Q13955>	<http://www.wikidata.org/entity/Q25167>	14706	607	1	3	2	12	0	621	621
Arabic	Breton	20	31	<http://www.wikidata.org/entity/Q13955>	<http://www.wikidata.org/entity/Q12107>	14706	368	1	1	0	13	0	381	381
Arabic	Central Bikol	20	49	<http://www.wikidata.org/entity/Q13955>	<http://www.wikidata.org/entity/Q33284>	14706	12	0	0	0	0	0	12	12
Arabic	Czech	20	11	<http://www.wikidata.org/entity/Q13955>	<http://www.wikidata.org/entity/Q9056>	14706	282	3	5	0	4	0	286	286
Arabic	Dagbanli	20	22	<http://www.wikidata.org/entity/Q13955>	<http://www.wikidata.org/entity/Q32238>	14706	229	0	2	0	4	0	233	233
Arabic	Danish	20	14	<http://www.wikidata.org/entity/Q13955>	<http://www.wikidata.org/entity/Q9035>	14706	500	1	5	2	10	0	512	512
Arabic	Dutch	20	41	<http://www.wikidata.org/entity/Q13955>	<http://www.wikidata.org/entity/Q7411>	14706	200	0	2	2	3	1	207	207
Arabic	Egyptian	20	16	<http://www.wikidata.org/entity/Q13955>	<http://www.wikidata.org/entity/Q50868>	14706	13	0	1	0	0	0	13	13
Arabic	English	20	2	<http://www.wikidata.org/entity/Q13955>	<http://www.wikidata.org/entity/Q1860>	14706	836	45	49	1	56	1900	2099	2099
Arabic	Estonian	20	34	<http://www.wikidata.org/entity/Q13955>	<http://www.wikidata.org/entity/Q9072>	14706	336	0	0	0	11	0	347	347
Arabic	Finnish	20	42	<http://www.wikidata.org/entity/Q13955>	<http://www.wikidata.org/entity/Q1412>	14706	195	0	3	0	7	0	202	202
Arabic	French	20	7	<http://www.wikidata.org/entity/Q13955>	<http://www.wikidata.org/entity/Q150>	14706	622	9	14	2	31	145	759	759
Arabic	Fula	20	26	<http://www.wikidata.org/entity/Q13955>	<http://www.wikidata.org/entity/Q33454>	14706	52	0	0	0	2	0	54	54
Arabic	German	20	13	<http://www.wikidata.org/entity/Q13955>	<http://www.wikidata.org/entity/Q188>	14706	613	5	13	2	29	47	673	673
Arabic	Hausa	20	48	<http://www.wikidata.org/entity/Q13955>	<http://www.wikidata.org/entity/Q56475>	14706	183	0	0	0	25	1	209	209
Arabic	Hebrew	20	29	<http://www.wikidata.org/entity/Q13955>	<http://www.wikidata.org/entity/Q9288>	14706	433	7	9	0	10	7	454	454
Arabic	Hindustani	20	37	<http://www.wikidata.org/entity/Q13955>	<http://www.wikidata.org/entity/Q11051>	14706	281	0	0	0	17	0	298	298
Arabic	Igbo	20	32	<http://www.wikidata.org/entity/Q13955>	<http://www.wikidata.org/entity/Q33578>	14706	275	0	0	0	18	0	293	293
Arabic	Italian	20	10	<http://www.wikidata.org/entity/Q13955>	<http://www.wikidata.org/entity/Q652>	14706	654	5	13	1	18	3	677	677
Arabic	Japanese	20	5	<http://www.wikidata.org/entity/Q13955>	<http://www.wikidata.org/entity/Q5287>	14706	504	0	8	0	32	0	539	539
Arabic	Klingon	20	43	<http://www.wikidata.org/entity/Q13955>	<http://www.wikidata.org/entity/Q10134>	14706	211	0	1	0	18	0	230	230
Arabic	Korean	20	50	<http://www.wikidata.org/entity/Q13955>	<http://www.wikidata.org/entity/Q9176>	14706	120	0	0	0	10	0	130	130
Arabic	Latin	20	39	<http://www.wikidata.org/entity/Q13955>	<http://www.wikidata.org/entity/Q397>	14706	245	1	6	0	3	2	252	252
Arabic	Malay	20	33	<http://www.wikidata.org/entity/Q13955>	<http://www.wikidata.org/entity/Q9237>	14706	455	4	9	0	28	6	486	486
Arabic	Malayalam	20	23	<http://www.wikidata.org/entity/Q13955>	<http://www.wikidata.org/entity/Q36236>	14706	410	1	7	0	3	0	414	414
Arabic	Mon	20	30	<http://www.wikidata.org/entity/Q13955>	<http://www.wikidata.org/entity/Q13349>	14706	11	0	0	0	0	0	11	11
Arabic	New Persian	20	24	<http://www.wikidata.org/entity/Q13955>	<http://www.wikidata.org/entity/Q56356571>	14706	514	29	29	0	11	0	548	548
Arabic	Northern Sami	20	25	<http://www.wikidata.org/entity/Q13955>	<http://www.wikidata.org/entity/Q33947>	14706	14	0	0	0	0	0	14	14
Arabic	Nynorsk	20	8	<http://www.wikidata.org/entity/Q13955>	<http://www.wikidata.org/entity/Q25164>	14706	451	0	2	0	10	0	461	461
Arabic	Persian	20	15	<http://www.wikidata.org/entity/Q13955>	<http://www.wikidata.org/entity/Q9168>	14706	26	2	2	0	3	27	58	58
Arabic	Polish	20	36	<http://www.wikidata.org/entity/Q13955>	<http://www.wikidata.org/entity/Q809>	14706	162	3	5	0	0	1	162	162
Arabic	Portuguese	20	1	<http://www.wikidata.org/entity/Q13955>	<http://www.wikidata.org/entity/Q5146>	14706	347	0	7	0	19	1	369	369
Arabic	Punjabi	20	27	<http://www.wikidata.org/entity/Q13955>	<http://www.wikidata.org/entity/Q58635>	14706	437	4	7	0	18	3	463	463
Arabic	Quechua	20	44	<http://www.wikidata.org/entity/Q13955>	<http://www.wikidata.org/entity/Q5218>	14706	8	0	2	0	0	0	8	8
Arabic	Russian	20	17	<http://www.wikidata.org/entity/Q13955>	<http://www.wikidata.org/entity/Q7737>	14706	532	2	5	0	10	15	545	545
Arabic	Sanskrit	20	47	<http://www.wikidata.org/entity/Q13955>	<http://www.wikidata.org/entity/Q11059>	14706	143	0	0	0	10	0	153	153
Arabic	Southern Min	20	45	<http://www.wikidata.org/entity/Q13955>	<http://www.wikidata.org/entity/Q36495>	14706	141	0	5	0	4	0	147	147
Arabic	Spanish	20	12	<http://www.wikidata.org/entity/Q13955>	<http://www.wikidata.org/entity/Q1321>	14706	337	3	10	2	11	3	349	349
Arabic	Standard Chinese	20	35	<http://www.wikidata.org/entity/Q13955>	<http://www.wikidata.org/entity/Q727694>	14706	235	0	4	0	14	0	250	250
Arabic	Sumerian	20	18	<http://www.wikidata.org/entity/Q13955>	<http://www.wikidata.org/entity/Q36790>	14706	296	1	2	0	30	0	326	326
Arabic	Swedish	20	4	<http://www.wikidata.org/entity/Q13955>	<http://www.wikidata.org/entity/Q9027>	14706	585	1	3	2	13	0	599	599
Arabic	Turkish	20	40	<http://www.wikidata.org/entity/Q13955>	<http://www.wikidata.org/entity/Q256>	14706	282	7	8	0	25	7	317	317
Arabic	Ugaritic	20	38	<http://www.wikidata.org/entity/Q13955>	<http://www.wikidata.org/entity/Q36928>	14706	172	0	0	0	0	0	172	172
Aragonese	Akkadian	6	19	<http://www.wikidata.org/entity/Q8765>	<http://www.wikidata.org/entity/Q35518>	33758	16	0	0	0	2	0	18	18
Aragonese	Albanian	6	28	<http://www.wikidata.org/entity/Q8765>	<http://www.wikidata.org/entity/Q8748>	33758	14	0	0	0	0	0	14	14
Aragonese	Arabic	6	20	<http://www.wikidata.org/entity/Q8765>	<http://www.wikidata.org/entity/Q13955>	33758	31	0	0	0	1	1	33	33
Aragonese	Bangla	6	21	<http://www.wikidata.org/entity/Q8765>	<http://www.wikidata.org/entity/Q9610>	33758	29	0	0	0	2	3	34	34
Aragonese	Banjar	6	46	<http://www.wikidata.org/entity/Q8765>	<http://www.wikidata.org/entity/Q33151>	33758	1	0	0	0	0	0	1	1
Aragonese	Basque	6	9	<http://www.wikidata.org/entity/Q8765>	<http://www.wikidata.org/entity/Q8752>	33758	31	0	0	0	0	1	31	31
Aragonese	Bokmål	6	3	<http://www.wikidata.org/entity/Q8765>	<http://www.wikidata.org/entity/Q25167>	33758	62	0	0	0	2	0	64	64
Aragonese	Breton	6	31	<http://www.wikidata.org/entity/Q8765>	<http://www.wikidata.org/entity/Q12107>	33758	33	0	0	0	2	0	35	35
Aragonese	Central Bikol	6	49	<http://www.wikidata.org/entity/Q8765>	<http://www.wikidata.org/entity/Q33284>	33758	1	0	0	0	0	0	1	1
Aragonese	Czech	6	11	<http://www.wikidata.org/entity/Q8765>	<http://www.wikidata.org/entity/Q9056>	33758	30	1	2	0	0	0	31	31
Aragonese	Dagbanli	6	22	<http://www.wikidata.org/entity/Q8765>	<http://www.wikidata.org/entity/Q32238>	33758	20	0	0	0	2	0	22	22
Aragonese	Danish	6	14	<http://www.wikidata.org/entity/Q8765>	<http://www.wikidata.org/entity/Q9035>	33758	57	0	2	0	2	0	59	59
Aragonese	Dutch	6	41	<http://www.wikidata.org/entity/Q8765>	<http://www.wikidata.org/entity/Q7411>	33758	28	1	1	0	0	0	28	28
Aragonese	Egyptian	6	16	<http://www.wikidata.org/entity/Q8765>	<http://www.wikidata.org/entity/Q50868>	33758	1	0	0	0	0	0	1	1
Aragonese	English	6	2	<http://www.wikidata.org/entity/Q8765>	<http://www.wikidata.org/entity/Q1860>	33758	76	13	14	0	2	60	95	95
Aragonese	Estonian	6	34	<http://www.wikidata.org/entity/Q8765>	<http://www.wikidata.org/entity/Q9072>	33758	50	0	0	0	2	0	52	52
Aragonese	Finnish	6	42	<http://www.wikidata.org/entity/Q8765>	<http://www.wikidata.org/entity/Q1412>	33758	18	0	0	0	2	0	20	20
Aragonese	French	6	7	<http://www.wikidata.org/entity/Q8765>	<http://www.wikidata.org/entity/Q150>	33758	64	1	2	0	2	3	68	68
Aragonese	Fula	6	26	<http://www.wikidata.org/entity/Q8765>	<http://www.wikidata.org/entity/Q33454>	33758	4	0	0	0	1	0	5	5
Aragonese	German	6	13	<http://www.wikidata.org/entity/Q8765>	<http://www.wikidata.org/entity/Q188>	33758	64	2	3	0	2	4	68	68
Aragonese	Hausa	6	48	<http://www.wikidata.org/entity/Q8765>	<http://www.wikidata.org/entity/Q56475>	33758	22	0	0	0	2	0	24	24
Aragonese	Hebrew	6	29	<http://www.wikidata.org/entity/Q8765>	<http://www.wikidata.org/entity/Q9288>	33758	44	0	0	0	2	2	47	47
Aragonese	Hindustani	6	37	<http://www.wikidata.org/entity/Q8765>	<http://www.wikidata.org/entity/Q11051>	33758	23	0	0	0	2	0	25	25
Aragonese	Igbo	6	32	<http://www.wikidata.org/entity/Q8765>	<http://www.wikidata.org/entity/Q33578>	33758	26	0	0	0	2	0	28	28
Aragonese	Italian	6	10	<http://www.wikidata.org/entity/Q8765>	<http://www.wikidata.org/entity/Q652>	33758	70	3	4	0	1	3	72	72
Aragonese	Japanese	6	5	<http://www.wikidata.org/entity/Q8765>	<http://www.wikidata.org/entity/Q5287>	33758	55	0	1	0	2	0	57	57
Aragonese	Klingon	6	43	<http://www.wikidata.org/entity/Q8765>	<http://www.wikidata.org/entity/Q10134>	33758	21	0	0	0	2	0	23	23
Aragonese	Korean	6	50	<http://www.wikidata.org/entity/Q8765>	<http://www.wikidata.org/entity/Q9176>	33758	12	0	0	0	2	0	14	14
Aragonese	Latin	6	39	<http://www.wikidata.org/entity/Q8765>	<http://www.wikidata.org/entity/Q397>	33758	29	2	2	0	2	0	33	33
Aragonese	Malay	6	33	<http://www.wikidata.org/entity/Q8765>	<http://www.wikidata.org/entity/Q9237>	33758	43	0	0	0	2	0	45	45
Aragonese	Malayalam	6	23	<http://www.wikidata.org/entity/Q8765>	<http://www.wikidata.org/entity/Q36236>	33758	37	0	2	0	2	0	39	39
Aragonese	Mon	6	30	<http://www.wikidata.org/entity/Q8765>	<http://www.wikidata.org/entity/Q13349>	33758	3	0	0	0	0	0	3	3
Aragonese	New Persian	6	24	<http://www.wikidata.org/entity/Q8765>	<http://www.wikidata.org/entity/Q56356571>	33758	45	0	0	0	2	0	47	47
Aragonese	Northern Sami	6	25	<http://www.wikidata.org/entity/Q8765>	<http://www.wikidata.org/entity/Q33947>	33758	5	0	0	0	1	0	6	6
Aragonese	Nynorsk	6	8	<http://www.wikidata.org/entity/Q8765>	<http://www.wikidata.org/entity/Q25164>	33758	53	0	0	0	2	0	55	55
Aragonese	Persian	6	15	<http://www.wikidata.org/entity/Q8765>	<http://www.wikidata.org/entity/Q9168>	33758	4	0	0	0	0	0	4	4
Aragonese	Polish	6	36	<http://www.wikidata.org/entity/Q8765>	<http://www.wikidata.org/entity/Q809>	33758	23	0	0	0	0	0	23	23
Aragonese	Portuguese	6	1	<http://www.wikidata.org/entity/Q8765>	<http://www.wikidata.org/entity/Q5146>	33758	33	4	4	0	2	3	37	37
Aragonese	Punjabi	6	27	<http://www.wikidata.org/entity/Q8765>	<http://www.wikidata.org/entity/Q58635>	33758	45	0	0	0	2	0	47	47
Aragonese	Quechua	6	44	<http://www.wikidata.org/entity/Q8765>	<http://www.wikidata.org/entity/Q5218>	33758	2	0	0	0	0	0	2	2
Aragonese	Russian	6	17	<http://www.wikidata.org/entity/Q8765>	<http://www.wikidata.org/entity/Q7737>	33758	58	0	1	0	1	1	59	59
Aragonese	Sanskrit	6	47	<http://www.wikidata.org/entity/Q8765>	<http://www.wikidata.org/entity/Q11059>	33758	17	0	0	0	1	0	18	18
Aragonese	Southern Min	6	45	<http://www.wikidata.org/entity/Q8765>	<http://www.wikidata.org/entity/Q36495>	33758	29	0	0	0	2	0	31	31
Aragonese	Spanish	6	12	<http://www.wikidata.org/entity/Q8765>	<http://www.wikidata.org/entity/Q1321>	33758	70	31	33	0	2	32480	32536	10000
Aragonese	Standard Chinese	6	35	<http://www.wikidata.org/entity/Q8765>	<http://www.wikidata.org/entity/Q727694>	33758	22	0	0	0	2	0	24	24
Aragonese	Sumerian	6	18	<http://www.wikidata.org/entity/Q8765>	<http://www.wikidata.org/entity/Q36790>	33758	17	0	0	0	2	0	19	19
Aragonese	Swedish	6	4	<http://www.wikidata.org/entity/Q8765>	<http://www.wikidata.org/entity/Q9027>	33758	54	0	0	0	2	0	56	56
Aragonese	Turkish	6	40	<http://www.wikidata.org/entity/Q8765>	<http://www.wikidata.org/entity/Q256>	33758	36	0	0	0	2	0	38	38
Aragonese	Ugaritic	6	38	<http://www.wikidata.org/entity/Q8765>	<http://www.wikidata.org/entity/Q36928>	33758	10	0	0	0	0	0	10	10
Bangla	Akkadian	21	19	<http://www.wikidata.org/entity/Q9610>	<http://www.wikidata.org/entity/Q35518>	14501	665	0	0	0	93	0	758	758
Bangla	Albanian	21	28	<http://www.wikidata.org/entity/Q9610>	<http://www.wikidata.org/entity/Q8748>	14501	337	0	0	0	2	0	339	339
Bangla	Arabic	21	20	<http://www.wikidata.org/entity/Q9610>	<http://www.wikidata.org/entity/Q13955>	14501	417	2	3	0	26	1	444	444
Bangla	Aragonese	21	6	<http://www.wikidata.org/entity/Q9610>	<http://www.wikidata.org/entity/Q8765>	14501	36	0	0	0	2	0	38	38
Bangla	Banjar	21	46	<http://www.wikidata.org/entity/Q9610>	<http://www.wikidata.org/entity/Q33151>	14501	65	0	1	0	1	0	66	66
Bangla	Basque	21	9	<http://www.wikidata.org/entity/Q9610>	<http://www.wikidata.org/entity/Q8752>	14501	333	0	0	0	3	0	336	336
Bangla	Bokmål	21	3	<http://www.wikidata.org/entity/Q9610>	<http://www.wikidata.org/entity/Q25167>	14501	1209	3	6	6	52	1	1270	1270
Bangla	Breton	21	31	<http://www.wikidata.org/entity/Q9610>	<http://www.wikidata.org/entity/Q12107>	14501	818	0	2	0	46	0	864	864
Bangla	Central Bikol	21	49	<http://www.wikidata.org/entity/Q9610>	<http://www.wikidata.org/entity/Q33284>	14501	118	0	0	0	0	0	118	118
Bangla	Czech	21	11	<http://www.wikidata.org/entity/Q9610>	<http://www.wikidata.org/entity/Q9056>	14501	720	2	6	2	14	1	738	738
Bangla	Dagbanli	21	22	<http://www.wikidata.org/entity/Q9610>	<http://www.wikidata.org/entity/Q32238>	14501	502	0	0	0	8	0	510	510
Bangla	Danish	21	14	<http://www.wikidata.org/entity/Q9610>	<http://www.wikidata.org/entity/Q9035>	14501	1027	0	7	6	34	1	1068	1068
Bangla	Dutch	21	41	<http://www.wikidata.org/entity/Q9610>	<http://www.wikidata.org/entity/Q7411>	14501	314	0	3	5	5	1	324	324
Bangla	Egyptian	21	16	<http://www.wikidata.org/entity/Q9610>	<http://www.wikidata.org/entity/Q50868>	14501	29	0	0	0	1	0	30	30
Bangla	English	21	2	<http://www.wikidata.org/entity/Q9610>	<http://www.wikidata.org/entity/Q1860>	14501	1481	51	60	5	166	717	2129	2129
Bangla	Estonian	21	34	<http://www.wikidata.org/entity/Q9610>	<http://www.wikidata.org/entity/Q9072>	14501	758	0	0	0	26	1	784	784
Bangla	Finnish	21	42	<http://www.wikidata.org/entity/Q9610>	<http://www.wikidata.org/entity/Q1412>	14501	332	0	1	0	17	1	351	351
Bangla	French	21	7	<http://www.wikidata.org/entity/Q9610>	<http://www.wikidata.org/entity/Q150>	14501	1314	3	12	4	91	1	1408	1408
Bangla	Fula	21	26	<http://www.wikidata.org/entity/Q9610>	<http://www.wikidata.org/entity/Q33454>	14501	111	0	0	0	2	0	113	113
Bangla	German	21	13	<http://www.wikidata.org/entity/Q9610>	<http://www.wikidata.org/entity/Q188>	14501	1275	14	18	6	94	3	1379	1379
Bangla	Hausa	21	48	<http://www.wikidata.org/entity/Q9610>	<http://www.wikidata.org/entity/Q56475>	14501	381	0	0	0	52	0	433	433
Bangla	Hebrew	21	29	<http://www.wikidata.org/entity/Q9610>	<http://www.wikidata.org/entity/Q9288>	14501	874	0	1	2	18	1	894	894
Bangla	Hindustani	21	37	<http://www.wikidata.org/entity/Q9610>	<http://www.wikidata.org/entity/Q11051>	14501	836	45	50	0	42	0	916	916
Bangla	Igbo	21	32	<http://www.wikidata.org/entity/Q9610>	<http://www.wikidata.org/entity/Q33578>	14501	665	0	0	0	54	0	719	719
Bangla	Italian	21	10	<http://www.wikidata.org/entity/Q9610>	<http://www.wikidata.org/entity/Q652>	14501	1299	1	7	5	42	1	1348	1348
Bangla	Japanese	21	5	<http://www.wikidata.org/entity/Q9610>	<http://www.wikidata.org/entity/Q5287>	14501	1040	0	8	0	97	0	1139	1139
Bangla	Klingon	21	43	<http://www.wikidata.org/entity/Q9610>	<http://www.wikidata.org/entity/Q10134>	14501	506	0	2	0	41	0	548	548
Bangla	Korean	21	50	<http://www.wikidata.org/entity/Q9610>	<http://www.wikidata.org/entity/Q9176>	14501	181	3	4	0	26	0	210	210
Bangla	Latin	21	39	<http://www.wikidata.org/entity/Q9610>	<http://www.wikidata.org/entity/Q397>	14501	418	0	4	0	12	0	431	431
Bangla	Malay	21	33	<http://www.wikidata.org/entity/Q9610>	<http://www.wikidata.org/entity/Q9237>	14501	846	1	7	0	76	0	924	924
Bangla	Malayalam	21	23	<http://www.wikidata.org/entity/Q9610>	<http://www.wikidata.org/entity/Q36236>	14501	1060	4	21	0	18	0	1083	1083
Bangla	Mon	21	30	<http://www.wikidata.org/entity/Q9610>	<http://www.wikidata.org/entity/Q13349>	14501	10	0	0	0	0	0	10	10
Bangla	New Persian	21	24	<http://www.wikidata.org/entity/Q9610>	<http://www.wikidata.org/entity/Q56356571>	14501	865	6	8	2	36	0	908	908
Bangla	Northern Sami	21	25	<http://www.wikidata.org/entity/Q9610>	<http://www.wikidata.org/entity/Q33947>	14501	22	0	0	0	1	0	23	23
Bangla	Nynorsk	21	8	<http://www.wikidata.org/entity/Q9610>	<http://www.wikidata.org/entity/Q25164>	14501	908	1	4	3	32	0	944	944
Bangla	Persian	21	15	<http://www.wikidata.org/entity/Q9610>	<http://www.wikidata.org/entity/Q9168>	14501	42	1	1	0	12	0	55	55
Bangla	Polish	21	36	<http://www.wikidata.org/entity/Q9610>	<http://www.wikidata.org/entity/Q809>	14501	332	0	1	0	0	6	337	337
Bangla	Portuguese	21	1	<http://www.wikidata.org/entity/Q9610>	<http://www.wikidata.org/entity/Q5146>	14501	765	3	8	2	42	0	813	813
Bangla	Punjabi	21	27	<http://www.wikidata.org/entity/Q9610>	<http://www.wikidata.org/entity/Q58635>	14501	905	36	42	1	67	17	1016	1016
Bangla	Quechua	21	44	<http://www.wikidata.org/entity/Q9610>	<http://www.wikidata.org/entity/Q5218>	14501	13	0	1	0	0	0	13	13
Bangla	Russian	21	17	<http://www.wikidata.org/entity/Q9610>	<http://www.wikidata.org/entity/Q7737>	14501	1009	1	4	1	25	7	1039	1039
Bangla	Sanskrit	21	47	<http://www.wikidata.org/entity/Q9610>	<http://www.wikidata.org/entity/Q11059>	14501	538	16	17	0	27	0	578	578
Bangla	Southern Min	21	45	<http://www.wikidata.org/entity/Q9610>	<http://www.wikidata.org/entity/Q36495>	14501	463	0	3	0	17	0	481	481
Bangla	Spanish	21	12	<http://www.wikidata.org/entity/Q9610>	<http://www.wikidata.org/entity/Q1321>	14501	726	1	8	6	30	15	763	763
Bangla	Standard Chinese	21	35	<http://www.wikidata.org/entity/Q9610>	<http://www.wikidata.org/entity/Q727694>	14501	538	0	4	0	48	0	587	587
Bangla	Sumerian	21	18	<http://www.wikidata.org/entity/Q9610>	<http://www.wikidata.org/entity/Q36790>	14501	720	0	0	0	98	0	818	818
Bangla	Swedish	21	4	<http://www.wikidata.org/entity/Q9610>	<http://www.wikidata.org/entity/Q9027>	14501	1151	2	8	6	84	1	1242	1242
Bangla	Turkish	21	40	<http://www.wikidata.org/entity/Q9610>	<http://www.wikidata.org/entity/Q256>	14501	481	1	4	0	64	1	548	548
Bangla	Ugaritic	21	38	<http://www.wikidata.org/entity/Q9610>	<http://www.wikidata.org/entity/Q36928>	14501	488	0	0	0	0	0	488	488
Banjar	Akkadian	46	19	<http://www.wikidata.org/entity/Q33151>	<http://www.wikidata.org/entity/Q35518>	1938	66	0	0	0	1	0	67	67
Banjar	Albanian	46	28	<http://www.wikidata.org/entity/Q33151>	<http://www.wikidata.org/entity/Q8748>	1938	15	0	0	0	0	0	15	15
Banjar	Arabic	46	20	<http://www.wikidata.org/entity/Q33151>	<http://www.wikidata.org/entity/Q13955>	1938	28	0	1	0	0	2	29	29
Banjar	Aragonese	46	6	<http://www.wikidata.org/entity/Q33151>	<http://www.wikidata.org/entity/Q8765>	1938	1	0	0	0	0	0	1	1
Banjar	Bangla	46	21	<http://www.wikidata.org/entity/Q33151>	<http://www.wikidata.org/entity/Q9610>	1938	34	0	0	0	1	2	35	35
Banjar	Basque	46	9	<http://www.wikidata.org/entity/Q33151>	<http://www.wikidata.org/entity/Q8752>	1938	21	0	1	0	0	0	21	21
Banjar	Bokmål	46	3	<http://www.wikidata.org/entity/Q33151>	<http://www.wikidata.org/entity/Q25167>	1938	90	0	0	0	0	0	90	90
Banjar	Breton	46	31	<http://www.wikidata.org/entity/Q33151>	<http://www.wikidata.org/entity/Q12107>	1938	64	0	0	0	0	0	64	64
Banjar	Central Bikol	46	49	<http://www.wikidata.org/entity/Q33151>	<http://www.wikidata.org/entity/Q33284>	1938	5	0	0	0	0	0	5	5
Banjar	Czech	46	11	<http://www.wikidata.org/entity/Q33151>	<http://www.wikidata.org/entity/Q9056>	1938	47	2	5	0	0	0	47	47
Banjar	Dagbanli	46	22	<http://www.wikidata.org/entity/Q33151>	<http://www.wikidata.org/entity/Q32238>	1938	54	0	1	0	0	0	54	54
Banjar	Danish	46	14	<http://www.wikidata.org/entity/Q33151>	<http://www.wikidata.org/entity/Q9035>	1938	79	2	3	0	0	0	79	79
Banjar	Dutch	46	41	<http://www.wikidata.org/entity/Q33151>	<http://www.wikidata.org/entity/Q7411>	1938	26	1	2	0	0	0	26	26
Banjar	Egyptian	46	16	<http://www.wikidata.org/entity/Q33151>	<http://www.wikidata.org/entity/Q50868>	1938	5	0	0	0	0	0	5	5
Banjar	English	46	2	<http://www.wikidata.org/entity/Q33151>	<http://www.wikidata.org/entity/Q1860>	1938	97	77	77	0	1	378	399	399
Banjar	Estonian	46	34	<http://www.wikidata.org/entity/Q33151>	<http://www.wikidata.org/entity/Q9072>	1938	53	0	1	0	0	0	54	54
Banjar	Finnish	46	42	<http://www.wikidata.org/entity/Q33151>	<http://www.wikidata.org/entity/Q1412>	1938	31	0	0	0	0	0	31	31
Banjar	French	46	7	<http://www.wikidata.org/entity/Q33151>	<http://www.wikidata.org/entity/Q150>	1938	75	9	14	0	0	2	77	77
Banjar	Fula	46	26	<http://www.wikidata.org/entity/Q33151>	<http://www.wikidata.org/entity/Q33454>	1938	16	0	0	0	0	0	16	16
Banjar	German	46	13	<http://www.wikidata.org/entity/Q33151>	<http://www.wikidata.org/entity/Q188>	1938	87	10	17	0	0	2	90	90
Banjar	Hausa	46	48	<http://www.wikidata.org/entity/Q33151>	<http://www.wikidata.org/entity/Q56475>	1938	35	0	0	0	0	0	35	35
Banjar	Hebrew	46	29	<http://www.wikidata.org/entity/Q33151>	<http://www.wikidata.org/entity/Q9288>	1938	70	0	0	0	0	0	70	70
Banjar	Hindustani	46	37	<http://www.wikidata.org/entity/Q33151>	<http://www.wikidata.org/entity/Q11051>	1938	32	3	6	0	0	0	33	33
Banjar	Igbo	46	32	<http://www.wikidata.org/entity/Q33151>	<http://www.wikidata.org/entity/Q33578>	1938	52	0	0	0	0	0	52	52
Banjar	Italian	46	10	<http://www.wikidata.org/entity/Q33151>	<http://www.wikidata.org/entity/Q652>	1938	81	6	8	0	0	0	86	86
Banjar	Japanese	46	5	<http://www.wikidata.org/entity/Q33151>	<http://www.wikidata.org/entity/Q5287>	1938	69	12	15	0	0	2	73	73
Banjar	Klingon	46	43	<http://www.wikidata.org/entity/Q33151>	<http://www.wikidata.org/entity/Q10134>	1938	36	0	0	0	0	0	36	36
Banjar	Korean	46	50	<http://www.wikidata.org/entity/Q33151>	<http://www.wikidata.org/entity/Q9176>	1938	8	0	0	0	0	0	8	8
Banjar	Latin	46	39	<http://www.wikidata.org/entity/Q33151>	<http://www.wikidata.org/entity/Q397>	1938	34	1	1	0	0	0	35	35
Banjar	Malay	46	33	<http://www.wikidata.org/entity/Q33151>	<http://www.wikidata.org/entity/Q9237>	1938	72	23	24	0	0	2	80	80
Banjar	Malayalam	46	23	<http://www.wikidata.org/entity/Q33151>	<http://www.wikidata.org/entity/Q36236>	1938	64	4	9	0	0	0	66	66
Banjar	Mon	46	30	<http://www.wikidata.org/entity/Q33151>	<http://www.wikidata.org/entity/Q13349>	1938	3	0	0	0	0	0	3	3
Banjar	New Persian	46	24	<http://www.wikidata.org/entity/Q33151>	<http://www.wikidata.org/entity/Q56356571>	1938	53	0	1	0	0	0	53	53
Banjar	Northern Sami	46	25	<http://www.wikidata.org/entity/Q33151>	<http://www.wikidata.org/entity/Q33947>	1938	4	0	0	0	0	0	4	4
Banjar	Nynorsk	46	8	<http://www.wikidata.org/entity/Q33151>	<http://www.wikidata.org/entity/Q25164>	1938	81	0	2	0	0	0	81	81
Banjar	Persian	46	15	<http://www.wikidata.org/entity/Q33151>	<http://www.wikidata.org/entity/Q9168>	1938	6	0	0	0	0	0	6	6
Banjar	Polish	46	36	<http://www.wikidata.org/entity/Q33151>	<http://www.wikidata.org/entity/Q809>	1938	24	0	1	0	0	0	24	24
Banjar	Portuguese	46	1	<http://www.wikidata.org/entity/Q33151>	<http://www.wikidata.org/entity/Q5146>	1938	47	1	4	0	0	0	49	49
Banjar	Punjabi	46	27	<http://www.wikidata.org/entity/Q33151>	<http://www.wikidata.org/entity/Q58635>	1938	54	0	0	0	0	0	54	54
Banjar	Quechua	46	44	<http://www.wikidata.org/entity/Q33151>	<http://www.wikidata.org/entity/Q5218>	1938	4	0	2	0	0	0	4	4
Banjar	Russian	46	17	<http://www.wikidata.org/entity/Q33151>	<http://www.wikidata.org/entity/Q7737>	1938	67	1	3	0	0	0	68	68
Banjar	Sanskrit	46	47	<http://www.wikidata.org/entity/Q33151>	<http://www.wikidata.org/entity/Q11059>	1938	23	1	1	0	0	0	23	23
Banjar	Southern Min	46	45	<http://www.wikidata.org/entity/Q33151>	<http://www.wikidata.org/entity/Q36495>	1938	26	1	8	0	0	0	28	28
Banjar	Spanish	46	12	<http://www.wikidata.org/entity/Q33151>	<http://www.wikidata.org/entity/Q1321>	1938	44	2	8	0	0	2	47	47
Banjar	Standard Chinese	46	35	<http://www.wikidata.org/entity/Q33151>	<http://www.wikidata.org/entity/Q727694>	1938	22	1	4	0	0	0	22	22
Banjar	Sumerian	46	18	<http://www.wikidata.org/entity/Q33151>	<http://www.wikidata.org/entity/Q36790>	1938	62	0	0	0	1	0	63	63
Banjar	Swedish	46	4	<http://www.wikidata.org/entity/Q33151>	<http://www.wikidata.org/entity/Q9027>	1938	89	2	2	0	1	0	90	90
Banjar	Turkish	46	40	<http://www.wikidata.org/entity/Q33151>	<http://www.wikidata.org/entity/Q256>	1938	32	0	1	0	0	0	32	32
Banjar	Ugaritic	46	38	<http://www.wikidata.org/entity/Q33151>	<http://www.wikidata.org/entity/Q36928>	1938	38	0	0	0	0	0	38	38
Basque	Akkadian	9	19	<http://www.wikidata.org/entity/Q8752>	<http://www.wikidata.org/entity/Q35518>	30759	304	0	1	0	0	0	304	304
Basque	Albanian	9	28	<http://www.wikidata.org/entity/Q8752>	<http://www.wikidata.org/entity/Q8748>	30759	117	0	1	0	0	0	117	117
Basque	Arabic	9	20	<http://www.wikidata.org/entity/Q8752>	<http://www.wikidata.org/entity/Q13955>	30759	197	0	0	0	0	0	197	197
Basque	Aragonese	9	6	<http://www.wikidata.org/entity/Q8752>	<http://www.wikidata.org/entity/Q8765>	30759	33	0	0	0	0	0	33	33
Basque	Bangla	9	21	<http://www.wikidata.org/entity/Q8752>	<http://www.wikidata.org/entity/Q9610>	30759	274	0	0	0	3	2	279	279
Basque	Banjar	9	46	<http://www.wikidata.org/entity/Q8752>	<http://www.wikidata.org/entity/Q33151>	30759	25	0	1	0	0	0	25	25
Basque	Bokmål	9	3	<http://www.wikidata.org/entity/Q8752>	<http://www.wikidata.org/entity/Q25167>	30759	1585	1	3	0	1	0	1587	1587
Basque	Breton	9	31	<http://www.wikidata.org/entity/Q8752>	<http://www.wikidata.org/entity/Q12107>	30759	522	1	2	0	1	0	523	523
Basque	Central Bikol	9	49	<http://www.wikidata.org/entity/Q8752>	<http://www.wikidata.org/entity/Q33284>	30759	8	0	0	0	0	0	8	8
Basque	Czech	9	11	<http://www.wikidata.org/entity/Q8752>	<http://www.wikidata.org/entity/Q9056>	30759	490	6	11	0	0	2	491	491
Basque	Dagbanli	9	22	<http://www.wikidata.org/entity/Q8752>	<http://www.wikidata.org/entity/Q32238>	30759	276	0	2	0	0	0	276	276
Basque	Danish	9	14	<http://www.wikidata.org/entity/Q8752>	<http://www.wikidata.org/entity/Q9035>	30759	989	1	7	0	1	0	991	991
Basque	Dutch	9	41	<http://www.wikidata.org/entity/Q8752>	<http://www.wikidata.org/entity/Q7411>	30759	341	0	5	0	0	0	341	341
Basque	Egyptian	9	16	<http://www.wikidata.org/entity/Q8752>	<http://www.wikidata.org/entity/Q50868>	30759	12	0	0	0	0	0	12	12
Basque	English	9	2	<http://www.wikidata.org/entity/Q8752>	<http://www.wikidata.org/entity/Q1860>	30759	1922	14	26	0	3	44	1939	1939
Basque	Estonian	9	34	<http://www.wikidata.org/entity/Q8752>	<http://www.wikidata.org/entity/Q9072>	30759	500	0	2	0	1	0	501	501
Basque	Finnish	9	42	<http://www.wikidata.org/entity/Q8752>	<http://www.wikidata.org/entity/Q1412>	30759	175	1	1	0	0	0	175	175
Basque	French	9	7	<http://www.wikidata.org/entity/Q8752>	<http://www.wikidata.org/entity/Q150>	30759	1496	3	12	0	3	2	1499	1499
Basque	Fula	9	26	<http://www.wikidata.org/entity/Q8752>	<http://www.wikidata.org/entity/Q33454>	30759	37	0	0	0	0	0	37	37
Basque	German	9	13	<http://www.wikidata.org/entity/Q8752>	<http://www.wikidata.org/entity/Q188>	30759	1245	5	8	0	3	7	1248	1248
Basque	Hausa	9	48	<http://www.wikidata.org/entity/Q8752>	<http://www.wikidata.org/entity/Q56475>	30759	167	0	0	0	1	0	168	168
Basque	Hebrew	9	29	<http://www.wikidata.org/entity/Q8752>	<http://www.wikidata.org/entity/Q9288>	30759	964	0	3	0	1	0	965	965
Basque	Hindustani	9	37	<http://www.wikidata.org/entity/Q8752>	<http://www.wikidata.org/entity/Q11051>	30759	224	0	0	0	1	0	225	225
Basque	Igbo	9	32	<http://www.wikidata.org/entity/Q8752>	<http://www.wikidata.org/entity/Q33578>	30759	320	0	0	0	2	0	322	322
Basque	Italian	9	10	<http://www.wikidata.org/entity/Q8752>	<http://www.wikidata.org/entity/Q652>	30759	1788	4	9	0	1	0	1789	1789
Basque	Japanese	9	5	<http://www.wikidata.org/entity/Q8752>	<http://www.wikidata.org/entity/Q5287>	30759	936	0	3	0	2	0	938	938
Basque	Klingon	9	43	<http://www.wikidata.org/entity/Q8752>	<http://www.wikidata.org/entity/Q10134>	30759	281	0	0	0	0	0	281	281
Basque	Korean	9	50	<http://www.wikidata.org/entity/Q8752>	<http://www.wikidata.org/entity/Q9176>	30759	143	2	3	0	0	2	143	143
Basque	Latin	9	39	<http://www.wikidata.org/entity/Q8752>	<http://www.wikidata.org/entity/Q397>	30759	346	0	3	0	1	0	347	347
Basque	Malay	9	33	<http://www.wikidata.org/entity/Q8752>	<http://www.wikidata.org/entity/Q9237>	30759	541	0	1	0	3	0	544	544
Basque	Malayalam	9	23	<http://www.wikidata.org/entity/Q8752>	<http://www.wikidata.org/entity/Q36236>	30759	726	0	1	0	0	0	726	726
Basque	Mon	9	30	<http://www.wikidata.org/entity/Q8752>	<http://www.wikidata.org/entity/Q13349>	30759	6	0	0	0	0	0	6	6
Basque	New Persian	9	24	<http://www.wikidata.org/entity/Q8752>	<http://www.wikidata.org/entity/Q56356571>	30759	540	0	1	0	2	0	542	542
Basque	Northern Sami	9	25	<http://www.wikidata.org/entity/Q8752>	<http://www.wikidata.org/entity/Q33947>	30759	12	0	0	0	0	0	12	12
Basque	Nynorsk	9	8	<http://www.wikidata.org/entity/Q8752>	<http://www.wikidata.org/entity/Q25164>	30759	1171	2	6	0	0	0	1172	1172
Basque	Persian	9	15	<http://www.wikidata.org/entity/Q8752>	<http://www.wikidata.org/entity/Q9168>	30759	109	0	0	0	1	0	110	110
Basque	Polish	9	36	<http://www.wikidata.org/entity/Q8752>	<http://www.wikidata.org/entity/Q809>	30759	194	2	4	0	0	12	197	197
Basque	Portuguese	9	1	<http://www.wikidata.org/entity/Q8752>	<http://www.wikidata.org/entity/Q5146>	30759	528	1	5	0	2	0	530	530
Basque	Punjabi	9	27	<http://www.wikidata.org/entity/Q8752>	<http://www.wikidata.org/entity/Q58635>	30759	391	0	0	0	2	0	393	393
Basque	Quechua	9	44	<http://www.wikidata.org/entity/Q8752>	<http://www.wikidata.org/entity/Q5218>	30759	10	0	1	0	0	0	10	10
Basque	Russian	9	17	<http://www.wikidata.org/entity/Q8752>	<http://www.wikidata.org/entity/Q7737>	30759	1206	1	3	0	1	18	1207	1207
Basque	Sanskrit	9	47	<http://www.wikidata.org/entity/Q8752>	<http://www.wikidata.org/entity/Q11059>	30759	89	0	0	0	1	0	90	90
Basque	Southern Min	9	45	<http://www.wikidata.org/entity/Q8752>	<http://www.wikidata.org/entity/Q36495>	30759	263	0	1	0	1	0	264	264
Basque	Spanish	9	12	<http://www.wikidata.org/entity/Q8752>	<http://www.wikidata.org/entity/Q1321>	30759	732	17	20	0	0	25	734	734
Basque	Standard Chinese	9	35	<http://www.wikidata.org/entity/Q8752>	<http://www.wikidata.org/entity/Q727694>	30759	201	3	5	0	1	0	202	202
Basque	Sumerian	9	18	<http://www.wikidata.org/entity/Q8752>	<http://www.wikidata.org/entity/Q36790>	30759	312	1	1	0	2	0	314	314
Basque	Swedish	9	4	<http://www.wikidata.org/entity/Q8752>	<http://www.wikidata.org/entity/Q9027>	30759	1354	1	3	0	1	0	1355	1355
Basque	Turkish	9	40	<http://www.wikidata.org/entity/Q8752>	<http://www.wikidata.org/entity/Q256>	30759	232	0	1	0	2	0	234	234
Basque	Ugaritic	9	38	<http://www.wikidata.org/entity/Q8752>	<http://www.wikidata.org/entity/Q36928>	30759	162	0	0	0	0	0	162	162
Bokmål	Akkadian	3	19	<http://www.wikidata.org/entity/Q25167>	<http://www.wikidata.org/entity/Q35518>	50565	1911	0	1	0	81	0	1992	1992
Bokmål	Albanian	3	28	<http://www.wikidata.org/entity/Q25167>	<http://www.wikidata.org/entity/Q8748>	50565	416	0	2	3	2	0	420	420
Bokmål	Arabic	3	20	<http://www.wikidata.org/entity/Q25167>	<http://www.wikidata.org/entity/Q13955>	50565	850	1	5	2	24	0	876	876
Bokmål	Aragonese	3	6	<http://www.wikidata.org/entity/Q25167>	<http://www.wikidata.org/entity/Q8765>	50565	87	0	0	0	4	0	91	91
Bokmål	Bangla	3	21	<http://www.wikidata.org/entity/Q25167>	<http://www.wikidata.org/entity/Q9610>	50565	1159	3	6	8	75	12	1255	1255
Bokmål	Banjar	3	46	<http://www.wikidata.org/entity/Q25167>	<http://www.wikidata.org/entity/Q33151>	50565	162	0	0	0	0	1	163	163
Bokmål	Basque	3	9	<http://www.wikidata.org/entity/Q25167>	<http://www.wikidata.org/entity/Q8752>	50565	2030	1	3	0	1	0	2032	2032
Bokmål	Breton	3	31	<http://www.wikidata.org/entity/Q25167>	<http://www.wikidata.org/entity/Q12107>	50565	2597	1	4	9	59	0	2661	2661
Bokmål	Central Bikol	3	49	<http://www.wikidata.org/entity/Q25167>	<http://www.wikidata.org/entity/Q33284>	50565	44	0	0	0	0	0	44	44
Bokmål	Czech	3	11	<http://www.wikidata.org/entity/Q25167>	<http://www.wikidata.org/entity/Q9056>	50565	2464	3	18	34	13	13	2496	2496
Bokmål	Dagbanli	3	22	<http://www.wikidata.org/entity/Q25167>	<http://www.wikidata.org/entity/Q32238>	50565	1360	1	3	0	14	0	1374	1374
Bokmål	Danish	3	14	<http://www.wikidata.org/entity/Q25167>	<http://www.wikidata.org/entity/Q9035>	50565	6399	174	187	240	83	22	6819	6819
Bokmål	Dutch	3	41	<http://www.wikidata.org/entity/Q25167>	<http://www.wikidata.org/entity/Q7411>	50565	1267	2	4	266	9	9	1543	1543
Bokmål	Egyptian	3	16	<http://www.wikidata.org/entity/Q25167>	<http://www.wikidata.org/entity/Q50868>	50565	65	0	0	0	0	0	65	65
Bokmål	English	3	2	<http://www.wikidata.org/entity/Q25167>	<http://www.wikidata.org/entity/Q1860>	50565	10238	73	107	178	240	49469	49649	10000
Bokmål	Estonian	3	34	<http://www.wikidata.org/entity/Q25167>	<http://www.wikidata.org/entity/Q9072>	50565	2659	4	5	1	39	5	2704	2704
Bokmål	Finnish	3	42	<http://www.wikidata.org/entity/Q25167>	<http://www.wikidata.org/entity/Q1412>	50565	996	2	9	3	24	6	1030	1030
Bokmål	French	3	7	<http://www.wikidata.org/entity/Q25167>	<http://www.wikidata.org/entity/Q150>	50565	7568	19	47	310	117	12	7954	7954
Bokmål	Fula	3	26	<http://www.wikidata.org/entity/Q25167>	<http://www.wikidata.org/entity/Q33454>	50565	196	0	0	0	4	0	200	200
Bokmål	German	3	13	<http://www.wikidata.org/entity/Q25167>	<http://www.wikidata.org/entity/Q188>	50565	7415	36	75	191	143	22	7722	7722
Bokmål	Hausa	3	48	<http://www.wikidata.org/entity/Q25167>	<http://www.wikidata.org/entity/Q56475>	50565	725	0	0	1	43	0	769	769
Bokmål	Hebrew	3	29	<http://www.wikidata.org/entity/Q25167>	<http://www.wikidata.org/entity/Q9288>	50565	4435	1	5	3	29	0	4467	4467
Bokmål	Hindustani	3	37	<http://www.wikidata.org/entity/Q25167>	<http://www.wikidata.org/entity/Q11051>	50565	1103	3	3	3	41	0	1147	1147
Bokmål	Igbo	3	32	<http://www.wikidata.org/entity/Q25167>	<http://www.wikidata.org/entity/Q33578>	50565	1665	0	1	0	65	0	1728	1728
Bokmål	Italian	3	10	<http://www.wikidata.org/entity/Q25167>	<http://www.wikidata.org/entity/Q652>	50565	8686	22	37	279	42	10	9020	9020
Bokmål	Japanese	3	5	<http://www.wikidata.org/entity/Q25167>	<http://www.wikidata.org/entity/Q5287>	50565	5178	0	10	8	95	0	5276	5276
Bokmål	Klingon	3	43	<http://www.wikidata.org/entity/Q25167>	<http://www.wikidata.org/entity/Q10134>	50565	1216	0	2	2	53	0	1271	1271
Bokmål	Korean	3	50	<http://www.wikidata.org/entity/Q25167>	<http://www.wikidata.org/entity/Q9176>	50565	599	0	0	0	36	0	635	635
Bokmål	Latin	3	39	<http://www.wikidata.org/entity/Q25167>	<http://www.wikidata.org/entity/Q397>	50565	1653	0	8	0	13	0	1667	1667
Bokmål	Malay	3	33	<http://www.wikidata.org/entity/Q25167>	<http://www.wikidata.org/entity/Q9237>	50565	2484	0	7	2	74	1	2558	2558
Bokmål	Malayalam	3	23	<http://www.wikidata.org/entity/Q25167>	<http://www.wikidata.org/entity/Q36236>	50565	3504	2	7	0	19	0	3523	3523
Bokmål	Mon	3	30	<http://www.wikidata.org/entity/Q25167>	<http://www.wikidata.org/entity/Q13349>	50565	22	0	0	0	0	0	22	22
Bokmål	New Persian	3	24	<http://www.wikidata.org/entity/Q25167>	<http://www.wikidata.org/entity/Q56356571>	50565	2674	2	5	11	53	0	2736	2736
Bokmål	Northern Sami	3	25	<http://www.wikidata.org/entity/Q25167>	<http://www.wikidata.org/entity/Q33947>	50565	31	2	5	0	1	2	33	33
Bokmål	Nynorsk	3	8	<http://www.wikidata.org/entity/Q25167>	<http://www.wikidata.org/entity/Q25164>	50565	14299	32595	32597	382	191	7	33175	10000
Bokmål	Persian	3	15	<http://www.wikidata.org/entity/Q25167>	<http://www.wikidata.org/entity/Q9168>	50565	549	0	0	0	16	0	565	565
Bokmål	Polish	3	36	<http://www.wikidata.org/entity/Q25167>	<http://www.wikidata.org/entity/Q809>	50565	866	2	12	1	1	12	870	870
Bokmål	Portuguese	3	1	<http://www.wikidata.org/entity/Q25167>	<http://www.wikidata.org/entity/Q5146>	50565	2439	1	8	41	60	8	2541	2541
Bokmål	Punjabi	3	27	<http://www.wikidata.org/entity/Q25167>	<http://www.wikidata.org/entity/Q58635>	50565	2129	3	4	11	80	0	2222	2222
Bokmål	Quechua	3	44	<http://www.wikidata.org/entity/Q25167>	<http://www.wikidata.org/entity/Q5218>	50565	28	0	1	0	0	0	28	28
Bokmål	Russian	3	17	<http://www.wikidata.org/entity/Q25167>	<http://www.wikidata.org/entity/Q7737>	50565	6220	2	7	31	27	8	6270	6270
Bokmål	Sanskrit	3	47	<http://www.wikidata.org/entity/Q25167>	<http://www.wikidata.org/entity/Q11059>	50565	540	0	0	0	19	0	559	559
Bokmål	Southern Min	3	45	<http://www.wikidata.org/entity/Q25167>	<http://www.wikidata.org/entity/Q36495>	50565	1140	0	6	0	25	0	1168	1168
Bokmål	Spanish	3	12	<http://www.wikidata.org/entity/Q25167>	<http://www.wikidata.org/entity/Q1321>	50565	3394	14	29	370	41	17	3750	3750
Bokmål	Standard Chinese	3	35	<http://www.wikidata.org/entity/Q25167>	<http://www.wikidata.org/entity/Q727694>	50565	1039	3	12	0	34	0	1081	1081
Bokmål	Sumerian	3	18	<http://www.wikidata.org/entity/Q25167>	<http://www.wikidata.org/entity/Q36790>	50565	1978	1	4	0	77	0	2055	2055
Bokmål	Swedish	3	4	<http://www.wikidata.org/entity/Q25167>	<http://www.wikidata.org/entity/Q9027>	50565	8634	93	116	406	122	7	9204	9204
Bokmål	Turkish	3	40	<http://www.wikidata.org/entity/Q25167>	<http://www.wikidata.org/entity/Q256>	50565	1068	1	2	2	55	4	1130	1130
Bokmål	Ugaritic	3	38	<http://www.wikidata.org/entity/Q25167>	<http://www.wikidata.org/entity/Q36928>	50565	929	0	0	0	0	0	929	929
Breton	Akkadian	31	19	<http://www.wikidata.org/entity/Q12107>	<http://www.wikidata.org/entity/Q35518>	5780	1131	0	0	0	54	0	1185	1185
Breton	Albanian	31	28	<http://www.wikidata.org/entity/Q12107>	<http://www.wikidata.org/entity/Q8748>	5780	268	0	1	0	1	0	269	269
Breton	Arabic	31	20	<http://www.wikidata.org/entity/Q12107>	<http://www.wikidata.org/entity/Q13955>	5780	473	1	1	0	14	0	487	487
Breton	Aragonese	31	6	<http://www.wikidata.org/entity/Q12107>	<http://www.wikidata.org/entity/Q8765>	5780	43	0	0	0	2	0	45	45
Breton	Bangla	31	21	<http://www.wikidata.org/entity/Q12107>	<http://www.wikidata.org/entity/Q9610>	5780	658	0	1	0	44	2	704	704
Breton	Banjar	31	46	<http://www.wikidata.org/entity/Q12107>	<http://www.wikidata.org/entity/Q33151>	5780	91	0	0	0	0	0	91	91
Breton	Basque	31	9	<http://www.wikidata.org/entity/Q12107>	<http://www.wikidata.org/entity/Q8752>	5780	641	1	2	0	1	0	642	642
Breton	Bokmål	31	3	<http://www.wikidata.org/entity/Q12107>	<http://www.wikidata.org/entity/Q25167>	5780	2351	1	3	12	48	0	2406	2406
Breton	Central Bikol	31	49	<http://www.wikidata.org/entity/Q12107>	<http://www.wikidata.org/entity/Q33284>	5780	25	0	0	0	0	0	25	25
Breton	Czech	31	11	<http://www.wikidata.org/entity/Q12107>	<http://www.wikidata.org/entity/Q9056>	5780	912	6	14	1	5	10	917	917
Breton	Dagbanli	31	22	<http://www.wikidata.org/entity/Q12107>	<http://www.wikidata.org/entity/Q32238>	5780	823	1	1	0	12	0	835	835
Breton	Danish	31	14	<http://www.wikidata.org/entity/Q12107>	<http://www.wikidata.org/entity/Q9035>	5780	1909	1	13	11	39	8	1959	1959
Breton	Dutch	31	41	<http://www.wikidata.org/entity/Q12107>	<http://www.wikidata.org/entity/Q7411>	5780	496	0	1	9	2	7	506	506
Breton	Egyptian	31	16	<http://www.wikidata.org/entity/Q12107>	<http://www.wikidata.org/entity/Q50868>	5780	50	0	0	0	2	0	52	52
Breton	English	31	2	<http://www.wikidata.org/entity/Q12107>	<http://www.wikidata.org/entity/Q1860>	5780	2781	2	21	7	113	181	2971	2971
Breton	Estonian	31	34	<http://www.wikidata.org/entity/Q12107>	<http://www.wikidata.org/entity/Q9072>	5780	1049	0	1	0	14	0	1063	1063
Breton	Finnish	31	42	<http://www.wikidata.org/entity/Q12107>	<http://www.wikidata.org/entity/Q1412>	5780	464	1	7	0	14	0	478	478
Breton	French	31	7	<http://www.wikidata.org/entity/Q12107>	<http://www.wikidata.org/entity/Q150>	5780	2401	11	23	11	81	5532	5714	5714
Breton	Fula	31	26	<http://www.wikidata.org/entity/Q12107>	<http://www.wikidata.org/entity/Q33454>	5780	149	0	0	0	2	0	151	151
Breton	German	31	13	<http://www.wikidata.org/entity/Q12107>	<http://www.wikidata.org/entity/Q188>	5780	2247	3	17	11	83	12	2337	2337
Breton	Hausa	31	48	<http://www.wikidata.org/entity/Q12107>	<http://www.wikidata.org/entity/Q56475>	5780	477	0	0	0	26	0	503	503
Breton	Hebrew	31	29	<http://www.wikidata.org/entity/Q12107>	<http://www.wikidata.org/entity/Q9288>	5780	1474	0	1	0	14	0	1488	1488
Breton	Hindustani	31	37	<http://www.wikidata.org/entity/Q12107>	<http://www.wikidata.org/entity/Q11051>	5780	641	0	0	0	12	0	653	653
Breton	Igbo	31	32	<http://www.wikidata.org/entity/Q12107>	<http://www.wikidata.org/entity/Q33578>	5780	856	0	0	0	37	0	893	893
Breton	Italian	31	10	<http://www.wikidata.org/entity/Q12107>	<http://www.wikidata.org/entity/Q652>	5780	2438	5	12	11	34	7	2487	2487
Breton	Japanese	31	5	<http://www.wikidata.org/entity/Q12107>	<http://www.wikidata.org/entity/Q5287>	5780	1723	0	2	5	62	0	1790	1790
Breton	Klingon	31	43	<http://www.wikidata.org/entity/Q12107>	<http://www.wikidata.org/entity/Q10134>	5780	730	0	1	1	50	0	782	782
Breton	Korean	31	50	<http://www.wikidata.org/entity/Q12107>	<http://www.wikidata.org/entity/Q9176>	5780	226	0	0	0	24	0	250	250
Breton	Latin	31	39	<http://www.wikidata.org/entity/Q12107>	<http://www.wikidata.org/entity/Q397>	5780	827	0	0	0	8	0	835	835
Breton	Malay	31	33	<http://www.wikidata.org/entity/Q12107>	<http://www.wikidata.org/entity/Q9237>	5780	1043	0	2	0	35	0	1078	1078
Breton	Malayalam	31	23	<http://www.wikidata.org/entity/Q12107>	<http://www.wikidata.org/entity/Q36236>	5780	1254	0	2	0	15	0	1269	1269
Breton	Mon	31	30	<http://www.wikidata.org/entity/Q12107>	<http://www.wikidata.org/entity/Q13349>	5780	15	0	0	0	0	0	15	15
Breton	New Persian	31	24	<http://www.wikidata.org/entity/Q12107>	<http://www.wikidata.org/entity/Q56356571>	5780	1151	0	0	0	30	0	1181	1181
Breton	Northern Sami	31	25	<http://www.wikidata.org/entity/Q12107>	<http://www.wikidata.org/entity/Q33947>	5780	24	0	1	0	1	0	25	25
Breton	Nynorsk	31	8	<http://www.wikidata.org/entity/Q12107>	<http://www.wikidata.org/entity/Q25164>	5780	1826	1	5	8	36	0	1865	1865
Breton	Persian	31	15	<http://www.wikidata.org/entity/Q12107>	<http://www.wikidata.org/entity/Q9168>	5780	112	0	0	0	9	0	121	121
Breton	Polish	31	36	<http://www.wikidata.org/entity/Q12107>	<http://www.wikidata.org/entity/Q809>	5780	414	1	8	0	0	20	414	414
Breton	Portuguese	31	1	<http://www.wikidata.org/entity/Q12107>	<http://www.wikidata.org/entity/Q5146>	5780	1072	0	4	5	39	7	1123	1123
Breton	Punjabi	31	27	<http://www.wikidata.org/entity/Q12107>	<http://www.wikidata.org/entity/Q58635>	5780	1251	0	0	0	47	0	1298	1298
Breton	Quechua	31	44	<http://www.wikidata.org/entity/Q12107>	<http://www.wikidata.org/entity/Q5218>	5780	21	0	1	0	2	0	24	24
Breton	Russian	31	17	<http://www.wikidata.org/entity/Q12107>	<http://www.wikidata.org/entity/Q7737>	5780	2065	16	19	11	22	23	2097	2097
Breton	Sanskrit	31	47	<http://www.wikidata.org/entity/Q12107>	<http://www.wikidata.org/entity/Q11059>	5780	359	0	0	0	17	0	376	376
Breton	Southern Min	31	45	<http://www.wikidata.org/entity/Q12107>	<http://www.wikidata.org/entity/Q36495>	5780	883	1	2	0	33	0	916	916
Breton	Spanish	31	12	<http://www.wikidata.org/entity/Q12107>	<http://www.wikidata.org/entity/Q1321>	5780	1402	3	16	11	30	11	1439	1439
Breton	Standard Chinese	31	35	<http://www.wikidata.org/entity/Q12107>	<http://www.wikidata.org/entity/Q727694>	5780	526	0	1	0	29	0	556	556
Breton	Sumerian	31	18	<http://www.wikidata.org/entity/Q12107>	<http://www.wikidata.org/entity/Q36790>	5780	1160	0	0	0	62	0	1222	1222
Breton	Swedish	31	4	<http://www.wikidata.org/entity/Q12107>	<http://www.wikidata.org/entity/Q9027>	5780	1973	2	4	9	50	1	2032	2032
Breton	Turkish	31	40	<http://www.wikidata.org/entity/Q12107>	<http://www.wikidata.org/entity/Q256>	5780	632	0	0	0	42	0	674	674
Breton	Ugaritic	31	38	<http://www.wikidata.org/entity/Q12107>	<http://www.wikidata.org/entity/Q36928>	5780	632	0	0	0	0	0	632	632
Central Bikol	Akkadian	49	19	<http://www.wikidata.org/entity/Q33284>	<http://www.wikidata.org/entity/Q35518>	1711	18	0	0	0	0	0	18	18
Central Bikol	Albanian	49	28	<http://www.wikidata.org/entity/Q33284>	<http://www.wikidata.org/entity/Q8748>	1711	6	0	0	0	0	6	12	12
Central Bikol	Arabic	49	20	<http://www.wikidata.org/entity/Q33284>	<http://www.wikidata.org/entity/Q13955>	1711	11	0	0	0	0	6	17	17
Central Bikol	Aragonese	49	6	<http://www.wikidata.org/entity/Q33284>	<http://www.wikidata.org/entity/Q8765>	1711	1	0	0	0	0	0	1	1
Central Bikol	Bangla	49	21	<http://www.wikidata.org/entity/Q33284>	<http://www.wikidata.org/entity/Q9610>	1711	16	0	0	0	0	0	16	16
Central Bikol	Banjar	49	46	<http://www.wikidata.org/entity/Q33284>	<http://www.wikidata.org/entity/Q33151>	1711	4	0	0	0	0	0	4	4
Central Bikol	Basque	49	9	<http://www.wikidata.org/entity/Q33284>	<http://www.wikidata.org/entity/Q8752>	1711	6	0	0	0	0	0	6	6
Central Bikol	Bokmål	49	3	<http://www.wikidata.org/entity/Q33284>	<http://www.wikidata.org/entity/Q25167>	1711	23	0	0	0	0	0	23	23
Central Bikol	Breton	49	31	<http://www.wikidata.org/entity/Q33284>	<http://www.wikidata.org/entity/Q12107>	1711	16	0	0	0	0	1	17	17
Central Bikol	Czech	49	11	<http://www.wikidata.org/entity/Q33284>	<http://www.wikidata.org/entity/Q9056>	1711	15	0	0	0	0	1	16	16
Central Bikol	Dagbanli	49	22	<http://www.wikidata.org/entity/Q33284>	<http://www.wikidata.org/entity/Q32238>	1711	20	0	0	0	0	0	20	20
Central Bikol	Danish	49	14	<http://www.wikidata.org/entity/Q33284>	<http://www.wikidata.org/entity/Q9035>	1711	18	0	0	0	0	3	21	21
Central Bikol	Dutch	49	41	<http://www.wikidata.org/entity/Q33284>	<http://www.wikidata.org/entity/Q7411>	1711	9	0	0	0	0	1	10	10
Central Bikol	Egyptian	49	16	<http://www.wikidata.org/entity/Q33284>	<http://www.wikidata.org/entity/Q50868>	1711	2	0	0	0	0	0	2	2
Central Bikol	English	49	2	<http://www.wikidata.org/entity/Q33284>	<http://www.wikidata.org/entity/Q1860>	1711	31	1	1	0	0	1535	1537	1537
Central Bikol	Estonian	49	34	<http://www.wikidata.org/entity/Q33284>	<http://www.wikidata.org/entity/Q9072>	1711	16	0	0	0	0	0	16	16
Central Bikol	Finnish	49	42	<http://www.wikidata.org/entity/Q33284>	<http://www.wikidata.org/entity/Q1412>	1711	9	0	0	0	0	8	17	17
Central Bikol	French	49	7	<http://www.wikidata.org/entity/Q33284>	<http://www.wikidata.org/entity/Q150>	1711	22	0	0	0	0	16	38	38
Central Bikol	Fula	49	26	<http://www.wikidata.org/entity/Q33284>	<http://www.wikidata.org/entity/Q33454>	1711	8	0	0	0	0	0	8	8
Central Bikol	German	49	13	<http://www.wikidata.org/entity/Q33284>	<http://www.wikidata.org/entity/Q188>	1711	27	0	0	0	0	16	43	43
Central Bikol	Hausa	49	48	<http://www.wikidata.org/entity/Q33284>	<http://www.wikidata.org/entity/Q56475>	1711	11	0	0	0	0	0	11	11
Central Bikol	Hebrew	49	29	<http://www.wikidata.org/entity/Q33284>	<http://www.wikidata.org/entity/Q9288>	1711	16	0	0	0	0	4	20	20
Central Bikol	Hindustani	49	37	<http://www.wikidata.org/entity/Q33284>	<http://www.wikidata.org/entity/Q11051>	1711	12	0	0	0	0	0	12	12
Central Bikol	Igbo	49	32	<http://www.wikidata.org/entity/Q33284>	<http://www.wikidata.org/entity/Q33578>	1711	18	0	0	0	0	0	18	18
Central Bikol	Italian	49	10	<http://www.wikidata.org/entity/Q33284>	<http://www.wikidata.org/entity/Q652>	1711	24	0	0	0	0	23	47	47
Central Bikol	Japanese	49	5	<http://www.wikidata.org/entity/Q33284>	<http://www.wikidata.org/entity/Q5287>	1711	24	0	0	0	0	11	35	35
Central Bikol	Klingon	49	43	<http://www.wikidata.org/entity/Q33284>	<http://www.wikidata.org/entity/Q10134>	1711	13	0	0	0	0	0	13	13
Central Bikol	Korean	49	50	<http://www.wikidata.org/entity/Q33284>	<http://www.wikidata.org/entity/Q9176>	1711	5	0	0	0	0	4	9	9
Central Bikol	Latin	49	39	<http://www.wikidata.org/entity/Q33284>	<http://www.wikidata.org/entity/Q397>	1711	11	0	0	0	0	4	15	15
Central Bikol	Malay	49	33	<http://www.wikidata.org/entity/Q33284>	<http://www.wikidata.org/entity/Q9237>	1711	18	0	1	0	0	0	18	18
Central Bikol	Malayalam	49	23	<http://www.wikidata.org/entity/Q33284>	<http://www.wikidata.org/entity/Q36236>	1711	18	0	0	0	0	0	18	18
Central Bikol	Mon	49	30	<http://www.wikidata.org/entity/Q33284>	<http://www.wikidata.org/entity/Q13349>	1711	2	0	0	0	0	0	2	2
Central Bikol	New Persian	49	24	<http://www.wikidata.org/entity/Q33284>	<http://www.wikidata.org/entity/Q56356571>	1711	21	0	0	0	0	0	21	21
Central Bikol	Northern Sami	49	25	<http://www.wikidata.org/entity/Q33284>	<http://www.wikidata.org/entity/Q33947>	1711	2	0	0	0	0	0	2	2
Central Bikol	Nynorsk	49	8	<http://www.wikidata.org/entity/Q33284>	<http://www.wikidata.org/entity/Q25164>	1711	22	0	0	0	0	0	22	22
Central Bikol	Persian	49	15	<http://www.wikidata.org/entity/Q33284>	<http://www.wikidata.org/entity/Q9168>	1711	0	0	0	0	0	5	5	5
Central Bikol	Polish	49	36	<http://www.wikidata.org/entity/Q33284>	<http://www.wikidata.org/entity/Q809>	1711	7	0	0	0	0	16	23	23
Central Bikol	Portuguese	49	1	<http://www.wikidata.org/entity/Q33284>	<http://www.wikidata.org/entity/Q5146>	1711	15	0	0	0	0	25	40	40
Central Bikol	Punjabi	49	27	<http://www.wikidata.org/entity/Q33284>	<http://www.wikidata.org/entity/Q58635>	1711	18	0	0	0	0	0	18	18
Central Bikol	Quechua	49	44	<http://www.wikidata.org/entity/Q33284>	<http://www.wikidata.org/entity/Q5218>	1711	2	0	0	0	0	0	2	2
Central Bikol	Russian	49	17	<http://www.wikidata.org/entity/Q33284>	<http://www.wikidata.org/entity/Q7737>	1711	25	0	0	0	0	17	41	41
Central Bikol	Sanskrit	49	47	<http://www.wikidata.org/entity/Q33284>	<http://www.wikidata.org/entity/Q11059>	1711	14	0	0	0	0	0	14	14
Central Bikol	Southern Min	49	45	<http://www.wikidata.org/entity/Q33284>	<http://www.wikidata.org/entity/Q36495>	1711	12	0	0	0	0	0	12	12
Central Bikol	Spanish	49	12	<http://www.wikidata.org/entity/Q33284>	<http://www.wikidata.org/entity/Q1321>	1711	13	0	0	0	0	31	44	44
Central Bikol	Standard Chinese	49	35	<http://www.wikidata.org/entity/Q33284>	<http://www.wikidata.org/entity/Q727694>	1711	15	0	0	0	0	0	15	15
Central Bikol	Sumerian	49	18	<http://www.wikidata.org/entity/Q33284>	<http://www.wikidata.org/entity/Q36790>	1711	18	0	0	0	0	0	18	18
Central Bikol	Swedish	49	4	<http://www.wikidata.org/entity/Q33284>	<http://www.wikidata.org/entity/Q9027>	1711	29	0	0	0	0	3	32	32
Central Bikol	Turkish	49	40	<http://www.wikidata.org/entity/Q33284>	<http://www.wikidata.org/entity/Q256>	1711	11	0	0	0	0	9	20	20
Central Bikol	Ugaritic	49	38	<http://www.wikidata.org/entity/Q33284>	<http://www.wikidata.org/entity/Q36928>	1711	14	0	0	0	0	0	14	14
Czech	Akkadian	11	19	<http://www.wikidata.org/entity/Q9056>	<http://www.wikidata.org/entity/Q35518>	25347	668	1	2	0	10	0	678	678
Czech	Albanian	11	28	<http://www.wikidata.org/entity/Q9056>	<http://www.wikidata.org/entity/Q8748>	25347	216	0	2	2	2	0	220	220
Czech	Arabic	11	20	<http://www.wikidata.org/entity/Q9056>	<http://www.wikidata.org/entity/Q13955>	25347	393	4	7	0	3	0	396	396
Czech	Aragonese	11	6	<http://www.wikidata.org/entity/Q9056>	<http://www.wikidata.org/entity/Q8765>	25347	31	1	2	0	0	0	32	32
Czech	Bangla	11	21	<http://www.wikidata.org/entity/Q9056>	<http://www.wikidata.org/entity/Q9610>	25347	585	2	7	4	8	6	598	598
Czech	Banjar	11	46	<http://www.wikidata.org/entity/Q9056>	<http://www.wikidata.org/entity/Q33151>	25347	100	2	5	0	0	0	100	100
Czech	Basque	11	9	<http://www.wikidata.org/entity/Q9056>	<http://www.wikidata.org/entity/Q8752>	25347	585	6	11	0	0	0	585	585
Czech	Bokmål	11	3	<http://www.wikidata.org/entity/Q9056>	<http://www.wikidata.org/entity/Q25167>	25347	2341	9	25	53	7	8	2368	2368
Czech	Breton	11	31	<http://www.wikidata.org/entity/Q9056>	<http://www.wikidata.org/entity/Q12107>	25347	979	8	16	2	5	0	984	984
Czech	Central Bikol	11	49	<http://www.wikidata.org/entity/Q9056>	<http://www.wikidata.org/entity/Q33284>	25347	41	0	0	0	0	0	41	41
Czech	Dagbanli	11	22	<http://www.wikidata.org/entity/Q9056>	<http://www.wikidata.org/entity/Q32238>	25347	532	1	5	0	0	0	532	532
Czech	Danish	11	14	<http://www.wikidata.org/entity/Q9056>	<http://www.wikidata.org/entity/Q9035>	25347	1905	21	51	51	4	10	1948	1948
Czech	Dutch	11	41	<http://www.wikidata.org/entity/Q9056>	<http://www.wikidata.org/entity/Q7411>	25347	495	5	12	33	1	11	525	525
Czech	Egyptian	11	16	<http://www.wikidata.org/entity/Q9056>	<http://www.wikidata.org/entity/Q50868>	25347	37	0	0	0	0	0	37	37
Czech	English	11	2	<http://www.wikidata.org/entity/Q9056>	<http://www.wikidata.org/entity/Q1860>	25347	2690	141	181	33	13	656	3175	3175
Czech	Estonian	11	34	<http://www.wikidata.org/entity/Q9056>	<http://www.wikidata.org/entity/Q9072>	25347	841	0	4	2	2	1	848	848
Czech	Finnish	11	42	<http://www.wikidata.org/entity/Q9056>	<http://www.wikidata.org/entity/Q1412>	25347	431	5	13	0	2	1	434	434
Czech	French	11	7	<http://www.wikidata.org/entity/Q9056>	<http://www.wikidata.org/entity/Q150>	25347	2210	56	84	46	10	19	2249	2249
Czech	Fula	11	26	<http://www.wikidata.org/entity/Q9056>	<http://www.wikidata.org/entity/Q33454>	25347	129	0	0	0	0	0	129	129
Czech	German	11	13	<http://www.wikidata.org/entity/Q9056>	<http://www.wikidata.org/entity/Q188>	25347	2323	99	121	49	10	106	2408	2408
Czech	Hausa	11	48	<http://www.wikidata.org/entity/Q9056>	<http://www.wikidata.org/entity/Q56475>	25347	375	1	1	2	6	0	381	381
Czech	Hebrew	11	29	<http://www.wikidata.org/entity/Q9056>	<http://www.wikidata.org/entity/Q9288>	25347	1407	14	25	0	3	0	1411	1411
Czech	Hindustani	11	37	<http://www.wikidata.org/entity/Q9056>	<http://www.wikidata.org/entity/Q11051>	25347	478	2	6	1	5	0	484	484
Czech	Igbo	11	32	<http://www.wikidata.org/entity/Q9056>	<http://www.wikidata.org/entity/Q33578>	25347	602	1	1	0	4	0	606	606
Czech	Italian	11	10	<http://www.wikidata.org/entity/Q9056>	<http://www.wikidata.org/entity/Q652>	25347	2343	32	56	45	6	14	2401	2401
Czech	Japanese	11	5	<http://www.wikidata.org/entity/Q9056>	<http://www.wikidata.org/entity/Q5287>	25347	1476	2	23	8	7	0	1489	1489
Czech	Klingon	11	43	<http://www.wikidata.org/entity/Q9056>	<http://www.wikidata.org/entity/Q10134>	25347	589	2	6	2	6	0	597	597
Czech	Korean	11	50	<http://www.wikidata.org/entity/Q9056>	<http://www.wikidata.org/entity/Q9176>	25347	305	3	4	0	2	0	307	307
Czech	Latin	11	39	<http://www.wikidata.org/entity/Q9056>	<http://www.wikidata.org/entity/Q397>	25347	606	6	15	0	3	1	612	612
Czech	Malay	11	33	<http://www.wikidata.org/entity/Q9056>	<http://www.wikidata.org/entity/Q9237>	25347	923	6	18	2	6	0	930	930
Czech	Malayalam	11	23	<http://www.wikidata.org/entity/Q9056>	<http://www.wikidata.org/entity/Q36236>	25347	1271	8	53	0	2	0	1275	1275
Czech	Mon	11	30	<http://www.wikidata.org/entity/Q9056>	<http://www.wikidata.org/entity/Q13349>	25347	20	0	0	0	0	0	20	20
Czech	New Persian	11	24	<http://www.wikidata.org/entity/Q9056>	<http://www.wikidata.org/entity/Q56356571>	25347	1014	3	5	13	4	0	1023	1023
Czech	Northern Sami	11	25	<http://www.wikidata.org/entity/Q9056>	<http://www.wikidata.org/entity/Q33947>	25347	25	0	2	0	0	0	25	25
Czech	Nynorsk	11	8	<http://www.wikidata.org/entity/Q9056>	<http://www.wikidata.org/entity/Q25164>	25347	1641	12	23	47	4	0	1659	1659
Czech	Persian	11	15	<http://www.wikidata.org/entity/Q9056>	<http://www.wikidata.org/entity/Q9168>	25347	94	0	0	0	3	0	97	97
Czech	Polish	11	36	<http://www.wikidata.org/entity/Q9056>	<http://www.wikidata.org/entity/Q809>	25347	673	41	50	0	1	62	683	683
Czech	Portuguese	11	1	<http://www.wikidata.org/entity/Q9056>	<http://www.wikidata.org/entity/Q5146>	25347	833	5	13	24	7	9	865	865
Czech	Punjabi	11	27	<http://www.wikidata.org/entity/Q9056>	<http://www.wikidata.org/entity/Q58635>	25347	762	1	1	4	6	0	770	770
Czech	Quechua	11	44	<http://www.wikidata.org/entity/Q9056>	<http://www.wikidata.org/entity/Q5218>	25347	35	0	2	0	0	0	35	35
Czech	Russian	11	17	<http://www.wikidata.org/entity/Q9056>	<http://www.wikidata.org/entity/Q7737>	25347	1771	36	52	6	2	53	1806	1806
Czech	Sanskrit	11	47	<http://www.wikidata.org/entity/Q9056>	<http://www.wikidata.org/entity/Q11059>	25347	252	0	2	0	2	0	254	254
Czech	Southern Min	11	45	<http://www.wikidata.org/entity/Q9056>	<http://www.wikidata.org/entity/Q36495>	25347	405	4	12	0	4	1	410	410
Czech	Spanish	11	12	<http://www.wikidata.org/entity/Q9056>	<http://www.wikidata.org/entity/Q1321>	25347	1503	31	59	53	6	26	1540	1540
Czech	Standard Chinese	11	35	<http://www.wikidata.org/entity/Q9056>	<http://www.wikidata.org/entity/Q727694>	25347	491	5	19	0	6	0	499	499
Czech	Sumerian	11	18	<http://www.wikidata.org/entity/Q9056>	<http://www.wikidata.org/entity/Q36790>	25347	677	1	1	0	10	0	687	687
Czech	Swedish	11	4	<http://www.wikidata.org/entity/Q9056>	<http://www.wikidata.org/entity/Q9027>	25347	2139	13	22	53	8	1	2185	2185
Czech	Turkish	11	40	<http://www.wikidata.org/entity/Q9056>	<http://www.wikidata.org/entity/Q256>	25347	409	1	7	2	3	0	413	413
Czech	Ugaritic	11	38	<http://www.wikidata.org/entity/Q9056>	<http://www.wikidata.org/entity/Q36928>	25347	358	0	0	0	0	0	358	358
Dagbanli	Akkadian	22	19	<http://www.wikidata.org/entity/Q32238>	<http://www.wikidata.org/entity/Q35518>	14153	775	0	1	0	12	0	785	785
Dagbanli	Albanian	22	28	<http://www.wikidata.org/entity/Q32238>	<http://www.wikidata.org/entity/Q8748>	14153	165	0	0	0	0	0	165	165
Dagbanli	Arabic	22	20	<http://www.wikidata.org/entity/Q32238>	<http://www.wikidata.org/entity/Q13955>	14153	318	0	3	0	4	5	324	324
Dagbanli	Aragonese	22	6	<http://www.wikidata.org/entity/Q32238>	<http://www.wikidata.org/entity/Q8765>	14153	33	0	0	0	2	0	35	35
Dagbanli	Bangla	22	21	<http://www.wikidata.org/entity/Q32238>	<http://www.wikidata.org/entity/Q9610>	14153	495	0	1	0	8	6	504	504
Dagbanli	Banjar	22	46	<http://www.wikidata.org/entity/Q32238>	<http://www.wikidata.org/entity/Q33151>	14153	95	0	2	0	0	1	97	97
Dagbanli	Basque	22	9	<http://www.wikidata.org/entity/Q32238>	<http://www.wikidata.org/entity/Q8752>	14153	334	0	2	0	0	0	334	334
Dagbanli	Bokmål	22	3	<http://www.wikidata.org/entity/Q32238>	<http://www.wikidata.org/entity/Q25167>	14153	1207	3	4	0	9	1	1213	1213
Dagbanli	Breton	22	31	<http://www.wikidata.org/entity/Q32238>	<http://www.wikidata.org/entity/Q12107>	14153	821	1	1	0	10	0	828	828
Dagbanli	Central Bikol	22	49	<http://www.wikidata.org/entity/Q32238>	<http://www.wikidata.org/entity/Q33284>	14153	34	0	0	0	0	2	36	36
Dagbanli	Czech	22	11	<http://www.wikidata.org/entity/Q32238>	<http://www.wikidata.org/entity/Q9056>	14153	485	0	5	0	0	1	486	486
Dagbanli	Danish	22	14	<http://www.wikidata.org/entity/Q32238>	<http://www.wikidata.org/entity/Q9035>	14153	1032	1	8	0	4	12	1048	1048
Dagbanli	Dutch	22	41	<http://www.wikidata.org/entity/Q32238>	<http://www.wikidata.org/entity/Q7411>	14153	335	0	1	0	0	0	336	336
Dagbanli	Egyptian	22	16	<http://www.wikidata.org/entity/Q32238>	<http://www.wikidata.org/entity/Q50868>	14153	40	0	0	0	0	0	40	40
Dagbanli	English	22	2	<http://www.wikidata.org/entity/Q32238>	<http://www.wikidata.org/entity/Q1860>	14153	1598	133	140	0	13	10965	11065	10000
Dagbanli	Estonian	22	34	<http://www.wikidata.org/entity/Q32238>	<http://www.wikidata.org/entity/Q9072>	14153	661	0	1	0	5	1	666	666
Dagbanli	Finnish	22	42	<http://www.wikidata.org/entity/Q32238>	<http://www.wikidata.org/entity/Q1412>	14153	265	0	3	0	3	1	269	269
Dagbanli	French	22	7	<http://www.wikidata.org/entity/Q32238>	<http://www.wikidata.org/entity/Q150>	14153	1268	5	19	0	13	8	1281	1281
Dagbanli	Fula	22	26	<http://www.wikidata.org/entity/Q32238>	<http://www.wikidata.org/entity/Q33454>	14153	160	2	2	0	2	0	164	164
Dagbanli	German	22	13	<http://www.wikidata.org/entity/Q32238>	<http://www.wikidata.org/entity/Q188>	14153	1205	2	16	0	10	6	1215	1215
Dagbanli	Hausa	22	48	<http://www.wikidata.org/entity/Q32238>	<http://www.wikidata.org/entity/Q56475>	14153	417	1	1	0	6	15	428	428
Dagbanli	Hebrew	22	29	<http://www.wikidata.org/entity/Q32238>	<http://www.wikidata.org/entity/Q9288>	14153	833	0	0	0	5	0	836	836
Dagbanli	Hindustani	22	37	<http://www.wikidata.org/entity/Q32238>	<http://www.wikidata.org/entity/Q11051>	14153	479	0	1	0	6	0	485	485
Dagbanli	Igbo	22	32	<http://www.wikidata.org/entity/Q32238>	<http://www.wikidata.org/entity/Q33578>	14153	734	7	9	0	9	1	746	746
Dagbanli	Italian	22	10	<http://www.wikidata.org/entity/Q32238>	<http://www.wikidata.org/entity/Q652>	14153	1336	1	14	0	4	4	1342	1342
Dagbanli	Japanese	22	5	<http://www.wikidata.org/entity/Q32238>	<http://www.wikidata.org/entity/Q5287>	14153	1031	0	9	0	10	0	1040	1040
Dagbanli	Klingon	22	43	<http://www.wikidata.org/entity/Q32238>	<http://www.wikidata.org/entity/Q10134>	14153	396	0	0	0	6	0	400	400
Dagbanli	Korean	22	50	<http://www.wikidata.org/entity/Q32238>	<http://www.wikidata.org/entity/Q9176>	14153	148	0	1	0	6	0	153	153
Dagbanli	Latin	22	39	<http://www.wikidata.org/entity/Q32238>	<http://www.wikidata.org/entity/Q397>	14153	507	0	4	0	3	0	513	513
Dagbanli	Malay	22	33	<http://www.wikidata.org/entity/Q32238>	<http://www.wikidata.org/entity/Q9237>	14153	700	0	3	0	9	1	708	708
Dagbanli	Malayalam	22	23	<http://www.wikidata.org/entity/Q32238>	<http://www.wikidata.org/entity/Q36236>	14153	774	2	5	0	4	0	778	778
Dagbanli	Mon	22	30	<http://www.wikidata.org/entity/Q32238>	<http://www.wikidata.org/entity/Q13349>	14153	15	0	0	0	0	0	15	15
Dagbanli	New Persian	22	24	<http://www.wikidata.org/entity/Q32238>	<http://www.wikidata.org/entity/Q56356571>	14153	716	0	1	0	7	0	721	721
Dagbanli	Northern Sami	22	25	<http://www.wikidata.org/entity/Q32238>	<http://www.wikidata.org/entity/Q33947>	14153	23	0	0	0	1	0	24	24
Dagbanli	Nynorsk	22	8	<http://www.wikidata.org/entity/Q32238>	<http://www.wikidata.org/entity/Q25164>	14153	939	1	7	0	9	0	948	948
Dagbanli	Persian	22	15	<http://www.wikidata.org/entity/Q32238>	<http://www.wikidata.org/entity/Q9168>	14153	50	0	0	0	1	0	50	50
Dagbanli	Polish	22	36	<http://www.wikidata.org/entity/Q32238>	<http://www.wikidata.org/entity/Q809>	14153	272	0	5	0	0	2	272	272
Dagbanli	Portuguese	22	1	<http://www.wikidata.org/entity/Q32238>	<http://www.wikidata.org/entity/Q5146>	14153	682	0	5	0	9	0	689	689
Dagbanli	Punjabi	22	27	<http://www.wikidata.org/entity/Q32238>	<http://www.wikidata.org/entity/Q58635>	14153	738	0	0	0	9	2	747	747
Dagbanli	Quechua	22	44	<http://www.wikidata.org/entity/Q32238>	<http://www.wikidata.org/entity/Q5218>	14153	17	0	1	0	0	0	17	17
Dagbanli	Russian	22	17	<http://www.wikidata.org/entity/Q32238>	<http://www.wikidata.org/entity/Q7737>	14153	1071	0	8	0	3	19	1082	1082
Dagbanli	Sanskrit	22	47	<http://www.wikidata.org/entity/Q32238>	<http://www.wikidata.org/entity/Q11059>	14153	268	0	0	0	4	0	271	271
Dagbanli	Southern Min	22	45	<http://www.wikidata.org/entity/Q32238>	<http://www.wikidata.org/entity/Q36495>	14153	383	0	5	0	3	0	388	388
Dagbanli	Spanish	22	12	<http://www.wikidata.org/entity/Q32238>	<http://www.wikidata.org/entity/Q1321>	14153	663	1	18	0	7	5	674	674
Dagbanli	Standard Chinese	22	35	<http://www.wikidata.org/entity/Q32238>	<http://www.wikidata.org/entity/Q727694>	14153	343	0	3	0	4	0	346	346
Dagbanli	Sumerian	22	18	<http://www.wikidata.org/entity/Q32238>	<http://www.wikidata.org/entity/Q36790>	14153	785	1	1	0	14	0	796	796
Dagbanli	Swedish	22	4	<http://www.wikidata.org/entity/Q32238>	<http://www.wikidata.org/entity/Q9027>	14153	1143	0	6	0	9	1	1151	1151
Dagbanli	Turkish	22	40	<http://www.wikidata.org/entity/Q32238>	<http://www.wikidata.org/entity/Q256>	14153	386	0	0	0	10	1	397	397
Dagbanli	Ugaritic	22	38	<http://www.wikidata.org/entity/Q32238>	<http://www.wikidata.org/entity/Q36928>	14153	405	0	0	0	0	0	405	405
Danish	Akkadian	14	19	<http://www.wikidata.org/entity/Q9035>	<http://www.wikidata.org/entity/Q35518>	19363	988	1	1	0	56	0	1044	1044
Danish	Albanian	14	28	<http://www.wikidata.org/entity/Q9035>	<http://www.wikidata.org/entity/Q8748>	19363	251	0	2	2	2	0	254	254
Danish	Arabic	14	20	<http://www.wikidata.org/entity/Q9035>	<http://www.wikidata.org/entity/Q13955>	19363	538	1	5	2	12	0	553	553
Danish	Aragonese	14	6	<http://www.wikidata.org/entity/Q9035>	<http://www.wikidata.org/entity/Q8765>	19363	61	0	2	0	2	0	63	63
Danish	Bangla	14	21	<http://www.wikidata.org/entity/Q9035>	<http://www.wikidata.org/entity/Q9610>	19363	817	0	10	7	39	15	876	876
Danish	Banjar	14	46	<http://www.wikidata.org/entity/Q9035>	<http://www.wikidata.org/entity/Q33151>	19363	94	2	3	0	0	0	94	94
Danish	Basque	14	9	<http://www.wikidata.org/entity/Q9035>	<http://www.wikidata.org/entity/Q8752>	19363	1040	1	7	0	1	0	1042	1042
Danish	Bokmål	14	3	<http://www.wikidata.org/entity/Q9035>	<http://www.wikidata.org/entity/Q25167>	19363	4981	161	173	188	72	93	5339	5339
Danish	Breton	14	31	<http://www.wikidata.org/entity/Q9035>	<http://www.wikidata.org/entity/Q12107>	19363	1584	1	13	5	39	1	1628	1628
Danish	Central Bikol	14	49	<http://www.wikidata.org/entity/Q9035>	<http://www.wikidata.org/entity/Q33284>	19363	29	0	0	0	0	0	29	29
Danish	Czech	14	11	<http://www.wikidata.org/entity/Q9035>	<http://www.wikidata.org/entity/Q9056>	19363	1626	17	46	25	5	16	1656	1656
Danish	Dagbanli	14	22	<http://www.wikidata.org/entity/Q9035>	<http://www.wikidata.org/entity/Q32238>	19363	830	0	4	0	4	0	834	834
Danish	Dutch	14	41	<http://www.wikidata.org/entity/Q9035>	<http://www.wikidata.org/entity/Q7411>	19363	855	8	13	132	4	10	989	989
Danish	Egyptian	14	16	<http://www.wikidata.org/entity/Q9035>	<http://www.wikidata.org/entity/Q50868>	19363	39	0	0	0	0	0	39	39
Danish	English	14	2	<http://www.wikidata.org/entity/Q9035>	<http://www.wikidata.org/entity/Q1860>	19363	5156	135	183	90	133	13545	15042	10000
Danish	Estonian	14	34	<http://www.wikidata.org/entity/Q9035>	<http://www.wikidata.org/entity/Q9072>	19363	1541	2	8	1	22	2	1567	1567
Danish	Finnish	14	42	<http://www.wikidata.org/entity/Q9035>	<http://www.wikidata.org/entity/Q1412>	19363	598	6	14	2	15	9	625	625
Danish	French	14	7	<http://www.wikidata.org/entity/Q9035>	<http://www.wikidata.org/entity/Q150>	19363	4226	30	59	146	82	76	4491	4491
Danish	Fula	14	26	<http://www.wikidata.org/entity/Q9035>	<http://www.wikidata.org/entity/Q33454>	19363	127	0	0	0	1	0	128	128
Danish	German	14	13	<http://www.wikidata.org/entity/Q9035>	<http://www.wikidata.org/entity/Q188>	19363	4428	87	114	116	78	128	4679	4679
Danish	Hausa	14	48	<http://www.wikidata.org/entity/Q9035>	<http://www.wikidata.org/entity/Q56475>	19363	467	0	0	1	24	0	492	492
Danish	Hebrew	14	29	<http://www.wikidata.org/entity/Q9035>	<http://www.wikidata.org/entity/Q9288>	19363	2388	1	6	3	20	0	2412	2412
Danish	Hindustani	14	37	<http://www.wikidata.org/entity/Q9035>	<http://www.wikidata.org/entity/Q11051>	19363	729	0	7	2	15	0	749	749
Danish	Igbo	14	32	<http://www.wikidata.org/entity/Q9035>	<http://www.wikidata.org/entity/Q33578>	19363	992	0	0	0	32	0	1024	1024
Danish	Italian	14	10	<http://www.wikidata.org/entity/Q9035>	<http://www.wikidata.org/entity/Q652>	19363	4262	19	49	136	23	11	4434	4434
Danish	Japanese	14	5	<http://www.wikidata.org/entity/Q9035>	<http://www.wikidata.org/entity/Q5287>	19363	2813	3	14	7	55	1	2877	2877
Danish	Klingon	14	43	<http://www.wikidata.org/entity/Q9035>	<http://www.wikidata.org/entity/Q10134>	19363	743	1	5	1	35	0	781	781
Danish	Korean	14	50	<http://www.wikidata.org/entity/Q9035>	<http://www.wikidata.org/entity/Q9176>	19363	448	0	1	0	23	0	471	471
Danish	Latin	14	39	<http://www.wikidata.org/entity/Q9035>	<http://www.wikidata.org/entity/Q397>	19363	825	3	11	0	10	3	842	842
Danish	Malay	14	33	<http://www.wikidata.org/entity/Q9035>	<http://www.wikidata.org/entity/Q9237>	19363	1567	2	12	1	40	5	1609	1609
Danish	Malayalam	14	23	<http://www.wikidata.org/entity/Q9035>	<http://www.wikidata.org/entity/Q36236>	19363	2098	5	21	0	11	1	2111	2111
Danish	Mon	14	30	<http://www.wikidata.org/entity/Q9035>	<http://www.wikidata.org/entity/Q13349>	19363	18	0	0	0	0	0	18	18
Danish	New Persian	14	24	<http://www.wikidata.org/entity/Q9035>	<http://www.wikidata.org/entity/Q56356571>	19363	1624	0	4	7	24	0	1653	1653
Danish	Northern Sami	14	25	<http://www.wikidata.org/entity/Q9035>	<http://www.wikidata.org/entity/Q33947>	19363	27	1	2	0	1	0	28	28
Danish	Nynorsk	14	8	<http://www.wikidata.org/entity/Q9035>	<http://www.wikidata.org/entity/Q25164>	19363	3752	111	138	123	44	5	3983	3983
Danish	Persian	14	15	<http://www.wikidata.org/entity/Q9035>	<http://www.wikidata.org/entity/Q9168>	19363	234	0	0	0	11	0	245	245
Danish	Polish	14	36	<http://www.wikidata.org/entity/Q9035>	<http://www.wikidata.org/entity/Q809>	19363	648	6	20	0	1	36	655	655
Danish	Portuguese	14	1	<http://www.wikidata.org/entity/Q9035>	<http://www.wikidata.org/entity/Q5146>	19363	1412	0	8	23	32	1	1467	1467
Danish	Punjabi	14	27	<http://www.wikidata.org/entity/Q9035>	<http://www.wikidata.org/entity/Q58635>	19363	1293	0	3	8	42	0	1344	1344
Danish	Quechua	14	44	<http://www.wikidata.org/entity/Q9035>	<http://www.wikidata.org/entity/Q5218>	19363	25	0	1	0	0	0	26	26
Danish	Russian	14	17	<http://www.wikidata.org/entity/Q9035>	<http://www.wikidata.org/entity/Q7737>	19363	3125	19	34	22	15	38	3162	3162
Danish	Sanskrit	14	47	<http://www.wikidata.org/entity/Q9035>	<http://www.wikidata.org/entity/Q11059>	19363	314	0	1	0	13	0	327	327
Danish	Southern Min	14	45	<http://www.wikidata.org/entity/Q9035>	<http://www.wikidata.org/entity/Q36495>	19363	878	0	6	0	18	1	898	898
Danish	Spanish	14	12	<http://www.wikidata.org/entity/Q9035>	<http://www.wikidata.org/entity/Q1321>	19363	2175	21	41	160	31	28	2356	2356
Danish	Standard Chinese	14	35	<http://www.wikidata.org/entity/Q9035>	<http://www.wikidata.org/entity/Q727694>	19363	656	2	11	0	26	0	684	684
Danish	Sumerian	14	18	<http://www.wikidata.org/entity/Q9035>	<http://www.wikidata.org/entity/Q36790>	19363	1018	0	1	0	55	0	1074	1074
Danish	Swedish	14	4	<http://www.wikidata.org/entity/Q9035>	<http://www.wikidata.org/entity/Q9027>	19363	4871	120	132	175	62	87	5204	5204
Danish	Turkish	14	40	<http://www.wikidata.org/entity/Q9035>	<http://www.wikidata.org/entity/Q256>	19363	689	0	8	2	36	3	734	734
Danish	Ugaritic	14	38	<http://www.wikidata.org/entity/Q9035>	<http://www.wikidata.org/entity/Q36928>	19363	512	0	0	0	0	0	512	512
Dutch	Akkadian	41	19	<http://www.wikidata.org/entity/Q7411>	<http://www.wikidata.org/entity/Q35518>	2611	256	0	0	0	10	0	265	265
Dutch	Albanian	41	28	<http://www.wikidata.org/entity/Q7411>	<http://www.wikidata.org/entity/Q8748>	2611	98	0	1	4	1	0	103	103
Dutch	Arabic	41	20	<http://www.wikidata.org/entity/Q7411>	<http://www.wikidata.org/entity/Q13955>	2611	198	0	1	2	3	0	203	203
Dutch	Aragonese	41	6	<http://www.wikidata.org/entity/Q7411>	<http://www.wikidata.org/entity/Q8765>	2611	28	1	1	0	0	0	28	28
Dutch	Bangla	41	21	<http://www.wikidata.org/entity/Q7411>	<http://www.wikidata.org/entity/Q9610>	2611	245	0	0	6	5	4	258	258
Dutch	Banjar	41	46	<http://www.wikidata.org/entity/Q7411>	<http://www.wikidata.org/entity/Q33151>	2611	29	1	1	0	0	1	29	29
Dutch	Basque	41	9	<http://www.wikidata.org/entity/Q7411>	<http://www.wikidata.org/entity/Q8752>	2611	344	0	5	0	0	0	344	344
Dutch	Bokmål	41	3	<http://www.wikidata.org/entity/Q7411>	<http://www.wikidata.org/entity/Q25167>	2611	985	2	3	205	8	5	1195	1195
Dutch	Breton	41	31	<http://www.wikidata.org/entity/Q7411>	<http://www.wikidata.org/entity/Q12107>	2611	401	0	1	4	3	0	407	407
Dutch	Central Bikol	41	49	<http://www.wikidata.org/entity/Q7411>	<http://www.wikidata.org/entity/Q33284>	2611	9	0	0	0	0	0	9	9
Dutch	Czech	41	11	<http://www.wikidata.org/entity/Q7411>	<http://www.wikidata.org/entity/Q9056>	2611	399	5	12	25	1	7	418	418
Dutch	Dagbanli	41	22	<http://www.wikidata.org/entity/Q7411>	<http://www.wikidata.org/entity/Q32238>	2611	239	0	1	0	0	0	240	240
Dutch	Danish	41	14	<http://www.wikidata.org/entity/Q7411>	<http://www.wikidata.org/entity/Q9035>	2611	790	8	13	132	5	9	929	929
Dutch	Egyptian	41	16	<http://www.wikidata.org/entity/Q7411>	<http://www.wikidata.org/entity/Q50868>	2611	15	0	0	0	0	0	15	15
Dutch	English	41	2	<http://www.wikidata.org/entity/Q7411>	<http://www.wikidata.org/entity/Q1860>	2611	1242	103	112	134	15	1685	2162	2162
Dutch	Estonian	41	34	<http://www.wikidata.org/entity/Q7411>	<http://www.wikidata.org/entity/Q9072>	2611	458	1	1	3	2	0	462	462
Dutch	Finnish	41	42	<http://www.wikidata.org/entity/Q7411>	<http://www.wikidata.org/entity/Q1412>	2611	210	0	1	1	1	0	211	211
Dutch	French	41	7	<http://www.wikidata.org/entity/Q7411>	<http://www.wikidata.org/entity/Q150>	2611	978	24	34	199	10	152	1232	1232
Dutch	Fula	41	26	<http://www.wikidata.org/entity/Q7411>	<http://www.wikidata.org/entity/Q33454>	2611	50	0	0	0	0	0	50	50
Dutch	German	41	13	<http://www.wikidata.org/entity/Q7411>	<http://www.wikidata.org/entity/Q188>	2611	952	19	24	119	7	100	1114	1114
Dutch	Hausa	41	48	<http://www.wikidata.org/entity/Q7411>	<http://www.wikidata.org/entity/Q56475>	2611	176	0	0	4	3	0	179	179
Dutch	Hebrew	41	29	<http://www.wikidata.org/entity/Q7411>	<http://www.wikidata.org/entity/Q9288>	2611	617	0	1	3	1	0	621	621
Dutch	Hindustani	41	37	<http://www.wikidata.org/entity/Q7411>	<http://www.wikidata.org/entity/Q11051>	2611	241	0	0	2	1	0	244	244
Dutch	Igbo	41	32	<http://www.wikidata.org/entity/Q7411>	<http://www.wikidata.org/entity/Q33578>	2611	293	0	0	0	6	0	299	299
Dutch	Italian	41	10	<http://www.wikidata.org/entity/Q7411>	<http://www.wikidata.org/entity/Q652>	2611	1000	3	6	170	5	6	1176	1176
Dutch	Japanese	41	5	<http://www.wikidata.org/entity/Q7411>	<http://www.wikidata.org/entity/Q5287>	2611	757	0	6	8	6	1	772	772
Dutch	Klingon	41	43	<http://www.wikidata.org/entity/Q7411>	<http://www.wikidata.org/entity/Q10134>	2611	240	1	2	2	3	0	245	245
Dutch	Korean	41	50	<http://www.wikidata.org/entity/Q7411>	<http://www.wikidata.org/entity/Q9176>	2611	165	0	6	0	0	0	165	165
Dutch	Latin	41	39	<http://www.wikidata.org/entity/Q7411>	<http://www.wikidata.org/entity/Q397>	2611	272	19	19	0	2	1	275	275
Dutch	Malay	41	33	<http://www.wikidata.org/entity/Q7411>	<http://www.wikidata.org/entity/Q9237>	2611	805	23	28	1	6	436	917	917
Dutch	Malayalam	41	23	<http://www.wikidata.org/entity/Q7411>	<http://www.wikidata.org/entity/Q36236>	2611	537	0	7	0	1	1	540	540
Dutch	Mon	41	30	<http://www.wikidata.org/entity/Q7411>	<http://www.wikidata.org/entity/Q13349>	2611	6	0	0	0	0	0	6	6
Dutch	New Persian	41	24	<http://www.wikidata.org/entity/Q7411>	<http://www.wikidata.org/entity/Q56356571>	2611	482	0	0	12	2	0	492	492
Dutch	Northern Sami	41	25	<http://www.wikidata.org/entity/Q7411>	<http://www.wikidata.org/entity/Q33947>	2611	10	0	1	0	0	1	11	11
Dutch	Nynorsk	41	8	<http://www.wikidata.org/entity/Q7411>	<http://www.wikidata.org/entity/Q25164>	2611	739	0	5	121	4	0	862	862
Dutch	Persian	41	15	<http://www.wikidata.org/entity/Q7411>	<http://www.wikidata.org/entity/Q9168>	2611	42	0	0	0	1	0	43	43
Dutch	Polish	41	36	<http://www.wikidata.org/entity/Q7411>	<http://www.wikidata.org/entity/Q809>	2611	270	1	7	0	1	5	271	271
Dutch	Portuguese	41	1	<http://www.wikidata.org/entity/Q7411>	<http://www.wikidata.org/entity/Q5146>	2611	443	0	6	26	8	6	481	481
Dutch	Punjabi	41	27	<http://www.wikidata.org/entity/Q7411>	<http://www.wikidata.org/entity/Q58635>	2611	386	0	0	10	7	0	400	400
Dutch	Quechua	41	44	<http://www.wikidata.org/entity/Q7411>	<http://www.wikidata.org/entity/Q5218>	2611	9	0	1	0	0	0	9	9
Dutch	Russian	41	17	<http://www.wikidata.org/entity/Q7411>	<http://www.wikidata.org/entity/Q7737>	2611	822	1	5	23	1	12	845	845
Dutch	Sanskrit	41	47	<http://www.wikidata.org/entity/Q7411>	<http://www.wikidata.org/entity/Q11059>	2611	101	0	0	0	1	0	102	102
Dutch	Southern Min	41	45	<http://www.wikidata.org/entity/Q7411>	<http://www.wikidata.org/entity/Q36495>	2611	207	0	1	0	1	0	208	208
Dutch	Spanish	41	12	<http://www.wikidata.org/entity/Q7411>	<http://www.wikidata.org/entity/Q1321>	2611	524	2	13	198	3	10	722	722
Dutch	Standard Chinese	41	35	<http://www.wikidata.org/entity/Q7411>	<http://www.wikidata.org/entity/Q727694>	2611	259	0	6	0	4	0	264	264
Dutch	Sumerian	41	18	<http://www.wikidata.org/entity/Q7411>	<http://www.wikidata.org/entity/Q36790>	2611	258	0	0	0	9	0	266	266
Dutch	Swedish	41	4	<http://www.wikidata.org/entity/Q7411>	<http://www.wikidata.org/entity/Q9027>	2611	942	2	7	208	6	1	1145	1145
Dutch	Turkish	41	40	<http://www.wikidata.org/entity/Q7411>	<http://www.wikidata.org/entity/Q256>	2611	221	0	2	2	6	0	227	227
Dutch	Ugaritic	41	38	<http://www.wikidata.org/entity/Q7411>	<http://www.wikidata.org/entity/Q36928>	2611	138	0	0	0	0	0	138	138
Egyptian	Akkadian	16	19	<http://www.wikidata.org/entity/Q50868>	<http://www.wikidata.org/entity/Q35518>	18852	39	1	1	0	5	0	44	44
Egyptian	Albanian	16	28	<http://www.wikidata.org/entity/Q50868>	<http://www.wikidata.org/entity/Q8748>	18852	13	0	0	0	0	0	13	13
Egyptian	Arabic	16	20	<http://www.wikidata.org/entity/Q50868>	<http://www.wikidata.org/entity/Q13955>	18852	14	0	1	0	0	1	15	15
Egyptian	Aragonese	16	6	<http://www.wikidata.org/entity/Q50868>	<http://www.wikidata.org/entity/Q8765>	18852	1	0	0	0	0	0	1	1
Egyptian	Bangla	16	21	<http://www.wikidata.org/entity/Q50868>	<http://www.wikidata.org/entity/Q9610>	18852	18	0	0	0	1	0	19	19
Egyptian	Banjar	16	46	<http://www.wikidata.org/entity/Q50868>	<http://www.wikidata.org/entity/Q33151>	18852	4	0	0	0	0	0	4	4
Egyptian	Basque	16	9	<http://www.wikidata.org/entity/Q50868>	<http://www.wikidata.org/entity/Q8752>	18852	11	0	0	0	0	0	11	11
Egyptian	Bokmål	16	3	<http://www.wikidata.org/entity/Q50868>	<http://www.wikidata.org/entity/Q25167>	18852	43	0	0	0	0	0	43	43
Egyptian	Breton	16	31	<http://www.wikidata.org/entity/Q50868>	<http://www.wikidata.org/entity/Q12107>	18852	31	0	0	0	2	0	33	33
Egyptian	Central Bikol	16	49	<http://www.wikidata.org/entity/Q50868>	<http://www.wikidata.org/entity/Q33284>	18852	2	0	0	0	0	0	2	2
Egyptian	Czech	16	11	<http://www.wikidata.org/entity/Q50868>	<http://www.wikidata.org/entity/Q9056>	18852	18	0	0	0	0	0	18	18
Egyptian	Dagbanli	16	22	<http://www.wikidata.org/entity/Q50868>	<http://www.wikidata.org/entity/Q32238>	18852	18	0	0	0	0	0	18	18
Egyptian	Danish	16	14	<http://www.wikidata.org/entity/Q50868>	<http://www.wikidata.org/entity/Q9035>	18852	29	0	0	0	0	0	29	29
Egyptian	Dutch	16	41	<http://www.wikidata.org/entity/Q50868>	<http://www.wikidata.org/entity/Q7411>	18852	13	0	0	0	0	0	13	13
Egyptian	English	16	2	<http://www.wikidata.org/entity/Q50868>	<http://www.wikidata.org/entity/Q1860>	18852	53	0	0	0	4	18057	18057	10000
Egyptian	Estonian	16	34	<http://www.wikidata.org/entity/Q50868>	<http://www.wikidata.org/entity/Q9072>	18852	22	0	0	0	1	0	23	23
Egyptian	Finnish	16	42	<http://www.wikidata.org/entity/Q50868>	<http://www.wikidata.org/entity/Q1412>	18852	16	0	0	0	0	0	16	16
Egyptian	French	16	7	<http://www.wikidata.org/entity/Q50868>	<http://www.wikidata.org/entity/Q150>	18852	37	0	0	0	2	5	43	43
Egyptian	Fula	16	26	<http://www.wikidata.org/entity/Q50868>	<http://www.wikidata.org/entity/Q33454>	18852	5	0	0	0	0	0	5	5
Egyptian	German	16	13	<http://www.wikidata.org/entity/Q50868>	<http://www.wikidata.org/entity/Q188>	18852	40	0	0	0	3	793	835	835
Egyptian	Hausa	16	48	<http://www.wikidata.org/entity/Q50868>	<http://www.wikidata.org/entity/Q56475>	18852	13	0	0	0	1	0	14	14
Egyptian	Hebrew	16	29	<http://www.wikidata.org/entity/Q50868>	<http://www.wikidata.org/entity/Q9288>	18852	26	0	1	0	1	0	27	27
Egyptian	Hindustani	16	37	<http://www.wikidata.org/entity/Q50868>	<http://www.wikidata.org/entity/Q11051>	18852	25	0	0	0	2	0	27	27
Egyptian	Igbo	16	32	<http://www.wikidata.org/entity/Q50868>	<http://www.wikidata.org/entity/Q33578>	18852	21	0	0	0	0	0	21	21
Egyptian	Italian	16	10	<http://www.wikidata.org/entity/Q50868>	<http://www.wikidata.org/entity/Q652>	18852	48	0	0	0	1	0	49	49
Egyptian	Japanese	16	5	<http://www.wikidata.org/entity/Q50868>	<http://www.wikidata.org/entity/Q5287>	18852	36	0	0	0	5	0	41	41
Egyptian	Klingon	16	43	<http://www.wikidata.org/entity/Q50868>	<http://www.wikidata.org/entity/Q10134>	18852	14	0	0	0	1	0	15	15
Egyptian	Korean	16	50	<http://www.wikidata.org/entity/Q50868>	<http://www.wikidata.org/entity/Q9176>	18852	10	0	0	0	1	0	11	11
Egyptian	Latin	16	39	<http://www.wikidata.org/entity/Q50868>	<http://www.wikidata.org/entity/Q397>	18852	20	0	0	0	0	0	20	20
Egyptian	Malay	16	33	<http://www.wikidata.org/entity/Q50868>	<http://www.wikidata.org/entity/Q9237>	18852	27	0	0	0	2	0	29	29
Egyptian	Malayalam	16	23	<http://www.wikidata.org/entity/Q50868>	<http://www.wikidata.org/entity/Q36236>	18852	32	0	0	0	2	0	34	34
Egyptian	Mon	16	30	<http://www.wikidata.org/entity/Q50868>	<http://www.wikidata.org/entity/Q13349>	18852	2	0	0	0	0	0	2	2
Egyptian	New Persian	16	24	<http://www.wikidata.org/entity/Q50868>	<http://www.wikidata.org/entity/Q56356571>	18852	33	0	0	0	3	0	36	36
Egyptian	Northern Sami	16	25	<http://www.wikidata.org/entity/Q50868>	<http://www.wikidata.org/entity/Q33947>	18852	2	0	0	0	0	0	2	2
Egyptian	Nynorsk	16	8	<http://www.wikidata.org/entity/Q50868>	<http://www.wikidata.org/entity/Q25164>	18852	31	0	0	0	0	0	31	31
Egyptian	Persian	16	15	<http://www.wikidata.org/entity/Q50868>	<http://www.wikidata.org/entity/Q9168>	18852	2	0	0	0	0	0	2	2
Egyptian	Polish	16	36	<http://www.wikidata.org/entity/Q50868>	<http://www.wikidata.org/entity/Q809>	18852	12	0	0	0	0	0	12	12
Egyptian	Portuguese	16	1	<http://www.wikidata.org/entity/Q50868>	<http://www.wikidata.org/entity/Q5146>	18852	25	0	0	0	0	0	25	25
Egyptian	Punjabi	16	27	<http://www.wikidata.org/entity/Q50868>	<http://www.wikidata.org/entity/Q58635>	18852	29	0	0	0	2	0	31	31
Egyptian	Quechua	16	44	<http://www.wikidata.org/entity/Q50868>	<http://www.wikidata.org/entity/Q5218>	18852	3	0	0	0	0	0	3	3
Egyptian	Russian	16	17	<http://www.wikidata.org/entity/Q50868>	<http://www.wikidata.org/entity/Q7737>	18852	35	0	0	0	1	0	36	36
Egyptian	Sanskrit	16	47	<http://www.wikidata.org/entity/Q50868>	<http://www.wikidata.org/entity/Q11059>	18852	15	0	0	0	3	0	18	18
Egyptian	Southern Min	16	45	<http://www.wikidata.org/entity/Q50868>	<http://www.wikidata.org/entity/Q36495>	18852	14	0	0	0	1	0	15	15
Egyptian	Spanish	16	12	<http://www.wikidata.org/entity/Q50868>	<http://www.wikidata.org/entity/Q1321>	18852	26	0	0	0	0	0	26	26
Egyptian	Standard Chinese	16	35	<http://www.wikidata.org/entity/Q50868>	<http://www.wikidata.org/entity/Q727694>	18852	16	0	0	0	0	0	16	16
Egyptian	Sumerian	16	18	<http://www.wikidata.org/entity/Q50868>	<http://www.wikidata.org/entity/Q36790>	18852	38	0	1	0	4	0	42	42
Egyptian	Swedish	16	4	<http://www.wikidata.org/entity/Q50868>	<http://www.wikidata.org/entity/Q9027>	18852	33	0	0	0	3	0	36	36
Egyptian	Turkish	16	40	<http://www.wikidata.org/entity/Q50868>	<http://www.wikidata.org/entity/Q256>	18852	22	0	0	0	1	0	23	23
Egyptian	Ugaritic	16	38	<http://www.wikidata.org/entity/Q50868>	<http://www.wikidata.org/entity/Q36928>	18852	17	0	0	0	0	0	17	17
English	Akkadian	2	19	<http://www.wikidata.org/entity/Q1860>	<http://www.wikidata.org/entity/Q35518>	59942	2451	1	2	0	388	0	2838	2838
English	Albanian	2	28	<http://www.wikidata.org/entity/Q1860>	<http://www.wikidata.org/entity/Q8748>	59942	493	3	4	6	8	3	506	506
English	Arabic	2	20	<http://www.wikidata.org/entity/Q1860>	<http://www.wikidata.org/entity/Q13955>	59942	1144	47	52	1	83	28	1262	1262
English	Aragonese	2	6	<http://www.wikidata.org/entity/Q1860>	<http://www.wikidata.org/entity/Q8765>	59942	104	13	14	0	2	1	114	114
English	Bangla	2	21	<http://www.wikidata.org/entity/Q1860>	<http://www.wikidata.org/entity/Q9610>	59942	1464	33	41	7	233	418	2070	2070
English	Banjar	2	46	<http://www.wikidata.org/entity/Q1860>	<http://www.wikidata.org/entity/Q33151>	59942	163	71	71	0	1	14	193	193
English	Basque	2	9	<http://www.wikidata.org/entity/Q1860>	<http://www.wikidata.org/entity/Q8752>	59942	2221	15	28	0	4	2	2229	2229
English	Bokmål	2	3	<http://www.wikidata.org/entity/Q1860>	<http://www.wikidata.org/entity/Q25167>	59942	9332	61	83	162	264	5	9725	9725
English	Breton	2	31	<http://www.wikidata.org/entity/Q1860>	<http://www.wikidata.org/entity/Q12107>	59942	2845	2	20	6	152	0	3003	3003
English	Central Bikol	2	49	<http://www.wikidata.org/entity/Q1860>	<http://www.wikidata.org/entity/Q33284>	59942	57	1	1	0	0	1	59	59
English	Czech	2	11	<http://www.wikidata.org/entity/Q1860>	<http://www.wikidata.org/entity/Q9056>	59942	2667	106	149	21	18	71	2733	2733
English	Dagbanli	2	22	<http://www.wikidata.org/entity/Q1860>	<http://www.wikidata.org/entity/Q32238>	59942	1792	32	37	0	21	22	1839	1839
English	Danish	2	14	<http://www.wikidata.org/entity/Q1860>	<http://www.wikidata.org/entity/Q9035>	59942	5971	127	174	97	178	108	6330	6330
English	Dutch	2	41	<http://www.wikidata.org/entity/Q1860>	<http://www.wikidata.org/entity/Q7411>	59942	1558	102	112	130	25	55	1736	1736
English	Egyptian	2	16	<http://www.wikidata.org/entity/Q1860>	<http://www.wikidata.org/entity/Q50868>	59942	70	0	0	0	6	0	76	76
English	Estonian	2	34	<http://www.wikidata.org/entity/Q1860>	<http://www.wikidata.org/entity/Q9072>	59942	2773	14	20	3	92	17	2887	2887
English	Finnish	2	42	<http://www.wikidata.org/entity/Q1860>	<http://www.wikidata.org/entity/Q1412>	59942	1054	25	39	0	49	17	1126	1126
English	French	2	7	<http://www.wikidata.org/entity/Q1860>	<http://www.wikidata.org/entity/Q150>	59942	10174	597	781	142	513	282	11055	10000
English	Fula	2	26	<http://www.wikidata.org/entity/Q1860>	<http://www.wikidata.org/entity/Q33454>	59942	251	1	1	0	6	0	258	258
English	German	2	13	<http://www.wikidata.org/entity/Q1860>	<http://www.wikidata.org/entity/Q188>	59942	8556	382	461	88	519	326	9355	9355
English	Hausa	2	48	<http://www.wikidata.org/entity/Q1860>	<http://www.wikidata.org/entity/Q56475>	59942	923	0	1	1	184	84	1175	1175
English	Hebrew	2	29	<http://www.wikidata.org/entity/Q1860>	<http://www.wikidata.org/entity/Q9288>	59942	5237	30	44	1	73	34	5341	5341
English	Hindustani	2	37	<http://www.wikidata.org/entity/Q1860>	<http://www.wikidata.org/entity/Q11051>	59942	1389	71	102	0	96	0	1517	1517
English	Igbo	2	32	<http://www.wikidata.org/entity/Q1860>	<http://www.wikidata.org/entity/Q33578>	59942	1947	16	21	0	183	11	2149	2149
English	Italian	2	10	<http://www.wikidata.org/entity/Q1860>	<http://www.wikidata.org/entity/Q652>	59942	11972	481	515	134	169	247	12478	10000
English	Japanese	2	5	<http://www.wikidata.org/entity/Q1860>	<http://www.wikidata.org/entity/Q5287>	59942	9001	222	275	13	479	48	9614	9614
English	Klingon	2	43	<http://www.wikidata.org/entity/Q1860>	<http://www.wikidata.org/entity/Q10134>	59942	1353	32	36	6	195	0	1566	1566
English	Korean	2	50	<http://www.wikidata.org/entity/Q1860>	<http://www.wikidata.org/entity/Q9176>	59942	749	16	22	0	113	21	876	876
English	Latin	2	39	<http://www.wikidata.org/entity/Q1860>	<http://www.wikidata.org/entity/Q397>	59942	2053	87	116	0	39	23	2162	2162
English	Malay	2	33	<http://www.wikidata.org/entity/Q1860>	<http://www.wikidata.org/entity/Q9237>	59942	3247	99	124	1	284	98	3577	3577
English	Malayalam	2	23	<http://www.wikidata.org/entity/Q1860>	<http://www.wikidata.org/entity/Q36236>	59942	4475	679	694	0	52	98	4647	4647
English	Mon	2	30	<http://www.wikidata.org/entity/Q1860>	<http://www.wikidata.org/entity/Q13349>	59942	27	0	0	0	0	0	27	27
English	New Persian	2	24	<http://www.wikidata.org/entity/Q1860>	<http://www.wikidata.org/entity/Q56356571>	59942	3392	63	69	7	104	0	3553	3553
English	Northern Sami	2	25	<http://www.wikidata.org/entity/Q1860>	<http://www.wikidata.org/entity/Q33947>	59942	29	0	3	0	1	0	30	30
English	Nynorsk	2	8	<http://www.wikidata.org/entity/Q1860>	<http://www.wikidata.org/entity/Q25164>	59942	6725	47	67	96	155	5	6935	6935
English	Persian	2	15	<http://www.wikidata.org/entity/Q1860>	<http://www.wikidata.org/entity/Q9168>	59942	757	13	13	0	37	43	841	841
English	Polish	2	36	<http://www.wikidata.org/entity/Q1860>	<http://www.wikidata.org/entity/Q809>	59942	1007	50	71	2	4	155	1115	1115
English	Portuguese	2	1	<http://www.wikidata.org/entity/Q1860>	<http://www.wikidata.org/entity/Q5146>	59942	2972	94	124	29	153	62	3185	3185
English	Punjabi	2	27	<http://www.wikidata.org/entity/Q1860>	<http://www.wikidata.org/entity/Q58635>	59942	2713	39	42	8	235	34	2994	2994
English	Quechua	2	44	<http://www.wikidata.org/entity/Q1860>	<http://www.wikidata.org/entity/Q5218>	59942	38	4	5	0	3	3	43	43
English	Russian	2	17	<http://www.wikidata.org/entity/Q1860>	<http://www.wikidata.org/entity/Q7737>	59942	7823	111	136	26	97	268	8095	8095
English	Sanskrit	2	47	<http://www.wikidata.org/entity/Q1860>	<http://www.wikidata.org/entity/Q11059>	59942	703	12	18	0	71	1	780	780
English	Southern Min	2	45	<http://www.wikidata.org/entity/Q1860>	<http://www.wikidata.org/entity/Q36495>	59942	1180	113	127	0	94	47	1325	1325
English	Spanish	2	12	<http://www.wikidata.org/entity/Q1860>	<http://www.wikidata.org/entity/Q1321>	59942	4122	387	421	170	100	388	4486	4486
English	Standard Chinese	2	35	<http://www.wikidata.org/entity/Q1860>	<http://www.wikidata.org/entity/Q727694>	59942	1231	90	101	0	170	0	1426	1426
English	Sumerian	2	18	<http://www.wikidata.org/entity/Q1860>	<http://www.wikidata.org/entity/Q36790>	59942	2425	1	5	0	403	0	2830	2830
English	Swedish	2	4	<http://www.wikidata.org/entity/Q1860>	<http://www.wikidata.org/entity/Q9027>	59942	8394	90	122	156	334	18	8897	8897
English	Turkish	2	40	<http://www.wikidata.org/entity/Q1860>	<http://www.wikidata.org/entity/Q256>	59942	1348	37	41	1	227	29	1600	1600
English	Ugaritic	2	38	<http://www.wikidata.org/entity/Q1860>	<http://www.wikidata.org/entity/Q36928>	59942	1101	0	0	0	0	0	1101	1101
Estonian	Akkadian	34	19	<http://www.wikidata.org/entity/Q9072>	<http://www.wikidata.org/entity/Q35518>	4943	603	0	0	0	27	0	630	630
Estonian	Albanian	34	28	<http://www.wikidata.org/entity/Q9072>	<http://www.wikidata.org/entity/Q8748>	4943	203	0	1	1	1	0	205	205
Estonian	Arabic	34	20	<http://www.wikidata.org/entity/Q9072>	<http://www.wikidata.org/entity/Q13955>	4943	371	0	0	0	8	0	379	379
Estonian	Aragonese	34	6	<http://www.wikidata.org/entity/Q9072>	<http://www.wikidata.org/entity/Q8765>	4943	61	0	0	0	2	0	63	63
Estonian	Bangla	34	21	<http://www.wikidata.org/entity/Q9072>	<http://www.wikidata.org/entity/Q9610>	4943	507	0	0	0	20	7	533	533
Estonian	Banjar	34	46	<http://www.wikidata.org/entity/Q9072>	<http://www.wikidata.org/entity/Q33151>	4943	60	0	1	0	0	0	61	61
Estonian	Basque	34	9	<http://www.wikidata.org/entity/Q9072>	<http://www.wikidata.org/entity/Q8752>	4943	526	0	2	0	1	0	527	527
Estonian	Bokmål	34	3	<http://www.wikidata.org/entity/Q9072>	<http://www.wikidata.org/entity/Q25167>	4943	2072	4	5	1	24	1	2100	2100
Estonian	Breton	34	31	<http://www.wikidata.org/entity/Q9072>	<http://www.wikidata.org/entity/Q12107>	4943	865	0	1	0	14	0	879	879
Estonian	Central Bikol	34	49	<http://www.wikidata.org/entity/Q9072>	<http://www.wikidata.org/entity/Q33284>	4943	18	0	0	0	0	0	18	18
Estonian	Czech	34	11	<http://www.wikidata.org/entity/Q9072>	<http://www.wikidata.org/entity/Q9056>	4943	676	0	3	1	2	1	681	681
Estonian	Dagbanli	34	22	<http://www.wikidata.org/entity/Q9072>	<http://www.wikidata.org/entity/Q32238>	4943	492	0	1	0	5	0	497	497
Estonian	Danish	34	14	<http://www.wikidata.org/entity/Q9072>	<http://www.wikidata.org/entity/Q9035>	4943	1544	2	8	1	19	2	1567	1567
Estonian	Dutch	34	41	<http://www.wikidata.org/entity/Q9072>	<http://www.wikidata.org/entity/Q7411>	4943	500	1	1	1	2	2	505	505
Estonian	Egyptian	34	16	<http://www.wikidata.org/entity/Q9072>	<http://www.wikidata.org/entity/Q50868>	4943	25	0	0	0	1	0	26	26
Estonian	English	34	2	<http://www.wikidata.org/entity/Q9072>	<http://www.wikidata.org/entity/Q1860>	4943	2291	12	17	1	56	4843	4886	4886
Estonian	Finnish	34	42	<http://www.wikidata.org/entity/Q9072>	<http://www.wikidata.org/entity/Q1412>	4943	438	5	8	0	9	25	468	468
Estonian	French	34	7	<http://www.wikidata.org/entity/Q9072>	<http://www.wikidata.org/entity/Q150>	4943	1962	2	6	1	37	26	2022	2022
Estonian	Fula	34	26	<http://www.wikidata.org/entity/Q9072>	<http://www.wikidata.org/entity/Q33454>	4943	95	0	0	0	2	0	97	97
Estonian	German	34	13	<http://www.wikidata.org/entity/Q9072>	<http://www.wikidata.org/entity/Q188>	4943	1994	16	17	1	35	55	2049	2049
Estonian	Hausa	34	48	<http://www.wikidata.org/entity/Q9072>	<http://www.wikidata.org/entity/Q56475>	4943	343	0	0	0	16	1	360	360
Estonian	Hebrew	34	29	<http://www.wikidata.org/entity/Q9072>	<http://www.wikidata.org/entity/Q9288>	4943	1209	0	0	0	13	2	1223	1223
Estonian	Hindustani	34	37	<http://www.wikidata.org/entity/Q9072>	<http://www.wikidata.org/entity/Q11051>	4943	470	0	0	0	14	0	484	484
Estonian	Igbo	34	32	<http://www.wikidata.org/entity/Q9072>	<http://www.wikidata.org/entity/Q33578>	4943	621	0	0	0	15	0	636	636
Estonian	Italian	34	10	<http://www.wikidata.org/entity/Q9072>	<http://www.wikidata.org/entity/Q652>	4943	1987	1	7	1	11	2	2002	2002
Estonian	Japanese	34	5	<http://www.wikidata.org/entity/Q9072>	<http://www.wikidata.org/entity/Q5287>	4943	1414	0	2	1	37	0	1452	1452
Estonian	Klingon	34	43	<http://www.wikidata.org/entity/Q9072>	<http://www.wikidata.org/entity/Q10134>	4943	472	0	0	0	15	0	487	487
Estonian	Korean	34	50	<http://www.wikidata.org/entity/Q9072>	<http://www.wikidata.org/entity/Q9176>	4943	209	0	0	0	12	1	222	222
Estonian	Latin	34	39	<http://www.wikidata.org/entity/Q9072>	<http://www.wikidata.org/entity/Q397>	4943	520	1	3	0	12	2	535	535
Estonian	Malay	34	33	<http://www.wikidata.org/entity/Q9072>	<http://www.wikidata.org/entity/Q9237>	4943	980	0	0	0	34	2	1015	1015
Estonian	Malayalam	34	23	<http://www.wikidata.org/entity/Q9072>	<http://www.wikidata.org/entity/Q36236>	4943	1013	0	1	0	7	0	1020	1020
Estonian	Mon	34	30	<http://www.wikidata.org/entity/Q9072>	<http://www.wikidata.org/entity/Q13349>	4943	12	0	0	0	0	0	12	12
Estonian	New Persian	34	24	<http://www.wikidata.org/entity/Q9072>	<http://www.wikidata.org/entity/Q56356571>	4943	968	0	2	1	19	0	989	989
Estonian	Northern Sami	34	25	<http://www.wikidata.org/entity/Q9072>	<http://www.wikidata.org/entity/Q33947>	4943	17	0	1	0	1	0	18	18
Estonian	Nynorsk	34	8	<http://www.wikidata.org/entity/Q9072>	<http://www.wikidata.org/entity/Q25164>	4943	1563	1	4	1	17	0	1582	1582
Estonian	Persian	34	15	<http://www.wikidata.org/entity/Q9072>	<http://www.wikidata.org/entity/Q9168>	4943	94	0	0	0	4	1	99	99
Estonian	Polish	34	36	<http://www.wikidata.org/entity/Q9072>	<http://www.wikidata.org/entity/Q809>	4943	326	0	4	0	0	11	333	333
Estonian	Portuguese	34	1	<http://www.wikidata.org/entity/Q9072>	<http://www.wikidata.org/entity/Q5146>	4943	904	0	1	0	19	0	923	923
Estonian	Punjabi	34	27	<http://www.wikidata.org/entity/Q9072>	<http://www.wikidata.org/entity/Q58635>	4943	794	0	1	1	24	0	820	820
Estonian	Quechua	34	44	<http://www.wikidata.org/entity/Q9072>	<http://www.wikidata.org/entity/Q5218>	4943	12	0	1	0	0	0	13	13
Estonian	Russian	34	17	<http://www.wikidata.org/entity/Q9072>	<http://www.wikidata.org/entity/Q7737>	4943	1656	2	6	1	11	80	1709	1709
Estonian	Sanskrit	34	47	<http://www.wikidata.org/entity/Q9072>	<http://www.wikidata.org/entity/Q11059>	4943	238	0	0	0	10	0	248	248
Estonian	Southern Min	34	45	<http://www.wikidata.org/entity/Q9072>	<http://www.wikidata.org/entity/Q36495>	4943	411	0	0	0	10	0	421	421
Estonian	Spanish	34	12	<http://www.wikidata.org/entity/Q9072>	<http://www.wikidata.org/entity/Q1321>	4943	899	2	7	1	16	1	918	918
Estonian	Standard Chinese	34	35	<http://www.wikidata.org/entity/Q9072>	<http://www.wikidata.org/entity/Q727694>	4943	419	0	1	0	14	0	434	434
Estonian	Sumerian	34	18	<http://www.wikidata.org/entity/Q9072>	<http://www.wikidata.org/entity/Q36790>	4943	650	0	0	0	26	0	676	676
Estonian	Swedish	34	4	<http://www.wikidata.org/entity/Q9072>	<http://www.wikidata.org/entity/Q9027>	4943	2047	1	3	1	31	2	2081	2081
Estonian	Turkish	34	40	<http://www.wikidata.org/entity/Q9072>	<http://www.wikidata.org/entity/Q256>	4943	482	0	1	0	31	2	515	515
Estonian	Ugaritic	34	38	<http://www.wikidata.org/entity/Q9072>	<http://www.wikidata.org/entity/Q36928>	4943	348	0	0	0	0	0	348	348
Finnish	Akkadian	42	19	<http://www.wikidata.org/entity/Q1412>	<http://www.wikidata.org/entity/Q35518>	2495	253	0	1	0	19	0	272	272
Finnish	Albanian	42	28	<http://www.wikidata.org/entity/Q1412>	<http://www.wikidata.org/entity/Q8748>	2495	78	0	0	0	0	0	78	78
Finnish	Arabic	42	20	<http://www.wikidata.org/entity/Q1412>	<http://www.wikidata.org/entity/Q13955>	2495	196	0	3	0	7	0	203	203
Finnish	Aragonese	42	6	<http://www.wikidata.org/entity/Q1412>	<http://www.wikidata.org/entity/Q8765>	2495	18	0	0	0	2	0	20	20
Finnish	Bangla	42	21	<http://www.wikidata.org/entity/Q1412>	<http://www.wikidata.org/entity/Q9610>	2495	240	0	1	0	16	1	257	257
Finnish	Banjar	42	46	<http://www.wikidata.org/entity/Q1412>	<http://www.wikidata.org/entity/Q33151>	2495	32	0	0	0	0	0	32	32
Finnish	Basque	42	9	<http://www.wikidata.org/entity/Q1412>	<http://www.wikidata.org/entity/Q8752>	2495	159	1	1	0	0	0	159	159
Finnish	Bokmål	42	3	<http://www.wikidata.org/entity/Q1412>	<http://www.wikidata.org/entity/Q25167>	2495	688	2	8	1	16	0	706	706
Finnish	Breton	42	31	<http://www.wikidata.org/entity/Q1412>	<http://www.wikidata.org/entity/Q12107>	2495	347	1	8	0	13	0	360	360
Finnish	Central Bikol	42	49	<http://www.wikidata.org/entity/Q1412>	<http://www.wikidata.org/entity/Q33284>	2495	9	0	0	0	0	0	9	9
Finnish	Czech	42	11	<http://www.wikidata.org/entity/Q1412>	<http://www.wikidata.org/entity/Q9056>	2495	275	5	12	0	1	3	276	276
Finnish	Dagbanli	42	22	<http://www.wikidata.org/entity/Q1412>	<http://www.wikidata.org/entity/Q32238>	2495	176	0	3	0	3	0	179	179
Finnish	Danish	42	14	<http://www.wikidata.org/entity/Q1412>	<http://www.wikidata.org/entity/Q9035>	2495	542	6	14	1	11	1	555	555
Finnish	Dutch	42	41	<http://www.wikidata.org/entity/Q1412>	<http://www.wikidata.org/entity/Q7411>	2495	200	0	1	1	1	1	202	202
Finnish	Egyptian	42	16	<http://www.wikidata.org/entity/Q1412>	<http://www.wikidata.org/entity/Q50868>	2495	18	0	0	0	0	0	18	18
Finnish	English	42	2	<http://www.wikidata.org/entity/Q1412>	<http://www.wikidata.org/entity/Q1860>	2495	740	25	39	0	33	885	1449	1449
Finnish	Estonian	42	34	<http://www.wikidata.org/entity/Q1412>	<http://www.wikidata.org/entity/Q9072>	2495	392	4	7	0	10	1	403	403
Finnish	French	42	7	<http://www.wikidata.org/entity/Q1412>	<http://www.wikidata.org/entity/Q150>	2495	675	5	18	1	19	5	696	696
Finnish	Fula	42	26	<http://www.wikidata.org/entity/Q1412>	<http://www.wikidata.org/entity/Q33454>	2495	53	0	0	0	2	0	55	55
Finnish	German	42	13	<http://www.wikidata.org/entity/Q1412>	<http://www.wikidata.org/entity/Q188>	2495	665	8	20	1	22	8	691	691
Finnish	Hausa	42	48	<http://www.wikidata.org/entity/Q1412>	<http://www.wikidata.org/entity/Q56475>	2495	163	0	0	0	11	0	174	174
Finnish	Hebrew	42	29	<http://www.wikidata.org/entity/Q1412>	<http://www.wikidata.org/entity/Q9288>	2495	430	0	4	0	6	0	436	436
Finnish	Hindustani	42	37	<http://www.wikidata.org/entity/Q1412>	<http://www.wikidata.org/entity/Q11051>	2495	229	0	0	0	7	0	236	236
Finnish	Igbo	42	32	<http://www.wikidata.org/entity/Q1412>	<http://www.wikidata.org/entity/Q33578>	2495	251	0	0	0	15	0	266	266
Finnish	Italian	42	10	<http://www.wikidata.org/entity/Q1412>	<http://www.wikidata.org/entity/Q652>	2495	633	4	12	1	10	5	648	648
Finnish	Japanese	42	5	<http://www.wikidata.org/entity/Q1412>	<http://www.wikidata.org/entity/Q5287>	2495	509	0	4	0	21	0	530	530
Finnish	Klingon	42	43	<http://www.wikidata.org/entity/Q1412>	<http://www.wikidata.org/entity/Q10134>	2495	214	0	0	0	15	0	229	229
Finnish	Korean	42	50	<http://www.wikidata.org/entity/Q1412>	<http://www.wikidata.org/entity/Q9176>	2495	119	1	2	0	10	1	129	129
Finnish	Latin	42	39	<http://www.wikidata.org/entity/Q1412>	<http://www.wikidata.org/entity/Q397>	2495	201	0	6	0	6	0	208	208
Finnish	Malay	42	33	<http://www.wikidata.org/entity/Q1412>	<http://www.wikidata.org/entity/Q9237>	2495	384	0	1	0	18	1	402	402
Finnish	Malayalam	42	23	<http://www.wikidata.org/entity/Q1412>	<http://www.wikidata.org/entity/Q36236>	2495	389	1	7	0	8	0	400	400
Finnish	Mon	42	30	<http://www.wikidata.org/entity/Q1412>	<http://www.wikidata.org/entity/Q13349>	2495	7	0	0	0	0	0	7	7
Finnish	New Persian	42	24	<http://www.wikidata.org/entity/Q1412>	<http://www.wikidata.org/entity/Q56356571>	2495	369	1	1	0	14	0	383	383
Finnish	Northern Sami	42	25	<http://www.wikidata.org/entity/Q1412>	<http://www.wikidata.org/entity/Q33947>	2495	12	2	2	0	1	0	13	13
Finnish	Nynorsk	42	8	<http://www.wikidata.org/entity/Q1412>	<http://www.wikidata.org/entity/Q25164>	2495	529	4	9	1	11	0	541	541
Finnish	Persian	42	15	<http://www.wikidata.org/entity/Q1412>	<http://www.wikidata.org/entity/Q9168>	2495	17	0	0	0	3	0	20	20
Finnish	Polish	42	36	<http://www.wikidata.org/entity/Q1412>	<http://www.wikidata.org/entity/Q809>	2495	148	2	9	0	0	6	148	148
Finnish	Portuguese	42	1	<http://www.wikidata.org/entity/Q1412>	<http://www.wikidata.org/entity/Q5146>	2495	379	0	5	0	15	0	395	395
Finnish	Punjabi	42	27	<http://www.wikidata.org/entity/Q1412>	<http://www.wikidata.org/entity/Q58635>	2495	348	0	1	0	13	0	362	362
Finnish	Quechua	42	44	<http://www.wikidata.org/entity/Q1412>	<http://www.wikidata.org/entity/Q5218>	2495	9	0	1	0	0	0	9	9
Finnish	Russian	42	17	<http://www.wikidata.org/entity/Q1412>	<http://www.wikidata.org/entity/Q7737>	2495	516	9	14	0	5	13	522	522
Finnish	Sanskrit	42	47	<http://www.wikidata.org/entity/Q1412>	<http://www.wikidata.org/entity/Q11059>	2495	110	0	1	0	6	0	116	116
Finnish	Southern Min	42	45	<http://www.wikidata.org/entity/Q1412>	<http://www.wikidata.org/entity/Q36495>	2495	154	1	3	0	7	0	161	161
Finnish	Spanish	42	12	<http://www.wikidata.org/entity/Q1412>	<http://www.wikidata.org/entity/Q1321>	2495	311	3	15	1	10	14	332	332
Finnish	Standard Chinese	42	35	<http://www.wikidata.org/entity/Q1412>	<http://www.wikidata.org/entity/Q727694>	2495	207	0	1	0	11	0	218	218
Finnish	Sumerian	42	18	<http://www.wikidata.org/entity/Q1412>	<http://www.wikidata.org/entity/Q36790>	2495	255	1	1	0	17	0	272	272
Finnish	Swedish	42	4	<http://www.wikidata.org/entity/Q1412>	<http://www.wikidata.org/entity/Q9027>	2495	1352	41	44	1	19	1153	1532	1532
Finnish	Turkish	42	40	<http://www.wikidata.org/entity/Q1412>	<http://www.wikidata.org/entity/Q256>	2495	205	0	1	0	15	0	221	221
Finnish	Ugaritic	42	38	<http://www.wikidata.org/entity/Q1412>	<http://www.wikidata.org/entity/Q36928>	2495	146	0	0	0	0	0	146	146
French	Akkadian	7	19	<http://www.wikidata.org/entity/Q150>	<http://www.wikidata.org/entity/Q35518>	33497	1483	0	1	0	156	0	1639	1639
French	Albanian	7	28	<http://www.wikidata.org/entity/Q150>	<http://www.wikidata.org/entity/Q8748>	33497	333	0	2	5	4	1	342	342
French	Arabic	7	20	<http://www.wikidata.org/entity/Q150>	<http://www.wikidata.org/entity/Q13955>	33497	712	9	15	3	37	1	755	755
French	Aragonese	7	6	<http://www.wikidata.org/entity/Q150>	<http://www.wikidata.org/entity/Q8765>	33497	72	1	2	0	3	0	76	76
French	Bangla	7	21	<http://www.wikidata.org/entity/Q150>	<http://www.wikidata.org/entity/Q9610>	33497	1105	2	9	9	101	59	1256	1256
French	Banjar	7	46	<http://www.wikidata.org/entity/Q150>	<http://www.wikidata.org/entity/Q33151>	33497	103	10	14	0	0	1	106	106
French	Basque	7	9	<http://www.wikidata.org/entity/Q150>	<http://www.wikidata.org/entity/Q8752>	33497	1540	4	13	0	4	0	1544	1544
French	Bokmål	7	3	<http://www.wikidata.org/entity/Q150>	<http://www.wikidata.org/entity/Q25167>	33497	6342	10	32	462	105	3	6857	6857
French	Breton	7	31	<http://www.wikidata.org/entity/Q150>	<http://www.wikidata.org/entity/Q12107>	33497	2123	11	24	11	93	0	2228	2228
French	Central Bikol	7	49	<http://www.wikidata.org/entity/Q150>	<http://www.wikidata.org/entity/Q33284>	33497	30	0	0	0	0	0	30	30
French	Czech	7	11	<http://www.wikidata.org/entity/Q150>	<http://www.wikidata.org/entity/Q9056>	33497	1969	49	78	50	14	64	2031	2031
French	Dagbanli	7	22	<http://www.wikidata.org/entity/Q150>	<http://www.wikidata.org/entity/Q32238>	33497	1117	3	10	0	17	1	1136	1136
French	Danish	7	14	<http://www.wikidata.org/entity/Q150>	<http://www.wikidata.org/entity/Q9035>	33497	4429	30	58	291	90	18	4797	4797
French	Dutch	7	41	<http://www.wikidata.org/entity/Q150>	<http://www.wikidata.org/entity/Q7411>	33497	1062	24	34	394	10	30	1471	1471
French	Egyptian	7	16	<http://www.wikidata.org/entity/Q150>	<http://www.wikidata.org/entity/Q50868>	33497	47	0	0	0	2	0	49	49
French	English	7	2	<http://www.wikidata.org/entity/Q150>	<http://www.wikidata.org/entity/Q1860>	33497	9191	585	772	272	416	27289	30004	10000
French	Estonian	7	34	<http://www.wikidata.org/entity/Q150>	<http://www.wikidata.org/entity/Q9072>	33497	2041	2	7	2	45	7	2095	2095
French	Finnish	7	42	<http://www.wikidata.org/entity/Q150>	<http://www.wikidata.org/entity/Q1412>	33497	800	5	18	3	23	5	832	832
French	Fula	7	26	<http://www.wikidata.org/entity/Q150>	<http://www.wikidata.org/entity/Q33454>	33497	156	0	1	0	3	0	160	160
French	German	7	13	<http://www.wikidata.org/entity/Q150>	<http://www.wikidata.org/entity/Q188>	33497	6048	112	163	247	206	115	6472	6472
French	Hausa	7	48	<http://www.wikidata.org/entity/Q150>	<http://www.wikidata.org/entity/Q56475>	33497	594	0	0	4	68	0	665	665
French	Hebrew	7	29	<http://www.wikidata.org/entity/Q150>	<http://www.wikidata.org/entity/Q9288>	33497	3320	4	13	6	43	3	3375	3375
French	Hindustani	7	37	<http://www.wikidata.org/entity/Q150>	<http://www.wikidata.org/entity/Q11051>	33497	969	3	7	4	43	0	1018	1018
French	Igbo	7	32	<http://www.wikidata.org/entity/Q150>	<http://www.wikidata.org/entity/Q33578>	33497	1195	0	1	0	83	1	1278	1278
French	Italian	7	10	<http://www.wikidata.org/entity/Q150>	<http://www.wikidata.org/entity/Q652>	33497	7377	103	153	400	77	45	7885	7885
French	Japanese	7	5	<http://www.wikidata.org/entity/Q150>	<http://www.wikidata.org/entity/Q5287>	33497	4003	7	42	16	181	9	4206	4206
French	Klingon	7	43	<http://www.wikidata.org/entity/Q150>	<http://www.wikidata.org/entity/Q10134>	33497	1016	1	2	7	87	0	1110	1110
French	Korean	7	50	<http://www.wikidata.org/entity/Q150>	<http://www.wikidata.org/entity/Q9176>	33497	512	3	6	0	45	5	559	559
French	Latin	7	39	<http://www.wikidata.org/entity/Q150>	<http://www.wikidata.org/entity/Q397>	33497	1310	18	34	0	21	6	1340	1340
French	Malay	7	33	<http://www.wikidata.org/entity/Q150>	<http://www.wikidata.org/entity/Q9237>	33497	2044	11	29	3	116	12	2171	2171
French	Malayalam	7	23	<http://www.wikidata.org/entity/Q150>	<http://www.wikidata.org/entity/Q36236>	33497	3040	252	284	0	31	1	3074	3074
French	Mon	7	30	<http://www.wikidata.org/entity/Q150>	<http://www.wikidata.org/entity/Q13349>	33497	23	0	0	0	0	0	23	23
French	New Persian	7	24	<http://www.wikidata.org/entity/Q150>	<http://www.wikidata.org/entity/Q56356571>	33497	2163	4	9	20	58	0	2243	2243
French	Northern Sami	7	25	<http://www.wikidata.org/entity/Q150>	<http://www.wikidata.org/entity/Q33947>	33497	25	0	2	0	1	0	26	26
French	Nynorsk	7	8	<http://www.wikidata.org/entity/Q150>	<http://www.wikidata.org/entity/Q25164>	33497	4642	13	28	281	68	0	4937	4937
French	Persian	7	15	<http://www.wikidata.org/entity/Q150>	<http://www.wikidata.org/entity/Q9168>	33497	407	2	2	0	31	3	442	442
French	Polish	7	36	<http://www.wikidata.org/entity/Q150>	<http://www.wikidata.org/entity/Q809>	33497	742	20	38	4	1	41	755	755
French	Portuguese	7	1	<http://www.wikidata.org/entity/Q150>	<http://www.wikidata.org/entity/Q5146>	33497	1887	16	52	54	79	21	2020	2020
French	Punjabi	7	27	<http://www.wikidata.org/entity/Q150>	<http://www.wikidata.org/entity/Q58635>	33497	1691	0	0	15	97	1	1798	1798
French	Quechua	7	44	<http://www.wikidata.org/entity/Q150>	<http://www.wikidata.org/entity/Q5218>	33497	29	1	3	0	0	1	31	31
French	Russian	7	17	<http://www.wikidata.org/entity/Q150>	<http://www.wikidata.org/entity/Q7737>	33497	5026	27	49	46	50	79	5141	5141
French	Sanskrit	7	47	<http://www.wikidata.org/entity/Q150>	<http://www.wikidata.org/entity/Q11059>	33497	437	0	1	0	28	1	465	465
French	Southern Min	7	45	<http://www.wikidata.org/entity/Q150>	<http://www.wikidata.org/entity/Q36495>	33497	988	3	17	0	42	11	1039	1039
French	Spanish	7	12	<http://www.wikidata.org/entity/Q150>	<http://www.wikidata.org/entity/Q1321>	33497	3187	132	168	459	55	155	3677	3677
French	Standard Chinese	7	35	<http://www.wikidata.org/entity/Q150>	<http://www.wikidata.org/entity/Q727694>	33497	857	6	22	0	71	0	931	931
French	Sumerian	7	18	<http://www.wikidata.org/entity/Q150>	<http://www.wikidata.org/entity/Q36790>	33497	1512	1	1	0	161	0	1673	1673
French	Swedish	7	4	<http://www.wikidata.org/entity/Q150>	<http://www.wikidata.org/entity/Q9027>	33497	6656	24	44	475	143	4	7225	7225
French	Turkish	7	40	<http://www.wikidata.org/entity/Q150>	<http://www.wikidata.org/entity/Q256>	33497	927	5	9	3	111	4	1045	1045
French	Ugaritic	7	38	<http://www.wikidata.org/entity/Q150>	<http://www.wikidata.org/entity/Q36928>	33497	725	0	0	0	0	0	725	725
Fula	Akkadian	26	19	<http://www.wikidata.org/entity/Q33454>	<http://www.wikidata.org/entity/Q35518>	9001	88	0	0	0	2	0	90	90
Fula	Albanian	26	28	<http://www.wikidata.org/entity/Q33454>	<http://www.wikidata.org/entity/Q8748>	9001	24	0	0	0	0	0	24	24
Fula	Arabic	26	20	<http://www.wikidata.org/entity/Q33454>	<http://www.wikidata.org/entity/Q13955>	9001	51	0	0	0	2	0	53	53
Fula	Aragonese	26	6	<http://www.wikidata.org/entity/Q33454>	<http://www.wikidata.org/entity/Q8765>	9001	4	0	0	0	1	0	5	5
Fula	Bangla	26	21	<http://www.wikidata.org/entity/Q33454>	<http://www.wikidata.org/entity/Q9610>	9001	65	0	0	0	2	1	67	67
Fula	Banjar	26	46	<http://www.wikidata.org/entity/Q33454>	<http://www.wikidata.org/entity/Q33151>	9001	16	0	0	0	0	0	16	16
Fula	Basque	26	9	<http://www.wikidata.org/entity/Q33454>	<http://www.wikidata.org/entity/Q8752>	9001	36	0	0	0	0	0	36	36
Fula	Bokmål	26	3	<http://www.wikidata.org/entity/Q33454>	<http://www.wikidata.org/entity/Q25167>	9001	129	0	0	0	2	0	131	131
Fula	Breton	26	31	<http://www.wikidata.org/entity/Q33454>	<http://www.wikidata.org/entity/Q12107>	9001	108	0	0	0	2	0	110	110
Fula	Central Bikol	26	49	<http://www.wikidata.org/entity/Q33454>	<http://www.wikidata.org/entity/Q33284>	9001	11	0	0	0	0	0	11	11
Fula	Czech	26	11	<http://www.wikidata.org/entity/Q33454>	<http://www.wikidata.org/entity/Q9056>	9001	66	0	0	0	0	0	66	66
Fula	Dagbanli	26	22	<http://www.wikidata.org/entity/Q33454>	<http://www.wikidata.org/entity/Q32238>	9001	86	0	0	0	2	0	88	88
Fula	Danish	26	14	<http://www.wikidata.org/entity/Q33454>	<http://www.wikidata.org/entity/Q9035>	9001	114	0	0	0	1	0	115	115
Fula	Dutch	26	41	<http://www.wikidata.org/entity/Q33454>	<http://www.wikidata.org/entity/Q7411>	9001	48	0	0	0	0	0	48	48
Fula	Egyptian	26	16	<http://www.wikidata.org/entity/Q33454>	<http://www.wikidata.org/entity/Q50868>	9001	5	0	0	0	0	0	5	5
Fula	English	26	2	<http://www.wikidata.org/entity/Q33454>	<http://www.wikidata.org/entity/Q1860>	9001	161	1	1	0	3	8844	8846	8846
Fula	Estonian	26	34	<http://www.wikidata.org/entity/Q33454>	<http://www.wikidata.org/entity/Q9072>	9001	85	0	0	0	2	0	87	87
Fula	Finnish	26	42	<http://www.wikidata.org/entity/Q33454>	<http://www.wikidata.org/entity/Q1412>	9001	54	0	0	0	2	0	56	56
Fula	French	26	7	<http://www.wikidata.org/entity/Q33454>	<http://www.wikidata.org/entity/Q150>	9001	127	0	1	0	2	7	137	137
Fula	German	26	13	<http://www.wikidata.org/entity/Q33454>	<http://www.wikidata.org/entity/Q188>	9001	123	0	0	0	2	2	127	127
Fula	Hausa	26	48	<http://www.wikidata.org/entity/Q33454>	<http://www.wikidata.org/entity/Q56475>	9001	61	0	0	0	3	50	108	108
Fula	Hebrew	26	29	<http://www.wikidata.org/entity/Q33454>	<http://www.wikidata.org/entity/Q9288>	9001	99	0	0	0	2	0	101	101
Fula	Hindustani	26	37	<http://www.wikidata.org/entity/Q33454>	<http://www.wikidata.org/entity/Q11051>	9001	72	0	0	0	2	0	74	74
Fula	Igbo	26	32	<http://www.wikidata.org/entity/Q33454>	<http://www.wikidata.org/entity/Q33578>	9001	76	0	0	0	2	0	78	78
Fula	Italian	26	10	<http://www.wikidata.org/entity/Q33454>	<http://www.wikidata.org/entity/Q652>	9001	146	0	0	0	2	4	150	150
Fula	Japanese	26	5	<http://www.wikidata.org/entity/Q33454>	<http://www.wikidata.org/entity/Q5287>	9001	121	0	0	0	2	0	123	123
Fula	Klingon	26	43	<http://www.wikidata.org/entity/Q33454>	<http://www.wikidata.org/entity/Q10134>	9001	69	0	0	0	2	0	71	71
Fula	Korean	26	50	<http://www.wikidata.org/entity/Q33454>	<http://www.wikidata.org/entity/Q9176>	9001	25	0	0	0	2	0	27	27
Fula	Latin	26	39	<http://www.wikidata.org/entity/Q33454>	<http://www.wikidata.org/entity/Q397>	9001	67	0	0	0	2	126	195	195
Fula	Malay	26	33	<http://www.wikidata.org/entity/Q33454>	<http://www.wikidata.org/entity/Q9237>	9001	87	0	0	0	2	0	89	89
Fula	Malayalam	26	23	<http://www.wikidata.org/entity/Q33454>	<http://www.wikidata.org/entity/Q36236>	9001	96	0	0	0	1	0	97	97
Fula	Mon	26	30	<http://www.wikidata.org/entity/Q33454>	<http://www.wikidata.org/entity/Q13349>	9001	3	0	0	0	0	0	3	3
Fula	New Persian	26	24	<http://www.wikidata.org/entity/Q33454>	<http://www.wikidata.org/entity/Q56356571>	9001	88	0	0	0	2	0	90	90
Fula	Northern Sami	26	25	<http://www.wikidata.org/entity/Q33454>	<http://www.wikidata.org/entity/Q33947>	9001	4	0	0	0	0	0	4	4
Fula	Nynorsk	26	8	<http://www.wikidata.org/entity/Q33454>	<http://www.wikidata.org/entity/Q25164>	9001	98	0	0	0	2	0	100	100
Fula	Persian	26	15	<http://www.wikidata.org/entity/Q33454>	<http://www.wikidata.org/entity/Q9168>	9001	4	0	0	0	0	0	4	4
Fula	Polish	26	36	<http://www.wikidata.org/entity/Q33454>	<http://www.wikidata.org/entity/Q809>	9001	36	0	0	0	0	0	36	36
Fula	Portuguese	26	1	<http://www.wikidata.org/entity/Q33454>	<http://www.wikidata.org/entity/Q5146>	9001	87	0	0	0	2	0	89	89
Fula	Punjabi	26	27	<http://www.wikidata.org/entity/Q33454>	<http://www.wikidata.org/entity/Q58635>	9001	94	0	0	0	2	0	96	96
Fula	Quechua	26	44	<http://www.wikidata.org/entity/Q33454>	<http://www.wikidata.org/entity/Q5218>	9001	4	0	0	0	0	0	4	4
Fula	Russian	26	17	<http://www.wikidata.org/entity/Q33454>	<http://www.wikidata.org/entity/Q7737>	9001	108	0	0	0	1	0	109	109
Fula	Sanskrit	26	47	<http://www.wikidata.org/entity/Q33454>	<http://www.wikidata.org/entity/Q11059>	9001	44	0	0	0	0	0	44	44
Fula	Southern Min	26	45	<http://www.wikidata.org/entity/Q33454>	<http://www.wikidata.org/entity/Q36495>	9001	40	0	0	0	1	0	41	41
Fula	Spanish	26	12	<http://www.wikidata.org/entity/Q33454>	<http://www.wikidata.org/entity/Q1321>	9001	63	0	0	0	2	0	65	65
Fula	Standard Chinese	26	35	<http://www.wikidata.org/entity/Q33454>	<http://www.wikidata.org/entity/Q727694>	9001	54	0	0	0	2	0	56	56
Fula	Sumerian	26	18	<http://www.wikidata.org/entity/Q33454>	<http://www.wikidata.org/entity/Q36790>	9001	93	0	0	0	2	0	95	95
Fula	Swedish	26	4	<http://www.wikidata.org/entity/Q33454>	<http://www.wikidata.org/entity/Q9027>	9001	124	0	0	0	2	0	126	126
Fula	Turkish	26	40	<http://www.wikidata.org/entity/Q33454>	<http://www.wikidata.org/entity/Q256>	9001	48	0	0	0	2	1	51	51
Fula	Ugaritic	26	38	<http://www.wikidata.org/entity/Q33454>	<http://www.wikidata.org/entity/Q36928>	9001	61	0	0	0	0	0	61	61
German	Akkadian	13	19	<http://www.wikidata.org/entity/Q188>	<http://www.wikidata.org/entity/Q35518>	20135	1701	0	0	0	175	0	1876	1876
German	Albanian	13	28	<http://www.wikidata.org/entity/Q188>	<http://www.wikidata.org/entity/Q8748>	20135	457	2	5	7	8	1	472	472
German	Arabic	13	20	<http://www.wikidata.org/entity/Q188>	<http://www.wikidata.org/entity/Q13955>	20135	872	5	12	4	44	1	921	921
German	Aragonese	13	6	<http://www.wikidata.org/entity/Q188>	<http://www.wikidata.org/entity/Q8765>	20135	91	2	3	0	7	0	99	99
German	Bangla	13	21	<http://www.wikidata.org/entity/Q188>	<http://www.wikidata.org/entity/Q9610>	20135	1337	13	17	12	132	32	1506	1506
German	Banjar	13	46	<http://www.wikidata.org/entity/Q188>	<http://www.wikidata.org/entity/Q33151>	20135	140	10	13	0	0	2	145	145
German	Basque	13	9	<http://www.wikidata.org/entity/Q188>	<http://www.wikidata.org/entity/Q8752>	20135	1687	5	8	0	4	0	1691	1691
German	Bokmål	13	3	<http://www.wikidata.org/entity/Q188>	<http://www.wikidata.org/entity/Q25167>	20135	7175	40	71	290	153	5	7596	7596
German	Breton	13	31	<http://www.wikidata.org/entity/Q188>	<http://www.wikidata.org/entity/Q12107>	20135	2672	3	15	12	110	0	2794	2794
German	Central Bikol	13	49	<http://www.wikidata.org/entity/Q188>	<http://www.wikidata.org/entity/Q33284>	20135	55	0	0	0	0	0	55	55
German	Czech	13	11	<http://www.wikidata.org/entity/Q188>	<http://www.wikidata.org/entity/Q9056>	20135	2490	92	112	50	16	103	2615	2615
German	Dagbanli	13	22	<http://www.wikidata.org/entity/Q188>	<http://www.wikidata.org/entity/Q32238>	20135	1359	1	8	0	16	0	1377	1377
German	Danish	13	14	<http://www.wikidata.org/entity/Q188>	<http://www.wikidata.org/entity/Q9035>	20135	5451	91	117	236	116	31	5823	5823
German	Dutch	13	41	<http://www.wikidata.org/entity/Q188>	<http://www.wikidata.org/entity/Q7411>	20135	1333	19	25	240	9	66	1635	1635
German	Egyptian	13	16	<http://www.wikidata.org/entity/Q188>	<http://www.wikidata.org/entity/Q50868>	20135	73	0	0	0	5	0	78	78
German	English	13	2	<http://www.wikidata.org/entity/Q188>	<http://www.wikidata.org/entity/Q1860>	20135	8880	399	482	153	507	10601	14850	10000
German	Estonian	13	34	<http://www.wikidata.org/entity/Q188>	<http://www.wikidata.org/entity/Q9072>	20135	2581	20	21	4	56	7	2649	2649
German	Finnish	13	42	<http://www.wikidata.org/entity/Q188>	<http://www.wikidata.org/entity/Q1412>	20135	1034	8	19	3	33	5	1076	1076
German	French	13	7	<http://www.wikidata.org/entity/Q188>	<http://www.wikidata.org/entity/Q150>	20135	6952	115	168	257	241	349	7557	7557
German	Fula	13	26	<http://www.wikidata.org/entity/Q188>	<http://www.wikidata.org/entity/Q33454>	20135	229	0	0	0	6	0	235	235
German	Hausa	13	48	<http://www.wikidata.org/entity/Q188>	<http://www.wikidata.org/entity/Q56475>	20135	769	2	2	1	88	1	860	860
German	Hebrew	13	29	<http://www.wikidata.org/entity/Q188>	<http://www.wikidata.org/entity/Q9288>	20135	3765	6	16	8	46	1	3823	3823
German	Hindustani	13	37	<http://www.wikidata.org/entity/Q188>	<http://www.wikidata.org/entity/Q11051>	20135	1194	6	16	6	58	0	1263	1263
German	Igbo	13	32	<http://www.wikidata.org/entity/Q188>	<http://www.wikidata.org/entity/Q33578>	20135	1606	1	3	0	95	1	1700	1700
German	Italian	13	10	<http://www.wikidata.org/entity/Q188>	<http://www.wikidata.org/entity/Q652>	20135	7167	133	163	252	80	46	7533	7533
German	Japanese	13	5	<http://www.wikidata.org/entity/Q188>	<http://www.wikidata.org/entity/Q5287>	20135	4884	124	143	27	275	22	5225	5225
German	Klingon	13	43	<http://www.wikidata.org/entity/Q188>	<http://www.wikidata.org/entity/Q10134>	20135	1476	9	20	7	149	0	1633	1633
German	Korean	13	50	<http://www.wikidata.org/entity/Q188>	<http://www.wikidata.org/entity/Q9176>	20135	684	2	6	0	54	44	778	778
German	Latin	13	39	<http://www.wikidata.org/entity/Q188>	<http://www.wikidata.org/entity/Q397>	20135	1533	20	30	0	26	6	1568	1568
German	Malay	13	33	<http://www.wikidata.org/entity/Q188>	<http://www.wikidata.org/entity/Q9237>	20135	2461	7	34	2	146	3	2614	2614
German	Malayalam	13	23	<http://www.wikidata.org/entity/Q188>	<http://www.wikidata.org/entity/Q36236>	20135	3301	13	58	0	36	0	3340	3340
German	Mon	13	30	<http://www.wikidata.org/entity/Q188>	<http://www.wikidata.org/entity/Q13349>	20135	29	0	0	0	0	0	29	29
German	New Persian	13	24	<http://www.wikidata.org/entity/Q188>	<http://www.wikidata.org/entity/Q56356571>	20135	2615	4	11	19	69	0	2703	2703
German	Northern Sami	13	25	<http://www.wikidata.org/entity/Q188>	<http://www.wikidata.org/entity/Q33947>	20135	39	1	2	0	2	0	41	41
German	Nynorsk	13	8	<http://www.wikidata.org/entity/Q188>	<http://www.wikidata.org/entity/Q25164>	20135	5255	24	48	189	101	1	5513	5513
German	Persian	13	15	<http://www.wikidata.org/entity/Q188>	<http://www.wikidata.org/entity/Q9168>	20135	327	0	0	0	34	3	364	364
German	Polish	13	36	<http://www.wikidata.org/entity/Q188>	<http://www.wikidata.org/entity/Q809>	20135	1046	22	36	2	2	59	1082	1082
German	Portuguese	13	1	<http://www.wikidata.org/entity/Q188>	<http://www.wikidata.org/entity/Q5146>	20135	2388	11	34	40	99	28	2547	2547
German	Punjabi	13	27	<http://www.wikidata.org/entity/Q188>	<http://www.wikidata.org/entity/Q58635>	20135	2215	5	7	14	131	0	2362	2362
German	Quechua	13	44	<http://www.wikidata.org/entity/Q188>	<http://www.wikidata.org/entity/Q5218>	20135	52	1	2	0	1	0	54	54
German	Russian	13	17	<http://www.wikidata.org/entity/Q188>	<http://www.wikidata.org/entity/Q7737>	20135	5528	30	56	48	67	254	5762	5762
German	Sanskrit	13	47	<http://www.wikidata.org/entity/Q188>	<http://www.wikidata.org/entity/Q11059>	20135	528	0	3	0	37	0	565	565
German	Southern Min	13	45	<http://www.wikidata.org/entity/Q188>	<http://www.wikidata.org/entity/Q36495>	20135	1454	5	19	0	67	2	1523	1523
German	Spanish	13	12	<http://www.wikidata.org/entity/Q188>	<http://www.wikidata.org/entity/Q1321>	20135	3554	69	116	287	75	85	3934	3934
German	Standard Chinese	13	35	<http://www.wikidata.org/entity/Q188>	<http://www.wikidata.org/entity/Q727694>	20135	1116	11	24	0	84	0	1203	1203
German	Sumerian	13	18	<http://www.wikidata.org/entity/Q188>	<http://www.wikidata.org/entity/Q36790>	20135	1814	0	1	0	193	0	2007	2007
German	Swedish	13	4	<http://www.wikidata.org/entity/Q188>	<http://www.wikidata.org/entity/Q9027>	20135	7104	52	80	271	181	34	7559	7559
German	Turkish	13	40	<http://www.wikidata.org/entity/Q188>	<http://www.wikidata.org/entity/Q256>	20135	1173	6	13	1	119	3	1298	1298
German	Ugaritic	13	38	<http://www.wikidata.org/entity/Q188>	<http://www.wikidata.org/entity/Q36928>	20135	843	0	0	0	0	0	843	843
Hausa	Akkadian	48	19	<http://www.wikidata.org/entity/Q56475>	<http://www.wikidata.org/entity/Q35518>	1897	303	0	0	0	78	0	381	381
Hausa	Albanian	48	28	<http://www.wikidata.org/entity/Q56475>	<http://www.wikidata.org/entity/Q8748>	1897	78	0	0	0	2	0	80	80
Hausa	Arabic	48	20	<http://www.wikidata.org/entity/Q56475>	<http://www.wikidata.org/entity/Q13955>	1897	178	0	0	0	24	4	206	206
Hausa	Aragonese	48	6	<http://www.wikidata.org/entity/Q56475>	<http://www.wikidata.org/entity/Q8765>	1897	22	0	0	0	2	0	24	24
Hausa	Bangla	48	21	<http://www.wikidata.org/entity/Q56475>	<http://www.wikidata.org/entity/Q9610>	1897	226	0	0	0	43	2	270	270
Hausa	Banjar	48	46	<http://www.wikidata.org/entity/Q56475>	<http://www.wikidata.org/entity/Q33151>	1897	39	0	0	0	0	0	39	39
Hausa	Basque	48	9	<http://www.wikidata.org/entity/Q56475>	<http://www.wikidata.org/entity/Q8752>	1897	147	0	0	0	1	0	148	148
Hausa	Bokmål	48	3	<http://www.wikidata.org/entity/Q56475>	<http://www.wikidata.org/entity/Q25167>	1897	496	0	0	1	32	0	529	529
Hausa	Breton	48	31	<http://www.wikidata.org/entity/Q56475>	<http://www.wikidata.org/entity/Q12107>	1897	350	0	0	0	22	0	372	372
Hausa	Central Bikol	48	49	<http://www.wikidata.org/entity/Q56475>	<http://www.wikidata.org/entity/Q33284>	1897	12	0	0	0	0	0	12	12
Hausa	Czech	48	11	<http://www.wikidata.org/entity/Q56475>	<http://www.wikidata.org/entity/Q9056>	1897	240	0	0	1	6	0	246	246
Hausa	Dagbanli	48	22	<http://www.wikidata.org/entity/Q56475>	<http://www.wikidata.org/entity/Q32238>	1897	273	1	1	0	8	2	282	282
Hausa	Danish	48	14	<http://www.wikidata.org/entity/Q56475>	<http://www.wikidata.org/entity/Q9035>	1897	426	0	0	1	24	0	451	451
Hausa	Dutch	48	41	<http://www.wikidata.org/entity/Q56475>	<http://www.wikidata.org/entity/Q7411>	1897	171	0	0	1	2	0	173	173
Hausa	Egyptian	48	16	<http://www.wikidata.org/entity/Q56475>	<http://www.wikidata.org/entity/Q50868>	1897	13	0	0	0	1	0	14	14
Hausa	English	48	2	<http://www.wikidata.org/entity/Q56475>	<http://www.wikidata.org/entity/Q1860>	1897	625	0	1	1	124	1864	1872	1872
Hausa	Estonian	48	34	<http://www.wikidata.org/entity/Q56475>	<http://www.wikidata.org/entity/Q9072>	1897	317	0	0	0	18	0	335	335
Hausa	Finnish	48	42	<http://www.wikidata.org/entity/Q56475>	<http://www.wikidata.org/entity/Q1412>	1897	166	0	0	0	11	0	177	177
Hausa	French	48	7	<http://www.wikidata.org/entity/Q56475>	<http://www.wikidata.org/entity/Q150>	1897	502	0	0	1	59	8	565	565
Hausa	Fula	48	26	<http://www.wikidata.org/entity/Q56475>	<http://www.wikidata.org/entity/Q33454>	1897	60	0	0	0	3	8	70	70
Hausa	German	48	13	<http://www.wikidata.org/entity/Q56475>	<http://www.wikidata.org/entity/Q188>	1897	484	2	2	1	63	8	552	552
Hausa	Hebrew	48	29	<http://www.wikidata.org/entity/Q56475>	<http://www.wikidata.org/entity/Q9288>	1897	355	0	0	0	12	0	367	367
Hausa	Hindustani	48	37	<http://www.wikidata.org/entity/Q56475>	<http://www.wikidata.org/entity/Q11051>	1897	200	2	2	0	21	0	223	223
Hausa	Igbo	48	32	<http://www.wikidata.org/entity/Q56475>	<http://www.wikidata.org/entity/Q33578>	1897	319	0	0	0	37	2	358	358
Hausa	Italian	48	10	<http://www.wikidata.org/entity/Q56475>	<http://www.wikidata.org/entity/Q652>	1897	523	0	0	0	28	0	551	551
Hausa	Japanese	48	5	<http://www.wikidata.org/entity/Q56475>	<http://www.wikidata.org/entity/Q5287>	1897	438	0	0	0	70	0	508	508
Hausa	Klingon	48	43	<http://www.wikidata.org/entity/Q56475>	<http://www.wikidata.org/entity/Q10134>	1897	206	0	0	0	23	0	229	229
Hausa	Korean	48	50	<http://www.wikidata.org/entity/Q56475>	<http://www.wikidata.org/entity/Q9176>	1897	96	0	0	0	21	0	117	117
Hausa	Latin	48	39	<http://www.wikidata.org/entity/Q56475>	<http://www.wikidata.org/entity/Q397>	1897	215	0	0	0	11	0	226	226
Hausa	Malay	48	33	<http://www.wikidata.org/entity/Q56475>	<http://www.wikidata.org/entity/Q9237>	1897	344	0	0	0	54	0	398	398
Hausa	Malayalam	48	23	<http://www.wikidata.org/entity/Q56475>	<http://www.wikidata.org/entity/Q36236>	1897	335	0	0	0	11	0	346	346
Hausa	Mon	48	30	<http://www.wikidata.org/entity/Q56475>	<http://www.wikidata.org/entity/Q13349>	1897	4	0	0	0	0	0	4	4
Hausa	New Persian	48	24	<http://www.wikidata.org/entity/Q56475>	<http://www.wikidata.org/entity/Q56356571>	1897	353	0	0	1	30	0	383	383
Hausa	Northern Sami	48	25	<http://www.wikidata.org/entity/Q56475>	<http://www.wikidata.org/entity/Q33947>	1897	11	0	0	0	1	0	12	12
Hausa	Nynorsk	48	8	<http://www.wikidata.org/entity/Q56475>	<http://www.wikidata.org/entity/Q25164>	1897	381	0	0	0	17	0	398	398
Hausa	Persian	48	15	<http://www.wikidata.org/entity/Q56475>	<http://www.wikidata.org/entity/Q9168>	1897	14	0	0	0	6	0	20	20
Hausa	Polish	48	36	<http://www.wikidata.org/entity/Q56475>	<http://www.wikidata.org/entity/Q809>	1897	129	0	0	0	0	0	129	129
Hausa	Portuguese	48	1	<http://www.wikidata.org/entity/Q56475>	<http://www.wikidata.org/entity/Q5146>	1897	296	0	0	1	25	0	322	322
Hausa	Punjabi	48	27	<http://www.wikidata.org/entity/Q56475>	<http://www.wikidata.org/entity/Q58635>	1897	337	0	1	0	41	0	379	379
Hausa	Quechua	48	44	<http://www.wikidata.org/entity/Q56475>	<http://www.wikidata.org/entity/Q5218>	1897	9	0	0	0	0	0	9	9
Hausa	Russian	48	17	<http://www.wikidata.org/entity/Q56475>	<http://www.wikidata.org/entity/Q7737>	1897	432	0	0	0	16	0	448	448
Hausa	Sanskrit	48	47	<http://www.wikidata.org/entity/Q56475>	<http://www.wikidata.org/entity/Q11059>	1897	121	0	0	0	16	0	137	137
Hausa	Southern Min	48	45	<http://www.wikidata.org/entity/Q56475>	<http://www.wikidata.org/entity/Q36495>	1897	161	0	0	0	17	0	178	178
Hausa	Spanish	48	12	<http://www.wikidata.org/entity/Q56475>	<http://www.wikidata.org/entity/Q1321>	1897	283	0	0	1	14	0	298	298
Hausa	Standard Chinese	48	35	<http://www.wikidata.org/entity/Q56475>	<http://www.wikidata.org/entity/Q727694>	1897	154	0	0	0	30	0	184	184
Hausa	Sumerian	48	18	<http://www.wikidata.org/entity/Q56475>	<http://www.wikidata.org/entity/Q36790>	1897	310	0	0	0	74	0	384	384
Hausa	Swedish	48	4	<http://www.wikidata.org/entity/Q56475>	<http://www.wikidata.org/entity/Q9027>	1897	491	0	0	1	39	0	530	530
Hausa	Turkish	48	40	<http://www.wikidata.org/entity/Q56475>	<http://www.wikidata.org/entity/Q256>	1897	217	0	0	0	56	0	273	273
Hausa	Ugaritic	48	38	<http://www.wikidata.org/entity/Q56475>	<http://www.wikidata.org/entity/Q36928>	1897	185	0	0	0	0	0	185	185
Hebrew	Akkadian	29	19	<http://www.wikidata.org/entity/Q9288>	<http://www.wikidata.org/entity/Q35518>	7451	830	1	2	0	30	0	860	860
Hebrew	Albanian	29	28	<http://www.wikidata.org/entity/Q9288>	<http://www.wikidata.org/entity/Q8748>	7451	204	0	0	0	1	0	205	205
Hebrew	Arabic	29	20	<http://www.wikidata.org/entity/Q9288>	<http://www.wikidata.org/entity/Q13955>	7451	451	7	9	0	7	10	468	468
Hebrew	Aragonese	29	6	<http://www.wikidata.org/entity/Q9288>	<http://www.wikidata.org/entity/Q8765>	7451	48	0	0	0	2	0	50	50
Hebrew	Bangla	29	21	<http://www.wikidata.org/entity/Q9288>	<http://www.wikidata.org/entity/Q9610>	7451	570	0	1	2	16	9	591	591
Hebrew	Banjar	29	46	<http://www.wikidata.org/entity/Q9288>	<http://www.wikidata.org/entity/Q33151>	7451	73	0	0	0	0	0	73	73
Hebrew	Basque	29	9	<http://www.wikidata.org/entity/Q9288>	<http://www.wikidata.org/entity/Q8752>	7451	953	0	3	0	1	0	954	954
Hebrew	Bokmål	29	3	<http://www.wikidata.org/entity/Q9288>	<http://www.wikidata.org/entity/Q25167>	7451	3456	1	5	3	23	1	3482	3482
Hebrew	Breton	29	31	<http://www.wikidata.org/entity/Q9288>	<http://www.wikidata.org/entity/Q12107>	7451	1160	0	1	0	14	0	1174	1174
Hebrew	Central Bikol	29	49	<http://www.wikidata.org/entity/Q9288>	<http://www.wikidata.org/entity/Q33284>	7451	20	0	0	0	0	0	20	20
Hebrew	Czech	29	11	<http://www.wikidata.org/entity/Q9288>	<http://www.wikidata.org/entity/Q9056>	7451	1169	11	20	0	3	16	1173	1173
Hebrew	Dagbanli	29	22	<http://www.wikidata.org/entity/Q9288>	<http://www.wikidata.org/entity/Q32238>	7451	640	0	0	0	5	0	645	645
Hebrew	Danish	29	14	<http://www.wikidata.org/entity/Q9288>	<http://www.wikidata.org/entity/Q9035>	7451	2311	1	6	3	17	7	2332	2332
Hebrew	Dutch	29	41	<http://www.wikidata.org/entity/Q9288>	<http://www.wikidata.org/entity/Q7411>	7451	627	0	1	3	1	5	631	631
Hebrew	Egyptian	29	16	<http://www.wikidata.org/entity/Q9288>	<http://www.wikidata.org/entity/Q50868>	7451	31	0	1	0	1	0	32	32
Hebrew	English	29	2	<http://www.wikidata.org/entity/Q9288>	<http://www.wikidata.org/entity/Q1860>	7451	4371	29	43	1	46	2862	5746	5746
Hebrew	Estonian	29	34	<http://www.wikidata.org/entity/Q9288>	<http://www.wikidata.org/entity/Q9072>	7451	1167	0	0	0	14	3	1183	1183
Hebrew	Finnish	29	42	<http://www.wikidata.org/entity/Q9288>	<http://www.wikidata.org/entity/Q1412>	7451	448	0	4	0	7	3	458	458
Hebrew	French	29	7	<http://www.wikidata.org/entity/Q9288>	<http://www.wikidata.org/entity/Q150>	7451	3122	4	16	3	37	14	3174	3174
Hebrew	Fula	29	26	<http://www.wikidata.org/entity/Q9288>	<http://www.wikidata.org/entity/Q33454>	7451	108	0	0	0	2	0	110	110
Hebrew	German	29	13	<http://www.wikidata.org/entity/Q9288>	<http://www.wikidata.org/entity/Q188>	7451	2945	6	16	3	33	18	2991	2991
Hebrew	Hausa	29	48	<http://www.wikidata.org/entity/Q9288>	<http://www.wikidata.org/entity/Q56475>	7451	369	0	0	0	11	0	380	380
Hebrew	Hindustani	29	37	<http://www.wikidata.org/entity/Q9288>	<http://www.wikidata.org/entity/Q11051>	7451	546	0	1	0	9	0	556	556
Hebrew	Igbo	29	32	<http://www.wikidata.org/entity/Q9288>	<http://www.wikidata.org/entity/Q33578>	7451	741	1	2	0	16	0	757	757
Hebrew	Italian	29	10	<http://www.wikidata.org/entity/Q9288>	<http://www.wikidata.org/entity/Q652>	7451	3870	4	13	3	12	7	3890	3890
Hebrew	Japanese	29	5	<http://www.wikidata.org/entity/Q9288>	<http://www.wikidata.org/entity/Q5287>	7451	2280	0	3	0	31	0	2313	2313
Hebrew	Klingon	29	43	<http://www.wikidata.org/entity/Q9288>	<http://www.wikidata.org/entity/Q10134>	7451	596	1	1	0	18	0	614	614
Hebrew	Korean	29	50	<http://www.wikidata.org/entity/Q9288>	<http://www.wikidata.org/entity/Q9176>	7451	347	0	1	0	12	0	359	359
Hebrew	Latin	29	39	<http://www.wikidata.org/entity/Q9288>	<http://www.wikidata.org/entity/Q397>	7451	817	1	4	0	10	4	829	829
Hebrew	Malay	29	33	<http://www.wikidata.org/entity/Q9288>	<http://www.wikidata.org/entity/Q9237>	7451	1245	0	1	0	24	2	1270	1270
Hebrew	Malayalam	29	23	<http://www.wikidata.org/entity/Q9288>	<http://www.wikidata.org/entity/Q36236>	7451	1675	5	13	0	11	0	1688	1688
Hebrew	Mon	29	30	<http://www.wikidata.org/entity/Q9288>	<http://www.wikidata.org/entity/Q13349>	7451	8	0	0	0	0	0	8	8
Hebrew	New Persian	29	24	<http://www.wikidata.org/entity/Q9288>	<http://www.wikidata.org/entity/Q56356571>	7451	1344	1	5	1	17	0	1364	1364
Hebrew	Northern Sami	29	25	<http://www.wikidata.org/entity/Q9288>	<http://www.wikidata.org/entity/Q33947>	7451	18	0	0	0	1	0	19	19
Hebrew	Nynorsk	29	8	<http://www.wikidata.org/entity/Q9288>	<http://www.wikidata.org/entity/Q25164>	7451	2504	1	4	2	16	0	2522	2522
Hebrew	Persian	29	15	<http://www.wikidata.org/entity/Q9288>	<http://www.wikidata.org/entity/Q9168>	7451	211	0	0	0	6	0	217	217
Hebrew	Polish	29	36	<http://www.wikidata.org/entity/Q9288>	<http://www.wikidata.org/entity/Q809>	7451	500	1	5	0	0	12	503	503
Hebrew	Portuguese	29	1	<http://www.wikidata.org/entity/Q9288>	<http://www.wikidata.org/entity/Q5146>	7451	1215	0	6	0	17	5	1237	1237
Hebrew	Punjabi	29	27	<http://www.wikidata.org/entity/Q9288>	<http://www.wikidata.org/entity/Q58635>	7451	935	0	0	1	21	0	957	957
Hebrew	Quechua	29	44	<http://www.wikidata.org/entity/Q9288>	<http://www.wikidata.org/entity/Q5218>	7451	19	0	1	0	0	0	19	19
Hebrew	Russian	29	17	<http://www.wikidata.org/entity/Q9288>	<http://www.wikidata.org/entity/Q7737>	7451	2733	2	8	0	6	13	2743	2743
Hebrew	Sanskrit	29	47	<http://www.wikidata.org/entity/Q9288>	<http://www.wikidata.org/entity/Q11059>	7451	278	0	1	0	7	0	285	285
Hebrew	Southern Min	29	45	<http://www.wikidata.org/entity/Q9288>	<http://www.wikidata.org/entity/Q36495>	7451	493	0	4	0	6	0	500	500
Hebrew	Spanish	29	12	<http://www.wikidata.org/entity/Q9288>	<http://www.wikidata.org/entity/Q1321>	7451	1533	1	8	3	14	8	1553	1553
Hebrew	Standard Chinese	29	35	<http://www.wikidata.org/entity/Q9288>	<http://www.wikidata.org/entity/Q727694>	7451	549	0	5	0	14	0	563	563
Hebrew	Sumerian	29	18	<http://www.wikidata.org/entity/Q9288>	<http://www.wikidata.org/entity/Q36790>	7451	884	1	3	0	31	0	915	915
Hebrew	Swedish	29	4	<http://www.wikidata.org/entity/Q9288>	<http://www.wikidata.org/entity/Q9027>	7451	3014	0	5	3	25	3	3045	3045
Hebrew	Turkish	29	40	<http://www.wikidata.org/entity/Q9288>	<http://www.wikidata.org/entity/Q256>	7451	570	1	1	0	26	1	598	598
Hebrew	Ugaritic	29	38	<http://www.wikidata.org/entity/Q9288>	<http://www.wikidata.org/entity/Q36928>	7451	430	0	0	0	0	0	430	430
Hindustani	Akkadian	37	19	<http://www.wikidata.org/entity/Q11051>	<http://www.wikidata.org/entity/Q35518>	3900	557	0	0	0	38	0	595	595
Hindustani	Albanian	37	28	<http://www.wikidata.org/entity/Q11051>	<http://www.wikidata.org/entity/Q8748>	3900	163	0	0	0	2	0	165	165
Hindustani	Arabic	37	20	<http://www.wikidata.org/entity/Q11051>	<http://www.wikidata.org/entity/Q13955>	3900	398	0	0	0	17	2	416	416
Hindustani	Aragonese	37	6	<http://www.wikidata.org/entity/Q11051>	<http://www.wikidata.org/entity/Q8765>	3900	41	0	0	0	2	0	43	43
Hindustani	Bangla	37	21	<http://www.wikidata.org/entity/Q11051>	<http://www.wikidata.org/entity/Q9610>	3900	678	44	54	0	41	36	767	767
Hindustani	Banjar	37	46	<http://www.wikidata.org/entity/Q11051>	<http://www.wikidata.org/entity/Q33151>	3900	64	3	5	0	0	0	65	65
Hindustani	Basque	37	9	<http://www.wikidata.org/entity/Q11051>	<http://www.wikidata.org/entity/Q8752>	3900	276	0	0	0	3	0	279	279
Hindustani	Bokmål	37	3	<http://www.wikidata.org/entity/Q11051>	<http://www.wikidata.org/entity/Q25167>	3900	983	3	4	3	28	0	1015	1015
Hindustani	Breton	37	31	<http://www.wikidata.org/entity/Q11051>	<http://www.wikidata.org/entity/Q12107>	3900	677	0	0	0	16	0	693	693
Hindustani	Central Bikol	37	49	<http://www.wikidata.org/entity/Q11051>	<http://www.wikidata.org/entity/Q33284>	3900	30	0	0	0	0	0	30	30
Hindustani	Czech	37	11	<http://www.wikidata.org/entity/Q11051>	<http://www.wikidata.org/entity/Q9056>	3900	459	1	4	1	12	0	472	472
Hindustani	Dagbanli	37	22	<http://www.wikidata.org/entity/Q11051>	<http://www.wikidata.org/entity/Q32238>	3900	472	0	1	0	6	0	478	478
Hindustani	Danish	37	14	<http://www.wikidata.org/entity/Q11051>	<http://www.wikidata.org/entity/Q9035>	3900	851	0	8	2	15	0	871	871
Hindustani	Dutch	37	41	<http://www.wikidata.org/entity/Q11051>	<http://www.wikidata.org/entity/Q7411>	3900	317	0	0	2	1	0	320	320
Hindustani	Egyptian	37	16	<http://www.wikidata.org/entity/Q11051>	<http://www.wikidata.org/entity/Q50868>	3900	38	0	0	0	2	0	40	40
Hindustani	English	37	2	<http://www.wikidata.org/entity/Q11051>	<http://www.wikidata.org/entity/Q1860>	3900	1221	77	116	0	75	2028	2549	2549
Hindustani	Estonian	37	34	<http://www.wikidata.org/entity/Q11051>	<http://www.wikidata.org/entity/Q9072>	3900	620	0	0	0	15	1	636	636
Hindustani	Finnish	37	42	<http://www.wikidata.org/entity/Q11051>	<http://www.wikidata.org/entity/Q1412>	3900	341	0	0	0	7	1	349	349
Hindustani	French	37	7	<http://www.wikidata.org/entity/Q11051>	<http://www.wikidata.org/entity/Q150>	3900	1043	3	8	2	39	0	1086	1086
Hindustani	Fula	37	26	<http://www.wikidata.org/entity/Q11051>	<http://www.wikidata.org/entity/Q33454>	3900	119	0	0	0	2	0	121	121
Hindustani	German	37	13	<http://www.wikidata.org/entity/Q11051>	<http://www.wikidata.org/entity/Q188>	3900	1026	6	18	2	49	1	1083	1083
Hindustani	Hausa	37	48	<http://www.wikidata.org/entity/Q11051>	<http://www.wikidata.org/entity/Q56475>	3900	306	2	2	0	25	0	333	333
Hindustani	Hebrew	37	29	<http://www.wikidata.org/entity/Q11051>	<http://www.wikidata.org/entity/Q9288>	3900	698	0	1	0	11	1	711	711
Hindustani	Igbo	37	32	<http://www.wikidata.org/entity/Q11051>	<http://www.wikidata.org/entity/Q33578>	3900	574	0	1	0	30	0	604	604
Hindustani	Italian	37	10	<http://www.wikidata.org/entity/Q11051>	<http://www.wikidata.org/entity/Q652>	3900	1071	4	17	2	25	1	1105	1105
Hindustani	Japanese	37	5	<http://www.wikidata.org/entity/Q11051>	<http://www.wikidata.org/entity/Q5287>	3900	835	2	9	0	46	0	883	883
Hindustani	Klingon	37	43	<http://www.wikidata.org/entity/Q11051>	<http://www.wikidata.org/entity/Q10134>	3900	447	0	4	0	21	0	472	472
Hindustani	Korean	37	50	<http://www.wikidata.org/entity/Q11051>	<http://www.wikidata.org/entity/Q9176>	3900	184	0	0	0	11	0	195	195
Hindustani	Latin	37	39	<http://www.wikidata.org/entity/Q11051>	<http://www.wikidata.org/entity/Q397>	3900	411	0	1	0	7	0	419	419
Hindustani	Malay	37	33	<http://www.wikidata.org/entity/Q11051>	<http://www.wikidata.org/entity/Q9237>	3900	681	1	9	0	44	1	728	728
Hindustani	Malayalam	37	23	<http://www.wikidata.org/entity/Q11051>	<http://www.wikidata.org/entity/Q36236>	3900	844	131	136	0	8	192	973	973
Hindustani	Mon	37	30	<http://www.wikidata.org/entity/Q11051>	<http://www.wikidata.org/entity/Q13349>	3900	14	0	0	0	0	0	14	14
Hindustani	New Persian	37	24	<http://www.wikidata.org/entity/Q11051>	<http://www.wikidata.org/entity/Q56356571>	3900	763	30	36	0	28	0	821	821
Hindustani	Northern Sami	37	25	<http://www.wikidata.org/entity/Q11051>	<http://www.wikidata.org/entity/Q33947>	3900	27	0	0	0	1	0	28	28
Hindustani	Nynorsk	37	8	<http://www.wikidata.org/entity/Q11051>	<http://www.wikidata.org/entity/Q25164>	3900	785	1	2	3	22	0	808	808
Hindustani	Persian	37	15	<http://www.wikidata.org/entity/Q11051>	<http://www.wikidata.org/entity/Q9168>	3900	32	1	1	0	8	5	46	46
Hindustani	Polish	37	36	<http://www.wikidata.org/entity/Q11051>	<http://www.wikidata.org/entity/Q809>	3900	251	0	0	0	0	1	252	252
Hindustani	Portuguese	37	1	<http://www.wikidata.org/entity/Q11051>	<http://www.wikidata.org/entity/Q5146>	3900	624	4	9	0	27	0	657	657
Hindustani	Punjabi	37	27	<http://www.wikidata.org/entity/Q11051>	<http://www.wikidata.org/entity/Q58635>	3900	965	333	336	3	53	242	1387	1387
Hindustani	Quechua	37	44	<http://www.wikidata.org/entity/Q11051>	<http://www.wikidata.org/entity/Q5218>	3900	12	0	0	0	0	0	12	12
Hindustani	Russian	37	17	<http://www.wikidata.org/entity/Q11051>	<http://www.wikidata.org/entity/Q7737>	3900	841	1	8	1	12	1	857	857
Hindustani	Sanskrit	37	47	<http://www.wikidata.org/entity/Q11051>	<http://www.wikidata.org/entity/Q11059>	3900	386	27	32	0	24	5	424	424
Hindustani	Southern Min	37	45	<http://www.wikidata.org/entity/Q11051>	<http://www.wikidata.org/entity/Q36495>	3900	324	1	6	0	8	0	333	333
Hindustani	Spanish	37	12	<http://www.wikidata.org/entity/Q11051>	<http://www.wikidata.org/entity/Q1321>	3900	574	1	3	3	12	0	587	587
Hindustani	Standard Chinese	37	35	<http://www.wikidata.org/entity/Q11051>	<http://www.wikidata.org/entity/Q727694>	3900	414	1	11	0	31	0	449	449
Hindustani	Sumerian	37	18	<http://www.wikidata.org/entity/Q11051>	<http://www.wikidata.org/entity/Q36790>	3900	559	0	2	0	48	0	607	607
Hindustani	Swedish	37	4	<http://www.wikidata.org/entity/Q11051>	<http://www.wikidata.org/entity/Q9027>	3900	897	0	5	1	31	0	932	932
Hindustani	Turkish	37	40	<http://www.wikidata.org/entity/Q11051>	<http://www.wikidata.org/entity/Q256>	3900	406	7	16	0	27	0	445	445
Hindustani	Ugaritic	37	38	<http://www.wikidata.org/entity/Q11051>	<http://www.wikidata.org/entity/Q36928>	3900	338	0	0	0	0	0	338	338
Igbo	Akkadian	32	19	<http://www.wikidata.org/entity/Q33578>	<http://www.wikidata.org/entity/Q35518>	5759	741	0	0	0	72	0	813	813
Igbo	Albanian	32	28	<http://www.wikidata.org/entity/Q33578>	<http://www.wikidata.org/entity/Q8748>	5759	177	0	0	0	1	0	178	178
Igbo	Arabic	32	20	<http://www.wikidata.org/entity/Q33578>	<http://www.wikidata.org/entity/Q13955>	5759	359	0	0	0	20	0	379	379
Igbo	Aragonese	32	6	<http://www.wikidata.org/entity/Q33578>	<http://www.wikidata.org/entity/Q8765>	5759	35	0	0	0	2	0	37	37
Igbo	Bangla	32	21	<http://www.wikidata.org/entity/Q33578>	<http://www.wikidata.org/entity/Q9610>	5759	485	0	0	0	55	2	540	540
Igbo	Banjar	32	46	<http://www.wikidata.org/entity/Q33578>	<http://www.wikidata.org/entity/Q33151>	5759	83	0	0	0	0	0	83	83
Igbo	Basque	32	9	<http://www.wikidata.org/entity/Q33578>	<http://www.wikidata.org/entity/Q8752>	5759	356	0	0	0	2	0	358	358
Igbo	Bokmål	32	3	<http://www.wikidata.org/entity/Q33578>	<http://www.wikidata.org/entity/Q25167>	5759	1328	0	1	0	50	0	1375	1375
Igbo	Breton	32	31	<http://www.wikidata.org/entity/Q33578>	<http://www.wikidata.org/entity/Q12107>	5759	788	0	0	0	50	0	838	838
Igbo	Central Bikol	32	49	<http://www.wikidata.org/entity/Q33578>	<http://www.wikidata.org/entity/Q33284>	5759	32	0	0	0	0	0	32	32
Igbo	Czech	32	11	<http://www.wikidata.org/entity/Q33578>	<http://www.wikidata.org/entity/Q9056>	5759	526	0	0	0	4	0	530	530
Igbo	Dagbanli	32	22	<http://www.wikidata.org/entity/Q33578>	<http://www.wikidata.org/entity/Q32238>	5759	644	5	5	0	9	2	659	659
Igbo	Danish	32	14	<http://www.wikidata.org/entity/Q33578>	<http://www.wikidata.org/entity/Q9035>	5759	1085	0	0	0	29	2	1115	1115
Igbo	Dutch	32	41	<http://www.wikidata.org/entity/Q33578>	<http://www.wikidata.org/entity/Q7411>	5759	344	0	0	0	7	1	352	352
Igbo	Egyptian	32	16	<http://www.wikidata.org/entity/Q33578>	<http://www.wikidata.org/entity/Q50868>	5759	32	0	0	0	0	0	32	32
Igbo	English	32	2	<http://www.wikidata.org/entity/Q33578>	<http://www.wikidata.org/entity/Q1860>	5759	1611	17	21	0	141	5132	5174	5174
Igbo	Estonian	32	34	<http://www.wikidata.org/entity/Q33578>	<http://www.wikidata.org/entity/Q9072>	5759	730	0	0	0	20	0	750	750
Igbo	Finnish	32	42	<http://www.wikidata.org/entity/Q33578>	<http://www.wikidata.org/entity/Q1412>	5759	343	0	0	0	18	0	361	361
Igbo	French	32	7	<http://www.wikidata.org/entity/Q33578>	<http://www.wikidata.org/entity/Q150>	5759	1280	0	1	0	81	35	1383	1383
Igbo	Fula	32	26	<http://www.wikidata.org/entity/Q33578>	<http://www.wikidata.org/entity/Q33454>	5759	117	0	0	0	2	0	119	119
Igbo	German	32	13	<http://www.wikidata.org/entity/Q33578>	<http://www.wikidata.org/entity/Q188>	5759	1287	1	2	0	83	22	1381	1381
Igbo	Hausa	32	48	<http://www.wikidata.org/entity/Q33578>	<http://www.wikidata.org/entity/Q56475>	5759	432	0	0	0	38	726	1160	1160
Igbo	Hebrew	32	29	<http://www.wikidata.org/entity/Q33578>	<http://www.wikidata.org/entity/Q9288>	5759	878	1	2	0	21	20	919	919
Igbo	Hindustani	32	37	<http://www.wikidata.org/entity/Q33578>	<http://www.wikidata.org/entity/Q11051>	5759	513	0	1	0	24	0	538	538
Igbo	Italian	32	10	<http://www.wikidata.org/entity/Q33578>	<http://www.wikidata.org/entity/Q652>	5759	1374	0	3	0	35	1	1412	1412
Igbo	Japanese	32	5	<http://www.wikidata.org/entity/Q33578>	<http://www.wikidata.org/entity/Q5287>	5759	1083	0	0	0	79	0	1159	1159
Igbo	Klingon	32	43	<http://www.wikidata.org/entity/Q33578>	<http://www.wikidata.org/entity/Q10134>	5759	490	0	0	0	32	0	522	522
Igbo	Korean	32	50	<http://www.wikidata.org/entity/Q33578>	<http://www.wikidata.org/entity/Q9176>	5759	175	0	0	0	30	0	205	205
Igbo	Latin	32	39	<http://www.wikidata.org/entity/Q33578>	<http://www.wikidata.org/entity/Q397>	5759	491	0	1	0	11	0	502	502
Igbo	Malay	32	33	<http://www.wikidata.org/entity/Q33578>	<http://www.wikidata.org/entity/Q9237>	5759	782	0	1	0	52	0	832	832
Igbo	Malayalam	32	23	<http://www.wikidata.org/entity/Q33578>	<http://www.wikidata.org/entity/Q36236>	5759	844	0	1	0	11	0	856	856
Igbo	Mon	32	30	<http://www.wikidata.org/entity/Q33578>	<http://www.wikidata.org/entity/Q13349>	5759	14	0	0	0	0	0	14	14
Igbo	New Persian	32	24	<http://www.wikidata.org/entity/Q33578>	<http://www.wikidata.org/entity/Q56356571>	5759	772	0	1	0	30	0	802	802
Igbo	Northern Sami	32	25	<http://www.wikidata.org/entity/Q33578>	<http://www.wikidata.org/entity/Q33947>	5759	20	0	0	0	1	0	21	21
Igbo	Nynorsk	32	8	<http://www.wikidata.org/entity/Q33578>	<http://www.wikidata.org/entity/Q25164>	5759	1014	0	0	0	37	0	1048	1048
Igbo	Persian	32	15	<http://www.wikidata.org/entity/Q33578>	<http://www.wikidata.org/entity/Q9168>	5759	41	0	0	0	8	0	49	49
Igbo	Polish	32	36	<http://www.wikidata.org/entity/Q33578>	<http://www.wikidata.org/entity/Q809>	5759	301	0	0	0	1	0	302	302
Igbo	Portuguese	32	1	<http://www.wikidata.org/entity/Q33578>	<http://www.wikidata.org/entity/Q5146>	5759	793	1	1	0	48	22	854	854
Igbo	Punjabi	32	27	<http://www.wikidata.org/entity/Q33578>	<http://www.wikidata.org/entity/Q58635>	5759	782	0	0	0	45	0	827	827
Igbo	Quechua	32	44	<http://www.wikidata.org/entity/Q33578>	<http://www.wikidata.org/entity/Q5218>	5759	12	0	0	0	0	0	12	12
Igbo	Russian	32	17	<http://www.wikidata.org/entity/Q33578>	<http://www.wikidata.org/entity/Q7737>	5759	1103	0	0	0	19	0	1122	1122
Igbo	Sanskrit	32	47	<http://www.wikidata.org/entity/Q33578>	<http://www.wikidata.org/entity/Q11059>	5759	275	0	0	0	13	0	288	288
Igbo	Southern Min	32	45	<http://www.wikidata.org/entity/Q33578>	<http://www.wikidata.org/entity/Q36495>	5759	360	0	0	0	18	0	378	378
Igbo	Spanish	32	12	<http://www.wikidata.org/entity/Q33578>	<http://www.wikidata.org/entity/Q1321>	5759	619	0	2	0	31	5	656	656
Igbo	Standard Chinese	32	35	<http://www.wikidata.org/entity/Q33578>	<http://www.wikidata.org/entity/Q727694>	5759	390	0	0	0	32	0	422	422
Igbo	Sumerian	32	18	<http://www.wikidata.org/entity/Q33578>	<http://www.wikidata.org/entity/Q36790>	5759	751	0	0	0	70	0	821	821
Igbo	Swedish	32	4	<http://www.wikidata.org/entity/Q33578>	<http://www.wikidata.org/entity/Q9027>	5759	1241	0	1	0	56	3	1298	1298
Igbo	Turkish	32	40	<http://www.wikidata.org/entity/Q33578>	<http://www.wikidata.org/entity/Q256>	5759	403	0	0	0	53	1	457	457
Igbo	Ugaritic	32	38	<http://www.wikidata.org/entity/Q33578>	<http://www.wikidata.org/entity/Q36928>	5759	410	0	0	0	0	0	410	410
Italian	Akkadian	10	19	<http://www.wikidata.org/entity/Q652>	<http://www.wikidata.org/entity/Q35518>	26452	1736	1	2	0	57	0	1793	1793
Italian	Albanian	10	28	<http://www.wikidata.org/entity/Q652>	<http://www.wikidata.org/entity/Q8748>	26452	325	2	3	2	3	1	331	331
Italian	Arabic	10	20	<http://www.wikidata.org/entity/Q652>	<http://www.wikidata.org/entity/Q13955>	26452	738	5	13	2	19	0	761	761
Italian	Aragonese	10	6	<http://www.wikidata.org/entity/Q652>	<http://www.wikidata.org/entity/Q8765>	26452	86	3	4	0	1	0	88	88
Italian	Bangla	10	21	<http://www.wikidata.org/entity/Q652>	<http://www.wikidata.org/entity/Q9610>	26452	1034	1	8	5	43	16	1093	1093
Italian	Banjar	10	46	<http://www.wikidata.org/entity/Q652>	<http://www.wikidata.org/entity/Q33151>	26452	114	7	13	0	0	0	123	123
Italian	Basque	10	9	<http://www.wikidata.org/entity/Q652>	<http://www.wikidata.org/entity/Q8752>	26452	1915	5	10	0	1	1	1916	1916
Italian	Bokmål	10	3	<http://www.wikidata.org/entity/Q652>	<http://www.wikidata.org/entity/Q25167>	26452	7408	20	33	221	36	0	7674	7674
Italian	Breton	10	31	<http://www.wikidata.org/entity/Q652>	<http://www.wikidata.org/entity/Q12107>	26452	2200	5	11	4	36	2	2241	2241
Italian	Central Bikol	10	49	<http://www.wikidata.org/entity/Q652>	<http://www.wikidata.org/entity/Q33284>	26452	25	0	0	0	0	0	25	25
Italian	Czech	10	11	<http://www.wikidata.org/entity/Q652>	<http://www.wikidata.org/entity/Q9056>	26452	2097	22	45	23	10	12	2135	2135
Italian	Dagbanli	10	22	<http://www.wikidata.org/entity/Q652>	<http://www.wikidata.org/entity/Q32238>	26452	1244	1	6	0	4	0	1249	1249
Italian	Danish	10	14	<http://www.wikidata.org/entity/Q652>	<http://www.wikidata.org/entity/Q9035>	26452	4496	19	50	137	22	5	4665	4665
Italian	Dutch	10	41	<http://www.wikidata.org/entity/Q652>	<http://www.wikidata.org/entity/Q7411>	26452	1109	3	7	177	6	1	1294	1294
Italian	Egyptian	10	16	<http://www.wikidata.org/entity/Q652>	<http://www.wikidata.org/entity/Q50868>	26452	58	0	0	0	1	0	59	59
Italian	English	10	2	<http://www.wikidata.org/entity/Q652>	<http://www.wikidata.org/entity/Q1860>	26452	11315	726	758	121	148	1221	12206	10000
Italian	Estonian	10	34	<http://www.wikidata.org/entity/Q652>	<http://www.wikidata.org/entity/Q9072>	26452	2123	1	7	1	16	1	2143	2143
Italian	Finnish	10	42	<http://www.wikidata.org/entity/Q652>	<http://www.wikidata.org/entity/Q1412>	26452	751	5	13	1	14	2	769	769
Italian	French	10	7	<http://www.wikidata.org/entity/Q652>	<http://www.wikidata.org/entity/Q150>	26452	7625	101	153	204	75	74	7944	7944
Italian	Fula	10	26	<http://www.wikidata.org/entity/Q652>	<http://www.wikidata.org/entity/Q33454>	26452	180	0	0	0	2	0	182	182
Italian	German	10	13	<http://www.wikidata.org/entity/Q652>	<http://www.wikidata.org/entity/Q188>	26452	6343	132	166	122	61	125	6562	6562
Italian	Hausa	10	48	<http://www.wikidata.org/entity/Q652>	<http://www.wikidata.org/entity/Q56475>	26452	630	0	0	0	30	0	660	660
Italian	Hebrew	10	29	<http://www.wikidata.org/entity/Q652>	<http://www.wikidata.org/entity/Q9288>	26452	4251	5	13	3	15	2	4274	4274
Italian	Hindustani	10	37	<http://www.wikidata.org/entity/Q652>	<http://www.wikidata.org/entity/Q11051>	26452	989	4	16	2	26	0	1021	1021
Italian	Igbo	10	32	<http://www.wikidata.org/entity/Q652>	<http://www.wikidata.org/entity/Q33578>	26452	1370	0	3	0	32	1	1406	1406
Italian	Japanese	10	5	<http://www.wikidata.org/entity/Q652>	<http://www.wikidata.org/entity/Q5287>	26452	4950	10	45	5	63	3	5038	5038
Italian	Klingon	10	43	<http://www.wikidata.org/entity/Q652>	<http://www.wikidata.org/entity/Q10134>	26452	994	0	2	2	29	0	1026	1026
Italian	Korean	10	50	<http://www.wikidata.org/entity/Q652>	<http://www.wikidata.org/entity/Q9176>	26452	525	1	4	0	17	1	542	542
Italian	Latin	10	39	<http://www.wikidata.org/entity/Q652>	<http://www.wikidata.org/entity/Q397>	26452	1579	22	39	0	10	4	1602	1602
Italian	Malay	10	33	<http://www.wikidata.org/entity/Q652>	<http://www.wikidata.org/entity/Q9237>	26452	2201	3	20	1	37	0	2245	2245
Italian	Malayalam	10	23	<http://www.wikidata.org/entity/Q652>	<http://www.wikidata.org/entity/Q36236>	26452	3210	30	59	0	9	4	3229	3229
Italian	Mon	10	30	<http://www.wikidata.org/entity/Q652>	<http://www.wikidata.org/entity/Q13349>	26452	13	0	0	0	0	0	13	13
Italian	New Persian	10	24	<http://www.wikidata.org/entity/Q652>	<http://www.wikidata.org/entity/Q56356571>	26452	2377	0	4	7	29	0	2414	2414
Italian	Northern Sami	10	25	<http://www.wikidata.org/entity/Q652>	<http://www.wikidata.org/entity/Q33947>	26452	20	0	0	0	0	0	20	20
Italian	Nynorsk	10	8	<http://www.wikidata.org/entity/Q652>	<http://www.wikidata.org/entity/Q25164>	26452	5376	8	21	125	19	0	5530	5530
Italian	Persian	10	15	<http://www.wikidata.org/entity/Q652>	<http://www.wikidata.org/entity/Q9168>	26452	595	0	0	0	6	1	602	602
Italian	Polish	10	36	<http://www.wikidata.org/entity/Q652>	<http://www.wikidata.org/entity/Q809>	26452	799	10	17	1	1	11	804	804
Italian	Portuguese	10	1	<http://www.wikidata.org/entity/Q652>	<http://www.wikidata.org/entity/Q5146>	26452	2260	12	38	23	38	5	2332	2332
Italian	Punjabi	10	27	<http://www.wikidata.org/entity/Q652>	<http://www.wikidata.org/entity/Q58635>	26452	1822	0	2	6	42	1	1872	1872
Italian	Quechua	10	44	<http://www.wikidata.org/entity/Q652>	<http://www.wikidata.org/entity/Q5218>	26452	23	1	5	0	0	1	26	26
Italian	Russian	10	17	<http://www.wikidata.org/entity/Q652>	<http://www.wikidata.org/entity/Q7737>	26452	6378	9	39	20	22	16	6428	6428
Italian	Sanskrit	10	47	<http://www.wikidata.org/entity/Q652>	<http://www.wikidata.org/entity/Q11059>	26452	441	3	3	0	19	1	461	461
Italian	Southern Min	10	45	<http://www.wikidata.org/entity/Q652>	<http://www.wikidata.org/entity/Q36495>	26452	937	10	27	0	19	1	963	963
Italian	Spanish	10	12	<http://www.wikidata.org/entity/Q652>	<http://www.wikidata.org/entity/Q1321>	26452	3366	151	194	219	32	86	3648	3648
Italian	Standard Chinese	10	35	<http://www.wikidata.org/entity/Q652>	<http://www.wikidata.org/entity/Q727694>	26452	916	7	21	0	33	0	954	954
Italian	Sumerian	10	18	<http://www.wikidata.org/entity/Q652>	<http://www.wikidata.org/entity/Q36790>	26452	1775	1	3	0	56	0	1833	1833
Italian	Swedish	10	4	<http://www.wikidata.org/entity/Q652>	<http://www.wikidata.org/entity/Q9027>	26452	6497	12	26	197	52	0	6751	6751
Italian	Turkish	10	40	<http://www.wikidata.org/entity/Q652>	<http://www.wikidata.org/entity/Q256>	26452	939	4	8	1	42	1	983	983
Italian	Ugaritic	10	38	<http://www.wikidata.org/entity/Q652>	<http://www.wikidata.org/entity/Q36928>	26452	812	0	0	0	0	0	812	812
Japanese	Akkadian	5	19	<http://www.wikidata.org/entity/Q5287>	<http://www.wikidata.org/entity/Q35518>	34860	1321	0	3	0	165	0	1486	1486
Japanese	Albanian	5	28	<http://www.wikidata.org/entity/Q5287>	<http://www.wikidata.org/entity/Q8748>	34860	335	0	1	1	8	0	344	344
Japanese	Arabic	5	20	<http://www.wikidata.org/entity/Q5287>	<http://www.wikidata.org/entity/Q13955>	34860	786	0	8	0	46	1	834	834
Japanese	Aragonese	5	6	<http://www.wikidata.org/entity/Q5287>	<http://www.wikidata.org/entity/Q8765>	34860	77	0	1	0	4	0	81	81
Japanese	Bangla	5	21	<http://www.wikidata.org/entity/Q5287>	<http://www.wikidata.org/entity/Q9610>	34860	1022	0	5	0	113	2	1137	1137
Japanese	Banjar	5	46	<http://www.wikidata.org/entity/Q5287>	<http://www.wikidata.org/entity/Q33151>	34860	119	12	15	0	0	2	127	127
Japanese	Basque	5	9	<http://www.wikidata.org/entity/Q5287>	<http://www.wikidata.org/entity/Q8752>	34860	1105	0	3	0	3	0	1108	1108
Japanese	Bokmål	5	3	<http://www.wikidata.org/entity/Q5287>	<http://www.wikidata.org/entity/Q25167>	34860	4477	0	8	7	101	2	4584	4584
Japanese	Breton	5	31	<http://www.wikidata.org/entity/Q5287>	<http://www.wikidata.org/entity/Q12107>	34860	1835	0	2	2	82	0	1919	1919
Japanese	Central Bikol	5	49	<http://www.wikidata.org/entity/Q5287>	<http://www.wikidata.org/entity/Q33284>	34860	48	0	0	0	0	0	48	48
Japanese	Czech	5	11	<http://www.wikidata.org/entity/Q5287>	<http://www.wikidata.org/entity/Q9056>	34860	1484	2	23	4	12	11	1502	1502
Japanese	Dagbanli	5	22	<http://www.wikidata.org/entity/Q5287>	<http://www.wikidata.org/entity/Q32238>	34860	1119	0	4	0	14	0	1134	1134
Japanese	Danish	5	14	<http://www.wikidata.org/entity/Q5287>	<http://www.wikidata.org/entity/Q9035>	34860	3204	3	16	7	73	12	3288	3288
Japanese	Dutch	5	41	<http://www.wikidata.org/entity/Q5287>	<http://www.wikidata.org/entity/Q7411>	34860	1010	0	7	5	9	8	1027	1027
Japanese	Egyptian	5	16	<http://www.wikidata.org/entity/Q5287>	<http://www.wikidata.org/entity/Q50868>	34860	51	0	0	0	5	0	56	56
Japanese	English	5	2	<http://www.wikidata.org/entity/Q5287>	<http://www.wikidata.org/entity/Q1860>	34860	8480	259	318	8	410	7448	13696	10000
Japanese	Estonian	5	34	<http://www.wikidata.org/entity/Q5287>	<http://www.wikidata.org/entity/Q9072>	34860	1767	0	2	1	55	1	1823	1823
Japanese	Finnish	5	42	<http://www.wikidata.org/entity/Q5287>	<http://www.wikidata.org/entity/Q1412>	34860	791	0	5	0	30	1	823	823
Japanese	French	5	7	<http://www.wikidata.org/entity/Q5287>	<http://www.wikidata.org/entity/Q150>	34860	4335	8	42	6	192	94	4563	4563
Japanese	Fula	5	26	<http://www.wikidata.org/entity/Q5287>	<http://www.wikidata.org/entity/Q33454>	34860	211	0	0	0	5	0	216	216
Japanese	German	5	13	<http://www.wikidata.org/entity/Q5287>	<http://www.wikidata.org/entity/Q188>	34860	4380	123	141	10	252	88	4699	4699
Japanese	Hausa	5	48	<http://www.wikidata.org/entity/Q5287>	<http://www.wikidata.org/entity/Q56475>	34860	693	0	0	0	94	0	787	787
Japanese	Hebrew	5	29	<http://www.wikidata.org/entity/Q5287>	<http://www.wikidata.org/entity/Q9288>	34860	2713	0	4	0	40	1	2756	2756
Japanese	Hindustani	5	37	<http://www.wikidata.org/entity/Q5287>	<http://www.wikidata.org/entity/Q11051>	34860	986	2	11	0	53	0	1042	1042
Japanese	Igbo	5	32	<http://www.wikidata.org/entity/Q5287>	<http://www.wikidata.org/entity/Q33578>	34860	1247	0	1	0	90	0	1336	1336
Japanese	Italian	5	10	<http://www.wikidata.org/entity/Q5287>	<http://www.wikidata.org/entity/Q652>	34860	5026	9	37	5	80	9	5127	5127
Japanese	Klingon	5	43	<http://www.wikidata.org/entity/Q5287>	<http://www.wikidata.org/entity/Q10134>	34860	1085	0	10	2	101	0	1191	1191
Japanese	Korean	5	50	<http://www.wikidata.org/entity/Q5287>	<http://www.wikidata.org/entity/Q9176>	34860	509	9	11	0	51	16	568	568
Japanese	Latin	5	39	<http://www.wikidata.org/entity/Q5287>	<http://www.wikidata.org/entity/Q397>	34860	1099	0	11	0	29	0	1130	1130
Japanese	Malay	5	33	<http://www.wikidata.org/entity/Q5287>	<http://www.wikidata.org/entity/Q9237>	34860	1942	9	23	0	155	7	2102	2102
Japanese	Malayalam	5	23	<http://www.wikidata.org/entity/Q5287>	<http://www.wikidata.org/entity/Q36236>	34860	2182	8	36	0	32	1	2225	2225
Japanese	Mon	5	30	<http://www.wikidata.org/entity/Q5287>	<http://www.wikidata.org/entity/Q13349>	34860	24	0	0	0	0	0	24	24
Japanese	New Persian	5	24	<http://www.wikidata.org/entity/Q5287>	<http://www.wikidata.org/entity/Q56356571>	34860	1988	1	3	2	60	0	2049	2049
Japanese	Northern Sami	5	25	<http://www.wikidata.org/entity/Q5287>	<http://www.wikidata.org/entity/Q33947>	34860	45	0	0	0	1	0	46	46
Japanese	Nynorsk	5	8	<http://www.wikidata.org/entity/Q5287>	<http://www.wikidata.org/entity/Q25164>	34860	3323	0	10	6	69	0	3396	3396
Japanese	Persian	5	15	<http://www.wikidata.org/entity/Q5287>	<http://www.wikidata.org/entity/Q9168>	34860	253	0	0	0	24	3	280	280
Japanese	Polish	5	36	<http://www.wikidata.org/entity/Q5287>	<http://www.wikidata.org/entity/Q809>	34860	668	0	9	1	0	11	671	671
Japanese	Portuguese	5	1	<http://www.wikidata.org/entity/Q5287>	<http://www.wikidata.org/entity/Q5146>	34860	1810	2	18	4	96	9	1922	1922
Japanese	Punjabi	5	27	<http://www.wikidata.org/entity/Q5287>	<http://www.wikidata.org/entity/Q58635>	34860	1685	0	1	1	112	0	1798	1798
Japanese	Quechua	5	44	<http://www.wikidata.org/entity/Q5287>	<http://www.wikidata.org/entity/Q5218>	34860	28	0	3	0	0	0	28	28
Japanese	Russian	5	17	<http://www.wikidata.org/entity/Q5287>	<http://www.wikidata.org/entity/Q7737>	34860	3695	7	28	5	68	22	3781	3781
Japanese	Sanskrit	5	47	<http://www.wikidata.org/entity/Q5287>	<http://www.wikidata.org/entity/Q11059>	34860	498	0	0	0	37	0	535	535
Japanese	Southern Min	5	45	<http://www.wikidata.org/entity/Q5287>	<http://www.wikidata.org/entity/Q36495>	34860	968	5	18	0	54	1	1025	1025
Japanese	Spanish	5	12	<http://www.wikidata.org/entity/Q5287>	<http://www.wikidata.org/entity/Q1321>	34860	2037	4	35	7	47	12	2099	2099
Japanese	Standard Chinese	5	35	<http://www.wikidata.org/entity/Q5287>	<http://www.wikidata.org/entity/Q727694>	34860	1011	8	25	0	100	0	1119	1119
Japanese	Sumerian	5	18	<http://www.wikidata.org/entity/Q5287>	<http://www.wikidata.org/entity/Q36790>	34860	1404	3	3	0	189	0	1593	1593
Japanese	Swedish	5	4	<http://www.wikidata.org/entity/Q5287>	<http://www.wikidata.org/entity/Q9027>	34860	4077	0	8	8	132	1	4218	4218
Japanese	Turkish	5	40	<http://www.wikidata.org/entity/Q5287>	<http://www.wikidata.org/entity/Q256>	34860	937	1	7	0	118	2	1057	1057
Japanese	Ugaritic	5	38	<http://www.wikidata.org/entity/Q5287>	<http://www.wikidata.org/entity/Q36928>	34860	695	0	0	0	0	0	695	695
Klingon	Akkadian	43	19	<http://www.wikidata.org/entity/Q10134>	<http://www.wikidata.org/entity/Q35518>	2146	371	0	0	0	55	0	426	426
Klingon	Albanian	43	28	<http://www.wikidata.org/entity/Q10134>	<http://www.wikidata.org/entity/Q8748>	2146	110	0	0	0	1	0	111	111
Klingon	Arabic	43	20	<http://www.wikidata.org/entity/Q10134>	<http://www.wikidata.org/entity/Q13955>	2146	205	0	1	0	16	0	222	222
Klingon	Aragonese	43	6	<http://www.wikidata.org/entity/Q10134>	<http://www.wikidata.org/entity/Q8765>	2146	20	0	0	0	2	0	22	22
Klingon	Bangla	43	21	<http://www.wikidata.org/entity/Q10134>	<http://www.wikidata.org/entity/Q9610>	2146	301	0	2	0	36	0	338	338
Klingon	Banjar	43	46	<http://www.wikidata.org/entity/Q10134>	<http://www.wikidata.org/entity/Q33151>	2146	36	0	0	0	0	0	36	36
Klingon	Basque	43	9	<http://www.wikidata.org/entity/Q10134>	<http://www.wikidata.org/entity/Q8752>	2146	272	0	0	0	0	0	272	272
Klingon	Bokmål	43	3	<http://www.wikidata.org/entity/Q10134>	<http://www.wikidata.org/entity/Q25167>	2146	839	0	2	2	35	0	876	876
Klingon	Breton	43	31	<http://www.wikidata.org/entity/Q10134>	<http://www.wikidata.org/entity/Q12107>	2146	530	0	1	1	37	0	569	569
Klingon	Central Bikol	43	49	<http://www.wikidata.org/entity/Q10134>	<http://www.wikidata.org/entity/Q33284>	2146	14	0	0	0	0	0	14	14
Klingon	Czech	43	11	<http://www.wikidata.org/entity/Q10134>	<http://www.wikidata.org/entity/Q9056>	2146	394	1	4	1	5	0	400	400
Klingon	Dagbanli	43	22	<http://www.wikidata.org/entity/Q10134>	<http://www.wikidata.org/entity/Q32238>	2146	272	0	0	0	5	0	277	277
Klingon	Danish	43	14	<http://www.wikidata.org/entity/Q10134>	<http://www.wikidata.org/entity/Q9035>	2146	683	1	5	1	26	0	712	712
Klingon	Dutch	43	41	<http://www.wikidata.org/entity/Q10134>	<http://www.wikidata.org/entity/Q7411>	2146	231	1	2	1	2	0	234	234
Klingon	Egyptian	43	16	<http://www.wikidata.org/entity/Q10134>	<http://www.wikidata.org/entity/Q50868>	2146	15	0	0	0	1	0	16	16
Klingon	English	43	2	<http://www.wikidata.org/entity/Q10134>	<http://www.wikidata.org/entity/Q1860>	2146	1003	36	40	3	124	820	1320	1320
Klingon	Estonian	43	34	<http://www.wikidata.org/entity/Q10134>	<http://www.wikidata.org/entity/Q9072>	2146	438	0	0	0	16	0	454	454
Klingon	Finnish	43	42	<http://www.wikidata.org/entity/Q10134>	<http://www.wikidata.org/entity/Q1412>	2146	203	0	0	0	14	0	217	217
Klingon	French	43	7	<http://www.wikidata.org/entity/Q10134>	<http://www.wikidata.org/entity/Q150>	2146	840	1	4	2	64	1	908	908
Klingon	Fula	43	26	<http://www.wikidata.org/entity/Q10134>	<http://www.wikidata.org/entity/Q33454>	2146	71	0	0	0	2	0	73	73
Klingon	German	43	13	<http://www.wikidata.org/entity/Q10134>	<http://www.wikidata.org/entity/Q188>	2146	881	12	17	3	95	1353	1903	1903
Klingon	Hausa	43	48	<http://www.wikidata.org/entity/Q10134>	<http://www.wikidata.org/entity/Q56475>	2146	206	0	0	0	22	0	228	228
Klingon	Hebrew	43	29	<http://www.wikidata.org/entity/Q10134>	<http://www.wikidata.org/entity/Q9288>	2146	565	1	1	0	17	0	582	582
Klingon	Hindustani	43	37	<http://www.wikidata.org/entity/Q10134>	<http://www.wikidata.org/entity/Q11051>	2146	292	0	2	0	17	0	311	311
Klingon	Igbo	43	32	<http://www.wikidata.org/entity/Q10134>	<http://www.wikidata.org/entity/Q33578>	2146	361	0	0	0	24	0	385	385
Klingon	Italian	43	10	<http://www.wikidata.org/entity/Q10134>	<http://www.wikidata.org/entity/Q652>	2146	856	0	3	2	23	0	883	883
Klingon	Japanese	43	5	<http://www.wikidata.org/entity/Q10134>	<http://www.wikidata.org/entity/Q5287>	2146	738	0	9	2	68	1	810	810
Klingon	Korean	43	50	<http://www.wikidata.org/entity/Q10134>	<http://www.wikidata.org/entity/Q9176>	2146	92	1	1	0	17	1	109	109
Klingon	Latin	43	39	<http://www.wikidata.org/entity/Q10134>	<http://www.wikidata.org/entity/Q397>	2146	293	0	2	0	7	0	300	300
Klingon	Malay	43	33	<http://www.wikidata.org/entity/Q10134>	<http://www.wikidata.org/entity/Q9237>	2146	506	1	4	0	43	0	551	551
Klingon	Malayalam	43	23	<http://www.wikidata.org/entity/Q10134>	<http://www.wikidata.org/entity/Q36236>	2146	511	1	3	0	9	0	521	521
Klingon	Mon	43	30	<http://www.wikidata.org/entity/Q10134>	<http://www.wikidata.org/entity/Q13349>	2146	7	0	0	0	0	0	7	7
Klingon	New Persian	43	24	<http://www.wikidata.org/entity/Q10134>	<http://www.wikidata.org/entity/Q56356571>	2146	489	0	1	0	18	0	508	508
Klingon	Northern Sami	43	25	<http://www.wikidata.org/entity/Q10134>	<http://www.wikidata.org/entity/Q33947>	2146	10	0	0	0	1	0	11	11
Klingon	Nynorsk	43	8	<http://www.wikidata.org/entity/Q10134>	<http://www.wikidata.org/entity/Q25164>	2146	672	0	0	1	26	0	699	699
Klingon	Persian	43	15	<http://www.wikidata.org/entity/Q10134>	<http://www.wikidata.org/entity/Q9168>	2146	33	0	0	0	8	0	41	41
Klingon	Polish	43	36	<http://www.wikidata.org/entity/Q10134>	<http://www.wikidata.org/entity/Q809>	2146	147	0	0	1	0	0	148	148
Klingon	Portuguese	43	1	<http://www.wikidata.org/entity/Q10134>	<http://www.wikidata.org/entity/Q5146>	2146	480	0	1	2	31	0	514	514
Klingon	Punjabi	43	27	<http://www.wikidata.org/entity/Q10134>	<http://www.wikidata.org/entity/Q58635>	2146	477	0	0	0	33	0	510	510
Klingon	Quechua	43	44	<http://www.wikidata.org/entity/Q10134>	<http://www.wikidata.org/entity/Q5218>	2146	10	0	0	0	1	0	11	11
Klingon	Russian	43	17	<http://www.wikidata.org/entity/Q10134>	<http://www.wikidata.org/entity/Q7737>	2146	725	1	3	2	16	1	746	746
Klingon	Sanskrit	43	47	<http://www.wikidata.org/entity/Q10134>	<http://www.wikidata.org/entity/Q11059>	2146	151	0	0	0	13	0	164	164
Klingon	Southern Min	43	45	<http://www.wikidata.org/entity/Q10134>	<http://www.wikidata.org/entity/Q36495>	2146	303	0	2	0	21	0	325	325
Klingon	Spanish	43	12	<http://www.wikidata.org/entity/Q10134>	<http://www.wikidata.org/entity/Q1321>	2146	517	0	3	2	20	0	540	540
Klingon	Standard Chinese	43	35	<http://www.wikidata.org/entity/Q10134>	<http://www.wikidata.org/entity/Q727694>	2146	233	1	5	0	27	0	262	262
Klingon	Sumerian	43	18	<http://www.wikidata.org/entity/Q10134>	<http://www.wikidata.org/entity/Q36790>	2146	404	0	0	0	53	0	457	457
Klingon	Swedish	43	4	<http://www.wikidata.org/entity/Q10134>	<http://www.wikidata.org/entity/Q9027>	2146	780	1	3	2	43	1	827	827
Klingon	Turkish	43	40	<http://www.wikidata.org/entity/Q10134>	<http://www.wikidata.org/entity/Q256>	2146	277	0	2	0	38	0	316	316
Klingon	Ugaritic	43	38	<http://www.wikidata.org/entity/Q10134>	<http://www.wikidata.org/entity/Q36928>	2146	259	0	0	0	0	0	259	259
Korean	Akkadian	50	19	<http://www.wikidata.org/entity/Q9176>	<http://www.wikidata.org/entity/Q35518>	1593	122	0	1	0	29	0	151	151
Korean	Albanian	50	28	<http://www.wikidata.org/entity/Q9176>	<http://www.wikidata.org/entity/Q8748>	1593	50	0	0	0	0	0	50	50
Korean	Arabic	50	20	<http://www.wikidata.org/entity/Q9176>	<http://www.wikidata.org/entity/Q13955>	1593	129	0	0	0	12	0	141	141
Korean	Aragonese	50	6	<http://www.wikidata.org/entity/Q9176>	<http://www.wikidata.org/entity/Q8765>	1593	13	0	0	0	5	0	18	18
Korean	Bangla	50	21	<http://www.wikidata.org/entity/Q9176>	<http://www.wikidata.org/entity/Q9610>	1593	166	3	4	0	24	47	231	231
Korean	Banjar	50	46	<http://www.wikidata.org/entity/Q9176>	<http://www.wikidata.org/entity/Q33151>	1593	7	0	0	0	0	0	7	7
Korean	Basque	50	9	<http://www.wikidata.org/entity/Q9176>	<http://www.wikidata.org/entity/Q8752>	1593	150	2	3	0	0	0	150	150
Korean	Bokmål	50	3	<http://www.wikidata.org/entity/Q9176>	<http://www.wikidata.org/entity/Q25167>	1593	494	0	0	0	27	0	521	521
Korean	Breton	50	31	<http://www.wikidata.org/entity/Q9176>	<http://www.wikidata.org/entity/Q12107>	1593	207	0	0	0	27	0	234	234
Korean	Central Bikol	50	49	<http://www.wikidata.org/entity/Q9176>	<http://www.wikidata.org/entity/Q33284>	1593	7	0	0	0	0	0	7	7
Korean	Czech	50	11	<http://www.wikidata.org/entity/Q9176>	<http://www.wikidata.org/entity/Q9056>	1593	288	2	3	0	2	2	290	290
Korean	Dagbanli	50	22	<http://www.wikidata.org/entity/Q9176>	<http://www.wikidata.org/entity/Q32238>	1593	119	0	1	0	8	0	127	127
Korean	Danish	50	14	<http://www.wikidata.org/entity/Q9176>	<http://www.wikidata.org/entity/Q9035>	1593	409	0	1	0	20	0	429	429
Korean	Dutch	50	41	<http://www.wikidata.org/entity/Q9176>	<http://www.wikidata.org/entity/Q7411>	1593	157	0	6	0	0	6	162	162
Korean	Egyptian	50	16	<http://www.wikidata.org/entity/Q9176>	<http://www.wikidata.org/entity/Q50868>	1593	13	0	0	0	1	0	14	14
Korean	English	50	2	<http://www.wikidata.org/entity/Q9176>	<http://www.wikidata.org/entity/Q1860>	1593	600	15	21	0	81	1014	1156	1156
Korean	Estonian	50	34	<http://www.wikidata.org/entity/Q9176>	<http://www.wikidata.org/entity/Q9072>	1593	195	0	0	0	16	0	211	211
Korean	Finnish	50	42	<http://www.wikidata.org/entity/Q9176>	<http://www.wikidata.org/entity/Q1412>	1593	131	1	2	0	13	0	144	144
Korean	French	50	7	<http://www.wikidata.org/entity/Q9176>	<http://www.wikidata.org/entity/Q150>	1593	468	2	5	0	42	6	510	510
Korean	Fula	50	26	<http://www.wikidata.org/entity/Q9176>	<http://www.wikidata.org/entity/Q33454>	1593	26	0	0	0	5	0	31	31
Korean	German	50	13	<http://www.wikidata.org/entity/Q9176>	<http://www.wikidata.org/entity/Q188>	1593	482	2	7	0	37	9	521	521
Korean	Hausa	50	48	<http://www.wikidata.org/entity/Q9176>	<http://www.wikidata.org/entity/Q56475>	1593	107	0	0	0	21	0	128	128
Korean	Hebrew	50	29	<http://www.wikidata.org/entity/Q9176>	<http://www.wikidata.org/entity/Q9288>	1593	322	0	1	0	13	0	335	335
Korean	Hindustani	50	37	<http://www.wikidata.org/entity/Q9176>	<http://www.wikidata.org/entity/Q11051>	1593	158	0	0	0	12	0	170	170
Korean	Igbo	50	32	<http://www.wikidata.org/entity/Q9176>	<http://www.wikidata.org/entity/Q33578>	1593	153	0	0	0	25	0	178	178
Korean	Italian	50	10	<http://www.wikidata.org/entity/Q9176>	<http://www.wikidata.org/entity/Q652>	1593	487	1	4	0	17	1	505	505
Korean	Japanese	50	5	<http://www.wikidata.org/entity/Q9176>	<http://www.wikidata.org/entity/Q5287>	1593	372	9	11	0	40	2	415	415
Korean	Klingon	50	43	<http://www.wikidata.org/entity/Q9176>	<http://www.wikidata.org/entity/Q10134>	1593	107	1	1	0	21	0	128	128
Korean	Latin	50	39	<http://www.wikidata.org/entity/Q9176>	<http://www.wikidata.org/entity/Q397>	1593	127	0	0	0	7	0	134	134
Korean	Malay	50	33	<http://www.wikidata.org/entity/Q9176>	<http://www.wikidata.org/entity/Q9237>	1593	275	0	0	0	32	0	307	307
Korean	Malayalam	50	23	<http://www.wikidata.org/entity/Q9176>	<http://www.wikidata.org/entity/Q36236>	1593	375	0	0	0	8	0	383	383
Korean	Mon	50	30	<http://www.wikidata.org/entity/Q9176>	<http://www.wikidata.org/entity/Q13349>	1593	5	0	0	0	0	0	5	5
Korean	New Persian	50	24	<http://www.wikidata.org/entity/Q9176>	<http://www.wikidata.org/entity/Q56356571>	1593	286	0	0	0	24	0	310	310
Korean	Northern Sami	50	25	<http://www.wikidata.org/entity/Q9176>	<http://www.wikidata.org/entity/Q33947>	1593	20	0	0	0	1	0	21	21
Korean	Nynorsk	50	8	<http://www.wikidata.org/entity/Q9176>	<http://www.wikidata.org/entity/Q25164>	1593	313	1	1	0	16	0	329	329
Korean	Persian	50	15	<http://www.wikidata.org/entity/Q9176>	<http://www.wikidata.org/entity/Q9168>	1593	19	0	0	0	1	0	20	20
Korean	Polish	50	36	<http://www.wikidata.org/entity/Q9176>	<http://www.wikidata.org/entity/Q809>	1593	143	0	1	0	0	2	144	144
Korean	Portuguese	50	1	<http://www.wikidata.org/entity/Q9176>	<http://www.wikidata.org/entity/Q5146>	1593	219	0	2	0	17	0	237	237
Korean	Punjabi	50	27	<http://www.wikidata.org/entity/Q9176>	<http://www.wikidata.org/entity/Q58635>	1593	214	0	0	0	22	0	236	236
Korean	Quechua	50	44	<http://www.wikidata.org/entity/Q9176>	<http://www.wikidata.org/entity/Q5218>	1593	6	0	0	0	0	0	6	6
Korean	Russian	50	17	<http://www.wikidata.org/entity/Q9176>	<http://www.wikidata.org/entity/Q7737>	1593	356	1	4	0	11	7	368	368
Korean	Sanskrit	50	47	<http://www.wikidata.org/entity/Q9176>	<http://www.wikidata.org/entity/Q11059>	1593	68	0	0	0	9	0	77	77
Korean	Southern Min	50	45	<http://www.wikidata.org/entity/Q9176>	<http://www.wikidata.org/entity/Q36495>	1593	106	0	0	0	15	0	121	121
Korean	Spanish	50	12	<http://www.wikidata.org/entity/Q9176>	<http://www.wikidata.org/entity/Q1321>	1593	326	4	7	0	19	4	348	348
Korean	Standard Chinese	50	35	<http://www.wikidata.org/entity/Q9176>	<http://www.wikidata.org/entity/Q727694>	1593	185	2	3	0	16	0	201	201
Korean	Sumerian	50	18	<http://www.wikidata.org/entity/Q9176>	<http://www.wikidata.org/entity/Q36790>	1593	141	1	1	0	34	0	175	175
Korean	Swedish	50	4	<http://www.wikidata.org/entity/Q9176>	<http://www.wikidata.org/entity/Q9027>	1593	463	1	1	0	39	0	502	502
Korean	Turkish	50	40	<http://www.wikidata.org/entity/Q9176>	<http://www.wikidata.org/entity/Q256>	1593	129	0	0	0	29	0	158	158
Korean	Ugaritic	50	38	<http://www.wikidata.org/entity/Q9176>	<http://www.wikidata.org/entity/Q36928>	1593	78	0	0	0	0	0	78	78
Latin	Akkadian	39	19	<http://www.wikidata.org/entity/Q397>	<http://www.wikidata.org/entity/Q35518>	2705	612	0	1	0	15	0	627	627
Latin	Albanian	39	28	<http://www.wikidata.org/entity/Q397>	<http://www.wikidata.org/entity/Q8748>	2705	123	0	1	0	2	0	125	125
Latin	Arabic	39	20	<http://www.wikidata.org/entity/Q397>	<http://www.wikidata.org/entity/Q13955>	2705	271	1	7	0	3	0	278	278
Latin	Aragonese	39	6	<http://www.wikidata.org/entity/Q397>	<http://www.wikidata.org/entity/Q8765>	2705	34	2	2	0	3	0	39	39
Latin	Bangla	39	21	<http://www.wikidata.org/entity/Q397>	<http://www.wikidata.org/entity/Q9610>	2705	324	0	6	0	13	9	342	342
Latin	Banjar	39	46	<http://www.wikidata.org/entity/Q397>	<http://www.wikidata.org/entity/Q33151>	2705	45	1	1	0	0	0	46	46
Latin	Basque	39	9	<http://www.wikidata.org/entity/Q397>	<http://www.wikidata.org/entity/Q8752>	2705	352	0	3	0	1	0	353	353
Latin	Bokmål	39	3	<http://www.wikidata.org/entity/Q397>	<http://www.wikidata.org/entity/Q25167>	2705	1260	0	7	0	12	0	1274	1274
Latin	Breton	39	31	<http://www.wikidata.org/entity/Q397>	<http://www.wikidata.org/entity/Q12107>	2705	658	0	0	0	9	0	667	667
Latin	Central Bikol	39	49	<http://www.wikidata.org/entity/Q397>	<http://www.wikidata.org/entity/Q33284>	2705	14	0	0	0	0	0	14	14
Latin	Czech	39	11	<http://www.wikidata.org/entity/Q397>	<http://www.wikidata.org/entity/Q9056>	2705	490	4	13	0	3	7	500	500
Latin	Dagbanli	39	22	<http://www.wikidata.org/entity/Q397>	<http://www.wikidata.org/entity/Q32238>	2705	390	0	2	0	4	0	395	395
Latin	Danish	39	14	<http://www.wikidata.org/entity/Q397>	<http://www.wikidata.org/entity/Q9035>	2705	843	3	13	0	11	2	859	859
Latin	Dutch	39	41	<http://www.wikidata.org/entity/Q397>	<http://www.wikidata.org/entity/Q7411>	2705	292	19	19	0	2	5	295	295
Latin	Egyptian	39	16	<http://www.wikidata.org/entity/Q397>	<http://www.wikidata.org/entity/Q50868>	2705	22	0	0	0	0	0	22	22
Latin	English	39	2	<http://www.wikidata.org/entity/Q397>	<http://www.wikidata.org/entity/Q1860>	2705	1696	110	142	0	31	2487	2604	2604
Latin	Estonian	39	34	<http://www.wikidata.org/entity/Q397>	<http://www.wikidata.org/entity/Q9072>	2705	521	1	3	0	13	1	535	535
Latin	Finnish	39	42	<http://www.wikidata.org/entity/Q397>	<http://www.wikidata.org/entity/Q1412>	2705	231	0	7	0	6	0	239	239
Latin	French	39	7	<http://www.wikidata.org/entity/Q397>	<http://www.wikidata.org/entity/Q150>	2705	1234	19	39	0	19	19	1267	1267
Latin	Fula	39	26	<http://www.wikidata.org/entity/Q397>	<http://www.wikidata.org/entity/Q33454>	2705	75	0	0	0	2	0	77	77
Latin	German	39	13	<http://www.wikidata.org/entity/Q397>	<http://www.wikidata.org/entity/Q188>	2705	1143	23	32	0	19	41	1185	1185
Latin	Hausa	39	48	<http://www.wikidata.org/entity/Q397>	<http://www.wikidata.org/entity/Q56475>	2705	243	0	0	0	10	1	254	254
Latin	Hebrew	39	29	<http://www.wikidata.org/entity/Q397>	<http://www.wikidata.org/entity/Q9288>	2705	827	1	4	0	11	3	839	839
Latin	Hindustani	39	37	<http://www.wikidata.org/entity/Q397>	<http://www.wikidata.org/entity/Q11051>	2705	332	0	1	0	6	0	338	338
Latin	Igbo	39	32	<http://www.wikidata.org/entity/Q397>	<http://www.wikidata.org/entity/Q33578>	2705	425	0	1	0	11	0	436	436
Latin	Italian	39	10	<http://www.wikidata.org/entity/Q397>	<http://www.wikidata.org/entity/Q652>	2705	1452	21	41	0	10	16	1480	1480
Latin	Japanese	39	5	<http://www.wikidata.org/entity/Q397>	<http://www.wikidata.org/entity/Q5287>	2705	900	0	11	0	19	8	925	925
Latin	Klingon	39	43	<http://www.wikidata.org/entity/Q397>	<http://www.wikidata.org/entity/Q10134>	2705	328	0	3	0	8	0	336	336
Latin	Korean	39	50	<http://www.wikidata.org/entity/Q397>	<http://www.wikidata.org/entity/Q9176>	2705	129	0	0	0	5	0	134	134
Latin	Malay	39	33	<http://www.wikidata.org/entity/Q397>	<http://www.wikidata.org/entity/Q9237>	2705	534	1	8	0	9	2	544	544
Latin	Malayalam	39	23	<http://www.wikidata.org/entity/Q397>	<http://www.wikidata.org/entity/Q36236>	2705	705	0	6	0	7	0	713	713
Latin	Mon	39	30	<http://www.wikidata.org/entity/Q397>	<http://www.wikidata.org/entity/Q13349>	2705	9	0	0	0	0	0	9	9
Latin	New Persian	39	24	<http://www.wikidata.org/entity/Q397>	<http://www.wikidata.org/entity/Q56356571>	2705	588	0	3	0	9	0	598	598
Latin	Northern Sami	39	25	<http://www.wikidata.org/entity/Q397>	<http://www.wikidata.org/entity/Q33947>	2705	14	0	0	0	2	0	16	16
Latin	Nynorsk	39	8	<http://www.wikidata.org/entity/Q397>	<http://www.wikidata.org/entity/Q25164>	2705	947	0	6	0	12	1	961	961
Latin	Persian	39	15	<http://www.wikidata.org/entity/Q397>	<http://www.wikidata.org/entity/Q9168>	2705	65	0	0	0	2	0	67	67
Latin	Polish	39	36	<http://www.wikidata.org/entity/Q397>	<http://www.wikidata.org/entity/Q809>	2705	296	5	10	0	1	14	307	307
Latin	Portuguese	39	1	<http://www.wikidata.org/entity/Q397>	<http://www.wikidata.org/entity/Q5146>	2705	532	5	16	1	15	9	557	557
Latin	Punjabi	39	27	<http://www.wikidata.org/entity/Q397>	<http://www.wikidata.org/entity/Q58635>	2705	533	1	3	0	9	0	545	545
Latin	Quechua	39	44	<http://www.wikidata.org/entity/Q397>	<http://www.wikidata.org/entity/Q5218>	2705	23	0	2	0	0	0	23	23
Latin	Russian	39	17	<http://www.wikidata.org/entity/Q397>	<http://www.wikidata.org/entity/Q7737>	2705	1076	2	10	0	5	24	1090	1090
Latin	Sanskrit	39	47	<http://www.wikidata.org/entity/Q397>	<http://www.wikidata.org/entity/Q11059>	2705	198	1	2	0	5	0	203	203
Latin	Southern Min	39	45	<http://www.wikidata.org/entity/Q397>	<http://www.wikidata.org/entity/Q36495>	2705	250	0	8	0	6	0	256	256
Latin	Spanish	39	12	<http://www.wikidata.org/entity/Q397>	<http://www.wikidata.org/entity/Q1321>	2705	657	21	42	2	18	21	693	693
Latin	Standard Chinese	39	35	<http://www.wikidata.org/entity/Q397>	<http://www.wikidata.org/entity/Q727694>	2705	354	1	3	0	9	0	363	363
Latin	Sumerian	39	18	<http://www.wikidata.org/entity/Q397>	<http://www.wikidata.org/entity/Q36790>	2705	625	1	2	0	14	0	639	639
Latin	Swedish	39	4	<http://www.wikidata.org/entity/Q397>	<http://www.wikidata.org/entity/Q9027>	2705	1130	1	6	1	12	2	1146	1146
Latin	Turkish	39	40	<http://www.wikidata.org/entity/Q397>	<http://www.wikidata.org/entity/Q256>	2705	304	0	1	0	15	0	319	319
Latin	Ugaritic	39	38	<http://www.wikidata.org/entity/Q397>	<http://www.wikidata.org/entity/Q36928>	2705	324	0	0	0	0	0	324	324
Malay	Akkadian	33	19	<http://www.wikidata.org/entity/Q9237>	<http://www.wikidata.org/entity/Q35518>	5311	667	0	1	0	94	0	761	761
Malay	Albanian	33	28	<http://www.wikidata.org/entity/Q9237>	<http://www.wikidata.org/entity/Q8748>	5311	218	0	1	0	1	1	219	219
Malay	Arabic	33	20	<http://www.wikidata.org/entity/Q9237>	<http://www.wikidata.org/entity/Q13955>	5311	511	4	8	0	30	5	546	546
Malay	Aragonese	33	6	<http://www.wikidata.org/entity/Q9237>	<http://www.wikidata.org/entity/Q8765>	5311	50	0	0	0	3	0	53	53
Malay	Bangla	33	21	<http://www.wikidata.org/entity/Q9237>	<http://www.wikidata.org/entity/Q9610>	5311	597	1	6	0	71	33	692	692
Malay	Banjar	33	46	<http://www.wikidata.org/entity/Q9237>	<http://www.wikidata.org/entity/Q33151>	5311	80	21	21	0	0	9	94	94
Malay	Basque	33	9	<http://www.wikidata.org/entity/Q9237>	<http://www.wikidata.org/entity/Q8752>	5311	550	0	1	0	5	0	555	555
Malay	Bokmål	33	3	<http://www.wikidata.org/entity/Q9237>	<http://www.wikidata.org/entity/Q25167>	5311	1934	0	6	1	52	8	1984	1984
Malay	Breton	33	31	<http://www.wikidata.org/entity/Q9237>	<http://www.wikidata.org/entity/Q12107>	5311	883	0	2	0	39	0	922	922
Malay	Central Bikol	33	49	<http://www.wikidata.org/entity/Q9237>	<http://www.wikidata.org/entity/Q33284>	5311	23	0	1	0	0	0	23	23
Malay	Czech	33	11	<http://www.wikidata.org/entity/Q9237>	<http://www.wikidata.org/entity/Q9056>	5311	773	3	14	1	5	9	779	779
Malay	Dagbanli	33	22	<http://www.wikidata.org/entity/Q9237>	<http://www.wikidata.org/entity/Q32238>	5311	532	0	2	0	11	0	544	544
Malay	Danish	33	14	<http://www.wikidata.org/entity/Q9237>	<http://www.wikidata.org/entity/Q9035>	5311	1571	2	12	1	39	10	1612	1612
Malay	Dutch	33	41	<http://www.wikidata.org/entity/Q9237>	<http://www.wikidata.org/entity/Q7411>	5311	878	24	29	1	5	25	907	907
Malay	Egyptian	33	16	<http://www.wikidata.org/entity/Q9237>	<http://www.wikidata.org/entity/Q50868>	5311	32	0	0	0	3	0	35	35
Malay	English	33	2	<http://www.wikidata.org/entity/Q9237>	<http://www.wikidata.org/entity/Q1860>	5311	2658	99	122	1	206	5037	5148	5148
Malay	Estonian	33	34	<http://www.wikidata.org/entity/Q9237>	<http://www.wikidata.org/entity/Q9072>	5311	1008	0	0	0	41	2	1050	1050
Malay	Finnish	33	42	<http://www.wikidata.org/entity/Q9237>	<http://www.wikidata.org/entity/Q1412>	5311	440	0	1	0	22	2	464	464
Malay	French	33	7	<http://www.wikidata.org/entity/Q9237>	<http://www.wikidata.org/entity/Q150>	5311	1954	12	30	1	105	22	2067	2067
Malay	Fula	33	26	<http://www.wikidata.org/entity/Q9237>	<http://www.wikidata.org/entity/Q33454>	5311	103	0	0	0	4	0	107	107
Malay	German	33	13	<http://www.wikidata.org/entity/Q9237>	<http://www.wikidata.org/entity/Q188>	5311	1944	7	31	1	109	6	2055	2055
Malay	Hausa	33	48	<http://www.wikidata.org/entity/Q9237>	<http://www.wikidata.org/entity/Q56475>	5311	391	0	0	0	59	0	450	450
Malay	Hebrew	33	29	<http://www.wikidata.org/entity/Q9237>	<http://www.wikidata.org/entity/Q9288>	5311	1279	0	1	0	28	1	1307	1307
Malay	Hindustani	33	37	<http://www.wikidata.org/entity/Q9237>	<http://www.wikidata.org/entity/Q11051>	5311	574	1	6	0	40	0	615	615
Malay	Igbo	33	32	<http://www.wikidata.org/entity/Q9237>	<http://www.wikidata.org/entity/Q33578>	5311	684	0	1	0	48	0	732	732
Malay	Italian	33	10	<http://www.wikidata.org/entity/Q9237>	<http://www.wikidata.org/entity/Q652>	5311	2041	4	17	1	33	10	2081	2081
Malay	Japanese	33	5	<http://www.wikidata.org/entity/Q9237>	<http://www.wikidata.org/entity/Q5287>	5311	1551	7	19	0	122	33	1675	1675
Malay	Klingon	33	43	<http://www.wikidata.org/entity/Q9237>	<http://www.wikidata.org/entity/Q10134>	5311	566	1	4	0	46	0	614	614
Malay	Korean	33	50	<http://www.wikidata.org/entity/Q9237>	<http://www.wikidata.org/entity/Q9176>	5311	281	0	0	0	32	22	331	331
Malay	Latin	33	39	<http://www.wikidata.org/entity/Q9237>	<http://www.wikidata.org/entity/Q397>	5311	536	1	7	0	11	4	552	552
Malay	Malayalam	33	23	<http://www.wikidata.org/entity/Q9237>	<http://www.wikidata.org/entity/Q36236>	5311	1190	3	17	0	21	2	1212	1212
Malay	Mon	33	30	<http://www.wikidata.org/entity/Q9237>	<http://www.wikidata.org/entity/Q13349>	5311	10	0	0	0	0	0	10	10
Malay	New Persian	33	24	<http://www.wikidata.org/entity/Q9237>	<http://www.wikidata.org/entity/Q56356571>	5311	1130	5	7	0	51	0	1185	1185
Malay	Northern Sami	33	25	<http://www.wikidata.org/entity/Q9237>	<http://www.wikidata.org/entity/Q33947>	5311	24	1	2	0	1	1	25	25
Malay	Nynorsk	33	8	<http://www.wikidata.org/entity/Q9237>	<http://www.wikidata.org/entity/Q25164>	5311	1389	1	4	1	37	0	1425	1425
Malay	Persian	33	15	<http://www.wikidata.org/entity/Q9237>	<http://www.wikidata.org/entity/Q9168>	5311	74	0	0	0	16	0	90	90
Malay	Polish	33	36	<http://www.wikidata.org/entity/Q9237>	<http://www.wikidata.org/entity/Q809>	5311	368	1	5	0	0	12	368	368
Malay	Portuguese	33	1	<http://www.wikidata.org/entity/Q9237>	<http://www.wikidata.org/entity/Q5146>	5311	1052	4	15	1	51	10	1109	1109
Malay	Punjabi	33	27	<http://www.wikidata.org/entity/Q9237>	<http://www.wikidata.org/entity/Q58635>	5311	915	2	3	0	72	1	989	989
Malay	Quechua	33	44	<http://www.wikidata.org/entity/Q9237>	<http://www.wikidata.org/entity/Q5218>	5311	11	0	2	0	0	0	11	11
Malay	Russian	33	17	<http://www.wikidata.org/entity/Q9237>	<http://www.wikidata.org/entity/Q7737>	5311	1568	2	16	0	27	14	1599	1599
Malay	Sanskrit	33	47	<http://www.wikidata.org/entity/Q9237>	<http://www.wikidata.org/entity/Q11059>	5311	292	2	3	0	29	2	323	323
Malay	Southern Min	33	45	<http://www.wikidata.org/entity/Q9237>	<http://www.wikidata.org/entity/Q36495>	5311	383	8	17	0	18	4	404	404
Malay	Spanish	33	12	<http://www.wikidata.org/entity/Q9237>	<http://www.wikidata.org/entity/Q1321>	5311	969	9	34	1	22	18	995	995
Malay	Standard Chinese	33	35	<http://www.wikidata.org/entity/Q9237>	<http://www.wikidata.org/entity/Q727694>	5311	523	9	21	0	50	0	577	577
Malay	Sumerian	33	18	<http://www.wikidata.org/entity/Q9237>	<http://www.wikidata.org/entity/Q36790>	5311	673	1	2	0	108	0	781	781
Malay	Swedish	33	4	<http://www.wikidata.org/entity/Q9237>	<http://www.wikidata.org/entity/Q9027>	5311	1874	1	5	1	78	3	1952	1952
Malay	Turkish	33	40	<http://www.wikidata.org/entity/Q9237>	<http://www.wikidata.org/entity/Q256>	5311	583	2	7	0	68	3	654	654
Malay	Ugaritic	33	38	<http://www.wikidata.org/entity/Q9237>	<http://www.wikidata.org/entity/Q36928>	5311	381	0	0	0	0	0	381	381
Malayalam	Akkadian	23	19	<http://www.wikidata.org/entity/Q36236>	<http://www.wikidata.org/entity/Q35518>	12554	805	0	1	0	23	0	828	828
Malayalam	Albanian	23	28	<http://www.wikidata.org/entity/Q36236>	<http://www.wikidata.org/entity/Q8748>	12554	233	0	0	0	3	1	237	237
Malayalam	Arabic	23	20	<http://www.wikidata.org/entity/Q36236>	<http://www.wikidata.org/entity/Q13955>	12554	489	1	7	0	3	1	494	494
Malayalam	Aragonese	23	6	<http://www.wikidata.org/entity/Q36236>	<http://www.wikidata.org/entity/Q8765>	12554	50	0	3	0	2	0	52	52
Malayalam	Bangla	23	21	<http://www.wikidata.org/entity/Q36236>	<http://www.wikidata.org/entity/Q9610>	12554	905	4	18	0	19	8	932	932
Malayalam	Banjar	23	46	<http://www.wikidata.org/entity/Q36236>	<http://www.wikidata.org/entity/Q33151>	12554	94	4	9	0	0	0	98	98
Malayalam	Basque	23	9	<http://www.wikidata.org/entity/Q36236>	<http://www.wikidata.org/entity/Q8752>	12554	768	0	1	0	0	0	768	768
Malayalam	Bokmål	23	3	<http://www.wikidata.org/entity/Q36236>	<http://www.wikidata.org/entity/Q25167>	12554	2810	2	8	0	16	9	2826	2826
Malayalam	Breton	23	31	<http://www.wikidata.org/entity/Q36236>	<http://www.wikidata.org/entity/Q12107>	12554	1113	0	2	0	16	0	1129	1129
Malayalam	Central Bikol	23	49	<http://www.wikidata.org/entity/Q36236>	<http://www.wikidata.org/entity/Q33284>	12554	33	0	0	0	0	0	33	33
Malayalam	Czech	23	11	<http://www.wikidata.org/entity/Q36236>	<http://www.wikidata.org/entity/Q9056>	12554	1173	5	51	0	2	13	1179	1179
Malayalam	Dagbanli	23	22	<http://www.wikidata.org/entity/Q36236>	<http://www.wikidata.org/entity/Q32238>	12554	698	2	2	0	4	0	702	702
Malayalam	Danish	23	14	<http://www.wikidata.org/entity/Q36236>	<http://www.wikidata.org/entity/Q9035>	12554	2102	5	19	0	14	12	2117	2117
Malayalam	Dutch	23	41	<http://www.wikidata.org/entity/Q36236>	<http://www.wikidata.org/entity/Q7411>	12554	584	0	7	0	1	9	587	587
Malayalam	Egyptian	23	16	<http://www.wikidata.org/entity/Q36236>	<http://www.wikidata.org/entity/Q50868>	12554	52	0	0	0	2	0	54	54
Malayalam	English	23	2	<http://www.wikidata.org/entity/Q36236>	<http://www.wikidata.org/entity/Q1860>	12554	3868	719	737	0	35	12009	12098	10000
Malayalam	Estonian	23	34	<http://www.wikidata.org/entity/Q36236>	<http://www.wikidata.org/entity/Q9072>	12554	1105	0	1	0	8	1	1113	1113
Malayalam	Finnish	23	42	<http://www.wikidata.org/entity/Q36236>	<http://www.wikidata.org/entity/Q1412>	12554	487	1	8	0	8	2	500	500
Malayalam	French	23	7	<http://www.wikidata.org/entity/Q36236>	<http://www.wikidata.org/entity/Q150>	12554	2976	244	282	0	25	13	3008	3008
Malayalam	Fula	23	26	<http://www.wikidata.org/entity/Q36236>	<http://www.wikidata.org/entity/Q33454>	12554	131	0	0	0	1	0	132	132
Malayalam	German	23	13	<http://www.wikidata.org/entity/Q36236>	<http://www.wikidata.org/entity/Q188>	12554	2716	13	62	0	25	18	2749	2749
Malayalam	Hausa	23	48	<http://www.wikidata.org/entity/Q36236>	<http://www.wikidata.org/entity/Q56475>	12554	421	0	0	0	13	0	434	434
Malayalam	Hebrew	23	29	<http://www.wikidata.org/entity/Q36236>	<http://www.wikidata.org/entity/Q9288>	12554	1761	5	12	0	10	1	1774	1774
Malayalam	Hindustani	23	37	<http://www.wikidata.org/entity/Q36236>	<http://www.wikidata.org/entity/Q11051>	12554	809	136	143	0	10	0	861	861
Malayalam	Igbo	23	32	<http://www.wikidata.org/entity/Q36236>	<http://www.wikidata.org/entity/Q33578>	12554	842	0	2	0	9	1	852	852
Malayalam	Italian	23	10	<http://www.wikidata.org/entity/Q36236>	<http://www.wikidata.org/entity/Q652>	12554	3076	30	56	0	9	10	3098	3098
Malayalam	Japanese	23	5	<http://www.wikidata.org/entity/Q36236>	<http://www.wikidata.org/entity/Q5287>	12554	1876	7	34	0	26	2	1912	1912
Malayalam	Klingon	23	43	<http://www.wikidata.org/entity/Q36236>	<http://www.wikidata.org/entity/Q10134>	12554	632	1	2	0	9	0	641	641
Malayalam	Korean	23	50	<http://www.wikidata.org/entity/Q36236>	<http://www.wikidata.org/entity/Q9176>	12554	401	0	0	0	4	0	405	405
Malayalam	Latin	23	39	<http://www.wikidata.org/entity/Q36236>	<http://www.wikidata.org/entity/Q397>	12554	755	0	7	0	6	0	763	763
Malayalam	Malay	23	33	<http://www.wikidata.org/entity/Q36236>	<http://www.wikidata.org/entity/Q9237>	12554	1266	3	18	0	20	2	1288	1288
Malayalam	Mon	23	30	<http://www.wikidata.org/entity/Q36236>	<http://www.wikidata.org/entity/Q13349>	12554	20	0	0	0	0	0	20	20
Malayalam	New Persian	23	24	<http://www.wikidata.org/entity/Q36236>	<http://www.wikidata.org/entity/Q56356571>	12554	1334	1	5	0	11	0	1345	1345
Malayalam	Northern Sami	23	25	<http://www.wikidata.org/entity/Q36236>	<http://www.wikidata.org/entity/Q33947>	12554	30	0	1	0	1	0	31	31
Malayalam	Nynorsk	23	8	<http://www.wikidata.org/entity/Q36236>	<http://www.wikidata.org/entity/Q25164>	12554	1986	2	8	0	11	1	1997	1997
Malayalam	Persian	23	15	<http://www.wikidata.org/entity/Q36236>	<http://www.wikidata.org/entity/Q9168>	12554	189	0	0	0	6	0	195	195
Malayalam	Polish	23	36	<http://www.wikidata.org/entity/Q36236>	<http://www.wikidata.org/entity/Q809>	12554	529	1	13	0	0	18	537	537
Malayalam	Portuguese	23	1	<http://www.wikidata.org/entity/Q36236>	<http://www.wikidata.org/entity/Q5146>	12554	1087	2	24	0	13	9	1111	1111
Malayalam	Punjabi	23	27	<http://www.wikidata.org/entity/Q36236>	<http://www.wikidata.org/entity/Q58635>	12554	1061	0	12	0	18	1	1083	1083
Malayalam	Quechua	23	44	<http://www.wikidata.org/entity/Q36236>	<http://www.wikidata.org/entity/Q5218>	12554	24	0	2	0	0	1	26	26
Malayalam	Russian	23	17	<http://www.wikidata.org/entity/Q36236>	<http://www.wikidata.org/entity/Q7737>	12554	2078	13	29	0	4	15	2085	2085
Malayalam	Sanskrit	23	47	<http://www.wikidata.org/entity/Q36236>	<http://www.wikidata.org/entity/Q11059>	12554	362	22	25	0	12	2	386	386
Malayalam	Southern Min	23	45	<http://www.wikidata.org/entity/Q36236>	<http://www.wikidata.org/entity/Q36495>	12554	550	1	29	0	3	0	556	556
Malayalam	Spanish	23	12	<http://www.wikidata.org/entity/Q36236>	<http://www.wikidata.org/entity/Q1321>	12554	1606	33	66	0	13	40	1625	1625
Malayalam	Standard Chinese	23	35	<http://www.wikidata.org/entity/Q36236>	<http://www.wikidata.org/entity/Q727694>	12554	629	4	29	0	12	0	646	646
Malayalam	Sumerian	23	18	<http://www.wikidata.org/entity/Q36236>	<http://www.wikidata.org/entity/Q36790>	12554	842	1	1	0	28	0	869	869
Malayalam	Swedish	23	4	<http://www.wikidata.org/entity/Q36236>	<http://www.wikidata.org/entity/Q9027>	12554	2663	2	9	0	25	1	2687	2687
Malayalam	Turkish	23	40	<http://www.wikidata.org/entity/Q36236>	<http://www.wikidata.org/entity/Q256>	12554	559	0	8	0	21	1	582	582
Malayalam	Ugaritic	23	38	<http://www.wikidata.org/entity/Q36236>	<http://www.wikidata.org/entity/Q36928>	12554	424	0	0	0	0	0	424	424
Mon	Akkadian	30	19	<http://www.wikidata.org/entity/Q13349>	<http://www.wikidata.org/entity/Q35518>	6804	7	0	0	0	0	0	7	7
Mon	Albanian	30	28	<http://www.wikidata.org/entity/Q13349>	<http://www.wikidata.org/entity/Q8748>	6804	4	0	0	0	0	0	4	4
Mon	Arabic	30	20	<http://www.wikidata.org/entity/Q13349>	<http://www.wikidata.org/entity/Q13955>	6804	10	0	0	0	0	0	10	10
Mon	Aragonese	30	6	<http://www.wikidata.org/entity/Q13349>	<http://www.wikidata.org/entity/Q8765>	6804	3	0	0	0	0	0	3	3
Mon	Bangla	30	21	<http://www.wikidata.org/entity/Q13349>	<http://www.wikidata.org/entity/Q9610>	6804	5	0	0	0	0	2	5	5
Mon	Banjar	30	46	<http://www.wikidata.org/entity/Q13349>	<http://www.wikidata.org/entity/Q33151>	6804	2	0	0	0	0	0	2	2
Mon	Basque	30	9	<http://www.wikidata.org/entity/Q13349>	<http://www.wikidata.org/entity/Q8752>	6804	5	0	0	0	0	0	5	5
Mon	Bokmål	30	3	<http://www.wikidata.org/entity/Q13349>	<http://www.wikidata.org/entity/Q25167>	6804	12	0	0	0	0	0	12	12
Mon	Breton	30	31	<http://www.wikidata.org/entity/Q13349>	<http://www.wikidata.org/entity/Q12107>	6804	8	0	0	0	0	0	8	8
Mon	Central Bikol	30	49	<http://www.wikidata.org/entity/Q13349>	<http://www.wikidata.org/entity/Q33284>	6804	2	0	0	0	0	0	2	2
Mon	Czech	30	11	<http://www.wikidata.org/entity/Q13349>	<http://www.wikidata.org/entity/Q9056>	6804	7	0	0	0	0	0	7	7
Mon	Dagbanli	30	22	<http://www.wikidata.org/entity/Q13349>	<http://www.wikidata.org/entity/Q32238>	6804	6	0	0	0	0	0	6	6
Mon	Danish	30	14	<http://www.wikidata.org/entity/Q13349>	<http://www.wikidata.org/entity/Q9035>	6804	9	0	0	0	0	0	9	9
Mon	Dutch	30	41	<http://www.wikidata.org/entity/Q13349>	<http://www.wikidata.org/entity/Q7411>	6804	6	0	0	0	0	0	6	6
Mon	Egyptian	30	16	<http://www.wikidata.org/entity/Q13349>	<http://www.wikidata.org/entity/Q50868>	6804	2	0	0	0	0	0	2	2
Mon	English	30	2	<http://www.wikidata.org/entity/Q13349>	<http://www.wikidata.org/entity/Q1860>	6804	14	0	0	0	0	6719	6719	6719
Mon	Estonian	30	34	<http://www.wikidata.org/entity/Q13349>	<http://www.wikidata.org/entity/Q9072>	6804	11	0	0	0	0	0	11	11
Mon	Finnish	30	42	<http://www.wikidata.org/entity/Q13349>	<http://www.wikidata.org/entity/Q1412>	6804	7	0	0	0	0	0	7	7
Mon	French	30	7	<http://www.wikidata.org/entity/Q13349>	<http://www.wikidata.org/entity/Q150>	6804	12	0	0	0	0	0	12	12
Mon	Fula	30	26	<http://www.wikidata.org/entity/Q13349>	<http://www.wikidata.org/entity/Q33454>	6804	3	0	0	0	0	0	3	3
Mon	German	30	13	<http://www.wikidata.org/entity/Q13349>	<http://www.wikidata.org/entity/Q188>	6804	10	0	0	0	0	0	10	10
Mon	Hausa	30	48	<http://www.wikidata.org/entity/Q13349>	<http://www.wikidata.org/entity/Q56475>	6804	4	0	0	0	0	0	4	4
Mon	Hebrew	30	29	<http://www.wikidata.org/entity/Q13349>	<http://www.wikidata.org/entity/Q9288>	6804	7	0	0	0	0	0	7	7
Mon	Hindustani	30	37	<http://www.wikidata.org/entity/Q13349>	<http://www.wikidata.org/entity/Q11051>	6804	7	0	0	0	0	0	7	7
Mon	Igbo	30	32	<http://www.wikidata.org/entity/Q13349>	<http://www.wikidata.org/entity/Q33578>	6804	9	0	0	0	0	0	9	9
Mon	Italian	30	10	<http://www.wikidata.org/entity/Q13349>	<http://www.wikidata.org/entity/Q652>	6804	11	0	0	0	0	0	11	11
Mon	Japanese	30	5	<http://www.wikidata.org/entity/Q13349>	<http://www.wikidata.org/entity/Q5287>	6804	12	0	0	0	0	0	12	12
Mon	Klingon	30	43	<http://www.wikidata.org/entity/Q13349>	<http://www.wikidata.org/entity/Q10134>	6804	7	0	0	0	0	0	7	7
Mon	Korean	30	50	<http://www.wikidata.org/entity/Q13349>	<http://www.wikidata.org/entity/Q9176>	6804	4	0	0	0	0	0	4	4
Mon	Latin	30	39	<http://www.wikidata.org/entity/Q13349>	<http://www.wikidata.org/entity/Q397>	6804	7	0	0	0	0	0	7	7
Mon	Malay	30	33	<http://www.wikidata.org/entity/Q13349>	<http://www.wikidata.org/entity/Q9237>	6804	7	0	0	0	0	0	7	7
Mon	Malayalam	30	23	<http://www.wikidata.org/entity/Q13349>	<http://www.wikidata.org/entity/Q36236>	6804	10	0	0	0	0	0	10	10
Mon	New Persian	30	24	<http://www.wikidata.org/entity/Q13349>	<http://www.wikidata.org/entity/Q56356571>	6804	10	0	0	0	0	0	10	10
Mon	Northern Sami	30	25	<http://www.wikidata.org/entity/Q13349>	<http://www.wikidata.org/entity/Q33947>	6804	3	0	0	0	0	0	3	3
Mon	Nynorsk	30	8	<http://www.wikidata.org/entity/Q13349>	<http://www.wikidata.org/entity/Q25164>	6804	10	0	0	0	0	0	10	10
Mon	Persian	30	15	<http://www.wikidata.org/entity/Q13349>	<http://www.wikidata.org/entity/Q9168>	6804	0	0	0	0	0	0	0	0
Mon	Polish	30	36	<http://www.wikidata.org/entity/Q13349>	<http://www.wikidata.org/entity/Q809>	6804	3	0	0	0	0	0	3	3
Mon	Portuguese	30	1	<http://www.wikidata.org/entity/Q13349>	<http://www.wikidata.org/entity/Q5146>	6804	9	0	0	0	0	0	9	9
Mon	Punjabi	30	27	<http://www.wikidata.org/entity/Q13349>	<http://www.wikidata.org/entity/Q58635>	6804	9	0	0	0	0	0	9	9
Mon	Quechua	30	44	<http://www.wikidata.org/entity/Q13349>	<http://www.wikidata.org/entity/Q5218>	6804	2	0	0	0	0	0	2	2
Mon	Russian	30	17	<http://www.wikidata.org/entity/Q13349>	<http://www.wikidata.org/entity/Q7737>	6804	12	0	0	0	0	0	12	12
Mon	Sanskrit	30	47	<http://www.wikidata.org/entity/Q13349>	<http://www.wikidata.org/entity/Q11059>	6804	5	0	0	0	0	0	5	5
Mon	Southern Min	30	45	<http://www.wikidata.org/entity/Q13349>	<http://www.wikidata.org/entity/Q36495>	6804	6	0	0	0	0	0	6	6
Mon	Spanish	30	12	<http://www.wikidata.org/entity/Q13349>	<http://www.wikidata.org/entity/Q1321>	6804	9	0	0	0	0	0	9	9
Mon	Standard Chinese	30	35	<http://www.wikidata.org/entity/Q13349>	<http://www.wikidata.org/entity/Q727694>	6804	8	0	0	0	0	0	8	8
Mon	Sumerian	30	18	<http://www.wikidata.org/entity/Q13349>	<http://www.wikidata.org/entity/Q36790>	6804	5	0	0	0	0	0	5	5
Mon	Swedish	30	4	<http://www.wikidata.org/entity/Q13349>	<http://www.wikidata.org/entity/Q9027>	6804	11	0	0	0	0	0	11	11
Mon	Turkish	30	40	<http://www.wikidata.org/entity/Q13349>	<http://www.wikidata.org/entity/Q256>	6804	7	0	0	0	0	0	7	7
Mon	Ugaritic	30	38	<http://www.wikidata.org/entity/Q13349>	<http://www.wikidata.org/entity/Q36928>	6804	4	0	0	0	0	0	4	4
New Persian	Akkadian	24	19	<http://www.wikidata.org/entity/Q56356571>	<http://www.wikidata.org/entity/Q35518>	11610	1046	0	0	0	65	0	1111	1111
New Persian	Albanian	24	28	<http://www.wikidata.org/entity/Q56356571>	<http://www.wikidata.org/entity/Q8748>	11610	309	1	1	1	0	0	310	310
New Persian	Arabic	24	20	<http://www.wikidata.org/entity/Q56356571>	<http://www.wikidata.org/entity/Q13955>	11610	859	29	29	0	13	5	899	899
New Persian	Aragonese	24	6	<http://www.wikidata.org/entity/Q56356571>	<http://www.wikidata.org/entity/Q8765>	11610	80	0	0	0	3	0	83	83
New Persian	Bangla	24	21	<http://www.wikidata.org/entity/Q56356571>	<http://www.wikidata.org/entity/Q9610>	11610	899	6	9	2	47	64	985	985
New Persian	Banjar	24	46	<http://www.wikidata.org/entity/Q56356571>	<http://www.wikidata.org/entity/Q33151>	11610	105	0	0	0	0	0	105	105
New Persian	Basque	24	9	<http://www.wikidata.org/entity/Q56356571>	<http://www.wikidata.org/entity/Q8752>	11610	740	0	2	0	4	0	744	744
New Persian	Bokmål	24	3	<http://www.wikidata.org/entity/Q56356571>	<http://www.wikidata.org/entity/Q25167>	11610	2796	2	5	10	50	0	2856	2856
New Persian	Breton	24	31	<http://www.wikidata.org/entity/Q56356571>	<http://www.wikidata.org/entity/Q12107>	11610	1332	0	0	0	36	0	1368	1368
New Persian	Central Bikol	24	49	<http://www.wikidata.org/entity/Q56356571>	<http://www.wikidata.org/entity/Q33284>	11610	42	0	0	0	0	0	42	42
New Persian	Czech	24	11	<http://www.wikidata.org/entity/Q56356571>	<http://www.wikidata.org/entity/Q9056>	11610	1200	3	6	5	5	0	1207	1207
New Persian	Dagbanli	24	22	<http://www.wikidata.org/entity/Q56356571>	<http://www.wikidata.org/entity/Q32238>	11610	790	0	0	0	8	0	798	798
New Persian	Danish	24	14	<http://www.wikidata.org/entity/Q56356571>	<http://www.wikidata.org/entity/Q9035>	11610	2187	0	4	7	26	0	2219	2219
New Persian	Dutch	24	41	<http://www.wikidata.org/entity/Q56356571>	<http://www.wikidata.org/entity/Q7411>	11610	751	0	0	7	3	0	759	759
New Persian	Egyptian	24	16	<http://www.wikidata.org/entity/Q56356571>	<http://www.wikidata.org/entity/Q50868>	11610	62	0	0	0	4	0	66	66
New Persian	English	24	2	<http://www.wikidata.org/entity/Q56356571>	<http://www.wikidata.org/entity/Q1860>	11610	3505	61	67	5	99	3019	5552	5552
New Persian	Estonian	24	34	<http://www.wikidata.org/entity/Q56356571>	<http://www.wikidata.org/entity/Q9072>	11610	1396	0	2	1	24	0	1421	1421
New Persian	Finnish	24	42	<http://www.wikidata.org/entity/Q56356571>	<http://www.wikidata.org/entity/Q1412>	11610	623	1	1	0	22	0	645	645
New Persian	French	24	7	<http://www.wikidata.org/entity/Q56356571>	<http://www.wikidata.org/entity/Q150>	11610	2750	4	8	8	68	6	2828	2828
New Persian	Fula	24	26	<http://www.wikidata.org/entity/Q56356571>	<http://www.wikidata.org/entity/Q33454>	11610	158	0	0	0	2	0	160	160
New Persian	German	24	13	<http://www.wikidata.org/entity/Q56356571>	<http://www.wikidata.org/entity/Q188>	11610	2697	3	8	8	66	55	2790	2790
New Persian	Hausa	24	48	<http://www.wikidata.org/entity/Q56356571>	<http://www.wikidata.org/entity/Q56475>	11610	595	0	0	1	38	0	633	633
New Persian	Hebrew	24	29	<http://www.wikidata.org/entity/Q56356571>	<http://www.wikidata.org/entity/Q9288>	11610	1857	1	6	1	22	1	1882	1882
New Persian	Hindustani	24	37	<http://www.wikidata.org/entity/Q56356571>	<http://www.wikidata.org/entity/Q11051>	11610	933	29	32	0	32	0	992	992
New Persian	Igbo	24	32	<http://www.wikidata.org/entity/Q56356571>	<http://www.wikidata.org/entity/Q33578>	11610	983	0	2	0	30	0	1013	1013
New Persian	Italian	24	10	<http://www.wikidata.org/entity/Q56356571>	<http://www.wikidata.org/entity/Q652>	11610	2874	0	4	7	28	1	2911	2911
New Persian	Japanese	24	5	<http://www.wikidata.org/entity/Q56356571>	<http://www.wikidata.org/entity/Q5287>	11610	2095	2	4	2	58	0	2154	2154
New Persian	Klingon	24	43	<http://www.wikidata.org/entity/Q56356571>	<http://www.wikidata.org/entity/Q10134>	11610	814	0	1	0	27	0	842	842
New Persian	Korean	24	50	<http://www.wikidata.org/entity/Q56356571>	<http://www.wikidata.org/entity/Q9176>	11610	454	0	0	0	30	0	484	484
New Persian	Latin	24	39	<http://www.wikidata.org/entity/Q56356571>	<http://www.wikidata.org/entity/Q397>	11610	822	0	3	0	12	0	835	835
New Persian	Malay	24	33	<http://www.wikidata.org/entity/Q56356571>	<http://www.wikidata.org/entity/Q9237>	11610	1633	4	6	0	57	0	1694	1694
New Persian	Malayalam	24	23	<http://www.wikidata.org/entity/Q56356571>	<http://www.wikidata.org/entity/Q36236>	11610	1766	1	5	0	13	0	1779	1779
New Persian	Mon	24	30	<http://www.wikidata.org/entity/Q56356571>	<http://www.wikidata.org/entity/Q13349>	11610	23	0	0	0	0	0	23	23
New Persian	Northern Sami	24	25	<http://www.wikidata.org/entity/Q56356571>	<http://www.wikidata.org/entity/Q33947>	11610	44	0	0	0	2	0	46	46
New Persian	Nynorsk	24	8	<http://www.wikidata.org/entity/Q56356571>	<http://www.wikidata.org/entity/Q25164>	11610	2030	1	3	6	27	0	2062	2062
New Persian	Persian	24	15	<http://www.wikidata.org/entity/Q56356571>	<http://www.wikidata.org/entity/Q9168>	11610	67	0	0	0	4	7318	7349	7349
New Persian	Polish	24	36	<http://www.wikidata.org/entity/Q56356571>	<http://www.wikidata.org/entity/Q809>	11610	588	2	5	0	0	0	588	588
New Persian	Portuguese	24	1	<http://www.wikidata.org/entity/Q56356571>	<http://www.wikidata.org/entity/Q5146>	11610	1341	0	2	5	31	0	1377	1377
New Persian	Punjabi	24	27	<http://www.wikidata.org/entity/Q56356571>	<http://www.wikidata.org/entity/Q58635>	11610	1506	91	92	3	54	10	1648	1648
New Persian	Quechua	24	44	<http://www.wikidata.org/entity/Q56356571>	<http://www.wikidata.org/entity/Q5218>	11610	36	0	0	0	0	0	36	36
New Persian	Russian	24	17	<http://www.wikidata.org/entity/Q56356571>	<http://www.wikidata.org/entity/Q7737>	11610	2371	27	31	2	16	1491	3374	3374
New Persian	Sanskrit	24	47	<http://www.wikidata.org/entity/Q56356571>	<http://www.wikidata.org/entity/Q11059>	11610	516	1	1	0	24	0	541	541
New Persian	Southern Min	24	45	<http://www.wikidata.org/entity/Q56356571>	<http://www.wikidata.org/entity/Q36495>	11610	621	1	1	0	11	0	632	632
New Persian	Spanish	24	12	<http://www.wikidata.org/entity/Q56356571>	<http://www.wikidata.org/entity/Q1321>	11610	1487	2	4	9	18	3	1511	1511
New Persian	Standard Chinese	24	35	<http://www.wikidata.org/entity/Q56356571>	<http://www.wikidata.org/entity/Q727694>	11610	804	0	4	0	30	0	834	834
New Persian	Sumerian	24	18	<http://www.wikidata.org/entity/Q56356571>	<http://www.wikidata.org/entity/Q36790>	11610	1070	0	0	0	70	0	1140	1140
New Persian	Swedish	24	4	<http://www.wikidata.org/entity/Q56356571>	<http://www.wikidata.org/entity/Q9027>	11610	2585	0	3	9	50	0	2643	2643
New Persian	Turkish	24	40	<http://www.wikidata.org/entity/Q56356571>	<http://www.wikidata.org/entity/Q256>	11610	937	17	18	0	55	0	1004	1004
New Persian	Ugaritic	24	38	<http://www.wikidata.org/entity/Q56356571>	<http://www.wikidata.org/entity/Q36928>	11610	646	0	0	0	0	0	646	646
Northern Sami	Akkadian	25	19	<http://www.wikidata.org/entity/Q33947>	<http://www.wikidata.org/entity/Q35518>	10045	13	0	0	0	1	0	14	14
Northern Sami	Albanian	25	28	<http://www.wikidata.org/entity/Q33947>	<http://www.wikidata.org/entity/Q8748>	10045	6	0	1	0	0	0	6	6
Northern Sami	Arabic	25	20	<http://www.wikidata.org/entity/Q33947>	<http://www.wikidata.org/entity/Q13955>	10045	12	0	0	0	0	0	12	12
Northern Sami	Aragonese	25	6	<http://www.wikidata.org/entity/Q33947>	<http://www.wikidata.org/entity/Q8765>	10045	5	0	0	0	1	0	6	6
Northern Sami	Bangla	25	21	<http://www.wikidata.org/entity/Q33947>	<http://www.wikidata.org/entity/Q9610>	10045	14	0	0	0	1	1	15	15
Northern Sami	Banjar	25	46	<http://www.wikidata.org/entity/Q33947>	<http://www.wikidata.org/entity/Q33151>	10045	3	0	0	0	0	0	3	3
Northern Sami	Basque	25	9	<http://www.wikidata.org/entity/Q33947>	<http://www.wikidata.org/entity/Q8752>	10045	9	0	0	0	0	0	9	9
Northern Sami	Bokmål	25	3	<http://www.wikidata.org/entity/Q33947>	<http://www.wikidata.org/entity/Q25167>	10045	24	1	2	0	1	10014	10034	10000
Northern Sami	Breton	25	31	<http://www.wikidata.org/entity/Q33947>	<http://www.wikidata.org/entity/Q12107>	10045	15	0	1	0	1	0	16	16
Northern Sami	Central Bikol	25	49	<http://www.wikidata.org/entity/Q33947>	<http://www.wikidata.org/entity/Q33284>	10045	2	0	0	0	0	0	2	2
Northern Sami	Czech	25	11	<http://www.wikidata.org/entity/Q33947>	<http://www.wikidata.org/entity/Q9056>	10045	15	0	2	0	0	0	15	15
Northern Sami	Dagbanli	25	22	<http://www.wikidata.org/entity/Q33947>	<http://www.wikidata.org/entity/Q32238>	10045	11	0	0	0	1	0	12	12
Northern Sami	Danish	25	14	<http://www.wikidata.org/entity/Q33947>	<http://www.wikidata.org/entity/Q9035>	10045	18	1	2	0	1	0	19	19
Northern Sami	Dutch	25	41	<http://www.wikidata.org/entity/Q33947>	<http://www.wikidata.org/entity/Q7411>	10045	9	0	1	0	0	0	9	9
Northern Sami	Egyptian	25	16	<http://www.wikidata.org/entity/Q33947>	<http://www.wikidata.org/entity/Q50868>	10045	2	0	0	0	0	0	2	2
Northern Sami	English	25	2	<http://www.wikidata.org/entity/Q33947>	<http://www.wikidata.org/entity/Q1860>	10045	20	0	2	0	1	10013	10013	10000
Northern Sami	Estonian	25	34	<http://www.wikidata.org/entity/Q33947>	<http://www.wikidata.org/entity/Q9072>	10045	14	0	1	0	1	1	15	15
Northern Sami	Finnish	25	42	<http://www.wikidata.org/entity/Q33947>	<http://www.wikidata.org/entity/Q1412>	10045	11	2	2	0	1	3	13	13
Northern Sami	French	25	7	<http://www.wikidata.org/entity/Q33947>	<http://www.wikidata.org/entity/Q150>	10045	18	0	2	0	1	1	19	19
Northern Sami	Fula	25	26	<http://www.wikidata.org/entity/Q33947>	<http://www.wikidata.org/entity/Q33454>	10045	4	0	0	0	0	0	4	4
Northern Sami	German	25	13	<http://www.wikidata.org/entity/Q33947>	<http://www.wikidata.org/entity/Q188>	10045	18	1	2	0	1	4	21	21
Northern Sami	Hausa	25	48	<http://www.wikidata.org/entity/Q33947>	<http://www.wikidata.org/entity/Q56475>	10045	9	0	0	0	1	0	10	10
Northern Sami	Hebrew	25	29	<http://www.wikidata.org/entity/Q33947>	<http://www.wikidata.org/entity/Q9288>	10045	17	0	0	0	1	0	18	18
Northern Sami	Hindustani	25	37	<http://www.wikidata.org/entity/Q33947>	<http://www.wikidata.org/entity/Q11051>	10045	14	0	0	0	1	0	15	15
Northern Sami	Igbo	25	32	<http://www.wikidata.org/entity/Q33947>	<http://www.wikidata.org/entity/Q33578>	10045	10	0	0	0	1	0	11	11
Northern Sami	Italian	25	10	<http://www.wikidata.org/entity/Q33947>	<http://www.wikidata.org/entity/Q652>	10045	18	0	0	0	0	1	19	19
Northern Sami	Japanese	25	5	<http://www.wikidata.org/entity/Q33947>	<http://www.wikidata.org/entity/Q5287>	10045	19	0	0	0	1	0	20	20
Northern Sami	Klingon	25	43	<http://www.wikidata.org/entity/Q33947>	<http://www.wikidata.org/entity/Q10134>	10045	10	0	0	0	1	0	11	11
Northern Sami	Korean	25	50	<http://www.wikidata.org/entity/Q33947>	<http://www.wikidata.org/entity/Q9176>	10045	14	0	0	0	1	0	15	15
Northern Sami	Latin	25	39	<http://www.wikidata.org/entity/Q33947>	<http://www.wikidata.org/entity/Q397>	10045	11	0	0	0	1	0	12	12
Northern Sami	Malay	25	33	<http://www.wikidata.org/entity/Q33947>	<http://www.wikidata.org/entity/Q9237>	10045	18	1	2	0	1	1	19	19
Northern Sami	Malayalam	25	23	<http://www.wikidata.org/entity/Q33947>	<http://www.wikidata.org/entity/Q36236>	10045	19	0	1	0	1	0	20	20
Northern Sami	Mon	25	30	<http://www.wikidata.org/entity/Q33947>	<http://www.wikidata.org/entity/Q13349>	10045	3	0	0	0	0	0	3	3
Northern Sami	New Persian	25	24	<http://www.wikidata.org/entity/Q33947>	<http://www.wikidata.org/entity/Q56356571>	10045	17	0	0	0	1	0	18	18
Northern Sami	Nynorsk	25	8	<http://www.wikidata.org/entity/Q33947>	<http://www.wikidata.org/entity/Q25164>	10045	17	1	2	0	1	10005	10022	10000
Northern Sami	Persian	25	15	<http://www.wikidata.org/entity/Q33947>	<http://www.wikidata.org/entity/Q9168>	10045	0	0	0	0	0	0	0	0
Northern Sami	Polish	25	36	<http://www.wikidata.org/entity/Q33947>	<http://www.wikidata.org/entity/Q809>	10045	14	0	2	0	0	0	14	14
Northern Sami	Portuguese	25	1	<http://www.wikidata.org/entity/Q33947>	<http://www.wikidata.org/entity/Q5146>	10045	15	0	1	0	1	0	16	16
Northern Sami	Punjabi	25	27	<http://www.wikidata.org/entity/Q33947>	<http://www.wikidata.org/entity/Q58635>	10045	16	0	0	0	1	0	17	17
Northern Sami	Quechua	25	44	<http://www.wikidata.org/entity/Q33947>	<http://www.wikidata.org/entity/Q5218>	10045	3	0	0	0	0	0	3	3
Northern Sami	Russian	25	17	<http://www.wikidata.org/entity/Q33947>	<http://www.wikidata.org/entity/Q7737>	10045	19	0	2	0	0	0	19	19
Northern Sami	Sanskrit	25	47	<http://www.wikidata.org/entity/Q33947>	<http://www.wikidata.org/entity/Q11059>	10045	11	0	0	0	1	0	12	12
Northern Sami	Southern Min	25	45	<http://www.wikidata.org/entity/Q33947>	<http://www.wikidata.org/entity/Q36495>	10045	9	0	0	0	1	0	10	10
Northern Sami	Spanish	25	12	<http://www.wikidata.org/entity/Q33947>	<http://www.wikidata.org/entity/Q1321>	10045	15	1	1	0	1	1	16	16
Northern Sami	Standard Chinese	25	35	<http://www.wikidata.org/entity/Q33947>	<http://www.wikidata.org/entity/Q727694>	10045	13	0	0	0	1	0	14	14
Northern Sami	Sumerian	25	18	<http://www.wikidata.org/entity/Q33947>	<http://www.wikidata.org/entity/Q36790>	10045	12	0	0	0	1	0	13	13
Northern Sami	Swedish	25	4	<http://www.wikidata.org/entity/Q33947>	<http://www.wikidata.org/entity/Q9027>	10045	23	0	3	0	1	0	24	24
Northern Sami	Turkish	25	40	<http://www.wikidata.org/entity/Q33947>	<http://www.wikidata.org/entity/Q256>	10045	11	0	0	0	1	0	12	12
Northern Sami	Ugaritic	25	38	<http://www.wikidata.org/entity/Q33947>	<http://www.wikidata.org/entity/Q36928>	10045	9	0	0	0	0	0	9	9
Nynorsk	Akkadian	8	19	<http://www.wikidata.org/entity/Q25164>	<http://www.wikidata.org/entity/Q35518>	32974	1280	0	1	0	56	0	1336	1336
Nynorsk	Albanian	8	28	<http://www.wikidata.org/entity/Q25164>	<http://www.wikidata.org/entity/Q8748>	32974	309	0	2	4	1	0	313	313
Nynorsk	Arabic	8	20	<http://www.wikidata.org/entity/Q25164>	<http://www.wikidata.org/entity/Q13955>	32974	586	0	3	0	15	0	601	601
Nynorsk	Aragonese	8	6	<http://www.wikidata.org/entity/Q25164>	<http://www.wikidata.org/entity/Q8765>	32974	72	0	0	0	2	0	74	74
Nynorsk	Bangla	8	21	<http://www.wikidata.org/entity/Q25164>	<http://www.wikidata.org/entity/Q9610>	32974	857	1	6	3	42	11	913	913
Nynorsk	Banjar	8	46	<http://www.wikidata.org/entity/Q25164>	<http://www.wikidata.org/entity/Q33151>	32974	136	0	2	0	0	0	136	136
Nynorsk	Basque	8	9	<http://www.wikidata.org/entity/Q25164>	<http://www.wikidata.org/entity/Q8752>	32974	1517	2	6	0	0	0	1518	1518
Nynorsk	Bokmål	8	3	<http://www.wikidata.org/entity/Q25164>	<http://www.wikidata.org/entity/Q25167>	32974	13780	32177	32180	354	180	737	32360	10000
Nynorsk	Breton	8	31	<http://www.wikidata.org/entity/Q25164>	<http://www.wikidata.org/entity/Q12107>	32974	1903	1	6	6	43	0	1949	1949
Nynorsk	Central Bikol	8	49	<http://www.wikidata.org/entity/Q25164>	<http://www.wikidata.org/entity/Q33284>	32974	37	0	0	0	0	0	37	37
Nynorsk	Czech	8	11	<http://www.wikidata.org/entity/Q25164>	<http://www.wikidata.org/entity/Q9056>	32974	1674	8	20	29	5	10	1696	1696
Nynorsk	Dagbanli	8	22	<http://www.wikidata.org/entity/Q25164>	<http://www.wikidata.org/entity/Q32238>	32974	983	1	4	0	11	0	994	994
Nynorsk	Danish	8	14	<http://www.wikidata.org/entity/Q25164>	<http://www.wikidata.org/entity/Q9035>	32974	4744	124	150	149	55	10	5012	5012
Nynorsk	Dutch	8	41	<http://www.wikidata.org/entity/Q25164>	<http://www.wikidata.org/entity/Q7411>	32974	901	0	6	149	7	1	1057	1057
Nynorsk	Egyptian	8	16	<http://www.wikidata.org/entity/Q25164>	<http://www.wikidata.org/entity/Q50868>	32974	45	0	0	0	0	0	45	45
Nynorsk	English	8	2	<http://www.wikidata.org/entity/Q25164>	<http://www.wikidata.org/entity/Q1860>	32974	7262	58	98	100	144	32475	32682	10000
Nynorsk	Estonian	8	34	<http://www.wikidata.org/entity/Q25164>	<http://www.wikidata.org/entity/Q9072>	32974	1935	1	4	2	25	1	1963	1963
Nynorsk	Finnish	8	42	<http://www.wikidata.org/entity/Q25164>	<http://www.wikidata.org/entity/Q1412>	32974	708	4	10	3	14	1	726	726
Nynorsk	French	8	7	<http://www.wikidata.org/entity/Q25164>	<http://www.wikidata.org/entity/Q150>	32974	5458	24	43	174	76	4	5664	5664
Nynorsk	Fula	8	26	<http://www.wikidata.org/entity/Q25164>	<http://www.wikidata.org/entity/Q33454>	32974	131	0	0	0	2	0	133	133
Nynorsk	German	8	13	<http://www.wikidata.org/entity/Q25164>	<http://www.wikidata.org/entity/Q188>	32974	5307	26	59	119	101	14	5485	5485
Nynorsk	Hausa	8	48	<http://www.wikidata.org/entity/Q25164>	<http://www.wikidata.org/entity/Q56475>	32974	516	0	0	0	18	0	534	534
Nynorsk	Hebrew	8	29	<http://www.wikidata.org/entity/Q25164>	<http://www.wikidata.org/entity/Q9288>	32974	3196	1	4	2	23	0	3221	3221
Nynorsk	Hindustani	8	37	<http://www.wikidata.org/entity/Q25164>	<http://www.wikidata.org/entity/Q11051>	32974	795	1	2	3	26	0	822	822
Nynorsk	Igbo	8	32	<http://www.wikidata.org/entity/Q25164>	<http://www.wikidata.org/entity/Q33578>	32974	1188	0	0	0	45	0	1231	1231
Nynorsk	Italian	8	10	<http://www.wikidata.org/entity/Q25164>	<http://www.wikidata.org/entity/Q652>	32974	6201	8	21	154	28	2	6391	6391
Nynorsk	Japanese	8	5	<http://www.wikidata.org/entity/Q25164>	<http://www.wikidata.org/entity/Q5287>	32974	3712	0	11	7	65	0	3779	3779
Nynorsk	Klingon	8	43	<http://www.wikidata.org/entity/Q25164>	<http://www.wikidata.org/entity/Q10134>	32974	890	0	0	1	36	0	927	927
Nynorsk	Korean	8	50	<http://www.wikidata.org/entity/Q25164>	<http://www.wikidata.org/entity/Q9176>	32974	377	1	1	0	16	1	393	393
Nynorsk	Latin	8	39	<http://www.wikidata.org/entity/Q25164>	<http://www.wikidata.org/entity/Q397>	32974	1172	0	6	0	11	0	1184	1184
Nynorsk	Malay	8	33	<http://www.wikidata.org/entity/Q25164>	<http://www.wikidata.org/entity/Q9237>	32974	1708	2	5	2	53	2	1761	1761
Nynorsk	Malayalam	8	23	<http://www.wikidata.org/entity/Q25164>	<http://www.wikidata.org/entity/Q36236>	32974	2429	1	8	0	12	1	2441	2441
Nynorsk	Mon	8	30	<http://www.wikidata.org/entity/Q25164>	<http://www.wikidata.org/entity/Q13349>	32974	18	0	0	0	0	0	18	18
Nynorsk	New Persian	8	24	<http://www.wikidata.org/entity/Q25164>	<http://www.wikidata.org/entity/Q56356571>	32974	1914	1	3	7	24	0	1943	1943
Nynorsk	Northern Sami	8	25	<http://www.wikidata.org/entity/Q25164>	<http://www.wikidata.org/entity/Q33947>	32974	22	2	5	0	1	0	23	23
Nynorsk	Persian	8	15	<http://www.wikidata.org/entity/Q25164>	<http://www.wikidata.org/entity/Q9168>	32974	453	0	0	0	10	0	463	463
Nynorsk	Polish	8	36	<http://www.wikidata.org/entity/Q25164>	<http://www.wikidata.org/entity/Q809>	32974	634	3	11	0	0	7	635	635
Nynorsk	Portuguese	8	1	<http://www.wikidata.org/entity/Q25164>	<http://www.wikidata.org/entity/Q5146>	32974	1736	1	8	27	49	1	1803	1803
Nynorsk	Punjabi	8	27	<http://www.wikidata.org/entity/Q25164>	<http://www.wikidata.org/entity/Q58635>	32974	1511	0	0	7	46	0	1562	1562
Nynorsk	Quechua	8	44	<http://www.wikidata.org/entity/Q25164>	<http://www.wikidata.org/entity/Q5218>	32974	18	0	1	0	0	0	18	18
Nynorsk	Russian	8	17	<http://www.wikidata.org/entity/Q25164>	<http://www.wikidata.org/entity/Q7737>	32974	4547	4	12	19	14	6	4573	4573
Nynorsk	Sanskrit	8	47	<http://www.wikidata.org/entity/Q25164>	<http://www.wikidata.org/entity/Q11059>	32974	395	0	0	0	12	0	407	407
Nynorsk	Southern Min	8	45	<http://www.wikidata.org/entity/Q25164>	<http://www.wikidata.org/entity/Q36495>	32974	931	2	7	0	17	0	951	951
Nynorsk	Spanish	8	12	<http://www.wikidata.org/entity/Q25164>	<http://www.wikidata.org/entity/Q1321>	32974	2577	13	26	199	31	12	2742	2742
Nynorsk	Standard Chinese	8	35	<http://www.wikidata.org/entity/Q25164>	<http://www.wikidata.org/entity/Q727694>	32974	735	5	11	0	21	0	762	762
Nynorsk	Sumerian	8	18	<http://www.wikidata.org/entity/Q25164>	<http://www.wikidata.org/entity/Q36790>	32974	1328	1	2	0	41	0	1369	1369
Nynorsk	Swedish	8	4	<http://www.wikidata.org/entity/Q25164>	<http://www.wikidata.org/entity/Q9027>	32974	6162	56	88	206	76	3	6453	6453
Nynorsk	Turkish	8	40	<http://www.wikidata.org/entity/Q25164>	<http://www.wikidata.org/entity/Q256>	32974	813	0	1	1	39	2	854	854
Nynorsk	Ugaritic	8	38	<http://www.wikidata.org/entity/Q25164>	<http://www.wikidata.org/entity/Q36928>	32974	645	0	0	0	0	0	645	645
Persian	Akkadian	15	19	<http://www.wikidata.org/entity/Q9168>	<http://www.wikidata.org/entity/Q35518>	18925	50	0	0	0	18	0	68	68
Persian	Albanian	15	28	<http://www.wikidata.org/entity/Q9168>	<http://www.wikidata.org/entity/Q8748>	18925	11	0	0	0	4	0	15	15
Persian	Arabic	15	20	<http://www.wikidata.org/entity/Q9168>	<http://www.wikidata.org/entity/Q13955>	18925	26	2	2	0	7	0	35	35
Persian	Aragonese	15	6	<http://www.wikidata.org/entity/Q9168>	<http://www.wikidata.org/entity/Q8765>	18925	4	0	0	0	0	0	4	4
Persian	Bangla	15	21	<http://www.wikidata.org/entity/Q9168>	<http://www.wikidata.org/entity/Q9610>	18925	30	1	1	0	15	5	49	49
Persian	Banjar	15	46	<http://www.wikidata.org/entity/Q9168>	<http://www.wikidata.org/entity/Q33151>	18925	7	0	0	0	0	0	7	7
Persian	Basque	15	9	<http://www.wikidata.org/entity/Q9168>	<http://www.wikidata.org/entity/Q8752>	18925	106	0	0	0	1	0	107	107
Persian	Bokmål	15	3	<http://www.wikidata.org/entity/Q9168>	<http://www.wikidata.org/entity/Q25167>	18925	409	0	0	0	11	0	420	420
Persian	Breton	15	31	<http://www.wikidata.org/entity/Q9168>	<http://www.wikidata.org/entity/Q12107>	18925	78	0	0	0	11	0	89	89
Persian	Central Bikol	15	49	<http://www.wikidata.org/entity/Q9168>	<http://www.wikidata.org/entity/Q33284>	18925	0	0	0	0	0	0	0	0
Persian	Czech	15	11	<http://www.wikidata.org/entity/Q9168>	<http://www.wikidata.org/entity/Q9056>	18925	84	0	0	0	6	0	90	90
Persian	Dagbanli	15	22	<http://www.wikidata.org/entity/Q9168>	<http://www.wikidata.org/entity/Q32238>	18925	42	0	0	0	1	0	43	43
Persian	Danish	15	14	<http://www.wikidata.org/entity/Q9168>	<http://www.wikidata.org/entity/Q9035>	18925	224	0	0	0	10	0	234	234
Persian	Dutch	15	41	<http://www.wikidata.org/entity/Q9168>	<http://www.wikidata.org/entity/Q7411>	18925	40	0	0	0	1	0	41	41
Persian	Egyptian	15	16	<http://www.wikidata.org/entity/Q9168>	<http://www.wikidata.org/entity/Q50868>	18925	2	0	0	0	0	0	2	2
Persian	English	15	2	<http://www.wikidata.org/entity/Q9168>	<http://www.wikidata.org/entity/Q1860>	18925	661	14	14	0	23	10441	10569	10000
Persian	Estonian	15	34	<http://www.wikidata.org/entity/Q9168>	<http://www.wikidata.org/entity/Q9072>	18925	84	0	0	0	4	0	88	88
Persian	Finnish	15	42	<http://www.wikidata.org/entity/Q9168>	<http://www.wikidata.org/entity/Q1412>	18925	15	0	0	0	3	0	18	18
Persian	French	15	7	<http://www.wikidata.org/entity/Q9168>	<http://www.wikidata.org/entity/Q150>	18925	388	2	2	0	23	1	414	414
Persian	Fula	15	26	<http://www.wikidata.org/entity/Q9168>	<http://www.wikidata.org/entity/Q33454>	18925	4	0	0	0	0	0	4	4
Persian	German	15	13	<http://www.wikidata.org/entity/Q9168>	<http://www.wikidata.org/entity/Q188>	18925	267	0	0	0	23	1	291	291
Persian	Hausa	15	48	<http://www.wikidata.org/entity/Q9168>	<http://www.wikidata.org/entity/Q56475>	18925	13	0	0	0	9	0	22	22
Persian	Hebrew	15	29	<http://www.wikidata.org/entity/Q9168>	<http://www.wikidata.org/entity/Q9288>	18925	208	0	0	0	5	0	213	213
Persian	Hindustani	15	37	<http://www.wikidata.org/entity/Q9168>	<http://www.wikidata.org/entity/Q11051>	18925	30	1	1	0	7	0	38	38
Persian	Igbo	15	32	<http://www.wikidata.org/entity/Q9168>	<http://www.wikidata.org/entity/Q33578>	18925	33	0	0	0	9	0	42	42
Persian	Italian	15	10	<http://www.wikidata.org/entity/Q9168>	<http://www.wikidata.org/entity/Q652>	18925	542	0	0	0	9	0	551	551
Persian	Japanese	15	5	<http://www.wikidata.org/entity/Q9168>	<http://www.wikidata.org/entity/Q5287>	18925	237	0	0	0	19	0	256	256
Persian	Klingon	15	43	<http://www.wikidata.org/entity/Q9168>	<http://www.wikidata.org/entity/Q10134>	18925	29	0	0	0	9	0	38	38
Persian	Korean	15	50	<http://www.wikidata.org/entity/Q9168>	<http://www.wikidata.org/entity/Q9176>	18925	18	0	0	0	1	0	19	19
Persian	Latin	15	39	<http://www.wikidata.org/entity/Q9168>	<http://www.wikidata.org/entity/Q397>	18925	61	0	0	0	5	0	66	66
Persian	Malay	15	33	<http://www.wikidata.org/entity/Q9168>	<http://www.wikidata.org/entity/Q9237>	18925	73	0	0	0	14	0	87	87
Persian	Malayalam	15	23	<http://www.wikidata.org/entity/Q9168>	<http://www.wikidata.org/entity/Q36236>	18925	185	0	0	0	9	0	194	194
Persian	Mon	15	30	<http://www.wikidata.org/entity/Q9168>	<http://www.wikidata.org/entity/Q13349>	18925	0	0	0	0	0	0	0	0
Persian	New Persian	15	24	<http://www.wikidata.org/entity/Q9168>	<http://www.wikidata.org/entity/Q56356571>	18925	53	0	0	0	2	0	55	55
Persian	Northern Sami	15	25	<http://www.wikidata.org/entity/Q9168>	<http://www.wikidata.org/entity/Q33947>	18925	0	0	0	0	0	0	0	0
Persian	Nynorsk	15	8	<http://www.wikidata.org/entity/Q9168>	<http://www.wikidata.org/entity/Q25164>	18925	334	0	0	0	7	0	341	341
Persian	Polish	15	36	<http://www.wikidata.org/entity/Q9168>	<http://www.wikidata.org/entity/Q809>	18925	23	0	0	0	0	0	23	23
Persian	Portuguese	15	1	<http://www.wikidata.org/entity/Q9168>	<http://www.wikidata.org/entity/Q5146>	18925	65	0	0	0	13	0	78	78
Persian	Punjabi	15	27	<http://www.wikidata.org/entity/Q9168>	<http://www.wikidata.org/entity/Q58635>	18925	52	1	1	0	17	0	70	70
Persian	Quechua	15	44	<http://www.wikidata.org/entity/Q9168>	<http://www.wikidata.org/entity/Q5218>	18925	0	0	0	0	0	0	0	0
Persian	Russian	15	17	<http://www.wikidata.org/entity/Q9168>	<http://www.wikidata.org/entity/Q7737>	18925	357	1	1	0	11	0	368	368
Persian	Sanskrit	15	47	<http://www.wikidata.org/entity/Q9168>	<http://www.wikidata.org/entity/Q11059>	18925	9	0	0	0	3	0	12	12
Persian	Southern Min	15	45	<http://www.wikidata.org/entity/Q9168>	<http://www.wikidata.org/entity/Q36495>	18925	27	0	0	0	3	0	30	30
Persian	Spanish	15	12	<http://www.wikidata.org/entity/Q9168>	<http://www.wikidata.org/entity/Q1321>	18925	126	0	0	0	7	0	133	133
Persian	Standard Chinese	15	35	<http://www.wikidata.org/entity/Q9168>	<http://www.wikidata.org/entity/Q727694>	18925	23	0	0	0	13	0	36	36
Persian	Sumerian	15	18	<http://www.wikidata.org/entity/Q9168>	<http://www.wikidata.org/entity/Q36790>	18925	56	0	0	0	20	0	76	76
Persian	Swedish	15	4	<http://www.wikidata.org/entity/Q9168>	<http://www.wikidata.org/entity/Q9027>	18925	299	0	0	0	16	0	315	315
Persian	Turkish	15	40	<http://www.wikidata.org/entity/Q9168>	<http://www.wikidata.org/entity/Q256>	18925	21	0	0	0	10	0	31	31
Persian	Ugaritic	15	38	<http://www.wikidata.org/entity/Q9168>	<http://www.wikidata.org/entity/Q36928>	18925	16	0	0	0	0	0	16	16
Polish	Akkadian	36	19	<http://www.wikidata.org/entity/Q809>	<http://www.wikidata.org/entity/Q35518>	4135	195	0	0	0	1	0	196	196
Polish	Albanian	36	28	<http://www.wikidata.org/entity/Q809>	<http://www.wikidata.org/entity/Q8748>	4135	80	0	1	0	1	0	81	81
Polish	Arabic	36	20	<http://www.wikidata.org/entity/Q809>	<http://www.wikidata.org/entity/Q13955>	4135	163	3	5	0	0	0	164	164
Polish	Aragonese	36	6	<http://www.wikidata.org/entity/Q809>	<http://www.wikidata.org/entity/Q8765>	4135	23	0	0	0	0	0	23	23
Polish	Bangla	36	21	<http://www.wikidata.org/entity/Q809>	<http://www.wikidata.org/entity/Q9610>	4135	206	0	0	0	0	4	207	207
Polish	Banjar	36	46	<http://www.wikidata.org/entity/Q809>	<http://www.wikidata.org/entity/Q33151>	4135	23	0	1	0	0	0	24	24
Polish	Basque	36	9	<http://www.wikidata.org/entity/Q809>	<http://www.wikidata.org/entity/Q8752>	4135	195	2	4	0	0	0	195	195
Polish	Bokmål	36	3	<http://www.wikidata.org/entity/Q809>	<http://www.wikidata.org/entity/Q25167>	4135	689	2	9	2	1	8	693	693
Polish	Breton	36	31	<http://www.wikidata.org/entity/Q809>	<http://www.wikidata.org/entity/Q12107>	4135	331	1	8	0	0	0	331	331
Polish	Central Bikol	36	49	<http://www.wikidata.org/entity/Q809>	<http://www.wikidata.org/entity/Q33284>	4135	9	0	0	0	0	0	9	9
Polish	Czech	36	11	<http://www.wikidata.org/entity/Q809>	<http://www.wikidata.org/entity/Q9056>	4135	535	42	52	0	1	20	539	539
Polish	Dagbanli	36	22	<http://www.wikidata.org/entity/Q809>	<http://www.wikidata.org/entity/Q32238>	4135	199	0	5	0	0	0	200	200
Polish	Danish	36	14	<http://www.wikidata.org/entity/Q809>	<http://www.wikidata.org/entity/Q9035>	4135	595	6	21	0	1	10	599	599
Polish	Dutch	36	41	<http://www.wikidata.org/entity/Q809>	<http://www.wikidata.org/entity/Q7411>	4135	255	1	7	0	1	9	257	257
Polish	Egyptian	36	16	<http://www.wikidata.org/entity/Q809>	<http://www.wikidata.org/entity/Q50868>	4135	13	0	0	0	0	0	13	13
Polish	English	36	2	<http://www.wikidata.org/entity/Q809>	<http://www.wikidata.org/entity/Q1860>	4135	818	74	96	2	4	321	1007	1007
Polish	Estonian	36	34	<http://www.wikidata.org/entity/Q809>	<http://www.wikidata.org/entity/Q9072>	4135	312	0	4	0	0	0	313	313
Polish	Finnish	36	42	<http://www.wikidata.org/entity/Q809>	<http://www.wikidata.org/entity/Q1412>	4135	163	2	9	0	0	0	163	163
Polish	French	36	7	<http://www.wikidata.org/entity/Q809>	<http://www.wikidata.org/entity/Q150>	4135	668	24	45	2	1	18	679	679
Polish	Fula	36	26	<http://www.wikidata.org/entity/Q809>	<http://www.wikidata.org/entity/Q33454>	4135	38	0	0	0	0	0	38	38
Polish	German	36	13	<http://www.wikidata.org/entity/Q809>	<http://www.wikidata.org/entity/Q188>	4135	746	25	38	2	3	39	776	776
Polish	Hausa	36	48	<http://www.wikidata.org/entity/Q809>	<http://www.wikidata.org/entity/Q56475>	4135	141	0	0	0	0	0	141	141
Polish	Hebrew	36	29	<http://www.wikidata.org/entity/Q809>	<http://www.wikidata.org/entity/Q9288>	4135	496	1	5	0	0	0	496	496
Polish	Hindustani	36	37	<http://www.wikidata.org/entity/Q809>	<http://www.wikidata.org/entity/Q11051>	4135	167	0	1	0	0	0	167	167
Polish	Igbo	36	32	<http://www.wikidata.org/entity/Q809>	<http://www.wikidata.org/entity/Q33578>	4135	231	0	0	0	1	0	232	232
Polish	Italian	36	10	<http://www.wikidata.org/entity/Q809>	<http://www.wikidata.org/entity/Q652>	4135	730	10	21	2	1	12	738	738
Polish	Japanese	36	5	<http://www.wikidata.org/entity/Q809>	<http://www.wikidata.org/entity/Q5287>	4135	481	0	7	2	0	0	484	484
Polish	Klingon	36	43	<http://www.wikidata.org/entity/Q809>	<http://www.wikidata.org/entity/Q10134>	4135	155	0	0	2	0	0	157	157
Polish	Korean	36	50	<http://www.wikidata.org/entity/Q809>	<http://www.wikidata.org/entity/Q9176>	4135	141	0	1	0	0	0	141	141
Polish	Latin	36	39	<http://www.wikidata.org/entity/Q809>	<http://www.wikidata.org/entity/Q397>	4135	265	5	10	0	1	0	269	269
Polish	Malay	36	33	<http://www.wikidata.org/entity/Q809>	<http://www.wikidata.org/entity/Q9237>	4135	340	1	6	0	0	2	340	340
Polish	Malayalam	36	23	<http://www.wikidata.org/entity/Q809>	<http://www.wikidata.org/entity/Q36236>	4135	460	1	16	0	0	4	463	463
Polish	Mon	36	30	<http://www.wikidata.org/entity/Q809>	<http://www.wikidata.org/entity/Q13349>	4135	4	0	0	0	0	0	4	4
Polish	New Persian	36	24	<http://www.wikidata.org/entity/Q809>	<http://www.wikidata.org/entity/Q56356571>	4135	346	1	3	0	0	0	346	346
Polish	Northern Sami	36	25	<http://www.wikidata.org/entity/Q809>	<http://www.wikidata.org/entity/Q33947>	4135	16	0	2	0	0	0	16	16
Polish	Nynorsk	36	8	<http://www.wikidata.org/entity/Q809>	<http://www.wikidata.org/entity/Q25164>	4135	512	3	9	0	0	0	512	512
Polish	Persian	36	15	<http://www.wikidata.org/entity/Q809>	<http://www.wikidata.org/entity/Q9168>	4135	23	0	0	0	0	0	23	23
Polish	Portuguese	36	1	<http://www.wikidata.org/entity/Q809>	<http://www.wikidata.org/entity/Q5146>	4135	277	1	8	2	1	9	288	288
Polish	Punjabi	36	27	<http://www.wikidata.org/entity/Q809>	<http://www.wikidata.org/entity/Q58635>	4135	271	0	0	0	1	0	272	272
Polish	Quechua	36	44	<http://www.wikidata.org/entity/Q809>	<http://www.wikidata.org/entity/Q5218>	4135	10	0	1	0	0	0	10	10
Polish	Russian	36	17	<http://www.wikidata.org/entity/Q809>	<http://www.wikidata.org/entity/Q7737>	4135	599	33	38	2	0	66	622	622
Polish	Sanskrit	36	47	<http://www.wikidata.org/entity/Q809>	<http://www.wikidata.org/entity/Q11059>	4135	82	0	0	0	0	0	82	82
Polish	Southern Min	36	45	<http://www.wikidata.org/entity/Q809>	<http://www.wikidata.org/entity/Q36495>	4135	136	0	3	0	0	0	137	137
Polish	Spanish	36	12	<http://www.wikidata.org/entity/Q809>	<http://www.wikidata.org/entity/Q1321>	4135	491	9	25	2	1	19	497	497
Polish	Standard Chinese	36	35	<http://www.wikidata.org/entity/Q809>	<http://www.wikidata.org/entity/Q727694>	4135	264	1	4	0	1	0	266	266
Polish	Sumerian	36	18	<http://www.wikidata.org/entity/Q809>	<http://www.wikidata.org/entity/Q36790>	4135	211	0	1	0	1	0	212	212
Polish	Swedish	36	4	<http://www.wikidata.org/entity/Q809>	<http://www.wikidata.org/entity/Q9027>	4135	742	4	11	2	1	0	746	746
Polish	Turkish	36	40	<http://www.wikidata.org/entity/Q809>	<http://www.wikidata.org/entity/Q256>	4135	191	0	1	0	0	0	191	191
Polish	Ugaritic	36	38	<http://www.wikidata.org/entity/Q809>	<http://www.wikidata.org/entity/Q36928>	4135	113	0	0	0	0	0	113	113
Portuguese	Akkadian	1	19	<http://www.wikidata.org/entity/Q5146>	<http://www.wikidata.org/entity/Q35518>	176780	674	0	1	0	54	0	728	728
Portuguese	Albanian	1	28	<http://www.wikidata.org/entity/Q5146>	<http://www.wikidata.org/entity/Q8748>	176780	179	0	1	0	2	1	182	182
Portuguese	Arabic	1	20	<http://www.wikidata.org/entity/Q5146>	<http://www.wikidata.org/entity/Q13955>	176780	362	0	6	0	19	0	382	382
Portuguese	Aragonese	1	6	<http://www.wikidata.org/entity/Q5146>	<http://www.wikidata.org/entity/Q8765>	176780	33	3	3	0	2	1	38	38
Portuguese	Bangla	1	21	<http://www.wikidata.org/entity/Q5146>	<http://www.wikidata.org/entity/Q9610>	176780	480	4	8	2	44	4	534	534
Portuguese	Banjar	1	46	<http://www.wikidata.org/entity/Q5146>	<http://www.wikidata.org/entity/Q33151>	176780	49	1	4	0	0	0	51	51
Portuguese	Basque	1	9	<http://www.wikidata.org/entity/Q5146>	<http://www.wikidata.org/entity/Q8752>	176780	493	1	5	0	3	0	496	496
Portuguese	Bokmål	1	3	<http://www.wikidata.org/entity/Q5146>	<http://www.wikidata.org/entity/Q25167>	176780	1809	1	7	38	50	0	1893	1893
Portuguese	Breton	1	31	<http://www.wikidata.org/entity/Q5146>	<http://www.wikidata.org/entity/Q12107>	176780	850	0	4	2	41	0	893	893
Portuguese	Central Bikol	1	49	<http://www.wikidata.org/entity/Q5146>	<http://www.wikidata.org/entity/Q33284>	176780	18	0	0	0	0	0	18	18
Portuguese	Czech	1	11	<http://www.wikidata.org/entity/Q5146>	<http://www.wikidata.org/entity/Q9056>	176780	625	2	9	13	9	4	646	646
Portuguese	Dagbanli	1	22	<http://www.wikidata.org/entity/Q5146>	<http://www.wikidata.org/entity/Q32238>	176780	506	0	3	0	11	0	517	517
Portuguese	Danish	1	14	<http://www.wikidata.org/entity/Q5146>	<http://www.wikidata.org/entity/Q9035>	176780	1354	0	9	25	34	1	1414	1414
Portuguese	Dutch	1	41	<http://www.wikidata.org/entity/Q5146>	<http://www.wikidata.org/entity/Q7411>	176780	463	0	6	23	8	4	495	495
Portuguese	Egyptian	1	16	<http://www.wikidata.org/entity/Q5146>	<http://www.wikidata.org/entity/Q50868>	176780	34	0	0	0	0	0	34	34
Portuguese	English	1	2	<http://www.wikidata.org/entity/Q5146>	<http://www.wikidata.org/entity/Q1860>	176780	2329	92	123	31	118	579	2745	2745
Portuguese	Estonian	1	34	<http://www.wikidata.org/entity/Q5146>	<http://www.wikidata.org/entity/Q9072>	176780	867	0	1	0	28	1	896	896
Portuguese	Finnish	1	42	<http://www.wikidata.org/entity/Q5146>	<http://www.wikidata.org/entity/Q1412>	176780	416	0	5	0	21	2	439	439
Portuguese	French	1	7	<http://www.wikidata.org/entity/Q5146>	<http://www.wikidata.org/entity/Q150>	176780	1742	14	49	29	70	18	1837	1837
Portuguese	Fula	1	26	<http://www.wikidata.org/entity/Q5146>	<http://www.wikidata.org/entity/Q33454>	176780	91	0	0	0	2	0	93	93
Portuguese	German	1	13	<http://www.wikidata.org/entity/Q5146>	<http://www.wikidata.org/entity/Q188>	176780	1762	10	33	24	75	25	1858	1858
Portuguese	Hausa	1	48	<http://www.wikidata.org/entity/Q5146>	<http://www.wikidata.org/entity/Q56475>	176780	310	0	0	1	26	2	338	338
Portuguese	Hebrew	1	29	<http://www.wikidata.org/entity/Q5146>	<http://www.wikidata.org/entity/Q9288>	176780	1202	0	6	0	22	1	1227	1227
Portuguese	Hindustani	1	37	<http://www.wikidata.org/entity/Q5146>	<http://www.wikidata.org/entity/Q11051>	176780	486	4	6	0	25	0	516	516
Portuguese	Igbo	1	32	<http://www.wikidata.org/entity/Q5146>	<http://www.wikidata.org/entity/Q33578>	176780	675	2	2	0	47	3	723	723
Portuguese	Italian	1	10	<http://www.wikidata.org/entity/Q5146>	<http://www.wikidata.org/entity/Q652>	176780	2016	12	37	26	29	4	2081	2081
Portuguese	Japanese	1	5	<http://www.wikidata.org/entity/Q5146>	<http://www.wikidata.org/entity/Q5287>	176780	1422	2	16	4	74	4	1504	1504
Portuguese	Klingon	1	43	<http://www.wikidata.org/entity/Q5146>	<http://www.wikidata.org/entity/Q10134>	176780	508	0	0	2	37	0	547	547
Portuguese	Korean	1	50	<http://www.wikidata.org/entity/Q5146>	<http://www.wikidata.org/entity/Q9176>	176780	211	0	2	0	15	0	227	227
Portuguese	Latin	1	39	<http://www.wikidata.org/entity/Q5146>	<http://www.wikidata.org/entity/Q397>	176780	506	5	14	1	17	0	526	526
Portuguese	Malay	1	33	<http://www.wikidata.org/entity/Q5146>	<http://www.wikidata.org/entity/Q9237>	176780	988	4	16	2	59	7	1047	1047
Portuguese	Malayalam	1	23	<http://www.wikidata.org/entity/Q5146>	<http://www.wikidata.org/entity/Q36236>	176780	961	2	23	0	17	0	979	979
Portuguese	Mon	1	30	<http://www.wikidata.org/entity/Q5146>	<http://www.wikidata.org/entity/Q13349>	176780	12	0	0	0	0	0	12	12
Portuguese	New Persian	1	24	<http://www.wikidata.org/entity/Q5146>	<http://www.wikidata.org/entity/Q56356571>	176780	899	0	2	5	23	0	927	927
Portuguese	Northern Sami	1	25	<http://www.wikidata.org/entity/Q5146>	<http://www.wikidata.org/entity/Q33947>	176780	19	0	1	0	1	0	20	20
Portuguese	Nynorsk	1	8	<http://www.wikidata.org/entity/Q5146>	<http://www.wikidata.org/entity/Q25164>	176780	1341	1	7	29	40	0	1405	1405
Portuguese	Persian	1	15	<http://www.wikidata.org/entity/Q5146>	<http://www.wikidata.org/entity/Q9168>	176780	67	0	0	0	15	0	82	82
Portuguese	Polish	1	36	<http://www.wikidata.org/entity/Q5146>	<http://www.wikidata.org/entity/Q809>	176780	273	1	7	1	1	3	278	278
Portuguese	Punjabi	1	27	<http://www.wikidata.org/entity/Q5146>	<http://www.wikidata.org/entity/Q58635>	176780	794	1	3	3	49	2	850	850
Portuguese	Quechua	1	44	<http://www.wikidata.org/entity/Q5146>	<http://www.wikidata.org/entity/Q5218>	176780	15	0	2	0	0	1	16	16
Portuguese	Russian	1	17	<http://www.wikidata.org/entity/Q5146>	<http://www.wikidata.org/entity/Q7737>	176780	1532	3	17	3	17	10	1557	1557
Portuguese	Sanskrit	1	47	<http://www.wikidata.org/entity/Q5146>	<http://www.wikidata.org/entity/Q11059>	176780	222	0	0	0	13	1	236	236
Portuguese	Southern Min	1	45	<http://www.wikidata.org/entity/Q5146>	<http://www.wikidata.org/entity/Q36495>	176780	352	2	16	0	20	1	377	377
Portuguese	Spanish	1	12	<http://www.wikidata.org/entity/Q5146>	<http://www.wikidata.org/entity/Q1321>	176780	805	36	59	38	35	43	901	901
Portuguese	Standard Chinese	1	35	<http://www.wikidata.org/entity/Q5146>	<http://www.wikidata.org/entity/Q727694>	176780	402	5	18	0	40	0	445	445
Portuguese	Sumerian	1	18	<http://www.wikidata.org/entity/Q5146>	<http://www.wikidata.org/entity/Q36790>	176780	688	3	3	0	57	0	745	745
Portuguese	Swedish	1	4	<http://www.wikidata.org/entity/Q5146>	<http://www.wikidata.org/entity/Q9027>	176780	1677	2	13	37	62	5	1772	1772
Portuguese	Turkish	1	40	<http://www.wikidata.org/entity/Q5146>	<http://www.wikidata.org/entity/Q256>	176780	457	0	1	3	52	1	511	511
Portuguese	Ugaritic	1	38	<http://www.wikidata.org/entity/Q5146>	<http://www.wikidata.org/entity/Q36928>	176780	349	0	0	0	0	0	349	349
Punjabi	Akkadian	27	19	<http://www.wikidata.org/entity/Q58635>	<http://www.wikidata.org/entity/Q35518>	8319	1245	0	0	0	111	0	1356	1356
Punjabi	Albanian	27	28	<http://www.wikidata.org/entity/Q58635>	<http://www.wikidata.org/entity/Q8748>	8319	315	0	0	1	4	0	319	319
Punjabi	Arabic	27	20	<http://www.wikidata.org/entity/Q58635>	<http://www.wikidata.org/entity/Q13955>	8319	801	4	7	0	24	2	832	832
Punjabi	Aragonese	27	6	<http://www.wikidata.org/entity/Q58635>	<http://www.wikidata.org/entity/Q8765>	8319	80	0	0	0	2	0	82	82
Punjabi	Bangla	27	21	<http://www.wikidata.org/entity/Q58635>	<http://www.wikidata.org/entity/Q9610>	8319	1070	38	46	3	83	31	1204	1204
Punjabi	Banjar	27	46	<http://www.wikidata.org/entity/Q58635>	<http://www.wikidata.org/entity/Q33151>	8319	136	0	0	0	0	0	136	136
Punjabi	Basque	27	9	<http://www.wikidata.org/entity/Q58635>	<http://www.wikidata.org/entity/Q8752>	8319	615	0	0	0	5	0	620	620
Punjabi	Bokmål	27	3	<http://www.wikidata.org/entity/Q58635>	<http://www.wikidata.org/entity/Q25167>	8319	2362	4	6	12	73	0	2450	2450
Punjabi	Breton	27	31	<http://www.wikidata.org/entity/Q58635>	<http://www.wikidata.org/entity/Q12107>	8319	1655	0	0	0	67	0	1722	1722
Punjabi	Central Bikol	27	49	<http://www.wikidata.org/entity/Q58635>	<http://www.wikidata.org/entity/Q33284>	8319	54	0	0	0	0	0	54	54
Punjabi	Czech	27	11	<http://www.wikidata.org/entity/Q58635>	<http://www.wikidata.org/entity/Q9056>	8319	906	0	0	2	17	1	923	923
Punjabi	Dagbanli	27	22	<http://www.wikidata.org/entity/Q58635>	<http://www.wikidata.org/entity/Q32238>	8319	991	0	0	0	15	0	1006	1006
Punjabi	Danish	27	14	<http://www.wikidata.org/entity/Q58635>	<http://www.wikidata.org/entity/Q9035>	8319	1900	0	1	9	48	1	1957	1957
Punjabi	Dutch	27	41	<http://www.wikidata.org/entity/Q58635>	<http://www.wikidata.org/entity/Q7411>	8319	673	0	0	8	12	1	691	691
Punjabi	Egyptian	27	16	<http://www.wikidata.org/entity/Q58635>	<http://www.wikidata.org/entity/Q50868>	8319	63	0	0	0	2	0	65	65
Punjabi	English	27	2	<http://www.wikidata.org/entity/Q58635>	<http://www.wikidata.org/entity/Q1860>	8319	3030	40	44	6	220	1735	4062	4062
Punjabi	Estonian	27	34	<http://www.wikidata.org/entity/Q58635>	<http://www.wikidata.org/entity/Q9072>	8319	1281	0	1	1	35	0	1317	1317
Punjabi	Finnish	27	42	<http://www.wikidata.org/entity/Q58635>	<http://www.wikidata.org/entity/Q1412>	8319	641	0	1	0	20	0	662	662
Punjabi	French	27	7	<http://www.wikidata.org/entity/Q58635>	<http://www.wikidata.org/entity/Q150>	8319	2372	0	0	8	119	1	2494	2494
Punjabi	Fula	27	26	<http://www.wikidata.org/entity/Q58635>	<http://www.wikidata.org/entity/Q33454>	8319	213	0	0	0	3	0	216	216
Punjabi	German	27	13	<http://www.wikidata.org/entity/Q58635>	<http://www.wikidata.org/entity/Q188>	8319	2362	6	9	7	120	1	2491	2491
Punjabi	Hausa	27	48	<http://www.wikidata.org/entity/Q58635>	<http://www.wikidata.org/entity/Q56475>	8319	639	0	1	0	56	0	696	696
Punjabi	Hebrew	27	29	<http://www.wikidata.org/entity/Q58635>	<http://www.wikidata.org/entity/Q9288>	8319	1537	0	0	3	29	0	1569	1569
Punjabi	Hindustani	27	37	<http://www.wikidata.org/entity/Q58635>	<http://www.wikidata.org/entity/Q11051>	8319	1447	336	341	3	68	0	1791	1791
Punjabi	Igbo	27	32	<http://www.wikidata.org/entity/Q58635>	<http://www.wikidata.org/entity/Q33578>	8319	1141	0	0	0	51	0	1192	1192
Punjabi	Italian	27	10	<http://www.wikidata.org/entity/Q58635>	<http://www.wikidata.org/entity/Q652>	8319	2470	0	2	8	62	0	2541	2541
Punjabi	Japanese	27	5	<http://www.wikidata.org/entity/Q58635>	<http://www.wikidata.org/entity/Q5287>	8319	1963	0	1	1	117	0	2080	2080
Punjabi	Klingon	27	43	<http://www.wikidata.org/entity/Q58635>	<http://www.wikidata.org/entity/Q10134>	8319	921	0	0	0	51	0	972	972
Punjabi	Korean	27	50	<http://www.wikidata.org/entity/Q58635>	<http://www.wikidata.org/entity/Q9176>	8319	336	0	0	0	31	0	367	367
Punjabi	Latin	27	39	<http://www.wikidata.org/entity/Q58635>	<http://www.wikidata.org/entity/Q397>	8319	839	1	3	0	13	0	855	855
Punjabi	Malay	27	33	<http://www.wikidata.org/entity/Q58635>	<http://www.wikidata.org/entity/Q9237>	8319	1419	2	3	0	92	1	1513	1513
Punjabi	Malayalam	27	23	<http://www.wikidata.org/entity/Q58635>	<http://www.wikidata.org/entity/Q36236>	8319	1478	0	11	0	22	0	1504	1504
Punjabi	Mon	27	30	<http://www.wikidata.org/entity/Q58635>	<http://www.wikidata.org/entity/Q13349>	8319	21	0	0	0	0	0	21	21
Punjabi	New Persian	27	24	<http://www.wikidata.org/entity/Q58635>	<http://www.wikidata.org/entity/Q56356571>	8319	1699	94	98	5	72	0	1860	1860
Punjabi	Northern Sami	27	25	<http://www.wikidata.org/entity/Q58635>	<http://www.wikidata.org/entity/Q33947>	8319	31	0	0	0	1	0	32	32
Punjabi	Nynorsk	27	8	<http://www.wikidata.org/entity/Q58635>	<http://www.wikidata.org/entity/Q25164>	8319	1848	0	0	6	48	0	1899	1899
Punjabi	Persian	27	15	<http://www.wikidata.org/entity/Q58635>	<http://www.wikidata.org/entity/Q9168>	8319	76	1	1	0	18	9	104	104
Punjabi	Polish	27	36	<http://www.wikidata.org/entity/Q58635>	<http://www.wikidata.org/entity/Q809>	8319	469	0	0	0	1	1	470	470
Punjabi	Portuguese	27	1	<http://www.wikidata.org/entity/Q58635>	<http://www.wikidata.org/entity/Q5146>	8319	1283	1	4	1	56	0	1343	1343
Punjabi	Quechua	27	44	<http://www.wikidata.org/entity/Q58635>	<http://www.wikidata.org/entity/Q5218>	8319	22	0	0	0	1	0	23	23
Punjabi	Russian	27	17	<http://www.wikidata.org/entity/Q58635>	<http://www.wikidata.org/entity/Q7737>	8319	2112	0	1	3	36	4	2151	2151
Punjabi	Sanskrit	27	47	<http://www.wikidata.org/entity/Q58635>	<http://www.wikidata.org/entity/Q11059>	8319	692	22	22	0	51	0	759	759
Punjabi	Southern Min	27	45	<http://www.wikidata.org/entity/Q58635>	<http://www.wikidata.org/entity/Q36495>	8319	798	0	0	0	25	0	823	823
Punjabi	Spanish	27	12	<http://www.wikidata.org/entity/Q58635>	<http://www.wikidata.org/entity/Q1321>	8319	1257	0	1	9	34	0	1294	1294
Punjabi	Standard Chinese	27	35	<http://www.wikidata.org/entity/Q58635>	<http://www.wikidata.org/entity/Q727694>	8319	822	0	0	0	83	0	905	905
Punjabi	Sumerian	27	18	<http://www.wikidata.org/entity/Q58635>	<http://www.wikidata.org/entity/Q36790>	8319	1297	0	0	0	125	0	1422	1422
Punjabi	Swedish	27	4	<http://www.wikidata.org/entity/Q58635>	<http://www.wikidata.org/entity/Q9027>	8319	2134	3	4	10	96	0	2241	2241
Punjabi	Turkish	27	40	<http://www.wikidata.org/entity/Q58635>	<http://www.wikidata.org/entity/Q256>	8319	835	6	12	1	91	0	936	936
Punjabi	Ugaritic	27	38	<http://www.wikidata.org/entity/Q58635>	<http://www.wikidata.org/entity/Q36928>	8319	789	0	0	0	0	0	789	789
Quechua	Akkadian	44	19	<http://www.wikidata.org/entity/Q5218>	<http://www.wikidata.org/entity/Q35518>	2046	10	0	1	0	0	0	10	10
Quechua	Albanian	44	28	<http://www.wikidata.org/entity/Q5218>	<http://www.wikidata.org/entity/Q8748>	2046	5	0	0	0	0	0	5	5
Quechua	Arabic	44	20	<http://www.wikidata.org/entity/Q5218>	<http://www.wikidata.org/entity/Q13955>	2046	8	0	2	0	0	0	8	8
Quechua	Aragonese	44	6	<http://www.wikidata.org/entity/Q5218>	<http://www.wikidata.org/entity/Q8765>	2046	2	0	0	0	0	0	2	2
Quechua	Bangla	44	21	<http://www.wikidata.org/entity/Q5218>	<http://www.wikidata.org/entity/Q9610>	2046	9	0	0	0	0	0	9	9
Quechua	Banjar	44	46	<http://www.wikidata.org/entity/Q5218>	<http://www.wikidata.org/entity/Q33151>	2046	3	0	1	0	0	0	3	3
Quechua	Basque	44	9	<http://www.wikidata.org/entity/Q5218>	<http://www.wikidata.org/entity/Q8752>	2046	9	0	1	0	0	0	9	9
Quechua	Bokmål	44	3	<http://www.wikidata.org/entity/Q5218>	<http://www.wikidata.org/entity/Q25167>	2046	17	0	1	0	0	0	17	17
Quechua	Breton	44	31	<http://www.wikidata.org/entity/Q5218>	<http://www.wikidata.org/entity/Q12107>	2046	13	0	0	0	1	0	14	14
Quechua	Central Bikol	44	49	<http://www.wikidata.org/entity/Q5218>	<http://www.wikidata.org/entity/Q33284>	2046	2	0	0	0	0	0	2	2
Quechua	Czech	44	11	<http://www.wikidata.org/entity/Q5218>	<http://www.wikidata.org/entity/Q9056>	2046	13	0	2	0	0	0	13	13
Quechua	Dagbanli	44	22	<http://www.wikidata.org/entity/Q5218>	<http://www.wikidata.org/entity/Q32238>	2046	7	0	1	0	0	0	7	7
Quechua	Danish	44	14	<http://www.wikidata.org/entity/Q5218>	<http://www.wikidata.org/entity/Q9035>	2046	14	0	1	0	0	0	15	15
Quechua	Dutch	44	41	<http://www.wikidata.org/entity/Q5218>	<http://www.wikidata.org/entity/Q7411>	2046	7	0	1	0	0	0	7	7
Quechua	Egyptian	44	16	<http://www.wikidata.org/entity/Q5218>	<http://www.wikidata.org/entity/Q50868>	2046	3	0	0	0	0	0	3	3
Quechua	English	44	2	<http://www.wikidata.org/entity/Q5218>	<http://www.wikidata.org/entity/Q1860>	2046	19	11	12	0	1	2043	2046	2046
Quechua	Estonian	44	34	<http://www.wikidata.org/entity/Q5218>	<http://www.wikidata.org/entity/Q9072>	2046	9	0	1	0	0	0	10	10
Quechua	Finnish	44	42	<http://www.wikidata.org/entity/Q5218>	<http://www.wikidata.org/entity/Q1412>	2046	8	0	1	0	0	0	8	8
Quechua	French	44	7	<http://www.wikidata.org/entity/Q5218>	<http://www.wikidata.org/entity/Q150>	2046	16	0	3	0	0	2	18	18
Quechua	Fula	44	26	<http://www.wikidata.org/entity/Q5218>	<http://www.wikidata.org/entity/Q33454>	2046	4	0	0	0	0	0	4	4
Quechua	German	44	13	<http://www.wikidata.org/entity/Q5218>	<http://www.wikidata.org/entity/Q188>	2046	19	1	3	0	1	2023	2043	2043
Quechua	Hausa	44	48	<http://www.wikidata.org/entity/Q5218>	<http://www.wikidata.org/entity/Q56475>	2046	6	0	0	0	0	0	6	6
Quechua	Hebrew	44	29	<http://www.wikidata.org/entity/Q5218>	<http://www.wikidata.org/entity/Q9288>	2046	16	0	1	0	0	0	16	16
Quechua	Hindustani	44	37	<http://www.wikidata.org/entity/Q5218>	<http://www.wikidata.org/entity/Q11051>	2046	8	0	0	0	0	0	8	8
Quechua	Igbo	44	32	<http://www.wikidata.org/entity/Q5218>	<http://www.wikidata.org/entity/Q33578>	2046	6	0	0	0	0	0	6	6
Quechua	Italian	44	10	<http://www.wikidata.org/entity/Q5218>	<http://www.wikidata.org/entity/Q652>	2046	18	1	4	0	0	601	620	620
Quechua	Japanese	44	5	<http://www.wikidata.org/entity/Q5218>	<http://www.wikidata.org/entity/Q5287>	2046	11	0	2	0	0	0	11	11
Quechua	Klingon	44	43	<http://www.wikidata.org/entity/Q5218>	<http://www.wikidata.org/entity/Q10134>	2046	10	0	0	0	1	0	11	11
Quechua	Korean	44	50	<http://www.wikidata.org/entity/Q5218>	<http://www.wikidata.org/entity/Q9176>	2046	5	0	0	0	0	0	5	5
Quechua	Latin	44	39	<http://www.wikidata.org/entity/Q5218>	<http://www.wikidata.org/entity/Q397>	2046	14	0	2	0	0	0	14	14
Quechua	Malay	44	33	<http://www.wikidata.org/entity/Q5218>	<http://www.wikidata.org/entity/Q9237>	2046	8	0	2	0	0	0	8	8
Quechua	Malayalam	44	23	<http://www.wikidata.org/entity/Q5218>	<http://www.wikidata.org/entity/Q36236>	2046	14	0	2	0	0	0	14	14
Quechua	Mon	44	30	<http://www.wikidata.org/entity/Q5218>	<http://www.wikidata.org/entity/Q13349>	2046	2	0	0	0	0	0	2	2
Quechua	New Persian	44	24	<http://www.wikidata.org/entity/Q5218>	<http://www.wikidata.org/entity/Q56356571>	2046	10	0	0	0	0	0	10	10
Quechua	Northern Sami	44	25	<http://www.wikidata.org/entity/Q5218>	<http://www.wikidata.org/entity/Q33947>	2046	3	0	0	0	0	0	3	3
Quechua	Nynorsk	44	8	<http://www.wikidata.org/entity/Q5218>	<http://www.wikidata.org/entity/Q25164>	2046	11	0	1	0	0	0	11	11
Quechua	Persian	44	15	<http://www.wikidata.org/entity/Q5218>	<http://www.wikidata.org/entity/Q9168>	2046	0	0	0	0	0	0	0	0
Quechua	Polish	44	36	<http://www.wikidata.org/entity/Q5218>	<http://www.wikidata.org/entity/Q809>	2046	8	0	1	0	0	0	8	8
Quechua	Portuguese	44	1	<http://www.wikidata.org/entity/Q5218>	<http://www.wikidata.org/entity/Q5146>	2046	11	0	2	0	0	0	11	11
Quechua	Punjabi	44	27	<http://www.wikidata.org/entity/Q5218>	<http://www.wikidata.org/entity/Q58635>	2046	9	0	0	0	1	0	10	10
Quechua	Russian	44	17	<http://www.wikidata.org/entity/Q5218>	<http://www.wikidata.org/entity/Q7737>	2046	15	0	2	0	0	0	15	15
Quechua	Sanskrit	44	47	<http://www.wikidata.org/entity/Q5218>	<http://www.wikidata.org/entity/Q11059>	2046	5	0	0	0	0	0	5	5
Quechua	Southern Min	44	45	<http://www.wikidata.org/entity/Q5218>	<http://www.wikidata.org/entity/Q36495>	2046	7	0	3	0	0	0	7	7
Quechua	Spanish	44	12	<http://www.wikidata.org/entity/Q5218>	<http://www.wikidata.org/entity/Q1321>	2046	17	10	10	0	0	2028	2043	2043
Quechua	Standard Chinese	44	35	<http://www.wikidata.org/entity/Q5218>	<http://www.wikidata.org/entity/Q727694>	2046	9	8	11	0	0	0	16	16
Quechua	Sumerian	44	18	<http://www.wikidata.org/entity/Q5218>	<http://www.wikidata.org/entity/Q36790>	2046	10	1	1	0	0	0	10	10
Quechua	Swedish	44	4	<http://www.wikidata.org/entity/Q5218>	<http://www.wikidata.org/entity/Q9027>	2046	14	0	0	0	0	0	14	14
Quechua	Turkish	44	40	<http://www.wikidata.org/entity/Q5218>	<http://www.wikidata.org/entity/Q256>	2046	10	0	1	0	0	0	10	10
Quechua	Ugaritic	44	38	<http://www.wikidata.org/entity/Q5218>	<http://www.wikidata.org/entity/Q36928>	2046	5	0	0	0	0	0	5	5
Russian	Akkadian	17	19	<http://www.wikidata.org/entity/Q7737>	<http://www.wikidata.org/entity/Q35518>	18679	1646	0	1	0	34	0	1680	1680
Russian	Albanian	17	28	<http://www.wikidata.org/entity/Q7737>	<http://www.wikidata.org/entity/Q8748>	18679	380	0	2	2	1	0	383	383
Russian	Arabic	17	20	<http://www.wikidata.org/entity/Q7737>	<http://www.wikidata.org/entity/Q13955>	18679	819	2	5	0	14	0	833	833
Russian	Aragonese	17	6	<http://www.wikidata.org/entity/Q7737>	<http://www.wikidata.org/entity/Q8765>	18679	107	0	1	0	2	0	109	109
Russian	Bangla	17	21	<http://www.wikidata.org/entity/Q7737>	<http://www.wikidata.org/entity/Q9610>	18679	1085	1	4	1	27	4	1114	1114
Russian	Banjar	17	46	<http://www.wikidata.org/entity/Q7737>	<http://www.wikidata.org/entity/Q33151>	18679	114	1	4	0	0	0	115	115
Russian	Basque	17	9	<http://www.wikidata.org/entity/Q7737>	<http://www.wikidata.org/entity/Q8752>	18679	1548	1	3	0	2	0	1549	1549
Russian	Bokmål	17	3	<http://www.wikidata.org/entity/Q7737>	<http://www.wikidata.org/entity/Q25167>	18679	6031	4	9	42	26	1	6090	6090
Russian	Breton	17	31	<http://www.wikidata.org/entity/Q7737>	<http://www.wikidata.org/entity/Q12107>	18679	2481	9	13	13	33	0	2520	2520
Russian	Central Bikol	17	49	<http://www.wikidata.org/entity/Q7737>	<http://www.wikidata.org/entity/Q33284>	18679	55	0	0	0	0	0	55	55
Russian	Czech	17	11	<http://www.wikidata.org/entity/Q7737>	<http://www.wikidata.org/entity/Q9056>	18679	1892	28	44	8	2	20	1899	1899
Russian	Dagbanli	17	22	<http://www.wikidata.org/entity/Q7737>	<http://www.wikidata.org/entity/Q32238>	18679	1321	0	5	0	6	0	1327	1327
Russian	Danish	17	14	<http://www.wikidata.org/entity/Q7737>	<http://www.wikidata.org/entity/Q9035>	18679	4025	16	31	31	19	14	4066	4066
Russian	Dutch	17	41	<http://www.wikidata.org/entity/Q7737>	<http://www.wikidata.org/entity/Q7411>	18679	1158	0	5	26	1	9	1179	1179
Russian	Egyptian	17	16	<http://www.wikidata.org/entity/Q7737>	<http://www.wikidata.org/entity/Q50868>	18679	81	0	0	0	1	0	82	82
Russian	English	17	2	<http://www.wikidata.org/entity/Q7737>	<http://www.wikidata.org/entity/Q1860>	18679	8023	104	128	32	87	422	8334	8334
Russian	Estonian	17	34	<http://www.wikidata.org/entity/Q7737>	<http://www.wikidata.org/entity/Q9072>	18679	2141	2	7	2	14	21	2173	2173
Russian	Finnish	17	42	<http://www.wikidata.org/entity/Q7737>	<http://www.wikidata.org/entity/Q1412>	18679	801	9	15	0	6	3	811	811
Russian	French	17	7	<http://www.wikidata.org/entity/Q7737>	<http://www.wikidata.org/entity/Q150>	18679	5815	24	46	31	52	12	5884	5884
Russian	Fula	17	26	<http://www.wikidata.org/entity/Q7737>	<http://www.wikidata.org/entity/Q33454>	18679	204	0	0	0	2	0	206	206
Russian	German	17	13	<http://www.wikidata.org/entity/Q7737>	<http://www.wikidata.org/entity/Q188>	18679	5423	26	51	32	67	27	5510	5510
Russian	Hausa	17	48	<http://www.wikidata.org/entity/Q7737>	<http://www.wikidata.org/entity/Q56475>	18679	734	0	0	0	17	0	751	751
Russian	Hebrew	17	29	<http://www.wikidata.org/entity/Q7737>	<http://www.wikidata.org/entity/Q9288>	18679	3580	2	8	0	7	0	3588	3588
Russian	Hindustani	17	37	<http://www.wikidata.org/entity/Q7737>	<http://www.wikidata.org/entity/Q11051>	18679	1061	1	4	1	13	0	1075	1075
Russian	Igbo	17	32	<http://www.wikidata.org/entity/Q7737>	<http://www.wikidata.org/entity/Q33578>	18679	1430	0	1	0	18	0	1448	1448
Russian	Italian	17	10	<http://www.wikidata.org/entity/Q7737>	<http://www.wikidata.org/entity/Q652>	18679	7039	9	40	31	23	12	7101	7101
Russian	Japanese	17	5	<http://www.wikidata.org/entity/Q7737>	<http://www.wikidata.org/entity/Q5287>	18679	4181	7	27	15	57	1	4259	4259
Russian	Klingon	17	43	<http://www.wikidata.org/entity/Q7737>	<http://www.wikidata.org/entity/Q10134>	18679	1198	1	4	8	25	0	1233	1233
Russian	Korean	17	50	<http://www.wikidata.org/entity/Q7737>	<http://www.wikidata.org/entity/Q9176>	18679	486	1	4	0	10	0	496	496
Russian	Latin	17	39	<http://www.wikidata.org/entity/Q7737>	<http://www.wikidata.org/entity/Q397>	18679	1469	2	11	0	7	1	1477	1477
Russian	Malay	17	33	<http://www.wikidata.org/entity/Q7737>	<http://www.wikidata.org/entity/Q9237>	18679	2048	2	14	0	35	2	2083	2083
Russian	Malayalam	17	23	<http://www.wikidata.org/entity/Q7737>	<http://www.wikidata.org/entity/Q36236>	18679	2639	6	19	0	5	0	2646	2646
Russian	Mon	17	30	<http://www.wikidata.org/entity/Q7737>	<http://www.wikidata.org/entity/Q13349>	18679	35	0	0	0	0	0	35	35
Russian	New Persian	17	24	<http://www.wikidata.org/entity/Q7737>	<http://www.wikidata.org/entity/Q56356571>	18679	2386	24	27	3	16	0	2404	2404
Russian	Northern Sami	17	25	<http://www.wikidata.org/entity/Q7737>	<http://www.wikidata.org/entity/Q33947>	18679	27	0	2	0	0	0	27	27
Russian	Nynorsk	17	8	<http://www.wikidata.org/entity/Q7737>	<http://www.wikidata.org/entity/Q25164>	18679	4606	5	12	27	17	0	4641	4641
Russian	Persian	17	15	<http://www.wikidata.org/entity/Q7737>	<http://www.wikidata.org/entity/Q9168>	18679	401	1	1	0	10	5	415	415
Russian	Polish	17	36	<http://www.wikidata.org/entity/Q7737>	<http://www.wikidata.org/entity/Q809>	18679	844	26	31	3	0	31	851	851
Russian	Portuguese	17	1	<http://www.wikidata.org/entity/Q7737>	<http://www.wikidata.org/entity/Q5146>	18679	2127	3	16	12	18	12	2164	2164
Russian	Punjabi	17	27	<http://www.wikidata.org/entity/Q7737>	<http://www.wikidata.org/entity/Q58635>	18679	2043	0	1	4	29	0	2074	2074
Russian	Quechua	17	44	<http://www.wikidata.org/entity/Q7737>	<http://www.wikidata.org/entity/Q5218>	18679	37	0	2	0	0	0	37	37
Russian	Sanskrit	17	47	<http://www.wikidata.org/entity/Q7737>	<http://www.wikidata.org/entity/Q11059>	18679	577	0	2	0	13	0	589	589
Russian	Southern Min	17	45	<http://www.wikidata.org/entity/Q7737>	<http://www.wikidata.org/entity/Q36495>	18679	1394	1	9	0	12	0	1408	1408
Russian	Spanish	17	12	<http://www.wikidata.org/entity/Q7737>	<http://www.wikidata.org/entity/Q1321>	18679	2973	21	38	35	27	26	3023	3023
Russian	Standard Chinese	17	35	<http://www.wikidata.org/entity/Q7737>	<http://www.wikidata.org/entity/Q727694>	18679	1000	1	9	0	27	0	1028	1028
Russian	Sumerian	17	18	<http://www.wikidata.org/entity/Q7737>	<http://www.wikidata.org/entity/Q36790>	18679	1702	1	1	0	39	0	1740	1740
Russian	Swedish	17	4	<http://www.wikidata.org/entity/Q7737>	<http://www.wikidata.org/entity/Q9027>	18679	5217	3	14	35	39	4	5290	5290
Russian	Turkish	17	40	<http://www.wikidata.org/entity/Q7737>	<http://www.wikidata.org/entity/Q256>	18679	1080	3	7	0	28	1	1110	1110
Russian	Ugaritic	17	38	<http://www.wikidata.org/entity/Q7737>	<http://www.wikidata.org/entity/Q36928>	18679	814	0	0	0	0	0	814	814
Sanskrit	Akkadian	47	19	<http://www.wikidata.org/entity/Q11059>	<http://www.wikidata.org/entity/Q35518>	1928	292	0	0	0	38	0	330	330
Sanskrit	Albanian	47	28	<http://www.wikidata.org/entity/Q11059>	<http://www.wikidata.org/entity/Q8748>	1928	95	0	0	0	1	0	96	96
Sanskrit	Arabic	47	20	<http://www.wikidata.org/entity/Q11059>	<http://www.wikidata.org/entity/Q13955>	1928	164	0	0	0	12	0	176	176
Sanskrit	Aragonese	47	6	<http://www.wikidata.org/entity/Q11059>	<http://www.wikidata.org/entity/Q8765>	1928	28	0	0	0	1	0	29	29
Sanskrit	Bangla	47	21	<http://www.wikidata.org/entity/Q11059>	<http://www.wikidata.org/entity/Q9610>	1928	283	16	17	0	27	14	329	329
Sanskrit	Banjar	47	46	<http://www.wikidata.org/entity/Q11059>	<http://www.wikidata.org/entity/Q33151>	1928	35	1	1	0	0	0	35	35
Sanskrit	Basque	47	9	<http://www.wikidata.org/entity/Q11059>	<http://www.wikidata.org/entity/Q8752>	1928	94	0	0	0	3	0	97	97
Sanskrit	Bokmål	47	3	<http://www.wikidata.org/entity/Q11059>	<http://www.wikidata.org/entity/Q25167>	1928	414	0	0	0	17	0	431	431
Sanskrit	Breton	47	31	<http://www.wikidata.org/entity/Q11059>	<http://www.wikidata.org/entity/Q12107>	1928	329	0	0	0	18	0	347	347
Sanskrit	Central Bikol	47	49	<http://www.wikidata.org/entity/Q11059>	<http://www.wikidata.org/entity/Q33284>	1928	34	0	0	0	0	0	34	34
Sanskrit	Czech	47	11	<http://www.wikidata.org/entity/Q11059>	<http://www.wikidata.org/entity/Q9056>	1928	212	0	1	0	2	0	214	214
Sanskrit	Dagbanli	47	22	<http://www.wikidata.org/entity/Q11059>	<http://www.wikidata.org/entity/Q32238>	1928	202	0	0	0	4	0	206	206
Sanskrit	Danish	47	14	<http://www.wikidata.org/entity/Q11059>	<http://www.wikidata.org/entity/Q9035>	1928	349	0	1	0	14	0	363	363
Sanskrit	Dutch	47	41	<http://www.wikidata.org/entity/Q11059>	<http://www.wikidata.org/entity/Q7411>	1928	106	0	0	0	1	0	107	107
Sanskrit	Egyptian	47	16	<http://www.wikidata.org/entity/Q11059>	<http://www.wikidata.org/entity/Q50868>	1928	18	0	0	0	3	0	21	21
Sanskrit	English	47	2	<http://www.wikidata.org/entity/Q11059>	<http://www.wikidata.org/entity/Q1860>	1928	559	14	20	0	48	1483	1639	1639
Sanskrit	Estonian	47	34	<http://www.wikidata.org/entity/Q11059>	<http://www.wikidata.org/entity/Q9072>	1928	273	0	0	0	10	1	284	284
Sanskrit	Finnish	47	42	<http://www.wikidata.org/entity/Q11059>	<http://www.wikidata.org/entity/Q1412>	1928	132	0	1	0	5	0	137	137
Sanskrit	French	47	7	<http://www.wikidata.org/entity/Q11059>	<http://www.wikidata.org/entity/Q150>	1928	427	0	1	0	30	0	457	457
Sanskrit	Fula	47	26	<http://www.wikidata.org/entity/Q11059>	<http://www.wikidata.org/entity/Q33454>	1928	60	0	0	0	0	0	60	60
Sanskrit	German	47	13	<http://www.wikidata.org/entity/Q11059>	<http://www.wikidata.org/entity/Q188>	1928	417	0	3	0	26	2	444	444
Sanskrit	Hausa	47	48	<http://www.wikidata.org/entity/Q11059>	<http://www.wikidata.org/entity/Q56475>	1928	145	0	0	0	16	0	161	161
Sanskrit	Hebrew	47	29	<http://www.wikidata.org/entity/Q11059>	<http://www.wikidata.org/entity/Q9288>	1928	317	0	1	0	9	0	326	326
Sanskrit	Hindustani	47	37	<http://www.wikidata.org/entity/Q11059>	<http://www.wikidata.org/entity/Q11051>	1928	316	26	31	0	18	0	347	347
Sanskrit	Igbo	47	32	<http://www.wikidata.org/entity/Q11059>	<http://www.wikidata.org/entity/Q33578>	1928	245	0	0	0	15	0	260	260
Sanskrit	Italian	47	10	<http://www.wikidata.org/entity/Q11059>	<http://www.wikidata.org/entity/Q652>	1928	444	3	3	0	18	0	462	462
Sanskrit	Japanese	47	5	<http://www.wikidata.org/entity/Q11059>	<http://www.wikidata.org/entity/Q5287>	1928	361	0	0	0	30	2	393	393
Sanskrit	Klingon	47	43	<http://www.wikidata.org/entity/Q11059>	<http://www.wikidata.org/entity/Q10134>	1928	198	0	0	0	17	0	215	215
Sanskrit	Korean	47	50	<http://www.wikidata.org/entity/Q11059>	<http://www.wikidata.org/entity/Q9176>	1928	61	0	0	0	12	0	73	73
Sanskrit	Latin	47	39	<http://www.wikidata.org/entity/Q11059>	<http://www.wikidata.org/entity/Q397>	1928	196	1	2	0	6	2	203	203
Sanskrit	Malay	47	33	<http://www.wikidata.org/entity/Q11059>	<http://www.wikidata.org/entity/Q9237>	1928	296	2	3	0	30	2	328	328
Sanskrit	Malayalam	47	23	<http://www.wikidata.org/entity/Q11059>	<http://www.wikidata.org/entity/Q36236>	1928	323	22	22	0	9	16	348	348
Sanskrit	Mon	47	30	<http://www.wikidata.org/entity/Q11059>	<http://www.wikidata.org/entity/Q13349>	1928	10	0	0	0	0	0	10	10
Sanskrit	New Persian	47	24	<http://www.wikidata.org/entity/Q11059>	<http://www.wikidata.org/entity/Q56356571>	1928	332	1	1	0	20	0	353	353
Sanskrit	Northern Sami	47	25	<http://www.wikidata.org/entity/Q11059>	<http://www.wikidata.org/entity/Q33947>	1928	22	0	0	0	1	0	23	23
Sanskrit	Nynorsk	47	8	<http://www.wikidata.org/entity/Q11059>	<http://www.wikidata.org/entity/Q25164>	1928	333	0	0	0	13	0	346	346
Sanskrit	Persian	47	15	<http://www.wikidata.org/entity/Q11059>	<http://www.wikidata.org/entity/Q9168>	1928	9	0	0	0	3	6	18	18
Sanskrit	Polish	47	36	<http://www.wikidata.org/entity/Q11059>	<http://www.wikidata.org/entity/Q809>	1928	100	0	0	0	0	0	100	100
Sanskrit	Portuguese	47	1	<http://www.wikidata.org/entity/Q11059>	<http://www.wikidata.org/entity/Q5146>	1928	264	0	0	0	16	0	280	280
Sanskrit	Punjabi	47	27	<http://www.wikidata.org/entity/Q11059>	<http://www.wikidata.org/entity/Q58635>	1928	382	20	20	0	30	374	653	653
Sanskrit	Quechua	47	44	<http://www.wikidata.org/entity/Q11059>	<http://www.wikidata.org/entity/Q5218>	1928	10	0	0	0	0	0	10	10
Sanskrit	Russian	47	17	<http://www.wikidata.org/entity/Q11059>	<http://www.wikidata.org/entity/Q7737>	1928	358	0	1	0	15	2	373	373
Sanskrit	Southern Min	47	45	<http://www.wikidata.org/entity/Q11059>	<http://www.wikidata.org/entity/Q36495>	1928	159	0	2	0	11	0	170	170
Sanskrit	Spanish	47	12	<http://www.wikidata.org/entity/Q11059>	<http://www.wikidata.org/entity/Q1321>	1928	238	0	0	0	11	0	249	249
Sanskrit	Standard Chinese	47	35	<http://www.wikidata.org/entity/Q11059>	<http://www.wikidata.org/entity/Q727694>	1928	194	0	0	0	20	0	214	214
Sanskrit	Sumerian	47	18	<http://www.wikidata.org/entity/Q11059>	<http://www.wikidata.org/entity/Q36790>	1928	311	0	1	0	37	0	348	348
Sanskrit	Swedish	47	4	<http://www.wikidata.org/entity/Q11059>	<http://www.wikidata.org/entity/Q9027>	1928	377	0	0	0	28	0	405	405
Sanskrit	Turkish	47	40	<http://www.wikidata.org/entity/Q11059>	<http://www.wikidata.org/entity/Q256>	1928	197	1	1	0	21	0	219	219
Sanskrit	Ugaritic	47	38	<http://www.wikidata.org/entity/Q11059>	<http://www.wikidata.org/entity/Q36928>	1928	190	0	0	0	0	0	190	190
Southern Min	Akkadian	45	19	<http://www.wikidata.org/entity/Q36495>	<http://www.wikidata.org/entity/Q35518>	1973	339	0	2	0	30	0	370	370
Southern Min	Albanian	45	28	<http://www.wikidata.org/entity/Q36495>	<http://www.wikidata.org/entity/Q8748>	1973	98	0	0	0	0	0	98	98
Southern Min	Arabic	45	20	<http://www.wikidata.org/entity/Q36495>	<http://www.wikidata.org/entity/Q13955>	1973	190	0	6	0	3	0	196	196
Southern Min	Aragonese	45	6	<http://www.wikidata.org/entity/Q36495>	<http://www.wikidata.org/entity/Q8765>	1973	41	0	0	0	3	0	44	44
Southern Min	Bangla	45	21	<http://www.wikidata.org/entity/Q36495>	<http://www.wikidata.org/entity/Q9610>	1973	304	0	2	0	18	0	323	323
Southern Min	Banjar	45	46	<http://www.wikidata.org/entity/Q36495>	<http://www.wikidata.org/entity/Q33151>	1973	28	2	7	0	0	0	31	31
Southern Min	Basque	45	9	<http://www.wikidata.org/entity/Q36495>	<http://www.wikidata.org/entity/Q8752>	1973	307	0	2	0	1	0	308	308
Southern Min	Bokmål	45	3	<http://www.wikidata.org/entity/Q36495>	<http://www.wikidata.org/entity/Q25167>	1973	1009	0	7	0	24	0	1037	1037
Southern Min	Breton	45	31	<http://www.wikidata.org/entity/Q36495>	<http://www.wikidata.org/entity/Q12107>	1973	816	1	2	0	33	0	849	849
Southern Min	Central Bikol	45	49	<http://www.wikidata.org/entity/Q36495>	<http://www.wikidata.org/entity/Q33284>	1973	16	0	0	0	0	0	16	16
Southern Min	Czech	45	11	<http://www.wikidata.org/entity/Q36495>	<http://www.wikidata.org/entity/Q9056>	1973	347	3	13	0	3	0	352	352
Southern Min	Dagbanli	45	22	<http://www.wikidata.org/entity/Q36495>	<http://www.wikidata.org/entity/Q32238>	1973	350	0	1	0	6	0	356	356
Southern Min	Danish	45	14	<http://www.wikidata.org/entity/Q36495>	<http://www.wikidata.org/entity/Q9035>	1973	971	0	7	0	18	0	990	990
Southern Min	Dutch	45	41	<http://www.wikidata.org/entity/Q36495>	<http://www.wikidata.org/entity/Q7411>	1973	271	0	1	0	1	0	272	272
Southern Min	Egyptian	45	16	<http://www.wikidata.org/entity/Q36495>	<http://www.wikidata.org/entity/Q50868>	1973	22	0	0	0	1	0	23	23
Southern Min	English	45	2	<http://www.wikidata.org/entity/Q36495>	<http://www.wikidata.org/entity/Q1860>	1973	1059	122	134	0	79	1482	1588	1588
Southern Min	Estonian	45	34	<http://www.wikidata.org/entity/Q36495>	<http://www.wikidata.org/entity/Q9072>	1973	455	0	0	0	13	0	468	468
Southern Min	Finnish	45	42	<http://www.wikidata.org/entity/Q36495>	<http://www.wikidata.org/entity/Q1412>	1973	200	1	4	0	7	0	208	208
Southern Min	French	45	7	<http://www.wikidata.org/entity/Q36495>	<http://www.wikidata.org/entity/Q150>	1973	1013	4	24	0	47	2	1064	1064
Southern Min	Fula	45	26	<http://www.wikidata.org/entity/Q36495>	<http://www.wikidata.org/entity/Q33454>	1973	49	0	0	0	1	0	50	50
Southern Min	German	45	13	<http://www.wikidata.org/entity/Q36495>	<http://www.wikidata.org/entity/Q188>	1973	1025	5	21	0	49	5	1078	1078
Southern Min	Hausa	45	48	<http://www.wikidata.org/entity/Q36495>	<http://www.wikidata.org/entity/Q56475>	1973	217	0	0	0	19	0	236	236
Southern Min	Hebrew	45	29	<http://www.wikidata.org/entity/Q36495>	<http://www.wikidata.org/entity/Q9288>	1973	588	0	4	0	7	0	597	597
Southern Min	Hindustani	45	37	<http://www.wikidata.org/entity/Q36495>	<http://www.wikidata.org/entity/Q11051>	1973	294	1	5	0	6	0	301	301
Southern Min	Igbo	45	32	<http://www.wikidata.org/entity/Q36495>	<http://www.wikidata.org/entity/Q33578>	1973	338	0	0	0	22	0	360	360
Southern Min	Italian	45	10	<http://www.wikidata.org/entity/Q36495>	<http://www.wikidata.org/entity/Q652>	1973	968	12	30	0	17	0	991	991
Southern Min	Japanese	45	5	<http://www.wikidata.org/entity/Q36495>	<http://www.wikidata.org/entity/Q5287>	1973	865	5	16	0	47	17	919	919
Southern Min	Klingon	45	43	<http://www.wikidata.org/entity/Q36495>	<http://www.wikidata.org/entity/Q10134>	1973	392	0	1	0	27	0	419	419
Southern Min	Korean	45	50	<http://www.wikidata.org/entity/Q36495>	<http://www.wikidata.org/entity/Q9176>	1973	141	0	0	0	13	6	160	160
Southern Min	Latin	45	39	<http://www.wikidata.org/entity/Q36495>	<http://www.wikidata.org/entity/Q397>	1973	312	0	8	0	6	0	319	319
Southern Min	Malay	45	33	<http://www.wikidata.org/entity/Q36495>	<http://www.wikidata.org/entity/Q9237>	1973	437	11	21	0	20	10	466	466
Southern Min	Malayalam	45	23	<http://www.wikidata.org/entity/Q36495>	<http://www.wikidata.org/entity/Q36236>	1973	560	1	34	0	4	0	567	567
Southern Min	Mon	45	30	<http://www.wikidata.org/entity/Q36495>	<http://www.wikidata.org/entity/Q13349>	1973	13	0	0	0	0	0	13	13
Southern Min	New Persian	45	24	<http://www.wikidata.org/entity/Q36495>	<http://www.wikidata.org/entity/Q56356571>	1973	484	1	1	0	11	0	495	495
Southern Min	Northern Sami	45	25	<http://www.wikidata.org/entity/Q36495>	<http://www.wikidata.org/entity/Q33947>	1973	14	0	0	0	2	0	16	16
Southern Min	Nynorsk	45	8	<http://www.wikidata.org/entity/Q36495>	<http://www.wikidata.org/entity/Q25164>	1973	850	2	7	0	20	0	873	873
Southern Min	Persian	45	15	<http://www.wikidata.org/entity/Q36495>	<http://www.wikidata.org/entity/Q9168>	1973	35	0	0	0	4	0	39	39
Southern Min	Polish	45	36	<http://www.wikidata.org/entity/Q36495>	<http://www.wikidata.org/entity/Q809>	1973	186	0	3	0	0	0	187	187
Southern Min	Portuguese	45	1	<http://www.wikidata.org/entity/Q36495>	<http://www.wikidata.org/entity/Q5146>	1973	435	3	20	0	21	0	460	460
Southern Min	Punjabi	45	27	<http://www.wikidata.org/entity/Q36495>	<http://www.wikidata.org/entity/Q58635>	1973	571	0	0	0	25	0	596	596
Southern Min	Quechua	45	44	<http://www.wikidata.org/entity/Q36495>	<http://www.wikidata.org/entity/Q5218>	1973	12	0	4	0	0	0	13	13
Southern Min	Russian	45	17	<http://www.wikidata.org/entity/Q36495>	<http://www.wikidata.org/entity/Q7737>	1973	929	1	11	0	10	0	944	944
Southern Min	Sanskrit	45	47	<http://www.wikidata.org/entity/Q36495>	<http://www.wikidata.org/entity/Q11059>	1973	172	0	2	0	12	0	184	184
Southern Min	Spanish	45	12	<http://www.wikidata.org/entity/Q36495>	<http://www.wikidata.org/entity/Q1321>	1973	871	3	29	0	10	1	885	885
Southern Min	Standard Chinese	45	35	<http://www.wikidata.org/entity/Q36495>	<http://www.wikidata.org/entity/Q727694>	1973	255	49	57	0	30	0	295	295
Southern Min	Sumerian	45	18	<http://www.wikidata.org/entity/Q36495>	<http://www.wikidata.org/entity/Q36790>	1973	360	2	3	0	37	0	398	398
Southern Min	Swedish	45	4	<http://www.wikidata.org/entity/Q36495>	<http://www.wikidata.org/entity/Q9027>	1973	869	0	0	0	27	0	896	896
Southern Min	Turkish	45	40	<http://www.wikidata.org/entity/Q36495>	<http://www.wikidata.org/entity/Q256>	1973	312	0	5	0	12	0	324	324
Southern Min	Ugaritic	45	38	<http://www.wikidata.org/entity/Q36495>	<http://www.wikidata.org/entity/Q36928>	1973	173	0	0	0	0	0	173	173
Spanish	Akkadian	12	19	<http://www.wikidata.org/entity/Q1321>	<http://www.wikidata.org/entity/Q35518>	20953	592	0	0	0	31	0	623	623
Spanish	Albanian	12	28	<http://www.wikidata.org/entity/Q1321>	<http://www.wikidata.org/entity/Q8748>	20953	187	0	1	3	3	0	193	193
Spanish	Arabic	12	20	<http://www.wikidata.org/entity/Q1321>	<http://www.wikidata.org/entity/Q13955>	20953	384	3	10	3	11	2	399	399
Spanish	Aragonese	12	6	<http://www.wikidata.org/entity/Q1321>	<http://www.wikidata.org/entity/Q8765>	20953	98	32	34	0	2	116	220	220
Spanish	Bangla	12	21	<http://www.wikidata.org/entity/Q1321>	<http://www.wikidata.org/entity/Q9610>	20953	635	1	8	8	33	23	691	691
Spanish	Banjar	12	46	<http://www.wikidata.org/entity/Q1321>	<http://www.wikidata.org/entity/Q33151>	20953	59	2	8	0	0	1	63	63
Spanish	Basque	12	9	<http://www.wikidata.org/entity/Q1321>	<http://www.wikidata.org/entity/Q8752>	20953	855	17	20	0	0	8	856	856
Spanish	Bokmål	12	3	<http://www.wikidata.org/entity/Q1321>	<http://www.wikidata.org/entity/Q25167>	20953	3220	14	25	307	32	2	3520	3520
Spanish	Breton	12	31	<http://www.wikidata.org/entity/Q1321>	<http://www.wikidata.org/entity/Q12107>	20953	1344	3	15	5	31	0	1377	1377
Spanish	Central Bikol	12	49	<http://www.wikidata.org/entity/Q1321>	<http://www.wikidata.org/entity/Q33284>	20953	16	0	0	0	0	0	16	16
Spanish	Czech	12	11	<http://www.wikidata.org/entity/Q1321>	<http://www.wikidata.org/entity/Q9056>	20953	1496	28	56	27	6	30	1524	1524
Spanish	Dagbanli	12	22	<http://www.wikidata.org/entity/Q1321>	<http://www.wikidata.org/entity/Q32238>	20953	602	1	10	0	6	0	611	611
Spanish	Danish	12	14	<http://www.wikidata.org/entity/Q1321>	<http://www.wikidata.org/entity/Q9035>	20953	2504	22	40	180	24	14	2699	2699
Spanish	Dutch	12	41	<http://www.wikidata.org/entity/Q1321>	<http://www.wikidata.org/entity/Q7411>	20953	620	2	13	216	3	9	836	836
Spanish	Egyptian	12	16	<http://www.wikidata.org/entity/Q1321>	<http://www.wikidata.org/entity/Q50868>	20953	28	0	0	0	0	0	28	28
Spanish	English	12	2	<http://www.wikidata.org/entity/Q1321>	<http://www.wikidata.org/entity/Q1860>	20953	4167	392	420	165	71	1629	5172	5172
Spanish	Estonian	12	34	<http://www.wikidata.org/entity/Q1321>	<http://www.wikidata.org/entity/Q9072>	20953	1016	2	8	1	17	24	1057	1057
Spanish	Finnish	12	42	<http://www.wikidata.org/entity/Q1321>	<http://www.wikidata.org/entity/Q1412>	20953	361	3	15	2	11	2	378	378
Spanish	French	12	7	<http://www.wikidata.org/entity/Q1321>	<http://www.wikidata.org/entity/Q150>	20953	3430	133	174	253	50	115	3744	3744
Spanish	Fula	12	26	<http://www.wikidata.org/entity/Q1321>	<http://www.wikidata.org/entity/Q33454>	20953	78	0	0	0	2	0	80	80
Spanish	German	12	13	<http://www.wikidata.org/entity/Q1321>	<http://www.wikidata.org/entity/Q188>	20953	3026	65	111	156	52	68	3214	3214
Spanish	Hausa	12	48	<http://www.wikidata.org/entity/Q1321>	<http://www.wikidata.org/entity/Q56475>	20953	355	0	0	1	15	0	371	371
Spanish	Hebrew	12	29	<http://www.wikidata.org/entity/Q1321>	<http://www.wikidata.org/entity/Q9288>	20953	1810	1	7	3	14	3	1831	1831
Spanish	Hindustani	12	37	<http://www.wikidata.org/entity/Q1321>	<http://www.wikidata.org/entity/Q11051>	20953	523	1	3	3	11	0	535	535
Spanish	Igbo	12	32	<http://www.wikidata.org/entity/Q1321>	<http://www.wikidata.org/entity/Q33578>	20953	623	0	2	0	25	0	649	649
Spanish	Italian	12	10	<http://www.wikidata.org/entity/Q1321>	<http://www.wikidata.org/entity/Q652>	20953	3697	150	189	228	29	65	3979	3979
Spanish	Japanese	12	5	<http://www.wikidata.org/entity/Q1321>	<http://www.wikidata.org/entity/Q5287>	20953	2037	4	34	9	33	3	2085	2085
Spanish	Klingon	12	43	<http://www.wikidata.org/entity/Q1321>	<http://www.wikidata.org/entity/Q10134>	20953	643	0	2	3	21	0	667	667
Spanish	Korean	12	50	<http://www.wikidata.org/entity/Q1321>	<http://www.wikidata.org/entity/Q9176>	20953	357	4	7	0	14	4	372	372
Spanish	Latin	12	39	<http://www.wikidata.org/entity/Q1321>	<http://www.wikidata.org/entity/Q397>	20953	742	21	42	2	19	4	774	774
Spanish	Malay	12	33	<http://www.wikidata.org/entity/Q1321>	<http://www.wikidata.org/entity/Q9237>	20953	1124	8	31	1	23	1	1151	1151
Spanish	Malayalam	12	23	<http://www.wikidata.org/entity/Q1321>	<http://www.wikidata.org/entity/Q36236>	20953	1760	33	65	0	13	1	1776	1776
Spanish	Mon	12	30	<http://www.wikidata.org/entity/Q1321>	<http://www.wikidata.org/entity/Q13349>	20953	10	0	0	0	0	0	10	10
Spanish	New Persian	12	24	<http://www.wikidata.org/entity/Q1321>	<http://www.wikidata.org/entity/Q56356571>	20953	1200	1	4	9	17	0	1224	1224
Spanish	Northern Sami	12	25	<http://www.wikidata.org/entity/Q1321>	<http://www.wikidata.org/entity/Q33947>	20953	16	1	1	0	1	0	17	17
Spanish	Nynorsk	12	8	<http://www.wikidata.org/entity/Q1321>	<http://www.wikidata.org/entity/Q25164>	20953	2501	12	23	173	25	0	2659	2659
Spanish	Persian	12	15	<http://www.wikidata.org/entity/Q1321>	<http://www.wikidata.org/entity/Q9168>	20953	145	0	0	0	5	1	151	151
Spanish	Polish	12	36	<http://www.wikidata.org/entity/Q1321>	<http://www.wikidata.org/entity/Q809>	20953	579	9	19	2	1	29	590	590
Spanish	Portuguese	12	1	<http://www.wikidata.org/entity/Q1321>	<http://www.wikidata.org/entity/Q5146>	20953	952	36	62	36	33	35	1052	1052
Spanish	Punjabi	12	27	<http://www.wikidata.org/entity/Q1321>	<http://www.wikidata.org/entity/Q58635>	20953	971	0	1	9	27	0	1004	1004
Spanish	Quechua	12	44	<http://www.wikidata.org/entity/Q1321>	<http://www.wikidata.org/entity/Q5218>	20953	24	3	3	0	0	1	26	26
Spanish	Russian	12	17	<http://www.wikidata.org/entity/Q1321>	<http://www.wikidata.org/entity/Q7737>	20953	2570	28	45	27	18	47	2628	2628
Spanish	Sanskrit	12	47	<http://www.wikidata.org/entity/Q1321>	<http://www.wikidata.org/entity/Q11059>	20953	256	0	0	0	7	0	263	263
Spanish	Southern Min	12	45	<http://www.wikidata.org/entity/Q1321>	<http://www.wikidata.org/entity/Q36495>	20953	925	2	24	0	9	1	939	939
Spanish	Standard Chinese	12	35	<http://www.wikidata.org/entity/Q1321>	<http://www.wikidata.org/entity/Q727694>	20953	583	18	35	0	18	0	611	611
Spanish	Sumerian	12	18	<http://www.wikidata.org/entity/Q1321>	<http://www.wikidata.org/entity/Q36790>	20953	682	0	1	0	31	0	713	713
Spanish	Swedish	12	4	<http://www.wikidata.org/entity/Q1321>	<http://www.wikidata.org/entity/Q9027>	20953	2883	21	31	275	42	4	3193	3193
Spanish	Turkish	12	40	<http://www.wikidata.org/entity/Q1321>	<http://www.wikidata.org/entity/Q256>	20953	538	0	6	4	29	2	571	571
Spanish	Ugaritic	12	38	<http://www.wikidata.org/entity/Q1321>	<http://www.wikidata.org/entity/Q36928>	20953	325	0	0	0	0	0	325	325
Standard Chinese	Akkadian	35	19	<http://www.wikidata.org/entity/Q727694>	<http://www.wikidata.org/entity/Q35518>	4417	424	0	1	0	64	0	488	488
Standard Chinese	Albanian	35	28	<http://www.wikidata.org/entity/Q727694>	<http://www.wikidata.org/entity/Q8748>	4417	127	0	0	0	3	0	130	130
Standard Chinese	Arabic	35	20	<http://www.wikidata.org/entity/Q727694>	<http://www.wikidata.org/entity/Q13955>	4417	332	0	4	0	17	1	350	350
Standard Chinese	Aragonese	35	6	<http://www.wikidata.org/entity/Q727694>	<http://www.wikidata.org/entity/Q8765>	4417	40	0	0	0	2	0	42	42
Standard Chinese	Bangla	35	21	<http://www.wikidata.org/entity/Q727694>	<http://www.wikidata.org/entity/Q9610>	4417	378	0	4	0	60	2	440	440
Standard Chinese	Banjar	35	46	<http://www.wikidata.org/entity/Q727694>	<http://www.wikidata.org/entity/Q33151>	4417	39	1	2	0	0	0	39	39
Standard Chinese	Basque	35	9	<http://www.wikidata.org/entity/Q727694>	<http://www.wikidata.org/entity/Q8752>	4417	241	3	5	0	4	2	245	245
Standard Chinese	Bokmål	35	3	<http://www.wikidata.org/entity/Q727694>	<http://www.wikidata.org/entity/Q25167>	4417	909	3	7	0	35	4	947	947
Standard Chinese	Breton	35	31	<http://www.wikidata.org/entity/Q727694>	<http://www.wikidata.org/entity/Q12107>	4417	540	0	1	0	46	0	587	587
Standard Chinese	Central Bikol	35	49	<http://www.wikidata.org/entity/Q727694>	<http://www.wikidata.org/entity/Q33284>	4417	25	0	0	0	0	0	25	25
Standard Chinese	Czech	35	11	<http://www.wikidata.org/entity/Q727694>	<http://www.wikidata.org/entity/Q9056>	4417	499	2	16	0	9	12	511	511
Standard Chinese	Dagbanli	35	22	<http://www.wikidata.org/entity/Q727694>	<http://www.wikidata.org/entity/Q32238>	4417	334	0	0	0	5	0	339	339
Standard Chinese	Danish	35	14	<http://www.wikidata.org/entity/Q727694>	<http://www.wikidata.org/entity/Q9035>	4417	726	3	10	0	29	13	757	757
Standard Chinese	Dutch	35	41	<http://www.wikidata.org/entity/Q727694>	<http://www.wikidata.org/entity/Q7411>	4417	315	0	7	0	8	11	325	325
Standard Chinese	Egyptian	35	16	<http://www.wikidata.org/entity/Q727694>	<http://www.wikidata.org/entity/Q50868>	4417	21	0	0	0	0	0	21	21
Standard Chinese	English	35	2	<http://www.wikidata.org/entity/Q727694>	<http://www.wikidata.org/entity/Q1860>	4417	1055	101	112	0	156	4370	4386	4386
Standard Chinese	Estonian	35	34	<http://www.wikidata.org/entity/Q727694>	<http://www.wikidata.org/entity/Q9072>	4417	503	0	1	0	18	0	522	522
Standard Chinese	Finnish	35	42	<http://www.wikidata.org/entity/Q727694>	<http://www.wikidata.org/entity/Q1412>	4417	294	0	1	0	14	0	308	308
Standard Chinese	French	35	7	<http://www.wikidata.org/entity/Q727694>	<http://www.wikidata.org/entity/Q150>	4417	931	6	23	0	82	20	1018	1018
Standard Chinese	Fula	35	26	<http://www.wikidata.org/entity/Q727694>	<http://www.wikidata.org/entity/Q33454>	4417	93	0	0	0	2	0	95	95
Standard Chinese	German	35	13	<http://www.wikidata.org/entity/Q727694>	<http://www.wikidata.org/entity/Q188>	4417	929	12	28	0	77	20	1013	1013
Standard Chinese	Hausa	35	48	<http://www.wikidata.org/entity/Q727694>	<http://www.wikidata.org/entity/Q56475>	4417	229	0	0	0	38	0	267	267
Standard Chinese	Hebrew	35	29	<http://www.wikidata.org/entity/Q727694>	<http://www.wikidata.org/entity/Q9288>	4417	654	0	5	0	14	0	668	668
Standard Chinese	Hindustani	35	37	<http://www.wikidata.org/entity/Q727694>	<http://www.wikidata.org/entity/Q11051>	4417	397	2	8	0	27	0	426	426
Standard Chinese	Igbo	35	32	<http://www.wikidata.org/entity/Q727694>	<http://www.wikidata.org/entity/Q33578>	4417	397	0	0	0	41	0	438	438
Standard Chinese	Italian	35	10	<http://www.wikidata.org/entity/Q727694>	<http://www.wikidata.org/entity/Q652>	4417	966	7	23	0	39	13	1013	1013
Standard Chinese	Japanese	35	5	<http://www.wikidata.org/entity/Q727694>	<http://www.wikidata.org/entity/Q5287>	4417	826	9	25	0	104	5	939	939
Standard Chinese	Klingon	35	43	<http://www.wikidata.org/entity/Q727694>	<http://www.wikidata.org/entity/Q10134>	4417	337	1	5	0	41	0	380	380
Standard Chinese	Korean	35	50	<http://www.wikidata.org/entity/Q727694>	<http://www.wikidata.org/entity/Q9176>	4417	224	2	3	0	17	4	243	243
Standard Chinese	Latin	35	39	<http://www.wikidata.org/entity/Q727694>	<http://www.wikidata.org/entity/Q397>	4417	411	1	3	0	14	1	426	426
Standard Chinese	Malay	35	33	<http://www.wikidata.org/entity/Q727694>	<http://www.wikidata.org/entity/Q9237>	4417	605	10	21	0	60	6	671	671
Standard Chinese	Malayalam	35	23	<http://www.wikidata.org/entity/Q727694>	<http://www.wikidata.org/entity/Q36236>	4417	663	6	29	0	15	1	683	683
Standard Chinese	Mon	35	30	<http://www.wikidata.org/entity/Q727694>	<http://www.wikidata.org/entity/Q13349>	4417	14	0	0	0	0	0	14	14
Standard Chinese	New Persian	35	24	<http://www.wikidata.org/entity/Q727694>	<http://www.wikidata.org/entity/Q56356571>	4417	639	0	3	0	32	0	671	671
Standard Chinese	Northern Sami	35	25	<http://www.wikidata.org/entity/Q727694>	<http://www.wikidata.org/entity/Q33947>	4417	26	0	0	0	1	0	27	27
Standard Chinese	Nynorsk	35	8	<http://www.wikidata.org/entity/Q727694>	<http://www.wikidata.org/entity/Q25164>	4417	723	5	8	0	26	2	752	752
Standard Chinese	Persian	35	15	<http://www.wikidata.org/entity/Q727694>	<http://www.wikidata.org/entity/Q9168>	4417	29	0	0	0	13	1	43	43
Standard Chinese	Polish	35	36	<http://www.wikidata.org/entity/Q727694>	<http://www.wikidata.org/entity/Q809>	4417	330	1	4	0	2	13	333	333
Standard Chinese	Portuguese	35	1	<http://www.wikidata.org/entity/Q727694>	<http://www.wikidata.org/entity/Q5146>	4417	511	5	20	0	53	13	577	577
Standard Chinese	Punjabi	35	27	<http://www.wikidata.org/entity/Q727694>	<http://www.wikidata.org/entity/Q58635>	4417	588	0	0	0	75	0	663	663
Standard Chinese	Quechua	35	44	<http://www.wikidata.org/entity/Q727694>	<http://www.wikidata.org/entity/Q5218>	4417	16	1	4	0	0	0	17	17
Standard Chinese	Russian	35	17	<http://www.wikidata.org/entity/Q727694>	<http://www.wikidata.org/entity/Q7737>	4417	817	3	11	0	32	87	897	897
Standard Chinese	Sanskrit	35	47	<http://www.wikidata.org/entity/Q727694>	<http://www.wikidata.org/entity/Q11059>	4417	252	0	0	0	25	0	277	277
Standard Chinese	Southern Min	35	45	<http://www.wikidata.org/entity/Q727694>	<http://www.wikidata.org/entity/Q36495>	4417	269	45	52	0	41	19	324	324
Standard Chinese	Spanish	35	12	<http://www.wikidata.org/entity/Q727694>	<http://www.wikidata.org/entity/Q1321>	4417	607	20	36	0	23	64	677	677
Standard Chinese	Sumerian	35	18	<http://www.wikidata.org/entity/Q727694>	<http://www.wikidata.org/entity/Q36790>	4417	433	1	1	0	88	0	521	521
Standard Chinese	Swedish	35	4	<http://www.wikidata.org/entity/Q727694>	<http://www.wikidata.org/entity/Q9027>	4417	895	1	5	0	68	0	963	963
Standard Chinese	Turkish	35	40	<http://www.wikidata.org/entity/Q727694>	<http://www.wikidata.org/entity/Q256>	4417	341	0	5	0	52	1	393	393
Standard Chinese	Ugaritic	35	38	<http://www.wikidata.org/entity/Q727694>	<http://www.wikidata.org/entity/Q36928>	4417	280	0	0	0	0	0	280	280
Sumerian	Akkadian	18	19	<http://www.wikidata.org/entity/Q36790>	<http://www.wikidata.org/entity/Q35518>	17051	5077	2521	2521	0	516	0	6430	6430
Sumerian	Albanian	18	28	<http://www.wikidata.org/entity/Q36790>	<http://www.wikidata.org/entity/Q8748>	17051	695	0	0	0	12	1	707	707
Sumerian	Arabic	18	20	<http://www.wikidata.org/entity/Q36790>	<http://www.wikidata.org/entity/Q13955>	17051	918	1	2	0	85	1	1003	1003
Sumerian	Aragonese	18	6	<http://www.wikidata.org/entity/Q36790>	<http://www.wikidata.org/entity/Q8765>	17051	69	0	0	0	5	0	74	74
Sumerian	Bangla	18	21	<http://www.wikidata.org/entity/Q36790>	<http://www.wikidata.org/entity/Q9610>	17051	1880	0	0	0	230	14	2118	2118
Sumerian	Banjar	18	46	<http://www.wikidata.org/entity/Q36790>	<http://www.wikidata.org/entity/Q33151>	17051	176	0	0	0	4	0	180	180
Sumerian	Basque	18	9	<http://www.wikidata.org/entity/Q36790>	<http://www.wikidata.org/entity/Q8752>	17051	1035	1	1	0	6	2	1042	1042
Sumerian	Bokmål	18	3	<http://www.wikidata.org/entity/Q36790>	<http://www.wikidata.org/entity/Q25167>	17051	4401	1	1	0	126	1	4527	4527
Sumerian	Breton	18	31	<http://www.wikidata.org/entity/Q36790>	<http://www.wikidata.org/entity/Q12107>	17051	3308	0	0	0	132	1	3440	3440
Sumerian	Central Bikol	18	49	<http://www.wikidata.org/entity/Q36790>	<http://www.wikidata.org/entity/Q33284>	17051	69	0	0	0	0	1	70	70
Sumerian	Czech	18	11	<http://www.wikidata.org/entity/Q36790>	<http://www.wikidata.org/entity/Q9056>	17051	1697	1	1	0	23	1	1720	1720
Sumerian	Dagbanli	18	22	<http://www.wikidata.org/entity/Q36790>	<http://www.wikidata.org/entity/Q32238>	17051	2479	1	1	0	29	1	2509	2509
Sumerian	Danish	18	14	<http://www.wikidata.org/entity/Q36790>	<http://www.wikidata.org/entity/Q9035>	17051	3496	0	0	0	114	1	3610	3610
Sumerian	Dutch	18	41	<http://www.wikidata.org/entity/Q36790>	<http://www.wikidata.org/entity/Q7411>	17051	969	0	0	0	40	1	1009	1009
Sumerian	Egyptian	18	16	<http://www.wikidata.org/entity/Q36790>	<http://www.wikidata.org/entity/Q50868>	17051	398	0	1	0	12	0	410	410
Sumerian	English	18	2	<http://www.wikidata.org/entity/Q36790>	<http://www.wikidata.org/entity/Q1860>	17051	5535	1	3	0	542	17050	17050	10000
Sumerian	Estonian	18	34	<http://www.wikidata.org/entity/Q36790>	<http://www.wikidata.org/entity/Q9072>	17051	2649	0	0	0	70	0	2719	2719
Sumerian	Finnish	18	42	<http://www.wikidata.org/entity/Q36790>	<http://www.wikidata.org/entity/Q1412>	17051	1485	1	1	0	52	1	1537	1537
Sumerian	French	18	7	<http://www.wikidata.org/entity/Q36790>	<http://www.wikidata.org/entity/Q150>	17051	4323	1	1	0	297	282	4744	4744
Sumerian	Fula	18	26	<http://www.wikidata.org/entity/Q36790>	<http://www.wikidata.org/entity/Q33454>	17051	448	0	0	0	5	0	453	453
Sumerian	German	18	13	<http://www.wikidata.org/entity/Q36790>	<http://www.wikidata.org/entity/Q188>	17051	4366	0	1	0	306	364	4835	4835
Sumerian	Hausa	18	48	<http://www.wikidata.org/entity/Q36790>	<http://www.wikidata.org/entity/Q56475>	17051	1793	0	0	0	194	0	1987	1987
Sumerian	Hebrew	18	29	<http://www.wikidata.org/entity/Q36790>	<http://www.wikidata.org/entity/Q9288>	17051	3048	1	2	0	60	1	3108	3108
Sumerian	Hindustani	18	37	<http://www.wikidata.org/entity/Q36790>	<http://www.wikidata.org/entity/Q11051>	17051	1828	0	1	0	92	0	1920	1920
Sumerian	Igbo	18	32	<http://www.wikidata.org/entity/Q36790>	<http://www.wikidata.org/entity/Q33578>	17051	2617	0	0	0	139	0	2756	2756
Sumerian	Italian	18	10	<http://www.wikidata.org/entity/Q36790>	<http://www.wikidata.org/entity/Q652>	17051	4709	1	2	0	115	1	4825	4825
Sumerian	Japanese	18	5	<http://www.wikidata.org/entity/Q36790>	<http://www.wikidata.org/entity/Q5287>	17051	3496	2	2	0	301	1	3797	3797
Sumerian	Klingon	18	43	<http://www.wikidata.org/entity/Q36790>	<http://www.wikidata.org/entity/Q10134>	17051	1900	0	0	0	137	0	2037	2037
Sumerian	Korean	18	50	<http://www.wikidata.org/entity/Q36790>	<http://www.wikidata.org/entity/Q9176>	17051	301	1	1	0	78	1	380	380
Sumerian	Latin	18	39	<http://www.wikidata.org/entity/Q36790>	<http://www.wikidata.org/entity/Q397>	17051	2411	1	2	0	38	1	2449	2449
Sumerian	Malay	18	33	<http://www.wikidata.org/entity/Q36790>	<http://www.wikidata.org/entity/Q9237>	17051	2581	1	2	0	234	1	2815	2815
Sumerian	Malayalam	18	23	<http://www.wikidata.org/entity/Q36790>	<http://www.wikidata.org/entity/Q36236>	17051	2789	1	1	0	74	1	2863	2863
Sumerian	Mon	18	30	<http://www.wikidata.org/entity/Q36790>	<http://www.wikidata.org/entity/Q13349>	17051	11	0	0	0	0	0	11	11
Sumerian	New Persian	18	24	<http://www.wikidata.org/entity/Q36790>	<http://www.wikidata.org/entity/Q56356571>	17051	2572	0	0	0	112	0	2684	2684
Sumerian	Northern Sami	18	25	<http://www.wikidata.org/entity/Q36790>	<http://www.wikidata.org/entity/Q33947>	17051	34	0	0	0	2	0	36	36
Sumerian	Nynorsk	18	8	<http://www.wikidata.org/entity/Q36790>	<http://www.wikidata.org/entity/Q25164>	17051	3369	1	1	0	87	1	3456	3456
Sumerian	Persian	18	15	<http://www.wikidata.org/entity/Q36790>	<http://www.wikidata.org/entity/Q9168>	17051	132	0	0	0	48	1	181	181
Sumerian	Polish	18	36	<http://www.wikidata.org/entity/Q36790>	<http://www.wikidata.org/entity/Q809>	17051	864	0	1	0	1	1	865	865
Sumerian	Portuguese	18	1	<http://www.wikidata.org/entity/Q36790>	<http://www.wikidata.org/entity/Q5146>	17051	2559	3	3	0	158	1	2717	2717
Sumerian	Punjabi	18	27	<http://www.wikidata.org/entity/Q36790>	<http://www.wikidata.org/entity/Q58635>	17051	2653	0	0	0	199	2	2852	2852
Sumerian	Quechua	18	44	<http://www.wikidata.org/entity/Q36790>	<http://www.wikidata.org/entity/Q5218>	17051	27	1	1	0	0	0	27	27
Sumerian	Russian	18	17	<http://www.wikidata.org/entity/Q36790>	<http://www.wikidata.org/entity/Q7737>	17051	3803	1	1	0	63	1	3866	3866
Sumerian	Sanskrit	18	47	<http://www.wikidata.org/entity/Q36790>	<http://www.wikidata.org/entity/Q11059>	17051	798	0	1	0	110	0	908	908
Sumerian	Southern Min	18	45	<http://www.wikidata.org/entity/Q36790>	<http://www.wikidata.org/entity/Q36495>	17051	1184	1	2	0	76	1	1260	1260
Sumerian	Spanish	18	12	<http://www.wikidata.org/entity/Q36790>	<http://www.wikidata.org/entity/Q1321>	17051	2220	0	1	0	68	1	2288	2288
Sumerian	Standard Chinese	18	35	<http://www.wikidata.org/entity/Q36790>	<http://www.wikidata.org/entity/Q727694>	17051	1342	1	1	0	167	0	1509	1509
Sumerian	Swedish	18	4	<http://www.wikidata.org/entity/Q36790>	<http://www.wikidata.org/entity/Q9027>	17051	3986	0	0	0	234	1	4220	4220
Sumerian	Turkish	18	40	<http://www.wikidata.org/entity/Q36790>	<http://www.wikidata.org/entity/Q256>	17051	1575	0	0	0	212	2	1788	1788
Sumerian	Ugaritic	18	38	<http://www.wikidata.org/entity/Q36790>	<http://www.wikidata.org/entity/Q36928>	17051	2991	0	0	0	0	0	2991	2991
Swedish	Akkadian	4	19	<http://www.wikidata.org/entity/Q9027>	<http://www.wikidata.org/entity/Q35518>	38988	1273	0	0	0	98	0	1371	1371
Swedish	Albanian	4	28	<http://www.wikidata.org/entity/Q9027>	<http://www.wikidata.org/entity/Q8748>	38988	326	0	1	2	3	0	330	330
Swedish	Arabic	4	20	<http://www.wikidata.org/entity/Q9027>	<http://www.wikidata.org/entity/Q13955>	38988	659	1	3	3	14	0	675	675
Swedish	Aragonese	4	6	<http://www.wikidata.org/entity/Q9027>	<http://www.wikidata.org/entity/Q8765>	38988	59	0	0	0	2	0	61	61
Swedish	Bangla	4	21	<http://www.wikidata.org/entity/Q9027>	<http://www.wikidata.org/entity/Q9610>	38988	904	2	8	13	83	16	1012	1012
Swedish	Banjar	4	46	<http://www.wikidata.org/entity/Q9027>	<http://www.wikidata.org/entity/Q33151>	38988	114	2	2	0	1	0	115	115
Swedish	Basque	4	9	<http://www.wikidata.org/entity/Q9027>	<http://www.wikidata.org/entity/Q8752>	38988	1459	1	3	0	1	0	1460	1460
Swedish	Bokmål	4	3	<http://www.wikidata.org/entity/Q9027>	<http://www.wikidata.org/entity/Q25167>	38988	7214	83	98	469	101	6	7824	7824
Swedish	Breton	4	31	<http://www.wikidata.org/entity/Q9027>	<http://www.wikidata.org/entity/Q12107>	38988	1729	2	4	4	53	0	1786	1786
Swedish	Central Bikol	4	49	<http://www.wikidata.org/entity/Q9027>	<http://www.wikidata.org/entity/Q33284>	38988	35	0	0	0	0	0	35	35
Swedish	Czech	4	11	<http://www.wikidata.org/entity/Q9027>	<http://www.wikidata.org/entity/Q9056>	38988	1894	7	16	38	11	6	1941	1941
Swedish	Dagbanli	4	22	<http://www.wikidata.org/entity/Q9027>	<http://www.wikidata.org/entity/Q32238>	38988	1007	0	4	0	9	0	1016	1016
Swedish	Danish	4	14	<http://www.wikidata.org/entity/Q9027>	<http://www.wikidata.org/entity/Q9035>	38988	5101	121	132	260	58	65	5496	5496
Swedish	Dutch	4	41	<http://www.wikidata.org/entity/Q9027>	<http://www.wikidata.org/entity/Q7411>	38988	1049	2	7	300	7	5	1352	1352
Swedish	Egyptian	4	16	<http://www.wikidata.org/entity/Q9027>	<http://www.wikidata.org/entity/Q50868>	38988	43	0	0	0	3	0	46	46
Swedish	English	4	2	<http://www.wikidata.org/entity/Q9027>	<http://www.wikidata.org/entity/Q1860>	38988	7626	97	125	205	250	813	8663	8663
Swedish	Estonian	4	34	<http://www.wikidata.org/entity/Q9027>	<http://www.wikidata.org/entity/Q9072>	38988	2145	1	4	1	34	3	2182	2182
Swedish	Finnish	4	42	<http://www.wikidata.org/entity/Q9027>	<http://www.wikidata.org/entity/Q1412>	38988	1864	40	43	2	21	1090	1991	1991
Swedish	French	4	7	<http://www.wikidata.org/entity/Q9027>	<http://www.wikidata.org/entity/Q150>	38988	6543	23	42	359	130	16	7010	7010
Swedish	Fula	4	26	<http://www.wikidata.org/entity/Q9027>	<http://www.wikidata.org/entity/Q33454>	38988	152	0	0	0	2	0	154	154
Swedish	German	4	13	<http://www.wikidata.org/entity/Q9027>	<http://www.wikidata.org/entity/Q188>	38988	6202	47	77	204	137	179	6656	6656
Swedish	Hausa	4	48	<http://www.wikidata.org/entity/Q9027>	<http://www.wikidata.org/entity/Q56475>	38988	574	0	0	1	45	0	619	619
Swedish	Hebrew	4	29	<http://www.wikidata.org/entity/Q9027>	<http://www.wikidata.org/entity/Q9288>	38988	3233	0	3	7	23	0	3264	3264
Swedish	Hindustani	4	37	<http://www.wikidata.org/entity/Q9027>	<http://www.wikidata.org/entity/Q11051>	38988	799	0	2	2	30	0	832	832
Swedish	Igbo	4	32	<http://www.wikidata.org/entity/Q9027>	<http://www.wikidata.org/entity/Q33578>	38988	1194	0	1	0	50	0	1244	1244
Swedish	Italian	4	10	<http://www.wikidata.org/entity/Q9027>	<http://www.wikidata.org/entity/Q652>	38988	6370	12	27	294	43	11	6715	6715
Swedish	Japanese	4	5	<http://www.wikidata.org/entity/Q9027>	<http://www.wikidata.org/entity/Q5287>	38988	3876	0	6	12	100	0	3987	3987
Swedish	Klingon	4	43	<http://www.wikidata.org/entity/Q9027>	<http://www.wikidata.org/entity/Q10134>	38988	894	1	2	4	51	0	950	950
Swedish	Korean	4	50	<http://www.wikidata.org/entity/Q9027>	<http://www.wikidata.org/entity/Q9176>	38988	492	1	1	0	41	1	533	533
Swedish	Latin	4	39	<http://www.wikidata.org/entity/Q9027>	<http://www.wikidata.org/entity/Q397>	38988	1196	1	5	1	11	1	1209	1209
Swedish	Malay	4	33	<http://www.wikidata.org/entity/Q9027>	<http://www.wikidata.org/entity/Q9237>	38988	1993	1	4	1	79	3	2073	2073
Swedish	Malayalam	4	23	<http://www.wikidata.org/entity/Q9027>	<http://www.wikidata.org/entity/Q36236>	38988	2741	2	8	0	23	0	2764	2764
Swedish	Mon	4	30	<http://www.wikidata.org/entity/Q9027>	<http://www.wikidata.org/entity/Q13349>	38988	16	0	0	0	0	0	16	16
Swedish	New Persian	4	24	<http://www.wikidata.org/entity/Q9027>	<http://www.wikidata.org/entity/Q56356571>	38988	2034	0	2	17	40	0	2090	2090
Swedish	Northern Sami	4	25	<http://www.wikidata.org/entity/Q9027>	<http://www.wikidata.org/entity/Q33947>	38988	29	0	3	0	1	0	30	30
Swedish	Nynorsk	4	8	<http://www.wikidata.org/entity/Q9027>	<http://www.wikidata.org/entity/Q25164>	38988	5252	50	71	240	64	0	5573	5573
Swedish	Persian	4	15	<http://www.wikidata.org/entity/Q9027>	<http://www.wikidata.org/entity/Q9168>	38988	334	0	0	0	14	0	348	348
Swedish	Polish	4	36	<http://www.wikidata.org/entity/Q9027>	<http://www.wikidata.org/entity/Q809>	38988	792	4	10	2	1	13	798	798
Swedish	Portuguese	4	1	<http://www.wikidata.org/entity/Q9027>	<http://www.wikidata.org/entity/Q5146>	38988	1885	2	13	45	60	3	1989	1989
Swedish	Punjabi	4	27	<http://www.wikidata.org/entity/Q9027>	<http://www.wikidata.org/entity/Q58635>	38988	1509	1	2	11	76	0	1597	1597
Swedish	Quechua	4	44	<http://www.wikidata.org/entity/Q9027>	<http://www.wikidata.org/entity/Q5218>	38988	24	0	1	0	0	0	25	25
Swedish	Russian	4	17	<http://www.wikidata.org/entity/Q9027>	<http://www.wikidata.org/entity/Q7737>	38988	4542	3	14	32	33	19	4616	4616
Swedish	Sanskrit	4	47	<http://www.wikidata.org/entity/Q9027>	<http://www.wikidata.org/entity/Q11059>	38988	384	0	0	0	25	0	409	409
Swedish	Southern Min	4	45	<http://www.wikidata.org/entity/Q9027>	<http://www.wikidata.org/entity/Q36495>	38988	819	0	0	0	24	0	843	843
Swedish	Spanish	4	12	<http://www.wikidata.org/entity/Q9027>	<http://www.wikidata.org/entity/Q1321>	38988	2632	21	31	380	39	19	3044	3044
Swedish	Standard Chinese	4	35	<http://www.wikidata.org/entity/Q9027>	<http://www.wikidata.org/entity/Q727694>	38988	825	1	5	0	54	0	880	880
Swedish	Sumerian	4	18	<http://www.wikidata.org/entity/Q9027>	<http://www.wikidata.org/entity/Q36790>	38988	1365	0	0	0	102	0	1467	1467
Swedish	Turkish	4	40	<http://www.wikidata.org/entity/Q9027>	<http://www.wikidata.org/entity/Q256>	38988	824	0	2	2	63	2	892	892
Swedish	Ugaritic	4	38	<http://www.wikidata.org/entity/Q9027>	<http://www.wikidata.org/entity/Q36928>	38988	619	0	0	0	0	0	619	619
Turkish	Akkadian	40	19	<http://www.wikidata.org/entity/Q256>	<http://www.wikidata.org/entity/Q35518>	2630	356	0	0	0	97	0	453	453
Turkish	Albanian	40	28	<http://www.wikidata.org/entity/Q256>	<http://www.wikidata.org/entity/Q8748>	2630	159	23	24	0	2	3	172	172
Turkish	Arabic	40	20	<http://www.wikidata.org/entity/Q256>	<http://www.wikidata.org/entity/Q13955>	2630	306	7	8	0	24	1	335	335
Turkish	Aragonese	40	6	<http://www.wikidata.org/entity/Q256>	<http://www.wikidata.org/entity/Q8765>	2630	46	0	0	0	2	0	48	48
Turkish	Bangla	40	21	<http://www.wikidata.org/entity/Q256>	<http://www.wikidata.org/entity/Q9610>	2630	309	1	3	0	58	10	372	372
Turkish	Banjar	40	46	<http://www.wikidata.org/entity/Q256>	<http://www.wikidata.org/entity/Q33151>	2630	38	0	0	0	0	0	38	38
Turkish	Basque	40	9	<http://www.wikidata.org/entity/Q256>	<http://www.wikidata.org/entity/Q8752>	2630	227	0	1	0	3	0	230	230
Turkish	Bokmål	40	3	<http://www.wikidata.org/entity/Q256>	<http://www.wikidata.org/entity/Q25167>	2630	788	1	2	1	42	0	831	831
Turkish	Breton	40	31	<http://www.wikidata.org/entity/Q256>	<http://www.wikidata.org/entity/Q12107>	2630	474	0	0	0	40	0	513	513
Turkish	Central Bikol	40	49	<http://www.wikidata.org/entity/Q256>	<http://www.wikidata.org/entity/Q33284>	2630	15	0	0	0	0	0	15	15
Turkish	Czech	40	11	<http://www.wikidata.org/entity/Q256>	<http://www.wikidata.org/entity/Q9056>	2630	304	0	5	1	3	2	308	308
Turkish	Dagbanli	40	22	<http://www.wikidata.org/entity/Q256>	<http://www.wikidata.org/entity/Q32238>	2630	267	0	0	0	11	0	278	278
Turkish	Danish	40	14	<http://www.wikidata.org/entity/Q256>	<http://www.wikidata.org/entity/Q9035>	2630	654	0	5	1	33	3	691	691
Turkish	Dutch	40	41	<http://www.wikidata.org/entity/Q256>	<http://www.wikidata.org/entity/Q7411>	2630	228	0	2	1	5	0	233	233
Turkish	Egyptian	40	16	<http://www.wikidata.org/entity/Q256>	<http://www.wikidata.org/entity/Q50868>	2630	25	0	0	0	1	0	26	26
Turkish	English	40	2	<http://www.wikidata.org/entity/Q256>	<http://www.wikidata.org/entity/Q1860>	2630	1012	37	39	1	148	1488	1731	1731
Turkish	Estonian	40	34	<http://www.wikidata.org/entity/Q256>	<http://www.wikidata.org/entity/Q9072>	2630	469	0	1	0	34	0	503	503
Turkish	Finnish	40	42	<http://www.wikidata.org/entity/Q256>	<http://www.wikidata.org/entity/Q1412>	2630	214	0	1	0	16	0	231	231
Turkish	French	40	7	<http://www.wikidata.org/entity/Q256>	<http://www.wikidata.org/entity/Q150>	2630	822	5	9	1	100	21	929	929
Turkish	Fula	40	26	<http://www.wikidata.org/entity/Q256>	<http://www.wikidata.org/entity/Q33454>	2630	55	0	0	0	2	0	57	57
Turkish	German	40	13	<http://www.wikidata.org/entity/Q256>	<http://www.wikidata.org/entity/Q188>	2630	784	5	12	1	92	19	878	878
Turkish	Hausa	40	48	<http://www.wikidata.org/entity/Q256>	<http://www.wikidata.org/entity/Q56475>	2630	234	0	0	0	55	0	289	289
Turkish	Hebrew	40	29	<http://www.wikidata.org/entity/Q256>	<http://www.wikidata.org/entity/Q9288>	2630	556	1	1	0	27	1	585	585
Turkish	Hindustani	40	37	<http://www.wikidata.org/entity/Q256>	<http://www.wikidata.org/entity/Q11051>	2630	313	6	12	0	26	0	348	348
Turkish	Igbo	40	32	<http://www.wikidata.org/entity/Q256>	<http://www.wikidata.org/entity/Q33578>	2630	329	0	0	0	38	0	367	367
Turkish	Italian	40	10	<http://www.wikidata.org/entity/Q256>	<http://www.wikidata.org/entity/Q652>	2630	833	4	7	1	37	1	871	871
Turkish	Japanese	40	5	<http://www.wikidata.org/entity/Q256>	<http://www.wikidata.org/entity/Q5287>	2630	663	1	7	0	88	0	751	751
Turkish	Klingon	40	43	<http://www.wikidata.org/entity/Q256>	<http://www.wikidata.org/entity/Q10134>	2630	294	0	2	0	39	0	334	334
Turkish	Korean	40	50	<http://www.wikidata.org/entity/Q256>	<http://www.wikidata.org/entity/Q9176>	2630	126	0	0	0	27	0	153	153
Turkish	Latin	40	39	<http://www.wikidata.org/entity/Q256>	<http://www.wikidata.org/entity/Q397>	2630	285	0	1	0	15	0	300	300
Turkish	Malay	40	33	<http://www.wikidata.org/entity/Q256>	<http://www.wikidata.org/entity/Q9237>	2630	540	2	6	0	66	2	609	609
Turkish	Malayalam	40	23	<http://www.wikidata.org/entity/Q256>	<http://www.wikidata.org/entity/Q36236>	2630	482	0	6	0	20	0	503	503
Turkish	Mon	40	30	<http://www.wikidata.org/entity/Q256>	<http://www.wikidata.org/entity/Q13349>	2630	10	0	0	0	0	0	10	10
Turkish	New Persian	40	24	<http://www.wikidata.org/entity/Q256>	<http://www.wikidata.org/entity/Q56356571>	2630	603	17	18	0	42	0	657	657
Turkish	Northern Sami	40	25	<http://www.wikidata.org/entity/Q256>	<http://www.wikidata.org/entity/Q33947>	2630	12	0	0	0	1	0	13	13
Turkish	Nynorsk	40	8	<http://www.wikidata.org/entity/Q256>	<http://www.wikidata.org/entity/Q25164>	2630	641	0	0	1	28	0	669	669
Turkish	Persian	40	15	<http://www.wikidata.org/entity/Q256>	<http://www.wikidata.org/entity/Q9168>	2630	21	0	0	0	11	7	39	39
Turkish	Polish	40	36	<http://www.wikidata.org/entity/Q256>	<http://www.wikidata.org/entity/Q809>	2630	183	0	1	0	0	0	183	183
Turkish	Portuguese	40	1	<http://www.wikidata.org/entity/Q256>	<http://www.wikidata.org/entity/Q5146>	2630	456	0	1	1	44	0	499	499
Turkish	Punjabi	40	27	<http://www.wikidata.org/entity/Q256>	<http://www.wikidata.org/entity/Q58635>	2630	498	6	12	1	69	2	576	576
Turkish	Quechua	40	44	<http://www.wikidata.org/entity/Q256>	<http://www.wikidata.org/entity/Q5218>	2630	13	0	1	0	0	0	13	13
Turkish	Russian	40	17	<http://www.wikidata.org/entity/Q256>	<http://www.wikidata.org/entity/Q7737>	2630	694	3	6	0	23	8	721	721
Turkish	Sanskrit	40	47	<http://www.wikidata.org/entity/Q256>	<http://www.wikidata.org/entity/Q11059>	2630	170	1	1	0	20	0	191	191
Turkish	Southern Min	40	45	<http://www.wikidata.org/entity/Q256>	<http://www.wikidata.org/entity/Q36495>	2630	255	0	4	0	11	0	266	266
Turkish	Spanish	40	12	<http://www.wikidata.org/entity/Q256>	<http://www.wikidata.org/entity/Q1321>	2630	448	0	6	2	28	2	476	476
Turkish	Standard Chinese	40	35	<http://www.wikidata.org/entity/Q256>	<http://www.wikidata.org/entity/Q727694>	2630	265	0	5	0	36	0	300	300
Turkish	Sumerian	40	18	<http://www.wikidata.org/entity/Q256>	<http://www.wikidata.org/entity/Q36790>	2630	374	0	0	0	95	0	469	469
Turkish	Swedish	40	4	<http://www.wikidata.org/entity/Q256>	<http://www.wikidata.org/entity/Q9027>	2630	753	0	2	1	60	0	813	813
Turkish	Ugaritic	40	38	<http://www.wikidata.org/entity/Q256>	<http://www.wikidata.org/entity/Q36928>	2630	201	0	0	0	0	0	201	201
Ugaritic	Akkadian	38	19	<http://www.wikidata.org/entity/Q36928>	<http://www.wikidata.org/entity/Q35518>	3314	915	0	0	0	0	0	915	915
Ugaritic	Albanian	38	28	<http://www.wikidata.org/entity/Q36928>	<http://www.wikidata.org/entity/Q8748>	3314	107	0	0	0	0	0	107	107
Ugaritic	Arabic	38	20	<http://www.wikidata.org/entity/Q36928>	<http://www.wikidata.org/entity/Q13955>	3314	242	0	0	0	0	0	242	242
Ugaritic	Aragonese	38	6	<http://www.wikidata.org/entity/Q36928>	<http://www.wikidata.org/entity/Q8765>	3314	16	0	0	0	0	0	16	16
Ugaritic	Bangla	38	21	<http://www.wikidata.org/entity/Q36928>	<http://www.wikidata.org/entity/Q9610>	3314	343	0	0	0	0	0	343	343
Ugaritic	Banjar	38	46	<http://www.wikidata.org/entity/Q36928>	<http://www.wikidata.org/entity/Q33151>	3314	56	0	0	0	0	0	56	56
Ugaritic	Basque	38	9	<http://www.wikidata.org/entity/Q36928>	<http://www.wikidata.org/entity/Q8752>	3314	191	0	0	0	0	0	191	191
Ugaritic	Bokmål	38	3	<http://www.wikidata.org/entity/Q36928>	<http://www.wikidata.org/entity/Q25167>	3314	869	0	0	0	0	0	869	869
Ugaritic	Breton	38	31	<http://www.wikidata.org/entity/Q36928>	<http://www.wikidata.org/entity/Q12107>	3314	608	0	0	0	0	0	608	608
Ugaritic	Central Bikol	38	49	<http://www.wikidata.org/entity/Q36928>	<http://www.wikidata.org/entity/Q33284>	3314	18	0	0	0	0	0	18	18
Ugaritic	Czech	38	11	<http://www.wikidata.org/entity/Q36928>	<http://www.wikidata.org/entity/Q9056>	3314	331	0	0	0	0	0	331	331
Ugaritic	Dagbanli	38	22	<http://www.wikidata.org/entity/Q36928>	<http://www.wikidata.org/entity/Q32238>	3314	410	0	0	0	0	0	410	410
Ugaritic	Danish	38	14	<http://www.wikidata.org/entity/Q36928>	<http://www.wikidata.org/entity/Q9035>	3314	668	0	0	0	0	0	668	668
Ugaritic	Dutch	38	41	<http://www.wikidata.org/entity/Q36928>	<http://www.wikidata.org/entity/Q7411>	3314	185	0	0	0	0	0	185	185
Ugaritic	Egyptian	38	16	<http://www.wikidata.org/entity/Q36928>	<http://www.wikidata.org/entity/Q50868>	3314	27	0	0	0	0	0	27	27
Ugaritic	English	38	2	<http://www.wikidata.org/entity/Q36928>	<http://www.wikidata.org/entity/Q1860>	3314	1156	0	0	0	0	3314	3314	3314
Ugaritic	Estonian	38	34	<http://www.wikidata.org/entity/Q36928>	<http://www.wikidata.org/entity/Q9072>	3314	470	0	0	0	0	0	470	470
Ugaritic	Finnish	38	42	<http://www.wikidata.org/entity/Q36928>	<http://www.wikidata.org/entity/Q1412>	3314	219	0	0	0	0	0	219	219
Ugaritic	French	38	7	<http://www.wikidata.org/entity/Q36928>	<http://www.wikidata.org/entity/Q150>	3314	864	0	0	0	0	0	864	864
Ugaritic	Fula	38	26	<http://www.wikidata.org/entity/Q36928>	<http://www.wikidata.org/entity/Q33454>	3314	98	0	0	0	0	0	98	98
Ugaritic	German	38	13	<http://www.wikidata.org/entity/Q36928>	<http://www.wikidata.org/entity/Q188>	3314	816	0	0	0	0	0	816	816
Ugaritic	Hausa	38	48	<http://www.wikidata.org/entity/Q36928>	<http://www.wikidata.org/entity/Q56475>	3314	296	0	0	0	0	0	296	296
Ugaritic	Hebrew	38	29	<http://www.wikidata.org/entity/Q36928>	<http://www.wikidata.org/entity/Q9288>	3314	593	0	0	0	0	0	593	593
Ugaritic	Hindustani	38	37	<http://www.wikidata.org/entity/Q36928>	<http://www.wikidata.org/entity/Q11051>	3314	358	0	0	0	0	0	358	358
Ugaritic	Igbo	38	32	<http://www.wikidata.org/entity/Q36928>	<http://www.wikidata.org/entity/Q33578>	3314	477	0	0	0	0	0	477	477
Ugaritic	Italian	38	10	<http://www.wikidata.org/entity/Q36928>	<http://www.wikidata.org/entity/Q652>	3314	933	0	0	0	0	0	933	933
Ugaritic	Japanese	38	5	<http://www.wikidata.org/entity/Q36928>	<http://www.wikidata.org/entity/Q5287>	3314	670	0	0	0	0	0	670	670
Ugaritic	Klingon	38	43	<http://www.wikidata.org/entity/Q36928>	<http://www.wikidata.org/entity/Q10134>	3314	383	0	0	0	0	0	383	383
Ugaritic	Korean	38	50	<http://www.wikidata.org/entity/Q36928>	<http://www.wikidata.org/entity/Q9176>	3314	74	0	0	0	0	0	74	74
Ugaritic	Latin	38	39	<http://www.wikidata.org/entity/Q36928>	<http://www.wikidata.org/entity/Q397>	3314	421	0	0	0	0	0	421	421
Ugaritic	Malay	38	33	<http://www.wikidata.org/entity/Q36928>	<http://www.wikidata.org/entity/Q9237>	3314	486	0	0	0	0	0	486	486
Ugaritic	Malayalam	38	23	<http://www.wikidata.org/entity/Q36928>	<http://www.wikidata.org/entity/Q36236>	3314	499	0	0	0	0	0	499	499
Ugaritic	Mon	38	30	<http://www.wikidata.org/entity/Q36928>	<http://www.wikidata.org/entity/Q13349>	3314	5	0	0	0	0	0	5	5
Ugaritic	New Persian	38	24	<http://www.wikidata.org/entity/Q36928>	<http://www.wikidata.org/entity/Q56356571>	3314	569	0	0	0	0	0	569	569
Ugaritic	Northern Sami	38	25	<http://www.wikidata.org/entity/Q36928>	<http://www.wikidata.org/entity/Q33947>	3314	10	0	0	0	0	0	10	10
Ugaritic	Nynorsk	38	8	<http://www.wikidata.org/entity/Q36928>	<http://www.wikidata.org/entity/Q25164>	3314	629	0	0	0	0	0	629	629
Ugaritic	Persian	38	15	<http://www.wikidata.org/entity/Q36928>	<http://www.wikidata.org/entity/Q9168>	3314	16	0	0	0	0	0	16	16
Ugaritic	Polish	38	36	<http://www.wikidata.org/entity/Q36928>	<http://www.wikidata.org/entity/Q809>	3314	141	0	0	0	0	7	146	146
Ugaritic	Portuguese	38	1	<http://www.wikidata.org/entity/Q36928>	<http://www.wikidata.org/entity/Q5146>	3314	466	0	0	0	0	0	466	466
Ugaritic	Punjabi	38	27	<http://www.wikidata.org/entity/Q36928>	<http://www.wikidata.org/entity/Q58635>	3314	593	0	0	0	0	0	593	593
Ugaritic	Quechua	38	44	<http://www.wikidata.org/entity/Q36928>	<http://www.wikidata.org/entity/Q5218>	3314	6	0	0	0	0	0	6	6
Ugaritic	Russian	38	17	<http://www.wikidata.org/entity/Q36928>	<http://www.wikidata.org/entity/Q7737>	3314	734	0	0	0	0	0	734	734
Ugaritic	Sanskrit	38	47	<http://www.wikidata.org/entity/Q36928>	<http://www.wikidata.org/entity/Q11059>	3314	210	0	0	0	0	0	210	210
Ugaritic	Southern Min	38	45	<http://www.wikidata.org/entity/Q36928>	<http://www.wikidata.org/entity/Q36495>	3314	192	0	0	0	0	0	192	192
Ugaritic	Spanish	38	12	<http://www.wikidata.org/entity/Q36928>	<http://www.wikidata.org/entity/Q1321>	3314	378	0	0	0	0	0	378	378
Ugaritic	Standard Chinese	38	35	<http://www.wikidata.org/entity/Q36928>	<http://www.wikidata.org/entity/Q727694>	3314	280	0	0	0	0	0	280	280
Ugaritic	Sumerian	38	18	<http://www.wikidata.org/entity/Q36928>	<http://www.wikidata.org/entity/Q36790>	3314	910	0	0	0	0	0	910	910
Ugaritic	Swedish	38	4	<http://www.wikidata.org/entity/Q36928>	<http://www.wikidata.org/entity/Q9027>	3314	768	0	0	0	0	0	768	768
Ugaritic	Turkish	38	40	<http://www.wikidata.org/entity/Q36928>	<http://www.wikidata.org/entity/Q256>	3314	282	0	0	0	0	0	282	282
