langLabel	targLabel	langRank	targRank	lang	targ	nSense	nsIFTS	nsTransToL2	nsTrans2ToL2	nsDemonym	nsPredicateFor	nsAny	nsAnyTrunc10k
Akkadian	Albanian	19	28	<http://www.wikidata.org/entity/Q35518>	<http://www.wikidata.org/entity/Q8748>	15737	383	0	0	0	8	391	391
Akkadian	Arabic	19	20	<http://www.wikidata.org/entity/Q35518>	<http://www.wikidata.org/entity/Q13955>	15737	695	2	3	0	68	763	763
Akkadian	Aragonese	19	6	<http://www.wikidata.org/entity/Q35518>	<http://www.wikidata.org/entity/Q8765>	15737	29	0	0	0	6	35	35
Akkadian	Bangla	19	21	<http://www.wikidata.org/entity/Q35518>	<http://www.wikidata.org/entity/Q9610>	15737	1093	0	0	0	165	1258	1258
Akkadian	Banjar	19	46	<http://www.wikidata.org/entity/Q35518>	<http://www.wikidata.org/entity/Q33151>	15737	169	0	0	0	5	174	174
Akkadian	Basque	19	9	<http://www.wikidata.org/entity/Q35518>	<http://www.wikidata.org/entity/Q8752>	15737	660	0	1	0	0	660	660
Akkadian	Bokmål	19	3	<http://www.wikidata.org/entity/Q35518>	<http://www.wikidata.org/entity/Q25167>	15737	3003	0	1	0	104	3107	3107
Akkadian	Breton	19	31	<http://www.wikidata.org/entity/Q35518>	<http://www.wikidata.org/entity/Q12107>	15737	2109	0	0	0	111	2220	2220
Akkadian	Central Bikol	19	49	<http://www.wikidata.org/entity/Q35518>	<http://www.wikidata.org/entity/Q33284>	15737	42	0	0	0	0	42	42
Akkadian	Czech	19	11	<http://www.wikidata.org/entity/Q35518>	<http://www.wikidata.org/entity/Q9056>	15737	1163	0	1	0	19	1182	1182
Akkadian	Dagbanli	19	22	<http://www.wikidata.org/entity/Q35518>	<http://www.wikidata.org/entity/Q32238>	15737	1514	0	1	0	25	1539	1539
Akkadian	Danish	19	14	<http://www.wikidata.org/entity/Q35518>	<http://www.wikidata.org/entity/Q9035>	15737	2275	0	1	0	112	2387	2387
Akkadian	Dutch	19	41	<http://www.wikidata.org/entity/Q35518>	<http://www.wikidata.org/entity/Q7411>	15737	580	0	0	0	28	608	608
Akkadian	Egyptian	19	16	<http://www.wikidata.org/entity/Q35518>	<http://www.wikidata.org/entity/Q50868>	15737	171	1	1	0	9	180	180
Akkadian	English	19	2	<http://www.wikidata.org/entity/Q35518>	<http://www.wikidata.org/entity/Q1860>	15737	3942	1	2	0	454	4396	4396
Akkadian	Estonian	19	34	<http://www.wikidata.org/entity/Q35518>	<http://www.wikidata.org/entity/Q9072>	15737	1543	0	0	0	66	1609	1609
Akkadian	Finnish	19	42	<http://www.wikidata.org/entity/Q35518>	<http://www.wikidata.org/entity/Q1412>	15737	796	0	1	0	43	839	839
Akkadian	French	19	7	<http://www.wikidata.org/entity/Q35518>	<http://www.wikidata.org/entity/Q150>	15737	2965	0	1	0	248	3213	3213
Akkadian	Fula	19	26	<http://www.wikidata.org/entity/Q35518>	<http://www.wikidata.org/entity/Q33454>	15737	242	0	0	0	5	247	247
Akkadian	German	19	13	<http://www.wikidata.org/entity/Q35518>	<http://www.wikidata.org/entity/Q188>	15737	2897	0	0	0	249	3146	3146
Akkadian	Hausa	19	48	<http://www.wikidata.org/entity/Q35518>	<http://www.wikidata.org/entity/Q56475>	15737	1061	0	0	0	158	1219	1219
Akkadian	Hebrew	19	29	<http://www.wikidata.org/entity/Q35518>	<http://www.wikidata.org/entity/Q9288>	15737	1943	1	2	0	67	2010	2010
Akkadian	Hindustani	19	37	<http://www.wikidata.org/entity/Q35518>	<http://www.wikidata.org/entity/Q11051>	15737	1161	0	0	0	72	1233	1233
Akkadian	Igbo	19	32	<http://www.wikidata.org/entity/Q35518>	<http://www.wikidata.org/entity/Q33578>	15737	1624	0	0	0	124	1748	1748
Akkadian	Italian	19	10	<http://www.wikidata.org/entity/Q35518>	<http://www.wikidata.org/entity/Q652>	15737	3251	1	2	0	93	3344	3344
Akkadian	Japanese	19	5	<http://www.wikidata.org/entity/Q35518>	<http://www.wikidata.org/entity/Q5287>	15737	2295	0	2	0	222	2517	2517
Akkadian	Klingon	19	43	<http://www.wikidata.org/entity/Q35518>	<http://www.wikidata.org/entity/Q10134>	15737	1196	0	0	0	120	1316	1316
Akkadian	Korean	19	50	<http://www.wikidata.org/entity/Q35518>	<http://www.wikidata.org/entity/Q9176>	15737	229	0	1	0	68	297	297
Akkadian	Latin	19	39	<http://www.wikidata.org/entity/Q35518>	<http://www.wikidata.org/entity/Q397>	15737	1507	0	1	0	38	1545	1545
Akkadian	Malay	19	33	<http://www.wikidata.org/entity/Q35518>	<http://www.wikidata.org/entity/Q9237>	15737	1600	0	1	0	183	1783	1783
Akkadian	Malayalam	19	23	<http://www.wikidata.org/entity/Q35518>	<http://www.wikidata.org/entity/Q36236>	15737	1782	0	1	0	49	1831	1831
Akkadian	Mon	19	30	<http://www.wikidata.org/entity/Q35518>	<http://www.wikidata.org/entity/Q13349>	15737	13	0	0	0	0	13	13
Akkadian	New Persian	19	24	<http://www.wikidata.org/entity/Q35518>	<http://www.wikidata.org/entity/Q56356571>	15737	1758	0	0	0	104	1862	1862
Akkadian	Northern Sami	19	25	<http://www.wikidata.org/entity/Q35518>	<http://www.wikidata.org/entity/Q33947>	15737	22	0	0	0	3	25	25
Akkadian	Nynorsk	19	8	<http://www.wikidata.org/entity/Q35518>	<http://www.wikidata.org/entity/Q25164>	15737	2209	0	1	0	72	2281	2281
Akkadian	Persian	19	15	<http://www.wikidata.org/entity/Q35518>	<http://www.wikidata.org/entity/Q9168>	15737	105	0	0	0	29	134	134
Akkadian	Polish	19	36	<http://www.wikidata.org/entity/Q35518>	<http://www.wikidata.org/entity/Q809>	15737	482	0	0	0	2	484	484
Akkadian	Portuguese	19	1	<http://www.wikidata.org/entity/Q35518>	<http://www.wikidata.org/entity/Q5146>	15737	1591	0	1	0	116	1707	1707
Akkadian	Punjabi	19	27	<http://www.wikidata.org/entity/Q35518>	<http://www.wikidata.org/entity/Q58635>	15737	1739	0	0	0	147	1886	1886
Akkadian	Quechua	19	44	<http://www.wikidata.org/entity/Q35518>	<http://www.wikidata.org/entity/Q5218>	15737	26	0	1	0	0	26	26
Akkadian	Russian	19	17	<http://www.wikidata.org/entity/Q35518>	<http://www.wikidata.org/entity/Q7737>	15737	2503	0	1	0	38	2541	2541
Akkadian	Sanskrit	19	47	<http://www.wikidata.org/entity/Q35518>	<http://www.wikidata.org/entity/Q11059>	15737	619	0	0	0	86	705	705
Akkadian	Southern Min	19	45	<http://www.wikidata.org/entity/Q35518>	<http://www.wikidata.org/entity/Q36495>	15737	663	0	1	0	52	715	715
Akkadian	Spanish	19	12	<http://www.wikidata.org/entity/Q35518>	<http://www.wikidata.org/entity/Q1321>	15737	1304	0	0	0	65	1369	1369
Akkadian	Standard Chinese	19	35	<http://www.wikidata.org/entity/Q35518>	<http://www.wikidata.org/entity/Q727694>	15737	848	0	1	0	115	963	963
Akkadian	Sumerian	19	18	<http://www.wikidata.org/entity/Q35518>	<http://www.wikidata.org/entity/Q36790>	15737	3561	2101	2101	0	440	4862	4862
Akkadian	Swedish	19	4	<http://www.wikidata.org/entity/Q35518>	<http://www.wikidata.org/entity/Q9027>	15737	2635	0	0	0	193	2828	2828
Akkadian	Turkish	19	40	<http://www.wikidata.org/entity/Q35518>	<http://www.wikidata.org/entity/Q256>	15737	905	0	0	0	188	1093	1093
Akkadian	Ugaritic	19	38	<http://www.wikidata.org/entity/Q35518>	<http://www.wikidata.org/entity/Q36928>	15737	1929	0	0	0	0	1929	1929
Albanian	Akkadian	28	19	<http://www.wikidata.org/entity/Q8748>	<http://www.wikidata.org/entity/Q35518>	8162	148	0	0	0	4	152	152
Albanian	Arabic	28	20	<http://www.wikidata.org/entity/Q8748>	<http://www.wikidata.org/entity/Q13955>	8162	83	0	0	0	2	85	85
Albanian	Aragonese	28	6	<http://www.wikidata.org/entity/Q8748>	<http://www.wikidata.org/entity/Q8765>	8162	14	0	0	0	0	14	14
Albanian	Bangla	28	21	<http://www.wikidata.org/entity/Q8748>	<http://www.wikidata.org/entity/Q9610>	8162	119	0	0	0	3	122	122
Albanian	Banjar	28	46	<http://www.wikidata.org/entity/Q8748>	<http://www.wikidata.org/entity/Q33151>	8162	16	0	0	0	0	16	16
Albanian	Basque	28	9	<http://www.wikidata.org/entity/Q8748>	<http://www.wikidata.org/entity/Q8752>	8162	106	0	1	0	0	106	106
Albanian	Bokmål	28	3	<http://www.wikidata.org/entity/Q8748>	<http://www.wikidata.org/entity/Q25167>	8162	292	0	1	4	2	296	296
Albanian	Breton	28	31	<http://www.wikidata.org/entity/Q8748>	<http://www.wikidata.org/entity/Q12107>	8162	191	0	1	0	2	193	193
Albanian	Central Bikol	28	49	<http://www.wikidata.org/entity/Q8748>	<http://www.wikidata.org/entity/Q33284>	8162	6	0	0	0	0	6	6
Albanian	Czech	28	11	<http://www.wikidata.org/entity/Q8748>	<http://www.wikidata.org/entity/Q9056>	8162	144	0	2	2	3	149	149
Albanian	Dagbanli	28	22	<http://www.wikidata.org/entity/Q8748>	<http://www.wikidata.org/entity/Q32238>	8162	114	0	0	0	0	114	114
Albanian	Danish	28	14	<http://www.wikidata.org/entity/Q8748>	<http://www.wikidata.org/entity/Q9035>	8162	229	0	2	4	2	233	233
Albanian	Dutch	28	41	<http://www.wikidata.org/entity/Q8748>	<http://www.wikidata.org/entity/Q7411>	8162	95	0	1	4	1	98	98
Albanian	Egyptian	28	16	<http://www.wikidata.org/entity/Q8748>	<http://www.wikidata.org/entity/Q50868>	8162	15	0	0	0	0	15	15
Albanian	English	28	2	<http://www.wikidata.org/entity/Q8748>	<http://www.wikidata.org/entity/Q1860>	8162	356	3	4	4	5	365	365
Albanian	Estonian	28	34	<http://www.wikidata.org/entity/Q8748>	<http://www.wikidata.org/entity/Q9072>	8162	185	0	1	2	1	188	188
Albanian	Finnish	28	42	<http://www.wikidata.org/entity/Q8748>	<http://www.wikidata.org/entity/Q1412>	8162	81	0	0	0	0	81	81
Albanian	French	28	7	<http://www.wikidata.org/entity/Q8748>	<http://www.wikidata.org/entity/Q150>	8162	274	0	2	4	3	279	279
Albanian	Fula	28	26	<http://www.wikidata.org/entity/Q8748>	<http://www.wikidata.org/entity/Q33454>	8162	23	0	0	0	0	23	23
Albanian	German	28	13	<http://www.wikidata.org/entity/Q8748>	<http://www.wikidata.org/entity/Q188>	8162	289	2	5	4	4	295	295
Albanian	Hausa	28	48	<http://www.wikidata.org/entity/Q8748>	<http://www.wikidata.org/entity/Q56475>	8162	78	0	0	0	3	81	81
Albanian	Hebrew	28	29	<http://www.wikidata.org/entity/Q8748>	<http://www.wikidata.org/entity/Q9288>	8162	191	0	0	0	1	192	192
Albanian	Hindustani	28	37	<http://www.wikidata.org/entity/Q8748>	<http://www.wikidata.org/entity/Q11051>	8162	107	0	0	0	2	109	109
Albanian	Igbo	28	32	<http://www.wikidata.org/entity/Q8748>	<http://www.wikidata.org/entity/Q33578>	8162	138	0	0	0	2	140	140
Albanian	Italian	28	10	<http://www.wikidata.org/entity/Q8748>	<http://www.wikidata.org/entity/Q652>	8162	289	2	3	4	4	297	297
Albanian	Japanese	28	5	<http://www.wikidata.org/entity/Q8748>	<http://www.wikidata.org/entity/Q5287>	8162	225	0	1	2	4	231	231
Albanian	Klingon	28	43	<http://www.wikidata.org/entity/Q8748>	<http://www.wikidata.org/entity/Q10134>	8162	113	0	0	0	1	114	114
Albanian	Korean	28	50	<http://www.wikidata.org/entity/Q8748>	<http://www.wikidata.org/entity/Q9176>	8162	42	0	0	0	0	42	42
Albanian	Latin	28	39	<http://www.wikidata.org/entity/Q8748>	<http://www.wikidata.org/entity/Q397>	8162	111	0	1	0	3	114	114
Albanian	Malay	28	33	<http://www.wikidata.org/entity/Q8748>	<http://www.wikidata.org/entity/Q9237>	8162	183	0	1	0	1	184	184
Albanian	Malayalam	28	23	<http://www.wikidata.org/entity/Q8748>	<http://www.wikidata.org/entity/Q36236>	8162	185	0	0	0	3	188	188
Albanian	Mon	28	30	<http://www.wikidata.org/entity/Q8748>	<http://www.wikidata.org/entity/Q13349>	8162	4	0	0	0	0	4	4
Albanian	New Persian	28	24	<http://www.wikidata.org/entity/Q8748>	<http://www.wikidata.org/entity/Q56356571>	8162	186	1	1	2	0	189	189
Albanian	Northern Sami	28	25	<http://www.wikidata.org/entity/Q8748>	<http://www.wikidata.org/entity/Q33947>	8162	6	0	1	0	0	6	6
Albanian	Nynorsk	28	8	<http://www.wikidata.org/entity/Q8748>	<http://www.wikidata.org/entity/Q25164>	8162	221	0	1	4	1	224	224
Albanian	Persian	28	15	<http://www.wikidata.org/entity/Q8748>	<http://www.wikidata.org/entity/Q9168>	8162	10	0	0	0	2	12	12
Albanian	Polish	28	36	<http://www.wikidata.org/entity/Q8748>	<http://www.wikidata.org/entity/Q809>	8162	75	0	1	0	1	76	76
Albanian	Portuguese	28	1	<http://www.wikidata.org/entity/Q8748>	<http://www.wikidata.org/entity/Q5146>	8162	172	0	1	0	3	175	175
Albanian	Punjabi	28	27	<http://www.wikidata.org/entity/Q8748>	<http://www.wikidata.org/entity/Q58635>	8162	169	0	0	2	4	175	175
Albanian	Quechua	28	44	<http://www.wikidata.org/entity/Q8748>	<http://www.wikidata.org/entity/Q5218>	8162	5	0	0	0	0	5	5
Albanian	Russian	28	17	<http://www.wikidata.org/entity/Q8748>	<http://www.wikidata.org/entity/Q7737>	8162	241	0	2	2	2	245	245
Albanian	Sanskrit	28	47	<http://www.wikidata.org/entity/Q8748>	<http://www.wikidata.org/entity/Q11059>	8162	67	0	0	0	1	68	68
Albanian	Southern Min	28	45	<http://www.wikidata.org/entity/Q8748>	<http://www.wikidata.org/entity/Q36495>	8162	73	0	0	0	0	73	73
Albanian	Spanish	28	12	<http://www.wikidata.org/entity/Q8748>	<http://www.wikidata.org/entity/Q1321>	8162	157	0	1	4	3	162	162
Albanian	Standard Chinese	28	35	<http://www.wikidata.org/entity/Q8748>	<http://www.wikidata.org/entity/Q727694>	8162	89	0	0	0	3	92	92
Albanian	Sumerian	28	18	<http://www.wikidata.org/entity/Q8748>	<http://www.wikidata.org/entity/Q36790>	8162	155	0	0	0	5	160	160
Albanian	Swedish	28	4	<http://www.wikidata.org/entity/Q8748>	<http://www.wikidata.org/entity/Q9027>	8162	266	0	1	4	4	272	272
Albanian	Turkish	28	40	<http://www.wikidata.org/entity/Q8748>	<http://www.wikidata.org/entity/Q256>	8162	149	22	23	0	1	161	161
Albanian	Ugaritic	28	38	<http://www.wikidata.org/entity/Q8748>	<http://www.wikidata.org/entity/Q36928>	8162	86	0	0	0	0	86	86
Arabic	Akkadian	20	19	<http://www.wikidata.org/entity/Q13955>	<http://www.wikidata.org/entity/Q35518>	14706	292	2	3	0	28	321	321
Arabic	Albanian	20	28	<http://www.wikidata.org/entity/Q13955>	<http://www.wikidata.org/entity/Q8748>	14706	88	0	0	0	1	89	89
Arabic	Aragonese	20	6	<http://www.wikidata.org/entity/Q13955>	<http://www.wikidata.org/entity/Q8765>	14706	32	0	0	0	1	33	33
Arabic	Bangla	20	21	<http://www.wikidata.org/entity/Q13955>	<http://www.wikidata.org/entity/Q9610>	14706	270	1	1	0	20	291	291
Arabic	Banjar	20	46	<http://www.wikidata.org/entity/Q13955>	<http://www.wikidata.org/entity/Q33151>	14706	29	0	1	0	0	29	29
Arabic	Basque	20	9	<http://www.wikidata.org/entity/Q13955>	<http://www.wikidata.org/entity/Q8752>	14706	187	0	0	0	0	187	187
Arabic	Bokmål	20	3	<http://www.wikidata.org/entity/Q13955>	<http://www.wikidata.org/entity/Q25167>	14706	607	1	3	2	12	621	621
Arabic	Breton	20	31	<http://www.wikidata.org/entity/Q13955>	<http://www.wikidata.org/entity/Q12107>	14706	368	1	1	0	13	381	381
Arabic	Central Bikol	20	49	<http://www.wikidata.org/entity/Q13955>	<http://www.wikidata.org/entity/Q33284>	14706	12	0	0	0	0	12	12
Arabic	Czech	20	11	<http://www.wikidata.org/entity/Q13955>	<http://www.wikidata.org/entity/Q9056>	14706	282	3	5	0	4	286	286
Arabic	Dagbanli	20	22	<http://www.wikidata.org/entity/Q13955>	<http://www.wikidata.org/entity/Q32238>	14706	229	0	2	0	4	233	233
Arabic	Danish	20	14	<http://www.wikidata.org/entity/Q13955>	<http://www.wikidata.org/entity/Q9035>	14706	500	1	5	2	10	512	512
Arabic	Dutch	20	41	<http://www.wikidata.org/entity/Q13955>	<http://www.wikidata.org/entity/Q7411>	14706	200	0	2	2	3	206	206
Arabic	Egyptian	20	16	<http://www.wikidata.org/entity/Q13955>	<http://www.wikidata.org/entity/Q50868>	14706	13	0	1	0	0	13	13
Arabic	English	20	2	<http://www.wikidata.org/entity/Q13955>	<http://www.wikidata.org/entity/Q1860>	14706	836	45	49	1	56	911	911
Arabic	Estonian	20	34	<http://www.wikidata.org/entity/Q13955>	<http://www.wikidata.org/entity/Q9072>	14706	336	0	0	0	11	347	347
Arabic	Finnish	20	42	<http://www.wikidata.org/entity/Q13955>	<http://www.wikidata.org/entity/Q1412>	14706	195	0	3	0	7	202	202
Arabic	French	20	7	<http://www.wikidata.org/entity/Q13955>	<http://www.wikidata.org/entity/Q150>	14706	622	9	14	2	31	656	656
Arabic	Fula	20	26	<http://www.wikidata.org/entity/Q13955>	<http://www.wikidata.org/entity/Q33454>	14706	52	0	0	0	2	54	54
Arabic	German	20	13	<http://www.wikidata.org/entity/Q13955>	<http://www.wikidata.org/entity/Q188>	14706	613	5	13	2	29	645	645
Arabic	Hausa	20	48	<http://www.wikidata.org/entity/Q13955>	<http://www.wikidata.org/entity/Q56475>	14706	183	0	0	0	25	208	208
Arabic	Hebrew	20	29	<http://www.wikidata.org/entity/Q13955>	<http://www.wikidata.org/entity/Q9288>	14706	433	7	9	0	10	447	447
Arabic	Hindustani	20	37	<http://www.wikidata.org/entity/Q13955>	<http://www.wikidata.org/entity/Q11051>	14706	281	0	0	0	17	298	298
Arabic	Igbo	20	32	<http://www.wikidata.org/entity/Q13955>	<http://www.wikidata.org/entity/Q33578>	14706	275	0	0	0	18	293	293
Arabic	Italian	20	10	<http://www.wikidata.org/entity/Q13955>	<http://www.wikidata.org/entity/Q652>	14706	654	5	13	1	18	675	675
Arabic	Japanese	20	5	<http://www.wikidata.org/entity/Q13955>	<http://www.wikidata.org/entity/Q5287>	14706	504	0	8	0	32	539	539
Arabic	Klingon	20	43	<http://www.wikidata.org/entity/Q13955>	<http://www.wikidata.org/entity/Q10134>	14706	211	0	1	0	18	230	230
Arabic	Korean	20	50	<http://www.wikidata.org/entity/Q13955>	<http://www.wikidata.org/entity/Q9176>	14706	120	0	0	0	10	130	130
Arabic	Latin	20	39	<http://www.wikidata.org/entity/Q13955>	<http://www.wikidata.org/entity/Q397>	14706	245	1	6	0	3	251	251
Arabic	Malay	20	33	<http://www.wikidata.org/entity/Q13955>	<http://www.wikidata.org/entity/Q9237>	14706	455	4	9	0	28	485	485
Arabic	Malayalam	20	23	<http://www.wikidata.org/entity/Q13955>	<http://www.wikidata.org/entity/Q36236>	14706	410	1	7	0	3	414	414
Arabic	Mon	20	30	<http://www.wikidata.org/entity/Q13955>	<http://www.wikidata.org/entity/Q13349>	14706	11	0	0	0	0	11	11
Arabic	New Persian	20	24	<http://www.wikidata.org/entity/Q13955>	<http://www.wikidata.org/entity/Q56356571>	14706	514	29	29	0	11	548	548
Arabic	Northern Sami	20	25	<http://www.wikidata.org/entity/Q13955>	<http://www.wikidata.org/entity/Q33947>	14706	14	0	0	0	0	14	14
Arabic	Nynorsk	20	8	<http://www.wikidata.org/entity/Q13955>	<http://www.wikidata.org/entity/Q25164>	14706	451	0	2	0	10	461	461
Arabic	Persian	20	15	<http://www.wikidata.org/entity/Q13955>	<http://www.wikidata.org/entity/Q9168>	14706	26	2	2	0	3	31	31
Arabic	Polish	20	36	<http://www.wikidata.org/entity/Q13955>	<http://www.wikidata.org/entity/Q809>	14706	162	3	5	0	0	162	162
Arabic	Portuguese	20	1	<http://www.wikidata.org/entity/Q13955>	<http://www.wikidata.org/entity/Q5146>	14706	347	0	7	0	19	368	368
Arabic	Punjabi	20	27	<http://www.wikidata.org/entity/Q13955>	<http://www.wikidata.org/entity/Q58635>	14706	437	4	7	0	18	461	461
Arabic	Quechua	20	44	<http://www.wikidata.org/entity/Q13955>	<http://www.wikidata.org/entity/Q5218>	14706	8	0	2	0	0	8	8
Arabic	Russian	20	17	<http://www.wikidata.org/entity/Q13955>	<http://www.wikidata.org/entity/Q7737>	14706	532	2	5	0	10	542	542
Arabic	Sanskrit	20	47	<http://www.wikidata.org/entity/Q13955>	<http://www.wikidata.org/entity/Q11059>	14706	143	0	0	0	10	153	153
Arabic	Southern Min	20	45	<http://www.wikidata.org/entity/Q13955>	<http://www.wikidata.org/entity/Q36495>	14706	141	0	5	0	4	147	147
Arabic	Spanish	20	12	<http://www.wikidata.org/entity/Q13955>	<http://www.wikidata.org/entity/Q1321>	14706	337	3	10	2	11	348	348
Arabic	Standard Chinese	20	35	<http://www.wikidata.org/entity/Q13955>	<http://www.wikidata.org/entity/Q727694>	14706	235	0	4	0	14	250	250
Arabic	Sumerian	20	18	<http://www.wikidata.org/entity/Q13955>	<http://www.wikidata.org/entity/Q36790>	14706	296	1	2	0	30	326	326
Arabic	Swedish	20	4	<http://www.wikidata.org/entity/Q13955>	<http://www.wikidata.org/entity/Q9027>	14706	585	1	3	2	13	599	599
Arabic	Turkish	20	40	<http://www.wikidata.org/entity/Q13955>	<http://www.wikidata.org/entity/Q256>	14706	282	7	8	0	25	312	312
Arabic	Ugaritic	20	38	<http://www.wikidata.org/entity/Q13955>	<http://www.wikidata.org/entity/Q36928>	14706	172	0	0	0	0	172	172
Aragonese	Akkadian	6	19	<http://www.wikidata.org/entity/Q8765>	<http://www.wikidata.org/entity/Q35518>	33758	16	0	0	0	2	18	18
Aragonese	Albanian	6	28	<http://www.wikidata.org/entity/Q8765>	<http://www.wikidata.org/entity/Q8748>	33758	14	0	0	0	0	14	14
Aragonese	Arabic	6	20	<http://www.wikidata.org/entity/Q8765>	<http://www.wikidata.org/entity/Q13955>	33758	31	0	0	0	1	32	32
Aragonese	Bangla	6	21	<http://www.wikidata.org/entity/Q8765>	<http://www.wikidata.org/entity/Q9610>	33758	29	0	0	0	2	31	31
Aragonese	Banjar	6	46	<http://www.wikidata.org/entity/Q8765>	<http://www.wikidata.org/entity/Q33151>	33758	1	0	0	0	0	1	1
Aragonese	Basque	6	9	<http://www.wikidata.org/entity/Q8765>	<http://www.wikidata.org/entity/Q8752>	33758	31	0	0	0	0	31	31
Aragonese	Bokmål	6	3	<http://www.wikidata.org/entity/Q8765>	<http://www.wikidata.org/entity/Q25167>	33758	62	0	0	0	2	64	64
Aragonese	Breton	6	31	<http://www.wikidata.org/entity/Q8765>	<http://www.wikidata.org/entity/Q12107>	33758	33	0	0	0	2	35	35
Aragonese	Central Bikol	6	49	<http://www.wikidata.org/entity/Q8765>	<http://www.wikidata.org/entity/Q33284>	33758	1	0	0	0	0	1	1
Aragonese	Czech	6	11	<http://www.wikidata.org/entity/Q8765>	<http://www.wikidata.org/entity/Q9056>	33758	30	1	2	0	0	31	31
Aragonese	Dagbanli	6	22	<http://www.wikidata.org/entity/Q8765>	<http://www.wikidata.org/entity/Q32238>	33758	20	0	0	0	2	22	22
Aragonese	Danish	6	14	<http://www.wikidata.org/entity/Q8765>	<http://www.wikidata.org/entity/Q9035>	33758	57	0	2	0	2	59	59
Aragonese	Dutch	6	41	<http://www.wikidata.org/entity/Q8765>	<http://www.wikidata.org/entity/Q7411>	33758	28	1	1	0	0	28	28
Aragonese	Egyptian	6	16	<http://www.wikidata.org/entity/Q8765>	<http://www.wikidata.org/entity/Q50868>	33758	1	0	0	0	0	1	1
Aragonese	English	6	2	<http://www.wikidata.org/entity/Q8765>	<http://www.wikidata.org/entity/Q1860>	33758	76	13	14	0	2	86	86
Aragonese	Estonian	6	34	<http://www.wikidata.org/entity/Q8765>	<http://www.wikidata.org/entity/Q9072>	33758	50	0	0	0	2	52	52
Aragonese	Finnish	6	42	<http://www.wikidata.org/entity/Q8765>	<http://www.wikidata.org/entity/Q1412>	33758	18	0	0	0	2	20	20
Aragonese	French	6	7	<http://www.wikidata.org/entity/Q8765>	<http://www.wikidata.org/entity/Q150>	33758	64	1	2	0	2	67	67
Aragonese	Fula	6	26	<http://www.wikidata.org/entity/Q8765>	<http://www.wikidata.org/entity/Q33454>	33758	4	0	0	0	1	5	5
Aragonese	German	6	13	<http://www.wikidata.org/entity/Q8765>	<http://www.wikidata.org/entity/Q188>	33758	64	2	3	0	2	67	67
Aragonese	Hausa	6	48	<http://www.wikidata.org/entity/Q8765>	<http://www.wikidata.org/entity/Q56475>	33758	22	0	0	0	2	24	24
Aragonese	Hebrew	6	29	<http://www.wikidata.org/entity/Q8765>	<http://www.wikidata.org/entity/Q9288>	33758	44	0	0	0	2	46	46
Aragonese	Hindustani	6	37	<http://www.wikidata.org/entity/Q8765>	<http://www.wikidata.org/entity/Q11051>	33758	23	0	0	0	2	25	25
Aragonese	Igbo	6	32	<http://www.wikidata.org/entity/Q8765>	<http://www.wikidata.org/entity/Q33578>	33758	26	0	0	0	2	28	28
Aragonese	Italian	6	10	<http://www.wikidata.org/entity/Q8765>	<http://www.wikidata.org/entity/Q652>	33758	70	3	4	0	1	72	72
Aragonese	Japanese	6	5	<http://www.wikidata.org/entity/Q8765>	<http://www.wikidata.org/entity/Q5287>	33758	55	0	1	0	2	57	57
Aragonese	Klingon	6	43	<http://www.wikidata.org/entity/Q8765>	<http://www.wikidata.org/entity/Q10134>	33758	21	0	0	0	2	23	23
Aragonese	Korean	6	50	<http://www.wikidata.org/entity/Q8765>	<http://www.wikidata.org/entity/Q9176>	33758	12	0	0	0	2	14	14
Aragonese	Latin	6	39	<http://www.wikidata.org/entity/Q8765>	<http://www.wikidata.org/entity/Q397>	33758	29	2	2	0	2	33	33
Aragonese	Malay	6	33	<http://www.wikidata.org/entity/Q8765>	<http://www.wikidata.org/entity/Q9237>	33758	43	0	0	0	2	45	45
Aragonese	Malayalam	6	23	<http://www.wikidata.org/entity/Q8765>	<http://www.wikidata.org/entity/Q36236>	33758	37	0	2	0	2	39	39
Aragonese	Mon	6	30	<http://www.wikidata.org/entity/Q8765>	<http://www.wikidata.org/entity/Q13349>	33758	3	0	0	0	0	3	3
Aragonese	New Persian	6	24	<http://www.wikidata.org/entity/Q8765>	<http://www.wikidata.org/entity/Q56356571>	33758	45	0	0	0	2	47	47
Aragonese	Northern Sami	6	25	<http://www.wikidata.org/entity/Q8765>	<http://www.wikidata.org/entity/Q33947>	33758	5	0	0	0	1	6	6
Aragonese	Nynorsk	6	8	<http://www.wikidata.org/entity/Q8765>	<http://www.wikidata.org/entity/Q25164>	33758	53	0	0	0	2	55	55
Aragonese	Persian	6	15	<http://www.wikidata.org/entity/Q8765>	<http://www.wikidata.org/entity/Q9168>	33758	4	0	0	0	0	4	4
Aragonese	Polish	6	36	<http://www.wikidata.org/entity/Q8765>	<http://www.wikidata.org/entity/Q809>	33758	23	0	0	0	0	23	23
Aragonese	Portuguese	6	1	<http://www.wikidata.org/entity/Q8765>	<http://www.wikidata.org/entity/Q5146>	33758	33	4	4	0	2	37	37
Aragonese	Punjabi	6	27	<http://www.wikidata.org/entity/Q8765>	<http://www.wikidata.org/entity/Q58635>	33758	45	0	0	0	2	47	47
Aragonese	Quechua	6	44	<http://www.wikidata.org/entity/Q8765>	<http://www.wikidata.org/entity/Q5218>	33758	2	0	0	0	0	2	2
Aragonese	Russian	6	17	<http://www.wikidata.org/entity/Q8765>	<http://www.wikidata.org/entity/Q7737>	33758	58	0	1	0	1	59	59
Aragonese	Sanskrit	6	47	<http://www.wikidata.org/entity/Q8765>	<http://www.wikidata.org/entity/Q11059>	33758	17	0	0	0	1	18	18
Aragonese	Southern Min	6	45	<http://www.wikidata.org/entity/Q8765>	<http://www.wikidata.org/entity/Q36495>	33758	29	0	0	0	2	31	31
Aragonese	Spanish	6	12	<http://www.wikidata.org/entity/Q8765>	<http://www.wikidata.org/entity/Q1321>	33758	70	31	33	0	2	86	86
Aragonese	Standard Chinese	6	35	<http://www.wikidata.org/entity/Q8765>	<http://www.wikidata.org/entity/Q727694>	33758	22	0	0	0	2	24	24
Aragonese	Sumerian	6	18	<http://www.wikidata.org/entity/Q8765>	<http://www.wikidata.org/entity/Q36790>	33758	17	0	0	0	2	19	19
Aragonese	Swedish	6	4	<http://www.wikidata.org/entity/Q8765>	<http://www.wikidata.org/entity/Q9027>	33758	54	0	0	0	2	56	56
Aragonese	Turkish	6	40	<http://www.wikidata.org/entity/Q8765>	<http://www.wikidata.org/entity/Q256>	33758	36	0	0	0	2	38	38
Aragonese	Ugaritic	6	38	<http://www.wikidata.org/entity/Q8765>	<http://www.wikidata.org/entity/Q36928>	33758	10	0	0	0	0	10	10
Bangla	Akkadian	21	19	<http://www.wikidata.org/entity/Q9610>	<http://www.wikidata.org/entity/Q35518>	14501	666	0	0	0	94	760	760
Bangla	Albanian	21	28	<http://www.wikidata.org/entity/Q9610>	<http://www.wikidata.org/entity/Q8748>	14501	339	0	0	0	2	341	341
Bangla	Arabic	21	20	<http://www.wikidata.org/entity/Q9610>	<http://www.wikidata.org/entity/Q13955>	14501	420	2	3	0	26	447	447
Bangla	Aragonese	21	6	<http://www.wikidata.org/entity/Q9610>	<http://www.wikidata.org/entity/Q8765>	14501	37	0	0	0	2	39	39
Bangla	Banjar	21	46	<http://www.wikidata.org/entity/Q9610>	<http://www.wikidata.org/entity/Q33151>	14501	66	0	1	0	1	67	67
Bangla	Basque	21	9	<http://www.wikidata.org/entity/Q9610>	<http://www.wikidata.org/entity/Q8752>	14501	335	0	0	0	3	338	338
Bangla	Bokmål	21	3	<http://www.wikidata.org/entity/Q9610>	<http://www.wikidata.org/entity/Q25167>	14501	1211	4	8	6	52	1274	1274
Bangla	Breton	21	31	<http://www.wikidata.org/entity/Q9610>	<http://www.wikidata.org/entity/Q12107>	14501	821	0	2	0	46	867	867
Bangla	Central Bikol	21	49	<http://www.wikidata.org/entity/Q9610>	<http://www.wikidata.org/entity/Q33284>	14501	119	0	0	0	0	119	119
Bangla	Czech	21	11	<http://www.wikidata.org/entity/Q9610>	<http://www.wikidata.org/entity/Q9056>	14501	723	2	7	2	14	741	741
Bangla	Dagbanli	21	22	<http://www.wikidata.org/entity/Q9610>	<http://www.wikidata.org/entity/Q32238>	14501	503	0	0	0	8	511	511
Bangla	Danish	21	14	<http://www.wikidata.org/entity/Q9610>	<http://www.wikidata.org/entity/Q9035>	14501	1030	0	8	6	34	1072	1072
Bangla	Dutch	21	41	<http://www.wikidata.org/entity/Q9610>	<http://www.wikidata.org/entity/Q7411>	14501	315	0	4	5	5	324	324
Bangla	Egyptian	21	16	<http://www.wikidata.org/entity/Q9610>	<http://www.wikidata.org/entity/Q50868>	14501	30	0	0	0	1	31	31
Bangla	English	21	2	<http://www.wikidata.org/entity/Q9610>	<http://www.wikidata.org/entity/Q1860>	14501	1484	54	64	5	168	1673	1673
Bangla	Estonian	21	34	<http://www.wikidata.org/entity/Q9610>	<http://www.wikidata.org/entity/Q9072>	14501	761	0	0	0	26	787	787
Bangla	Finnish	21	42	<http://www.wikidata.org/entity/Q9610>	<http://www.wikidata.org/entity/Q1412>	14501	334	0	1	0	17	352	352
Bangla	French	21	7	<http://www.wikidata.org/entity/Q9610>	<http://www.wikidata.org/entity/Q150>	14501	1317	3	12	4	92	1412	1412
Bangla	Fula	21	26	<http://www.wikidata.org/entity/Q9610>	<http://www.wikidata.org/entity/Q33454>	14501	112	0	0	0	2	114	114
Bangla	German	21	13	<http://www.wikidata.org/entity/Q9610>	<http://www.wikidata.org/entity/Q188>	14501	1278	18	24	6	94	1387	1387
Bangla	Hausa	21	48	<http://www.wikidata.org/entity/Q9610>	<http://www.wikidata.org/entity/Q56475>	14501	383	0	0	0	54	437	437
Bangla	Hebrew	21	29	<http://www.wikidata.org/entity/Q9610>	<http://www.wikidata.org/entity/Q9288>	14501	876	0	1	2	18	896	896
Bangla	Hindustani	21	37	<http://www.wikidata.org/entity/Q9610>	<http://www.wikidata.org/entity/Q11051>	14501	839	51	57	0	42	923	923
Bangla	Igbo	21	32	<http://www.wikidata.org/entity/Q9610>	<http://www.wikidata.org/entity/Q33578>	14501	668	0	0	0	55	723	723
Bangla	Italian	21	10	<http://www.wikidata.org/entity/Q9610>	<http://www.wikidata.org/entity/Q652>	14501	1302	1	7	5	42	1351	1351
Bangla	Japanese	21	5	<http://www.wikidata.org/entity/Q9610>	<http://www.wikidata.org/entity/Q5287>	14501	1042	0	8	0	97	1141	1141
Bangla	Klingon	21	43	<http://www.wikidata.org/entity/Q9610>	<http://www.wikidata.org/entity/Q10134>	14501	508	0	2	0	41	550	550
Bangla	Korean	21	50	<http://www.wikidata.org/entity/Q9610>	<http://www.wikidata.org/entity/Q9176>	14501	181	5	6	0	27	213	213
Bangla	Latin	21	39	<http://www.wikidata.org/entity/Q9610>	<http://www.wikidata.org/entity/Q397>	14501	420	0	4	0	12	433	433
Bangla	Malay	21	33	<http://www.wikidata.org/entity/Q9610>	<http://www.wikidata.org/entity/Q9237>	14501	849	1	8	0	76	927	927
Bangla	Malayalam	21	23	<http://www.wikidata.org/entity/Q9610>	<http://www.wikidata.org/entity/Q36236>	14501	1063	4	22	0	18	1086	1086
Bangla	Mon	21	30	<http://www.wikidata.org/entity/Q9610>	<http://www.wikidata.org/entity/Q13349>	14501	11	0	0	0	0	11	11
Bangla	New Persian	21	24	<http://www.wikidata.org/entity/Q9610>	<http://www.wikidata.org/entity/Q56356571>	14501	868	8	10	2	36	911	911
Bangla	Northern Sami	21	25	<http://www.wikidata.org/entity/Q9610>	<http://www.wikidata.org/entity/Q33947>	14501	23	0	0	0	1	24	24
Bangla	Nynorsk	21	8	<http://www.wikidata.org/entity/Q9610>	<http://www.wikidata.org/entity/Q25164>	14501	910	1	5	3	32	947	947
Bangla	Persian	21	15	<http://www.wikidata.org/entity/Q9610>	<http://www.wikidata.org/entity/Q9168>	14501	42	1	1	0	12	55	55
Bangla	Polish	21	36	<http://www.wikidata.org/entity/Q9610>	<http://www.wikidata.org/entity/Q809>	14501	333	0	2	0	0	333	333
Bangla	Portuguese	21	1	<http://www.wikidata.org/entity/Q9610>	<http://www.wikidata.org/entity/Q5146>	14501	767	3	9	2	42	815	815
Bangla	Punjabi	21	27	<http://www.wikidata.org/entity/Q9610>	<http://www.wikidata.org/entity/Q58635>	14501	908	40	46	1	67	1012	1012
Bangla	Quechua	21	44	<http://www.wikidata.org/entity/Q9610>	<http://www.wikidata.org/entity/Q5218>	14501	14	0	2	0	0	14	14
Bangla	Russian	21	17	<http://www.wikidata.org/entity/Q9610>	<http://www.wikidata.org/entity/Q7737>	14501	1010	1	4	1	25	1037	1037
Bangla	Sanskrit	21	47	<http://www.wikidata.org/entity/Q9610>	<http://www.wikidata.org/entity/Q11059>	14501	540	18	21	0	27	581	581
Bangla	Southern Min	21	45	<http://www.wikidata.org/entity/Q9610>	<http://www.wikidata.org/entity/Q36495>	14501	463	0	5	0	17	481	481
Bangla	Spanish	21	12	<http://www.wikidata.org/entity/Q9610>	<http://www.wikidata.org/entity/Q1321>	14501	727	1	9	6	30	762	762
Bangla	Standard Chinese	21	35	<http://www.wikidata.org/entity/Q9610>	<http://www.wikidata.org/entity/Q727694>	14501	539	0	6	0	48	588	588
Bangla	Sumerian	21	18	<http://www.wikidata.org/entity/Q9610>	<http://www.wikidata.org/entity/Q36790>	14501	721	0	0	0	98	819	819
Bangla	Swedish	21	4	<http://www.wikidata.org/entity/Q9610>	<http://www.wikidata.org/entity/Q9027>	14501	1153	2	11	6	85	1248	1248
Bangla	Turkish	21	40	<http://www.wikidata.org/entity/Q9610>	<http://www.wikidata.org/entity/Q256>	14501	483	1	6	0	65	551	551
Bangla	Ugaritic	21	38	<http://www.wikidata.org/entity/Q9610>	<http://www.wikidata.org/entity/Q36928>	14501	489	0	0	0	0	489	489
Banjar	Akkadian	46	19	<http://www.wikidata.org/entity/Q33151>	<http://www.wikidata.org/entity/Q35518>	1938	66	0	0	0	1	67	67
Banjar	Albanian	46	28	<http://www.wikidata.org/entity/Q33151>	<http://www.wikidata.org/entity/Q8748>	1938	15	0	0	0	0	15	15
Banjar	Arabic	46	20	<http://www.wikidata.org/entity/Q33151>	<http://www.wikidata.org/entity/Q13955>	1938	28	0	1	0	0	28	28
Banjar	Aragonese	46	6	<http://www.wikidata.org/entity/Q33151>	<http://www.wikidata.org/entity/Q8765>	1938	1	0	0	0	0	1	1
Banjar	Bangla	46	21	<http://www.wikidata.org/entity/Q33151>	<http://www.wikidata.org/entity/Q9610>	1938	34	0	0	0	1	35	35
Banjar	Basque	46	9	<http://www.wikidata.org/entity/Q33151>	<http://www.wikidata.org/entity/Q8752>	1938	21	0	1	0	0	21	21
Banjar	Bokmål	46	3	<http://www.wikidata.org/entity/Q33151>	<http://www.wikidata.org/entity/Q25167>	1938	90	0	0	0	0	90	90
Banjar	Breton	46	31	<http://www.wikidata.org/entity/Q33151>	<http://www.wikidata.org/entity/Q12107>	1938	64	0	0	0	0	64	64
Banjar	Central Bikol	46	49	<http://www.wikidata.org/entity/Q33151>	<http://www.wikidata.org/entity/Q33284>	1938	5	0	0	0	0	5	5
Banjar	Czech	46	11	<http://www.wikidata.org/entity/Q33151>	<http://www.wikidata.org/entity/Q9056>	1938	47	2	6	0	0	47	47
Banjar	Dagbanli	46	22	<http://www.wikidata.org/entity/Q33151>	<http://www.wikidata.org/entity/Q32238>	1938	54	0	1	0	0	54	54
Banjar	Danish	46	14	<http://www.wikidata.org/entity/Q33151>	<http://www.wikidata.org/entity/Q9035>	1938	79	2	4	0	0	79	79
Banjar	Dutch	46	41	<http://www.wikidata.org/entity/Q33151>	<http://www.wikidata.org/entity/Q7411>	1938	26	1	2	0	0	26	26
Banjar	Egyptian	46	16	<http://www.wikidata.org/entity/Q33151>	<http://www.wikidata.org/entity/Q50868>	1938	5	0	0	0	0	5	5
Banjar	English	46	2	<http://www.wikidata.org/entity/Q33151>	<http://www.wikidata.org/entity/Q1860>	1938	97	77	77	0	1	119	119
Banjar	Estonian	46	34	<http://www.wikidata.org/entity/Q33151>	<http://www.wikidata.org/entity/Q9072>	1938	53	0	1	0	0	54	54
Banjar	Finnish	46	42	<http://www.wikidata.org/entity/Q33151>	<http://www.wikidata.org/entity/Q1412>	1938	31	0	0	0	0	31	31
Banjar	French	46	7	<http://www.wikidata.org/entity/Q33151>	<http://www.wikidata.org/entity/Q150>	1938	75	10	14	0	0	77	77
Banjar	Fula	46	26	<http://www.wikidata.org/entity/Q33151>	<http://www.wikidata.org/entity/Q33454>	1938	16	0	0	0	0	16	16
Banjar	German	46	13	<http://www.wikidata.org/entity/Q33151>	<http://www.wikidata.org/entity/Q188>	1938	87	11	17	0	0	90	90
Banjar	Hausa	46	48	<http://www.wikidata.org/entity/Q33151>	<http://www.wikidata.org/entity/Q56475>	1938	35	0	0	0	0	35	35
Banjar	Hebrew	46	29	<http://www.wikidata.org/entity/Q33151>	<http://www.wikidata.org/entity/Q9288>	1938	70	0	0	0	0	70	70
Banjar	Hindustani	46	37	<http://www.wikidata.org/entity/Q33151>	<http://www.wikidata.org/entity/Q11051>	1938	32	3	6	0	0	33	33
Banjar	Igbo	46	32	<http://www.wikidata.org/entity/Q33151>	<http://www.wikidata.org/entity/Q33578>	1938	52	0	0	0	0	52	52
Banjar	Italian	46	10	<http://www.wikidata.org/entity/Q33151>	<http://www.wikidata.org/entity/Q652>	1938	81	7	9	0	0	87	87
Banjar	Japanese	46	5	<http://www.wikidata.org/entity/Q33151>	<http://www.wikidata.org/entity/Q5287>	1938	69	13	15	0	0	73	73
Banjar	Klingon	46	43	<http://www.wikidata.org/entity/Q33151>	<http://www.wikidata.org/entity/Q10134>	1938	36	0	0	0	0	36	36
Banjar	Korean	46	50	<http://www.wikidata.org/entity/Q33151>	<http://www.wikidata.org/entity/Q9176>	1938	8	0	0	0	0	8	8
Banjar	Latin	46	39	<http://www.wikidata.org/entity/Q33151>	<http://www.wikidata.org/entity/Q397>	1938	34	1	1	0	0	35	35
Banjar	Malay	46	33	<http://www.wikidata.org/entity/Q33151>	<http://www.wikidata.org/entity/Q9237>	1938	72	24	24	0	0	79	79
Banjar	Malayalam	46	23	<http://www.wikidata.org/entity/Q33151>	<http://www.wikidata.org/entity/Q36236>	1938	64	5	9	0	0	66	66
Banjar	Mon	46	30	<http://www.wikidata.org/entity/Q33151>	<http://www.wikidata.org/entity/Q13349>	1938	3	0	0	0	0	3	3
Banjar	New Persian	46	24	<http://www.wikidata.org/entity/Q33151>	<http://www.wikidata.org/entity/Q56356571>	1938	53	0	1	0	0	53	53
Banjar	Northern Sami	46	25	<http://www.wikidata.org/entity/Q33151>	<http://www.wikidata.org/entity/Q33947>	1938	4	0	0	0	0	4	4
Banjar	Nynorsk	46	8	<http://www.wikidata.org/entity/Q33151>	<http://www.wikidata.org/entity/Q25164>	1938	81	0	3	0	0	81	81
Banjar	Persian	46	15	<http://www.wikidata.org/entity/Q33151>	<http://www.wikidata.org/entity/Q9168>	1938	6	0	0	0	0	6	6
Banjar	Polish	46	36	<http://www.wikidata.org/entity/Q33151>	<http://www.wikidata.org/entity/Q809>	1938	24	0	1	0	0	24	24
Banjar	Portuguese	46	1	<http://www.wikidata.org/entity/Q33151>	<http://www.wikidata.org/entity/Q5146>	1938	47	1	4	0	0	49	49
Banjar	Punjabi	46	27	<http://www.wikidata.org/entity/Q33151>	<http://www.wikidata.org/entity/Q58635>	1938	54	0	0	0	0	54	54
Banjar	Quechua	46	44	<http://www.wikidata.org/entity/Q33151>	<http://www.wikidata.org/entity/Q5218>	1938	4	0	2	0	0	4	4
Banjar	Russian	46	17	<http://www.wikidata.org/entity/Q33151>	<http://www.wikidata.org/entity/Q7737>	1938	67	1	4	0	0	69	69
Banjar	Sanskrit	46	47	<http://www.wikidata.org/entity/Q33151>	<http://www.wikidata.org/entity/Q11059>	1938	23	1	1	0	0	23	23
Banjar	Southern Min	46	45	<http://www.wikidata.org/entity/Q33151>	<http://www.wikidata.org/entity/Q36495>	1938	26	1	8	0	0	28	28
Banjar	Spanish	46	12	<http://www.wikidata.org/entity/Q33151>	<http://www.wikidata.org/entity/Q1321>	1938	44	2	8	0	0	47	47
Banjar	Standard Chinese	46	35	<http://www.wikidata.org/entity/Q33151>	<http://www.wikidata.org/entity/Q727694>	1938	22	1	4	0	0	22	22
Banjar	Sumerian	46	18	<http://www.wikidata.org/entity/Q33151>	<http://www.wikidata.org/entity/Q36790>	1938	62	0	0	0	1	63	63
Banjar	Swedish	46	4	<http://www.wikidata.org/entity/Q33151>	<http://www.wikidata.org/entity/Q9027>	1938	89	2	2	0	1	90	90
Banjar	Turkish	46	40	<http://www.wikidata.org/entity/Q33151>	<http://www.wikidata.org/entity/Q256>	1938	32	0	1	0	0	32	32
Banjar	Ugaritic	46	38	<http://www.wikidata.org/entity/Q33151>	<http://www.wikidata.org/entity/Q36928>	1938	38	0	0	0	0	38	38
Basque	Akkadian	9	19	<http://www.wikidata.org/entity/Q8752>	<http://www.wikidata.org/entity/Q35518>	30759	306	0	1	0	0	306	306
Basque	Albanian	9	28	<http://www.wikidata.org/entity/Q8752>	<http://www.wikidata.org/entity/Q8748>	30759	118	0	1	0	0	118	118
Basque	Arabic	9	20	<http://www.wikidata.org/entity/Q8752>	<http://www.wikidata.org/entity/Q13955>	30759	200	0	0	0	0	200	200
Basque	Aragonese	9	6	<http://www.wikidata.org/entity/Q8752>	<http://www.wikidata.org/entity/Q8765>	30759	36	0	0	0	0	36	36
Basque	Bangla	9	21	<http://www.wikidata.org/entity/Q8752>	<http://www.wikidata.org/entity/Q9610>	30759	277	0	0	0	3	280	280
Basque	Banjar	9	46	<http://www.wikidata.org/entity/Q8752>	<http://www.wikidata.org/entity/Q33151>	30759	25	0	1	0	0	25	25
Basque	Bokmål	9	3	<http://www.wikidata.org/entity/Q8752>	<http://www.wikidata.org/entity/Q25167>	30759	1592	1	3	0	1	1594	1594
Basque	Breton	9	31	<http://www.wikidata.org/entity/Q8752>	<http://www.wikidata.org/entity/Q12107>	30759	527	1	2	0	1	528	528
Basque	Central Bikol	9	49	<http://www.wikidata.org/entity/Q8752>	<http://www.wikidata.org/entity/Q33284>	30759	8	0	0	0	0	8	8
Basque	Czech	9	11	<http://www.wikidata.org/entity/Q8752>	<http://www.wikidata.org/entity/Q9056>	30759	491	6	12	0	0	492	492
Basque	Dagbanli	9	22	<http://www.wikidata.org/entity/Q8752>	<http://www.wikidata.org/entity/Q32238>	30759	279	0	2	0	0	279	279
Basque	Danish	9	14	<http://www.wikidata.org/entity/Q8752>	<http://www.wikidata.org/entity/Q9035>	30759	994	1	7	0	1	996	996
Basque	Dutch	9	41	<http://www.wikidata.org/entity/Q8752>	<http://www.wikidata.org/entity/Q7411>	30759	341	0	5	0	0	341	341
Basque	Egyptian	9	16	<http://www.wikidata.org/entity/Q8752>	<http://www.wikidata.org/entity/Q50868>	30759	12	0	0	0	0	12	12
Basque	English	9	2	<http://www.wikidata.org/entity/Q8752>	<http://www.wikidata.org/entity/Q1860>	30759	1927	14	27	0	3	1933	1933
Basque	Estonian	9	34	<http://www.wikidata.org/entity/Q8752>	<http://www.wikidata.org/entity/Q9072>	30759	504	0	2	0	1	505	505
Basque	Finnish	9	42	<http://www.wikidata.org/entity/Q8752>	<http://www.wikidata.org/entity/Q1412>	30759	175	1	1	0	0	175	175
Basque	French	9	7	<http://www.wikidata.org/entity/Q8752>	<http://www.wikidata.org/entity/Q150>	30759	1501	3	13	0	3	1504	1504
Basque	Fula	9	26	<http://www.wikidata.org/entity/Q8752>	<http://www.wikidata.org/entity/Q33454>	30759	37	0	0	0	0	37	37
Basque	German	9	13	<http://www.wikidata.org/entity/Q8752>	<http://www.wikidata.org/entity/Q188>	30759	1250	5	8	0	3	1253	1253
Basque	Hausa	9	48	<http://www.wikidata.org/entity/Q8752>	<http://www.wikidata.org/entity/Q56475>	30759	170	0	0	0	1	171	171
Basque	Hebrew	9	29	<http://www.wikidata.org/entity/Q8752>	<http://www.wikidata.org/entity/Q9288>	30759	968	0	3	0	1	969	969
Basque	Hindustani	9	37	<http://www.wikidata.org/entity/Q8752>	<http://www.wikidata.org/entity/Q11051>	30759	227	0	0	0	1	228	228
Basque	Igbo	9	32	<http://www.wikidata.org/entity/Q8752>	<http://www.wikidata.org/entity/Q33578>	30759	325	0	0	0	2	327	327
Basque	Italian	9	10	<http://www.wikidata.org/entity/Q8752>	<http://www.wikidata.org/entity/Q652>	30759	1793	4	9	0	1	1794	1794
Basque	Japanese	9	5	<http://www.wikidata.org/entity/Q8752>	<http://www.wikidata.org/entity/Q5287>	30759	941	0	3	0	2	943	943
Basque	Klingon	9	43	<http://www.wikidata.org/entity/Q8752>	<http://www.wikidata.org/entity/Q10134>	30759	282	0	0	0	0	282	282
Basque	Korean	9	50	<http://www.wikidata.org/entity/Q8752>	<http://www.wikidata.org/entity/Q9176>	30759	143	2	3	0	0	143	143
Basque	Latin	9	39	<http://www.wikidata.org/entity/Q8752>	<http://www.wikidata.org/entity/Q397>	30759	350	0	3	0	1	351	351
Basque	Malay	9	33	<http://www.wikidata.org/entity/Q8752>	<http://www.wikidata.org/entity/Q9237>	30759	546	0	1	0	3	549	549
Basque	Malayalam	9	23	<http://www.wikidata.org/entity/Q8752>	<http://www.wikidata.org/entity/Q36236>	30759	731	0	1	0	0	731	731
Basque	Mon	9	30	<http://www.wikidata.org/entity/Q8752>	<http://www.wikidata.org/entity/Q13349>	30759	9	0	0	0	0	9	9
Basque	New Persian	9	24	<http://www.wikidata.org/entity/Q8752>	<http://www.wikidata.org/entity/Q56356571>	30759	545	0	1	0	2	547	547
Basque	Northern Sami	9	25	<http://www.wikidata.org/entity/Q8752>	<http://www.wikidata.org/entity/Q33947>	30759	12	0	0	0	0	12	12
Basque	Nynorsk	9	8	<http://www.wikidata.org/entity/Q8752>	<http://www.wikidata.org/entity/Q25164>	30759	1178	2	6	0	0	1179	1179
Basque	Persian	9	15	<http://www.wikidata.org/entity/Q8752>	<http://www.wikidata.org/entity/Q9168>	30759	109	0	0	0	1	110	110
Basque	Polish	9	36	<http://www.wikidata.org/entity/Q8752>	<http://www.wikidata.org/entity/Q809>	30759	197	2	4	0	0	198	198
Basque	Portuguese	9	1	<http://www.wikidata.org/entity/Q8752>	<http://www.wikidata.org/entity/Q5146>	30759	532	1	6	0	2	534	534
Basque	Punjabi	9	27	<http://www.wikidata.org/entity/Q8752>	<http://www.wikidata.org/entity/Q58635>	30759	395	0	0	0	2	397	397
Basque	Quechua	9	44	<http://www.wikidata.org/entity/Q8752>	<http://www.wikidata.org/entity/Q5218>	30759	10	0	2	0	0	10	10
Basque	Russian	9	17	<http://www.wikidata.org/entity/Q8752>	<http://www.wikidata.org/entity/Q7737>	30759	1210	1	3	0	1	1211	1211
Basque	Sanskrit	9	47	<http://www.wikidata.org/entity/Q8752>	<http://www.wikidata.org/entity/Q11059>	30759	92	0	0	0	1	93	93
Basque	Southern Min	9	45	<http://www.wikidata.org/entity/Q8752>	<http://www.wikidata.org/entity/Q36495>	30759	268	0	1	0	1	269	269
Basque	Spanish	9	12	<http://www.wikidata.org/entity/Q8752>	<http://www.wikidata.org/entity/Q1321>	30759	736	18	21	0	0	737	737
Basque	Standard Chinese	9	35	<http://www.wikidata.org/entity/Q8752>	<http://www.wikidata.org/entity/Q727694>	30759	204	3	6	0	1	205	205
Basque	Sumerian	9	18	<http://www.wikidata.org/entity/Q8752>	<http://www.wikidata.org/entity/Q36790>	30759	314	1	1	0	2	316	316
Basque	Swedish	9	4	<http://www.wikidata.org/entity/Q8752>	<http://www.wikidata.org/entity/Q9027>	30759	1359	1	3	0	1	1360	1360
Basque	Turkish	9	40	<http://www.wikidata.org/entity/Q8752>	<http://www.wikidata.org/entity/Q256>	30759	236	0	1	0	2	238	238
Basque	Ugaritic	9	38	<http://www.wikidata.org/entity/Q8752>	<http://www.wikidata.org/entity/Q36928>	30759	163	0	0	0	0	163	163
Bokmål	Akkadian	3	19	<http://www.wikidata.org/entity/Q25167>	<http://www.wikidata.org/entity/Q35518>	50565	1954	0	4	0	90	2044	2044
Bokmål	Albanian	3	28	<http://www.wikidata.org/entity/Q25167>	<http://www.wikidata.org/entity/Q8748>	50565	423	0	4	3	3	428	428
Bokmål	Arabic	3	20	<http://www.wikidata.org/entity/Q25167>	<http://www.wikidata.org/entity/Q13955>	50565	884	2	9	2	25	911	911
Bokmål	Aragonese	3	6	<http://www.wikidata.org/entity/Q25167>	<http://www.wikidata.org/entity/Q8765>	50565	90	0	0	0	4	94	94
Bokmål	Bangla	3	21	<http://www.wikidata.org/entity/Q25167>	<http://www.wikidata.org/entity/Q9610>	50565	1195	3	8	8	82	1290	1290
Bokmål	Banjar	3	46	<http://www.wikidata.org/entity/Q25167>	<http://www.wikidata.org/entity/Q33151>	50565	168	0	0	0	0	168	168
Bokmål	Basque	3	9	<http://www.wikidata.org/entity/Q25167>	<http://www.wikidata.org/entity/Q8752>	50565	2058	1	6	0	1	2063	2063
Bokmål	Breton	3	31	<http://www.wikidata.org/entity/Q25167>	<http://www.wikidata.org/entity/Q12107>	50565	2654	1	6	9	69	2725	2725
Bokmål	Central Bikol	3	49	<http://www.wikidata.org/entity/Q25167>	<http://www.wikidata.org/entity/Q33284>	50565	47	0	0	0	0	47	47
Bokmål	Czech	3	11	<http://www.wikidata.org/entity/Q25167>	<http://www.wikidata.org/entity/Q9056>	50565	2509	4	30	35	13	2541	2541
Bokmål	Dagbanli	3	22	<http://www.wikidata.org/entity/Q25167>	<http://www.wikidata.org/entity/Q32238>	50565	1381	3	5	0	14	1395	1395
Bokmål	Danish	3	14	<http://www.wikidata.org/entity/Q25167>	<http://www.wikidata.org/entity/Q9035>	50565	6476	192	204	243	91	6906	6906
Bokmål	Dutch	3	41	<http://www.wikidata.org/entity/Q25167>	<http://www.wikidata.org/entity/Q7411>	50565	1303	2	6	269	11	1583	1583
Bokmål	Egyptian	3	16	<http://www.wikidata.org/entity/Q25167>	<http://www.wikidata.org/entity/Q50868>	50565	68	0	0	0	0	68	68
Bokmål	English	3	2	<http://www.wikidata.org/entity/Q25167>	<http://www.wikidata.org/entity/Q1860>	50565	10387	97	126	180	263	10802	10000
Bokmål	Estonian	3	34	<http://www.wikidata.org/entity/Q25167>	<http://www.wikidata.org/entity/Q9072>	50565	2723	4	5	1	44	2770	2770
Bokmål	Finnish	3	42	<http://www.wikidata.org/entity/Q25167>	<http://www.wikidata.org/entity/Q1412>	50565	1029	5	17	3	26	1059	1059
Bokmål	French	3	7	<http://www.wikidata.org/entity/Q25167>	<http://www.wikidata.org/entity/Q150>	50565	7692	23	60	313	130	8088	8088
Bokmål	Fula	3	26	<http://www.wikidata.org/entity/Q25167>	<http://www.wikidata.org/entity/Q33454>	50565	199	0	0	0	4	203	203
Bokmål	German	3	13	<http://www.wikidata.org/entity/Q25167>	<http://www.wikidata.org/entity/Q188>	50565	7529	47	92	194	159	7839	7839
Bokmål	Hausa	3	48	<http://www.wikidata.org/entity/Q25167>	<http://www.wikidata.org/entity/Q56475>	50565	750	0	0	1	49	800	800
Bokmål	Hebrew	3	29	<http://www.wikidata.org/entity/Q25167>	<http://www.wikidata.org/entity/Q9288>	50565	4514	1	8	3	34	4551	4551
Bokmål	Hindustani	3	37	<http://www.wikidata.org/entity/Q25167>	<http://www.wikidata.org/entity/Q11051>	50565	1138	3	3	3	42	1183	1183
Bokmål	Igbo	3	32	<http://www.wikidata.org/entity/Q25167>	<http://www.wikidata.org/entity/Q33578>	50565	1709	0	1	0	76	1783	1783
Bokmål	Italian	3	10	<http://www.wikidata.org/entity/Q25167>	<http://www.wikidata.org/entity/Q652>	50565	8780	25	49	282	49	9126	9126
Bokmål	Japanese	3	5	<http://www.wikidata.org/entity/Q25167>	<http://www.wikidata.org/entity/Q5287>	50565	5286	0	13	9	110	5399	5399
Bokmål	Klingon	3	43	<http://www.wikidata.org/entity/Q25167>	<http://www.wikidata.org/entity/Q10134>	50565	1256	0	2	2	59	1317	1317
Bokmål	Korean	3	50	<http://www.wikidata.org/entity/Q25167>	<http://www.wikidata.org/entity/Q9176>	50565	611	0	0	0	43	654	654
Bokmål	Latin	3	39	<http://www.wikidata.org/entity/Q25167>	<http://www.wikidata.org/entity/Q397>	50565	1684	0	14	0	17	1705	1705
Bokmål	Malay	3	33	<http://www.wikidata.org/entity/Q25167>	<http://www.wikidata.org/entity/Q9237>	50565	2562	0	12	2	85	2646	2646
Bokmål	Malayalam	3	23	<http://www.wikidata.org/entity/Q25167>	<http://www.wikidata.org/entity/Q36236>	50565	3562	3	11	0	22	3584	3584
Bokmål	Mon	3	30	<http://www.wikidata.org/entity/Q25167>	<http://www.wikidata.org/entity/Q13349>	50565	23	0	0	0	0	23	23
Bokmål	New Persian	3	24	<http://www.wikidata.org/entity/Q25167>	<http://www.wikidata.org/entity/Q56356571>	50565	2754	4	6	12	58	2820	2820
Bokmål	Northern Sami	3	25	<http://www.wikidata.org/entity/Q25167>	<http://www.wikidata.org/entity/Q33947>	50565	33	4	5	0	1	34	34
Bokmål	Nynorsk	3	8	<http://www.wikidata.org/entity/Q25167>	<http://www.wikidata.org/entity/Q25164>	50565	14424	32649	32651	385	204	33214	10000
Bokmål	Persian	3	15	<http://www.wikidata.org/entity/Q25167>	<http://www.wikidata.org/entity/Q9168>	50565	552	0	0	0	18	570	570
Bokmål	Polish	3	36	<http://www.wikidata.org/entity/Q25167>	<http://www.wikidata.org/entity/Q809>	50565	883	3	18	1	1	890	890
Bokmål	Portuguese	3	1	<http://www.wikidata.org/entity/Q25167>	<http://www.wikidata.org/entity/Q5146>	50565	2497	1	18	42	68	2603	2603
Bokmål	Punjabi	3	27	<http://www.wikidata.org/entity/Q25167>	<http://www.wikidata.org/entity/Q58635>	50565	2172	3	4	12	90	2276	2276
Bokmål	Quechua	3	44	<http://www.wikidata.org/entity/Q25167>	<http://www.wikidata.org/entity/Q5218>	50565	30	0	4	0	0	30	30
Bokmål	Russian	3	17	<http://www.wikidata.org/entity/Q25167>	<http://www.wikidata.org/entity/Q7737>	50565	6303	2	15	32	32	6359	6359
Bokmål	Sanskrit	3	47	<http://www.wikidata.org/entity/Q25167>	<http://www.wikidata.org/entity/Q11059>	50565	571	0	0	0	21	592	592
Bokmål	Southern Min	3	45	<http://www.wikidata.org/entity/Q25167>	<http://www.wikidata.org/entity/Q36495>	50565	1160	0	14	0	28	1196	1196
Bokmål	Spanish	3	12	<http://www.wikidata.org/entity/Q25167>	<http://www.wikidata.org/entity/Q1321>	50565	3451	15	35	373	50	3809	3809
Bokmål	Standard Chinese	3	35	<http://www.wikidata.org/entity/Q25167>	<http://www.wikidata.org/entity/Q727694>	50565	1069	8	15	0	40	1117	1117
Bokmål	Sumerian	3	18	<http://www.wikidata.org/entity/Q25167>	<http://www.wikidata.org/entity/Q36790>	50565	2033	4	4	0	85	2118	2118
Bokmål	Swedish	3	4	<http://www.wikidata.org/entity/Q25167>	<http://www.wikidata.org/entity/Q9027>	50565	8739	114	134	409	138	9323	9323
Bokmål	Turkish	3	40	<http://www.wikidata.org/entity/Q25167>	<http://www.wikidata.org/entity/Q256>	50565	1111	1	2	2	66	1180	1180
Bokmål	Ugaritic	3	38	<http://www.wikidata.org/entity/Q25167>	<http://www.wikidata.org/entity/Q36928>	50565	951	0	0	0	0	951	951
Breton	Akkadian	31	19	<http://www.wikidata.org/entity/Q12107>	<http://www.wikidata.org/entity/Q35518>	5780	1131	0	0	0	54	1185	1185
Breton	Albanian	31	28	<http://www.wikidata.org/entity/Q12107>	<http://www.wikidata.org/entity/Q8748>	5780	268	0	1	0	1	269	269
Breton	Arabic	31	20	<http://www.wikidata.org/entity/Q12107>	<http://www.wikidata.org/entity/Q13955>	5780	473	1	1	0	14	487	487
Breton	Aragonese	31	6	<http://www.wikidata.org/entity/Q12107>	<http://www.wikidata.org/entity/Q8765>	5780	43	0	0	0	2	45	45
Breton	Bangla	31	21	<http://www.wikidata.org/entity/Q12107>	<http://www.wikidata.org/entity/Q9610>	5780	658	0	1	0	44	702	702
Breton	Banjar	31	46	<http://www.wikidata.org/entity/Q12107>	<http://www.wikidata.org/entity/Q33151>	5780	91	0	0	0	0	91	91
Breton	Basque	31	9	<http://www.wikidata.org/entity/Q12107>	<http://www.wikidata.org/entity/Q8752>	5780	641	1	2	0	1	642	642
Breton	Bokmål	31	3	<http://www.wikidata.org/entity/Q12107>	<http://www.wikidata.org/entity/Q25167>	5780	2351	1	3	12	48	2406	2406
Breton	Central Bikol	31	49	<http://www.wikidata.org/entity/Q12107>	<http://www.wikidata.org/entity/Q33284>	5780	25	0	0	0	0	25	25
Breton	Czech	31	11	<http://www.wikidata.org/entity/Q12107>	<http://www.wikidata.org/entity/Q9056>	5780	912	6	14	1	5	917	917
Breton	Dagbanli	31	22	<http://www.wikidata.org/entity/Q12107>	<http://www.wikidata.org/entity/Q32238>	5780	823	1	1	0	12	835	835
Breton	Danish	31	14	<http://www.wikidata.org/entity/Q12107>	<http://www.wikidata.org/entity/Q9035>	5780	1909	1	13	11	39	1959	1959
Breton	Dutch	31	41	<http://www.wikidata.org/entity/Q12107>	<http://www.wikidata.org/entity/Q7411>	5780	496	0	1	9	2	506	506
Breton	Egyptian	31	16	<http://www.wikidata.org/entity/Q12107>	<http://www.wikidata.org/entity/Q50868>	5780	50	0	0	0	2	52	52
Breton	English	31	2	<http://www.wikidata.org/entity/Q12107>	<http://www.wikidata.org/entity/Q1860>	5780	2781	2	21	7	113	2903	2903
Breton	Estonian	31	34	<http://www.wikidata.org/entity/Q12107>	<http://www.wikidata.org/entity/Q9072>	5780	1049	0	1	0	14	1063	1063
Breton	Finnish	31	42	<http://www.wikidata.org/entity/Q12107>	<http://www.wikidata.org/entity/Q1412>	5780	464	1	7	0	14	478	478
Breton	French	31	7	<http://www.wikidata.org/entity/Q12107>	<http://www.wikidata.org/entity/Q150>	5780	2401	11	23	11	81	2492	2492
Breton	Fula	31	26	<http://www.wikidata.org/entity/Q12107>	<http://www.wikidata.org/entity/Q33454>	5780	149	0	0	0	2	151	151
Breton	German	31	13	<http://www.wikidata.org/entity/Q12107>	<http://www.wikidata.org/entity/Q188>	5780	2247	3	17	11	83	2337	2337
Breton	Hausa	31	48	<http://www.wikidata.org/entity/Q12107>	<http://www.wikidata.org/entity/Q56475>	5780	477	0	0	0	26	503	503
Breton	Hebrew	31	29	<http://www.wikidata.org/entity/Q12107>	<http://www.wikidata.org/entity/Q9288>	5780	1474	0	1	0	14	1488	1488
Breton	Hindustani	31	37	<http://www.wikidata.org/entity/Q12107>	<http://www.wikidata.org/entity/Q11051>	5780	641	0	0	0	12	653	653
Breton	Igbo	31	32	<http://www.wikidata.org/entity/Q12107>	<http://www.wikidata.org/entity/Q33578>	5780	856	0	0	0	37	893	893
Breton	Italian	31	10	<http://www.wikidata.org/entity/Q12107>	<http://www.wikidata.org/entity/Q652>	5780	2438	5	12	11	34	2484	2484
Breton	Japanese	31	5	<http://www.wikidata.org/entity/Q12107>	<http://www.wikidata.org/entity/Q5287>	5780	1723	0	2	5	62	1790	1790
Breton	Klingon	31	43	<http://www.wikidata.org/entity/Q12107>	<http://www.wikidata.org/entity/Q10134>	5780	730	0	1	1	50	782	782
Breton	Korean	31	50	<http://www.wikidata.org/entity/Q12107>	<http://www.wikidata.org/entity/Q9176>	5780	226	0	0	0	24	250	250
Breton	Latin	31	39	<http://www.wikidata.org/entity/Q12107>	<http://www.wikidata.org/entity/Q397>	5780	827	0	0	0	8	835	835
Breton	Malay	31	33	<http://www.wikidata.org/entity/Q12107>	<http://www.wikidata.org/entity/Q9237>	5780	1043	0	2	0	35	1078	1078
Breton	Malayalam	31	23	<http://www.wikidata.org/entity/Q12107>	<http://www.wikidata.org/entity/Q36236>	5780	1254	0	2	0	15	1269	1269
Breton	Mon	31	30	<http://www.wikidata.org/entity/Q12107>	<http://www.wikidata.org/entity/Q13349>	5780	15	0	0	0	0	15	15
Breton	New Persian	31	24	<http://www.wikidata.org/entity/Q12107>	<http://www.wikidata.org/entity/Q56356571>	5780	1151	0	0	0	30	1181	1181
Breton	Northern Sami	31	25	<http://www.wikidata.org/entity/Q12107>	<http://www.wikidata.org/entity/Q33947>	5780	24	0	1	0	1	25	25
Breton	Nynorsk	31	8	<http://www.wikidata.org/entity/Q12107>	<http://www.wikidata.org/entity/Q25164>	5780	1826	1	5	8	36	1865	1865
Breton	Persian	31	15	<http://www.wikidata.org/entity/Q12107>	<http://www.wikidata.org/entity/Q9168>	5780	112	0	0	0	9	121	121
Breton	Polish	31	36	<http://www.wikidata.org/entity/Q12107>	<http://www.wikidata.org/entity/Q809>	5780	414	1	8	0	0	414	414
Breton	Portuguese	31	1	<http://www.wikidata.org/entity/Q12107>	<http://www.wikidata.org/entity/Q5146>	5780	1072	0	4	5	39	1116	1116
Breton	Punjabi	31	27	<http://www.wikidata.org/entity/Q12107>	<http://www.wikidata.org/entity/Q58635>	5780	1251	0	0	0	47	1298	1298
Breton	Quechua	31	44	<http://www.wikidata.org/entity/Q12107>	<http://www.wikidata.org/entity/Q5218>	5780	21	0	1	0	2	24	24
Breton	Russian	31	17	<http://www.wikidata.org/entity/Q12107>	<http://www.wikidata.org/entity/Q7737>	5780	2065	16	19	11	22	2094	2094
Breton	Sanskrit	31	47	<http://www.wikidata.org/entity/Q12107>	<http://www.wikidata.org/entity/Q11059>	5780	359	0	0	0	17	376	376
Breton	Southern Min	31	45	<http://www.wikidata.org/entity/Q12107>	<http://www.wikidata.org/entity/Q36495>	5780	883	1	2	0	33	916	916
Breton	Spanish	31	12	<http://www.wikidata.org/entity/Q12107>	<http://www.wikidata.org/entity/Q1321>	5780	1402	3	16	11	30	1439	1439
Breton	Standard Chinese	31	35	<http://www.wikidata.org/entity/Q12107>	<http://www.wikidata.org/entity/Q727694>	5780	526	0	1	0	29	556	556
Breton	Sumerian	31	18	<http://www.wikidata.org/entity/Q12107>	<http://www.wikidata.org/entity/Q36790>	5780	1160	0	0	0	62	1222	1222
Breton	Swedish	31	4	<http://www.wikidata.org/entity/Q12107>	<http://www.wikidata.org/entity/Q9027>	5780	1973	2	4	9	50	2032	2032
Breton	Turkish	31	40	<http://www.wikidata.org/entity/Q12107>	<http://www.wikidata.org/entity/Q256>	5780	632	0	0	0	42	674	674
Breton	Ugaritic	31	38	<http://www.wikidata.org/entity/Q12107>	<http://www.wikidata.org/entity/Q36928>	5780	632	0	0	0	0	632	632
Central Bikol	Akkadian	49	19	<http://www.wikidata.org/entity/Q33284>	<http://www.wikidata.org/entity/Q35518>	1711	18	0	0	0	0	18	18
Central Bikol	Albanian	49	28	<http://www.wikidata.org/entity/Q33284>	<http://www.wikidata.org/entity/Q8748>	1711	6	0	0	0	0	6	6
Central Bikol	Arabic	49	20	<http://www.wikidata.org/entity/Q33284>	<http://www.wikidata.org/entity/Q13955>	1711	11	0	0	0	0	11	11
Central Bikol	Aragonese	49	6	<http://www.wikidata.org/entity/Q33284>	<http://www.wikidata.org/entity/Q8765>	1711	1	0	0	0	0	1	1
Central Bikol	Bangla	49	21	<http://www.wikidata.org/entity/Q33284>	<http://www.wikidata.org/entity/Q9610>	1711	16	0	0	0	0	16	16
Central Bikol	Banjar	49	46	<http://www.wikidata.org/entity/Q33284>	<http://www.wikidata.org/entity/Q33151>	1711	4	0	0	0	0	4	4
Central Bikol	Basque	49	9	<http://www.wikidata.org/entity/Q33284>	<http://www.wikidata.org/entity/Q8752>	1711	6	0	0	0	0	6	6
Central Bikol	Bokmål	49	3	<http://www.wikidata.org/entity/Q33284>	<http://www.wikidata.org/entity/Q25167>	1711	23	0	0	0	0	23	23
Central Bikol	Breton	49	31	<http://www.wikidata.org/entity/Q33284>	<http://www.wikidata.org/entity/Q12107>	1711	16	0	0	0	0	16	16
Central Bikol	Czech	49	11	<http://www.wikidata.org/entity/Q33284>	<http://www.wikidata.org/entity/Q9056>	1711	15	0	0	0	0	15	15
Central Bikol	Dagbanli	49	22	<http://www.wikidata.org/entity/Q33284>	<http://www.wikidata.org/entity/Q32238>	1711	20	0	0	0	0	20	20
Central Bikol	Danish	49	14	<http://www.wikidata.org/entity/Q33284>	<http://www.wikidata.org/entity/Q9035>	1711	18	0	0	0	0	18	18
Central Bikol	Dutch	49	41	<http://www.wikidata.org/entity/Q33284>	<http://www.wikidata.org/entity/Q7411>	1711	9	0	0	0	0	9	9
Central Bikol	Egyptian	49	16	<http://www.wikidata.org/entity/Q33284>	<http://www.wikidata.org/entity/Q50868>	1711	2	0	0	0	0	2	2
Central Bikol	English	49	2	<http://www.wikidata.org/entity/Q33284>	<http://www.wikidata.org/entity/Q1860>	1711	31	1	1	0	0	32	32
Central Bikol	Estonian	49	34	<http://www.wikidata.org/entity/Q33284>	<http://www.wikidata.org/entity/Q9072>	1711	16	0	0	0	0	16	16
Central Bikol	Finnish	49	42	<http://www.wikidata.org/entity/Q33284>	<http://www.wikidata.org/entity/Q1412>	1711	9	0	0	0	0	9	9
Central Bikol	French	49	7	<http://www.wikidata.org/entity/Q33284>	<http://www.wikidata.org/entity/Q150>	1711	22	0	0	0	0	22	22
Central Bikol	Fula	49	26	<http://www.wikidata.org/entity/Q33284>	<http://www.wikidata.org/entity/Q33454>	1711	8	0	0	0	0	8	8
Central Bikol	German	49	13	<http://www.wikidata.org/entity/Q33284>	<http://www.wikidata.org/entity/Q188>	1711	27	0	0	0	0	27	27
Central Bikol	Hausa	49	48	<http://www.wikidata.org/entity/Q33284>	<http://www.wikidata.org/entity/Q56475>	1711	11	0	0	0	0	11	11
Central Bikol	Hebrew	49	29	<http://www.wikidata.org/entity/Q33284>	<http://www.wikidata.org/entity/Q9288>	1711	16	0	0	0	0	16	16
Central Bikol	Hindustani	49	37	<http://www.wikidata.org/entity/Q33284>	<http://www.wikidata.org/entity/Q11051>	1711	12	0	0	0	0	12	12
Central Bikol	Igbo	49	32	<http://www.wikidata.org/entity/Q33284>	<http://www.wikidata.org/entity/Q33578>	1711	18	0	0	0	0	18	18
Central Bikol	Italian	49	10	<http://www.wikidata.org/entity/Q33284>	<http://www.wikidata.org/entity/Q652>	1711	24	0	0	0	0	24	24
Central Bikol	Japanese	49	5	<http://www.wikidata.org/entity/Q33284>	<http://www.wikidata.org/entity/Q5287>	1711	24	0	0	0	0	24	24
Central Bikol	Klingon	49	43	<http://www.wikidata.org/entity/Q33284>	<http://www.wikidata.org/entity/Q10134>	1711	13	0	0	0	0	13	13
Central Bikol	Korean	49	50	<http://www.wikidata.org/entity/Q33284>	<http://www.wikidata.org/entity/Q9176>	1711	5	0	0	0	0	5	5
Central Bikol	Latin	49	39	<http://www.wikidata.org/entity/Q33284>	<http://www.wikidata.org/entity/Q397>	1711	11	0	0	0	0	11	11
Central Bikol	Malay	49	33	<http://www.wikidata.org/entity/Q33284>	<http://www.wikidata.org/entity/Q9237>	1711	18	0	1	0	0	18	18
Central Bikol	Malayalam	49	23	<http://www.wikidata.org/entity/Q33284>	<http://www.wikidata.org/entity/Q36236>	1711	18	0	0	0	0	18	18
Central Bikol	Mon	49	30	<http://www.wikidata.org/entity/Q33284>	<http://www.wikidata.org/entity/Q13349>	1711	2	0	0	0	0	2	2
Central Bikol	New Persian	49	24	<http://www.wikidata.org/entity/Q33284>	<http://www.wikidata.org/entity/Q56356571>	1711	21	0	0	0	0	21	21
Central Bikol	Northern Sami	49	25	<http://www.wikidata.org/entity/Q33284>	<http://www.wikidata.org/entity/Q33947>	1711	2	0	0	0	0	2	2
Central Bikol	Nynorsk	49	8	<http://www.wikidata.org/entity/Q33284>	<http://www.wikidata.org/entity/Q25164>	1711	22	0	0	0	0	22	22
Central Bikol	Persian	49	15	<http://www.wikidata.org/entity/Q33284>	<http://www.wikidata.org/entity/Q9168>	1711	0	0	0	0	0	0	0
Central Bikol	Polish	49	36	<http://www.wikidata.org/entity/Q33284>	<http://www.wikidata.org/entity/Q809>	1711	7	0	0	0	0	7	7
Central Bikol	Portuguese	49	1	<http://www.wikidata.org/entity/Q33284>	<http://www.wikidata.org/entity/Q5146>	1711	15	0	0	0	0	15	15
Central Bikol	Punjabi	49	27	<http://www.wikidata.org/entity/Q33284>	<http://www.wikidata.org/entity/Q58635>	1711	18	0	0	0	0	18	18
Central Bikol	Quechua	49	44	<http://www.wikidata.org/entity/Q33284>	<http://www.wikidata.org/entity/Q5218>	1711	2	0	0	0	0	2	2
Central Bikol	Russian	49	17	<http://www.wikidata.org/entity/Q33284>	<http://www.wikidata.org/entity/Q7737>	1711	25	0	0	0	0	25	25
Central Bikol	Sanskrit	49	47	<http://www.wikidata.org/entity/Q33284>	<http://www.wikidata.org/entity/Q11059>	1711	14	0	0	0	0	14	14
Central Bikol	Southern Min	49	45	<http://www.wikidata.org/entity/Q33284>	<http://www.wikidata.org/entity/Q36495>	1711	12	0	0	0	0	12	12
Central Bikol	Spanish	49	12	<http://www.wikidata.org/entity/Q33284>	<http://www.wikidata.org/entity/Q1321>	1711	13	0	0	0	0	13	13
Central Bikol	Standard Chinese	49	35	<http://www.wikidata.org/entity/Q33284>	<http://www.wikidata.org/entity/Q727694>	1711	15	0	0	0	0	15	15
Central Bikol	Sumerian	49	18	<http://www.wikidata.org/entity/Q33284>	<http://www.wikidata.org/entity/Q36790>	1711	18	0	0	0	0	18	18
Central Bikol	Swedish	49	4	<http://www.wikidata.org/entity/Q33284>	<http://www.wikidata.org/entity/Q9027>	1711	29	0	0	0	0	29	29
Central Bikol	Turkish	49	40	<http://www.wikidata.org/entity/Q33284>	<http://www.wikidata.org/entity/Q256>	1711	11	0	0	0	0	11	11
Central Bikol	Ugaritic	49	38	<http://www.wikidata.org/entity/Q33284>	<http://www.wikidata.org/entity/Q36928>	1711	14	0	0	0	0	14	14
Czech	Akkadian	11	19	<http://www.wikidata.org/entity/Q9056>	<http://www.wikidata.org/entity/Q35518>	25347	674	1	2	0	10	684	684
Czech	Albanian	11	28	<http://www.wikidata.org/entity/Q9056>	<http://www.wikidata.org/entity/Q8748>	25347	218	0	2	2	2	222	222
Czech	Arabic	11	20	<http://www.wikidata.org/entity/Q9056>	<http://www.wikidata.org/entity/Q13955>	25347	395	4	7	0	3	398	398
Czech	Aragonese	11	6	<http://www.wikidata.org/entity/Q9056>	<http://www.wikidata.org/entity/Q8765>	25347	31	1	2	0	0	32	32
Czech	Bangla	11	21	<http://www.wikidata.org/entity/Q9056>	<http://www.wikidata.org/entity/Q9610>	25347	588	2	7	4	8	600	600
Czech	Banjar	11	46	<http://www.wikidata.org/entity/Q9056>	<http://www.wikidata.org/entity/Q33151>	25347	100	3	6	0	0	100	100
Czech	Basque	11	9	<http://www.wikidata.org/entity/Q9056>	<http://www.wikidata.org/entity/Q8752>	25347	588	7	12	0	0	588	588
Czech	Bokmål	11	3	<http://www.wikidata.org/entity/Q9056>	<http://www.wikidata.org/entity/Q25167>	25347	2350	9	26	54	7	2378	2378
Czech	Breton	11	31	<http://www.wikidata.org/entity/Q9056>	<http://www.wikidata.org/entity/Q12107>	25347	983	8	16	2	5	988	988
Czech	Central Bikol	11	49	<http://www.wikidata.org/entity/Q9056>	<http://www.wikidata.org/entity/Q33284>	25347	41	0	0	0	0	41	41
Czech	Dagbanli	11	22	<http://www.wikidata.org/entity/Q9056>	<http://www.wikidata.org/entity/Q32238>	25347	534	1	5	0	0	534	534
Czech	Danish	11	14	<http://www.wikidata.org/entity/Q9056>	<http://www.wikidata.org/entity/Q9035>	25347	1910	23	54	52	4	1954	1954
Czech	Dutch	11	41	<http://www.wikidata.org/entity/Q9056>	<http://www.wikidata.org/entity/Q7411>	25347	496	5	12	34	1	524	524
Czech	Egyptian	11	16	<http://www.wikidata.org/entity/Q9056>	<http://www.wikidata.org/entity/Q50868>	25347	37	0	0	0	0	37	37
Czech	English	11	2	<http://www.wikidata.org/entity/Q9056>	<http://www.wikidata.org/entity/Q1860>	25347	2696	145	187	34	13	2744	2744
Czech	Estonian	11	34	<http://www.wikidata.org/entity/Q9056>	<http://www.wikidata.org/entity/Q9072>	25347	844	0	4	2	2	850	850
Czech	Finnish	11	42	<http://www.wikidata.org/entity/Q9056>	<http://www.wikidata.org/entity/Q1412>	25347	433	5	13	0	2	435	435
Czech	French	11	7	<http://www.wikidata.org/entity/Q9056>	<http://www.wikidata.org/entity/Q150>	25347	2218	60	89	47	10	2254	2254
Czech	Fula	11	26	<http://www.wikidata.org/entity/Q9056>	<http://www.wikidata.org/entity/Q33454>	25347	130	0	0	0	0	130	130
Czech	German	11	13	<http://www.wikidata.org/entity/Q9056>	<http://www.wikidata.org/entity/Q188>	25347	2331	102	125	50	10	2361	2361
Czech	Hausa	11	48	<http://www.wikidata.org/entity/Q9056>	<http://www.wikidata.org/entity/Q56475>	25347	377	1	1	2	6	383	383
Czech	Hebrew	11	29	<http://www.wikidata.org/entity/Q9056>	<http://www.wikidata.org/entity/Q9288>	25347	1412	14	25	0	3	1416	1416
Czech	Hindustani	11	37	<http://www.wikidata.org/entity/Q9056>	<http://www.wikidata.org/entity/Q11051>	25347	481	2	6	1	5	487	487
Czech	Igbo	11	32	<http://www.wikidata.org/entity/Q9056>	<http://www.wikidata.org/entity/Q33578>	25347	604	1	1	0	4	608	608
Czech	Italian	11	10	<http://www.wikidata.org/entity/Q9056>	<http://www.wikidata.org/entity/Q652>	25347	2351	32	56	46	6	2404	2404
Czech	Japanese	11	5	<http://www.wikidata.org/entity/Q9056>	<http://www.wikidata.org/entity/Q5287>	25347	1483	3	26	8	7	1496	1496
Czech	Klingon	11	43	<http://www.wikidata.org/entity/Q9056>	<http://www.wikidata.org/entity/Q10134>	25347	592	2	6	2	6	600	600
Czech	Korean	11	50	<http://www.wikidata.org/entity/Q9056>	<http://www.wikidata.org/entity/Q9176>	25347	305	3	4	0	2	307	307
Czech	Latin	11	39	<http://www.wikidata.org/entity/Q9056>	<http://www.wikidata.org/entity/Q397>	25347	610	6	15	0	3	616	616
Czech	Malay	11	33	<http://www.wikidata.org/entity/Q9056>	<http://www.wikidata.org/entity/Q9237>	25347	928	6	20	2	6	935	935
Czech	Malayalam	11	23	<http://www.wikidata.org/entity/Q9056>	<http://www.wikidata.org/entity/Q36236>	25347	1275	8	56	0	2	1279	1279
Czech	Mon	11	30	<http://www.wikidata.org/entity/Q9056>	<http://www.wikidata.org/entity/Q13349>	25347	20	0	0	0	0	20	20
Czech	New Persian	11	24	<http://www.wikidata.org/entity/Q9056>	<http://www.wikidata.org/entity/Q56356571>	25347	1019	3	5	13	4	1028	1028
Czech	Northern Sami	11	25	<http://www.wikidata.org/entity/Q9056>	<http://www.wikidata.org/entity/Q33947>	25347	25	0	2	0	0	25	25
Czech	Nynorsk	11	8	<http://www.wikidata.org/entity/Q9056>	<http://www.wikidata.org/entity/Q25164>	25347	1649	13	25	48	4	1668	1668
Czech	Persian	11	15	<http://www.wikidata.org/entity/Q9056>	<http://www.wikidata.org/entity/Q9168>	25347	94	0	0	0	3	97	97
Czech	Polish	11	36	<http://www.wikidata.org/entity/Q9056>	<http://www.wikidata.org/entity/Q809>	25347	674	42	51	0	1	675	675
Czech	Portuguese	11	1	<http://www.wikidata.org/entity/Q9056>	<http://www.wikidata.org/entity/Q5146>	25347	838	5	13	25	7	862	862
Czech	Punjabi	11	27	<http://www.wikidata.org/entity/Q9056>	<http://www.wikidata.org/entity/Q58635>	25347	765	1	1	5	6	773	773
Czech	Quechua	11	44	<http://www.wikidata.org/entity/Q9056>	<http://www.wikidata.org/entity/Q5218>	25347	35	0	2	0	0	35	35
Czech	Russian	11	17	<http://www.wikidata.org/entity/Q9056>	<http://www.wikidata.org/entity/Q7737>	25347	1777	36	53	6	2	1784	1784
Czech	Sanskrit	11	47	<http://www.wikidata.org/entity/Q9056>	<http://www.wikidata.org/entity/Q11059>	25347	255	0	2	0	2	257	257
Czech	Southern Min	11	45	<http://www.wikidata.org/entity/Q9056>	<http://www.wikidata.org/entity/Q36495>	25347	407	4	12	0	4	412	412
Czech	Spanish	11	12	<http://www.wikidata.org/entity/Q9056>	<http://www.wikidata.org/entity/Q1321>	25347	1506	32	62	54	6	1543	1543
Czech	Standard Chinese	11	35	<http://www.wikidata.org/entity/Q9056>	<http://www.wikidata.org/entity/Q727694>	25347	494	5	21	0	6	502	502
Czech	Sumerian	11	18	<http://www.wikidata.org/entity/Q9056>	<http://www.wikidata.org/entity/Q36790>	25347	682	1	1	0	10	692	692
Czech	Swedish	11	4	<http://www.wikidata.org/entity/Q9056>	<http://www.wikidata.org/entity/Q9027>	25347	2145	14	23	54	8	2191	2191
Czech	Turkish	11	40	<http://www.wikidata.org/entity/Q9056>	<http://www.wikidata.org/entity/Q256>	25347	413	1	7	3	3	417	417
Czech	Ugaritic	11	38	<http://www.wikidata.org/entity/Q9056>	<http://www.wikidata.org/entity/Q36928>	25347	360	0	0	0	0	360	360
Dagbanli	Akkadian	22	19	<http://www.wikidata.org/entity/Q32238>	<http://www.wikidata.org/entity/Q35518>	14153	778	0	1	0	13	789	789
Dagbanli	Albanian	22	28	<http://www.wikidata.org/entity/Q32238>	<http://www.wikidata.org/entity/Q8748>	14153	166	0	0	0	0	166	166
Dagbanli	Arabic	22	20	<http://www.wikidata.org/entity/Q32238>	<http://www.wikidata.org/entity/Q13955>	14153	319	0	4	0	4	323	323
Dagbanli	Aragonese	22	6	<http://www.wikidata.org/entity/Q32238>	<http://www.wikidata.org/entity/Q8765>	14153	33	0	0	0	2	35	35
Dagbanli	Bangla	22	21	<http://www.wikidata.org/entity/Q32238>	<http://www.wikidata.org/entity/Q9610>	14153	497	0	1	0	9	505	505
Dagbanli	Banjar	22	46	<http://www.wikidata.org/entity/Q32238>	<http://www.wikidata.org/entity/Q33151>	14153	95	0	2	0	0	96	96
Dagbanli	Basque	22	9	<http://www.wikidata.org/entity/Q32238>	<http://www.wikidata.org/entity/Q8752>	14153	335	0	2	0	0	335	335
Dagbanli	Bokmål	22	3	<http://www.wikidata.org/entity/Q32238>	<http://www.wikidata.org/entity/Q25167>	14153	1210	3	4	0	10	1217	1217
Dagbanli	Breton	22	31	<http://www.wikidata.org/entity/Q32238>	<http://www.wikidata.org/entity/Q12107>	14153	826	1	1	0	11	833	833
Dagbanli	Central Bikol	22	49	<http://www.wikidata.org/entity/Q32238>	<http://www.wikidata.org/entity/Q33284>	14153	35	0	0	0	0	35	35
Dagbanli	Czech	22	11	<http://www.wikidata.org/entity/Q32238>	<http://www.wikidata.org/entity/Q9056>	14153	486	0	5	0	0	487	487
Dagbanli	Danish	22	14	<http://www.wikidata.org/entity/Q32238>	<http://www.wikidata.org/entity/Q9035>	14153	1035	1	8	0	4	1040	1040
Dagbanli	Dutch	22	41	<http://www.wikidata.org/entity/Q32238>	<http://www.wikidata.org/entity/Q7411>	14153	335	0	1	0	0	336	336
Dagbanli	Egyptian	22	16	<http://www.wikidata.org/entity/Q32238>	<http://www.wikidata.org/entity/Q50868>	14153	40	0	0	0	0	40	40
Dagbanli	English	22	2	<http://www.wikidata.org/entity/Q32238>	<http://www.wikidata.org/entity/Q1860>	14153	1600	134	141	0	14	1645	1645
Dagbanli	Estonian	22	34	<http://www.wikidata.org/entity/Q32238>	<http://www.wikidata.org/entity/Q9072>	14153	663	0	1	0	5	668	668
Dagbanli	Finnish	22	42	<http://www.wikidata.org/entity/Q32238>	<http://www.wikidata.org/entity/Q1412>	14153	268	0	3	0	3	271	271
Dagbanli	French	22	7	<http://www.wikidata.org/entity/Q32238>	<http://www.wikidata.org/entity/Q150>	14153	1272	5	19	0	14	1284	1284
Dagbanli	Fula	22	26	<http://www.wikidata.org/entity/Q32238>	<http://www.wikidata.org/entity/Q33454>	14153	161	2	2	0	2	165	165
Dagbanli	German	22	13	<http://www.wikidata.org/entity/Q32238>	<http://www.wikidata.org/entity/Q188>	14153	1208	2	16	0	11	1217	1217
Dagbanli	Hausa	22	48	<http://www.wikidata.org/entity/Q32238>	<http://www.wikidata.org/entity/Q56475>	14153	419	1	1	0	6	425	425
Dagbanli	Hebrew	22	29	<http://www.wikidata.org/entity/Q32238>	<http://www.wikidata.org/entity/Q9288>	14153	835	0	0	0	6	838	838
Dagbanli	Hindustani	22	37	<http://www.wikidata.org/entity/Q32238>	<http://www.wikidata.org/entity/Q11051>	14153	481	0	1	0	6	487	487
Dagbanli	Igbo	22	32	<http://www.wikidata.org/entity/Q32238>	<http://www.wikidata.org/entity/Q33578>	14153	736	7	9	0	10	749	749
Dagbanli	Italian	22	10	<http://www.wikidata.org/entity/Q32238>	<http://www.wikidata.org/entity/Q652>	14153	1340	1	14	0	4	1346	1346
Dagbanli	Japanese	22	5	<http://www.wikidata.org/entity/Q32238>	<http://www.wikidata.org/entity/Q5287>	14153	1036	0	9	0	11	1045	1045
Dagbanli	Klingon	22	43	<http://www.wikidata.org/entity/Q32238>	<http://www.wikidata.org/entity/Q10134>	14153	398	0	0	0	7	403	403
Dagbanli	Korean	22	50	<http://www.wikidata.org/entity/Q32238>	<http://www.wikidata.org/entity/Q9176>	14153	149	0	1	0	7	155	155
Dagbanli	Latin	22	39	<http://www.wikidata.org/entity/Q32238>	<http://www.wikidata.org/entity/Q397>	14153	507	0	4	0	3	513	513
Dagbanli	Malay	22	33	<http://www.wikidata.org/entity/Q32238>	<http://www.wikidata.org/entity/Q9237>	14153	704	0	3	0	9	712	712
Dagbanli	Malayalam	22	23	<http://www.wikidata.org/entity/Q32238>	<http://www.wikidata.org/entity/Q36236>	14153	777	2	5	0	4	781	781
Dagbanli	Mon	22	30	<http://www.wikidata.org/entity/Q32238>	<http://www.wikidata.org/entity/Q13349>	14153	15	0	0	0	0	15	15
Dagbanli	New Persian	22	24	<http://www.wikidata.org/entity/Q32238>	<http://www.wikidata.org/entity/Q56356571>	14153	720	0	1	0	8	725	725
Dagbanli	Northern Sami	22	25	<http://www.wikidata.org/entity/Q32238>	<http://www.wikidata.org/entity/Q33947>	14153	23	0	0	0	1	24	24
Dagbanli	Nynorsk	22	8	<http://www.wikidata.org/entity/Q32238>	<http://www.wikidata.org/entity/Q25164>	14153	942	1	7	0	10	952	952
Dagbanli	Persian	22	15	<http://www.wikidata.org/entity/Q32238>	<http://www.wikidata.org/entity/Q9168>	14153	50	0	0	0	1	50	50
Dagbanli	Polish	22	36	<http://www.wikidata.org/entity/Q32238>	<http://www.wikidata.org/entity/Q809>	14153	274	0	6	0	0	274	274
Dagbanli	Portuguese	22	1	<http://www.wikidata.org/entity/Q32238>	<http://www.wikidata.org/entity/Q5146>	14153	686	0	5	0	10	693	693
Dagbanli	Punjabi	22	27	<http://www.wikidata.org/entity/Q32238>	<http://www.wikidata.org/entity/Q58635>	14153	743	0	0	0	9	750	750
Dagbanli	Quechua	22	44	<http://www.wikidata.org/entity/Q32238>	<http://www.wikidata.org/entity/Q5218>	14153	17	0	1	0	0	17	17
Dagbanli	Russian	22	17	<http://www.wikidata.org/entity/Q32238>	<http://www.wikidata.org/entity/Q7737>	14153	1073	0	8	0	3	1074	1074
Dagbanli	Sanskrit	22	47	<http://www.wikidata.org/entity/Q32238>	<http://www.wikidata.org/entity/Q11059>	14153	269	0	0	0	5	273	273
Dagbanli	Southern Min	22	45	<http://www.wikidata.org/entity/Q32238>	<http://www.wikidata.org/entity/Q36495>	14153	384	0	5	0	3	389	389
Dagbanli	Spanish	22	12	<http://www.wikidata.org/entity/Q32238>	<http://www.wikidata.org/entity/Q1321>	14153	666	1	18	0	8	676	676
Dagbanli	Standard Chinese	22	35	<http://www.wikidata.org/entity/Q32238>	<http://www.wikidata.org/entity/Q727694>	14153	347	0	3	0	4	350	350
Dagbanli	Sumerian	22	18	<http://www.wikidata.org/entity/Q32238>	<http://www.wikidata.org/entity/Q36790>	14153	788	1	1	0	15	800	800
Dagbanli	Swedish	22	4	<http://www.wikidata.org/entity/Q32238>	<http://www.wikidata.org/entity/Q9027>	14153	1147	0	6	0	10	1155	1155
Dagbanli	Turkish	22	40	<http://www.wikidata.org/entity/Q32238>	<http://www.wikidata.org/entity/Q256>	14153	388	0	0	0	10	398	398
Dagbanli	Ugaritic	22	38	<http://www.wikidata.org/entity/Q32238>	<http://www.wikidata.org/entity/Q36928>	14153	407	0	0	0	0	407	407
Danish	Akkadian	14	19	<http://www.wikidata.org/entity/Q9035>	<http://www.wikidata.org/entity/Q35518>	19363	990	1	1	0	56	1046	1046
Danish	Albanian	14	28	<http://www.wikidata.org/entity/Q9035>	<http://www.wikidata.org/entity/Q8748>	19363	251	0	2	2	2	254	254
Danish	Arabic	14	20	<http://www.wikidata.org/entity/Q9035>	<http://www.wikidata.org/entity/Q13955>	19363	539	1	6	2	12	554	554
Danish	Aragonese	14	6	<http://www.wikidata.org/entity/Q9035>	<http://www.wikidata.org/entity/Q8765>	19363	61	0	2	0	2	63	63
Danish	Bangla	14	21	<http://www.wikidata.org/entity/Q9035>	<http://www.wikidata.org/entity/Q9610>	19363	818	0	11	7	39	867	867
Danish	Banjar	14	46	<http://www.wikidata.org/entity/Q9035>	<http://www.wikidata.org/entity/Q33151>	19363	94	2	3	0	0	94	94
Danish	Basque	14	9	<http://www.wikidata.org/entity/Q9035>	<http://www.wikidata.org/entity/Q8752>	19363	1041	1	7	0	1	1043	1043
Danish	Bokmål	14	3	<http://www.wikidata.org/entity/Q9035>	<http://www.wikidata.org/entity/Q25167>	19363	4986	163	175	188	72	5333	5333
Danish	Breton	14	31	<http://www.wikidata.org/entity/Q9035>	<http://www.wikidata.org/entity/Q12107>	19363	1586	1	15	5	39	1630	1630
Danish	Central Bikol	14	49	<http://www.wikidata.org/entity/Q9035>	<http://www.wikidata.org/entity/Q33284>	19363	29	0	0	0	0	29	29
Danish	Czech	14	11	<http://www.wikidata.org/entity/Q9035>	<http://www.wikidata.org/entity/Q9056>	19363	1627	19	53	25	5	1657	1657
Danish	Dagbanli	14	22	<http://www.wikidata.org/entity/Q9035>	<http://www.wikidata.org/entity/Q32238>	19363	832	0	4	0	4	836	836
Danish	Dutch	14	41	<http://www.wikidata.org/entity/Q9035>	<http://www.wikidata.org/entity/Q7411>	19363	857	8	15	132	4	990	990
Danish	Egyptian	14	16	<http://www.wikidata.org/entity/Q9035>	<http://www.wikidata.org/entity/Q50868>	19363	39	0	0	0	0	39	39
Danish	English	14	2	<http://www.wikidata.org/entity/Q9035>	<http://www.wikidata.org/entity/Q1860>	19363	5162	144	195	90	133	5441	5441
Danish	Estonian	14	34	<http://www.wikidata.org/entity/Q9035>	<http://www.wikidata.org/entity/Q9072>	19363	1545	2	9	1	22	1571	1571
Danish	Finnish	14	42	<http://www.wikidata.org/entity/Q9035>	<http://www.wikidata.org/entity/Q1412>	19363	599	6	16	2	15	617	617
Danish	French	14	7	<http://www.wikidata.org/entity/Q9035>	<http://www.wikidata.org/entity/Q150>	19363	4230	33	64	146	82	4450	4450
Danish	Fula	14	26	<http://www.wikidata.org/entity/Q9035>	<http://www.wikidata.org/entity/Q33454>	19363	127	0	0	0	1	128	128
Danish	German	14	13	<http://www.wikidata.org/entity/Q9035>	<http://www.wikidata.org/entity/Q188>	19363	4432	94	124	116	78	4630	4630
Danish	Hausa	14	48	<http://www.wikidata.org/entity/Q9035>	<http://www.wikidata.org/entity/Q56475>	19363	467	0	0	1	24	492	492
Danish	Hebrew	14	29	<http://www.wikidata.org/entity/Q9035>	<http://www.wikidata.org/entity/Q9288>	19363	2391	1	7	3	20	2415	2415
Danish	Hindustani	14	37	<http://www.wikidata.org/entity/Q9035>	<http://www.wikidata.org/entity/Q11051>	19363	730	0	7	2	15	750	750
Danish	Igbo	14	32	<http://www.wikidata.org/entity/Q9035>	<http://www.wikidata.org/entity/Q33578>	19363	994	0	0	0	32	1026	1026
Danish	Italian	14	10	<http://www.wikidata.org/entity/Q9035>	<http://www.wikidata.org/entity/Q652>	19363	4267	19	51	136	23	4435	4435
Danish	Japanese	14	5	<http://www.wikidata.org/entity/Q9035>	<http://www.wikidata.org/entity/Q5287>	19363	2818	3	14	7	55	2882	2882
Danish	Klingon	14	43	<http://www.wikidata.org/entity/Q9035>	<http://www.wikidata.org/entity/Q10134>	19363	743	1	5	1	35	781	781
Danish	Korean	14	50	<http://www.wikidata.org/entity/Q9035>	<http://www.wikidata.org/entity/Q9176>	19363	449	0	1	0	23	472	472
Danish	Latin	14	39	<http://www.wikidata.org/entity/Q9035>	<http://www.wikidata.org/entity/Q397>	19363	828	3	11	0	10	842	842
Danish	Malay	14	33	<http://www.wikidata.org/entity/Q9035>	<http://www.wikidata.org/entity/Q9237>	19363	1571	2	13	1	40	1613	1613
Danish	Malayalam	14	23	<http://www.wikidata.org/entity/Q9035>	<http://www.wikidata.org/entity/Q36236>	19363	2099	6	23	0	11	2112	2112
Danish	Mon	14	30	<http://www.wikidata.org/entity/Q9035>	<http://www.wikidata.org/entity/Q13349>	19363	18	0	0	0	0	18	18
Danish	New Persian	14	24	<http://www.wikidata.org/entity/Q9035>	<http://www.wikidata.org/entity/Q56356571>	19363	1625	0	4	7	24	1654	1654
Danish	Northern Sami	14	25	<http://www.wikidata.org/entity/Q9035>	<http://www.wikidata.org/entity/Q33947>	19363	27	1	2	0	1	28	28
Danish	Nynorsk	14	8	<http://www.wikidata.org/entity/Q9035>	<http://www.wikidata.org/entity/Q25164>	19363	3756	114	142	123	44	3985	3985
Danish	Persian	14	15	<http://www.wikidata.org/entity/Q9035>	<http://www.wikidata.org/entity/Q9168>	19363	234	0	0	0	11	245	245
Danish	Polish	14	36	<http://www.wikidata.org/entity/Q9035>	<http://www.wikidata.org/entity/Q809>	19363	649	6	24	0	1	652	652
Danish	Portuguese	14	1	<http://www.wikidata.org/entity/Q9035>	<http://www.wikidata.org/entity/Q5146>	19363	1414	0	9	23	32	1469	1469
Danish	Punjabi	14	27	<http://www.wikidata.org/entity/Q9035>	<http://www.wikidata.org/entity/Q58635>	19363	1296	0	3	8	42	1347	1347
Danish	Quechua	14	44	<http://www.wikidata.org/entity/Q9035>	<http://www.wikidata.org/entity/Q5218>	19363	25	0	1	0	0	26	26
Danish	Russian	14	17	<http://www.wikidata.org/entity/Q9035>	<http://www.wikidata.org/entity/Q7737>	19363	3130	22	37	22	15	3162	3162
Danish	Sanskrit	14	47	<http://www.wikidata.org/entity/Q9035>	<http://www.wikidata.org/entity/Q11059>	19363	314	0	1	0	13	327	327
Danish	Southern Min	14	45	<http://www.wikidata.org/entity/Q9035>	<http://www.wikidata.org/entity/Q36495>	19363	878	0	7	0	18	897	897
Danish	Spanish	14	12	<http://www.wikidata.org/entity/Q9035>	<http://www.wikidata.org/entity/Q1321>	19363	2176	22	44	160	31	2352	2352
Danish	Standard Chinese	14	35	<http://www.wikidata.org/entity/Q9035>	<http://www.wikidata.org/entity/Q727694>	19363	658	3	13	0	26	686	686
Danish	Sumerian	14	18	<http://www.wikidata.org/entity/Q9035>	<http://www.wikidata.org/entity/Q36790>	19363	1020	0	1	0	55	1076	1076
Danish	Swedish	14	4	<http://www.wikidata.org/entity/Q9035>	<http://www.wikidata.org/entity/Q9027>	19363	4876	125	138	175	62	5174	5174
Danish	Turkish	14	40	<http://www.wikidata.org/entity/Q9035>	<http://www.wikidata.org/entity/Q256>	19363	690	0	9	2	36	733	733
Danish	Ugaritic	14	38	<http://www.wikidata.org/entity/Q9035>	<http://www.wikidata.org/entity/Q36928>	19363	512	0	0	0	0	512	512
Dutch	Akkadian	41	19	<http://www.wikidata.org/entity/Q7411>	<http://www.wikidata.org/entity/Q35518>	2611	256	0	0	0	10	265	265
Dutch	Albanian	41	28	<http://www.wikidata.org/entity/Q7411>	<http://www.wikidata.org/entity/Q8748>	2611	98	0	1	4	1	103	103
Dutch	Arabic	41	20	<http://www.wikidata.org/entity/Q7411>	<http://www.wikidata.org/entity/Q13955>	2611	198	0	1	2	3	203	203
Dutch	Aragonese	41	6	<http://www.wikidata.org/entity/Q7411>	<http://www.wikidata.org/entity/Q8765>	2611	28	1	1	0	0	28	28
Dutch	Bangla	41	21	<http://www.wikidata.org/entity/Q7411>	<http://www.wikidata.org/entity/Q9610>	2611	245	0	0	6	5	256	256
Dutch	Banjar	41	46	<http://www.wikidata.org/entity/Q7411>	<http://www.wikidata.org/entity/Q33151>	2611	29	1	1	0	0	29	29
Dutch	Basque	41	9	<http://www.wikidata.org/entity/Q7411>	<http://www.wikidata.org/entity/Q8752>	2611	344	0	10	0	0	344	344
Dutch	Bokmål	41	3	<http://www.wikidata.org/entity/Q7411>	<http://www.wikidata.org/entity/Q25167>	2611	985	2	3	205	8	1195	1195
Dutch	Breton	41	31	<http://www.wikidata.org/entity/Q7411>	<http://www.wikidata.org/entity/Q12107>	2611	401	0	1	4	3	407	407
Dutch	Central Bikol	41	49	<http://www.wikidata.org/entity/Q7411>	<http://www.wikidata.org/entity/Q33284>	2611	9	0	0	0	0	9	9
Dutch	Czech	41	11	<http://www.wikidata.org/entity/Q7411>	<http://www.wikidata.org/entity/Q9056>	2611	399	5	12	25	1	418	418
Dutch	Dagbanli	41	22	<http://www.wikidata.org/entity/Q7411>	<http://www.wikidata.org/entity/Q32238>	2611	239	0	1	0	0	240	240
Dutch	Danish	41	14	<http://www.wikidata.org/entity/Q7411>	<http://www.wikidata.org/entity/Q9035>	2611	791	8	13	132	5	926	926
Dutch	Egyptian	41	16	<http://www.wikidata.org/entity/Q7411>	<http://www.wikidata.org/entity/Q50868>	2611	15	0	0	0	0	15	15
Dutch	English	41	2	<http://www.wikidata.org/entity/Q7411>	<http://www.wikidata.org/entity/Q1860>	2611	1243	124	133	134	15	1386	1386
Dutch	Estonian	41	34	<http://www.wikidata.org/entity/Q7411>	<http://www.wikidata.org/entity/Q9072>	2611	458	1	1	3	2	462	462
Dutch	Finnish	41	42	<http://www.wikidata.org/entity/Q7411>	<http://www.wikidata.org/entity/Q1412>	2611	210	0	1	1	1	211	211
Dutch	French	41	7	<http://www.wikidata.org/entity/Q7411>	<http://www.wikidata.org/entity/Q150>	2611	979	27	39	199	10	1182	1182
Dutch	Fula	41	26	<http://www.wikidata.org/entity/Q7411>	<http://www.wikidata.org/entity/Q33454>	2611	50	0	0	0	0	50	50
Dutch	German	41	13	<http://www.wikidata.org/entity/Q7411>	<http://www.wikidata.org/entity/Q188>	2611	953	23	29	119	7	1073	1073
Dutch	Hausa	41	48	<http://www.wikidata.org/entity/Q7411>	<http://www.wikidata.org/entity/Q56475>	2611	176	0	0	4	3	179	179
Dutch	Hebrew	41	29	<http://www.wikidata.org/entity/Q7411>	<http://www.wikidata.org/entity/Q9288>	2611	617	0	1	3	1	621	621
Dutch	Hindustani	41	37	<http://www.wikidata.org/entity/Q7411>	<http://www.wikidata.org/entity/Q11051>	2611	241	0	0	2	1	244	244
Dutch	Igbo	41	32	<http://www.wikidata.org/entity/Q7411>	<http://www.wikidata.org/entity/Q33578>	2611	293	0	0	0	6	299	299
Dutch	Italian	41	10	<http://www.wikidata.org/entity/Q7411>	<http://www.wikidata.org/entity/Q652>	2611	1000	3	6	170	5	1175	1175
Dutch	Japanese	41	5	<http://www.wikidata.org/entity/Q7411>	<http://www.wikidata.org/entity/Q5287>	2611	758	0	9	8	6	773	773
Dutch	Klingon	41	43	<http://www.wikidata.org/entity/Q7411>	<http://www.wikidata.org/entity/Q10134>	2611	240	1	3	2	3	245	245
Dutch	Korean	41	50	<http://www.wikidata.org/entity/Q7411>	<http://www.wikidata.org/entity/Q9176>	2611	165	0	10	0	0	165	165
Dutch	Latin	41	39	<http://www.wikidata.org/entity/Q7411>	<http://www.wikidata.org/entity/Q397>	2611	273	25	25	0	2	275	275
Dutch	Malay	41	33	<http://www.wikidata.org/entity/Q7411>	<http://www.wikidata.org/entity/Q9237>	2611	805	23	28	1	6	827	827
Dutch	Malayalam	41	23	<http://www.wikidata.org/entity/Q7411>	<http://www.wikidata.org/entity/Q36236>	2611	538	0	8	0	1	540	540
Dutch	Mon	41	30	<http://www.wikidata.org/entity/Q7411>	<http://www.wikidata.org/entity/Q13349>	2611	6	0	0	0	0	6	6
Dutch	New Persian	41	24	<http://www.wikidata.org/entity/Q7411>	<http://www.wikidata.org/entity/Q56356571>	2611	482	0	0	12	2	492	492
Dutch	Northern Sami	41	25	<http://www.wikidata.org/entity/Q7411>	<http://www.wikidata.org/entity/Q33947>	2611	10	0	1	0	0	10	10
Dutch	Nynorsk	41	8	<http://www.wikidata.org/entity/Q7411>	<http://www.wikidata.org/entity/Q25164>	2611	739	0	7	121	4	862	862
Dutch	Persian	41	15	<http://www.wikidata.org/entity/Q7411>	<http://www.wikidata.org/entity/Q9168>	2611	42	0	0	0	1	43	43
Dutch	Polish	41	36	<http://www.wikidata.org/entity/Q7411>	<http://www.wikidata.org/entity/Q809>	2611	270	1	8	0	1	271	271
Dutch	Portuguese	41	1	<http://www.wikidata.org/entity/Q7411>	<http://www.wikidata.org/entity/Q5146>	2611	443	0	6	26	8	475	475
Dutch	Punjabi	41	27	<http://www.wikidata.org/entity/Q7411>	<http://www.wikidata.org/entity/Q58635>	2611	386	0	0	10	7	400	400
Dutch	Quechua	41	44	<http://www.wikidata.org/entity/Q7411>	<http://www.wikidata.org/entity/Q5218>	2611	9	0	1	0	0	9	9
Dutch	Russian	41	17	<http://www.wikidata.org/entity/Q7411>	<http://www.wikidata.org/entity/Q7737>	2611	822	1	5	23	1	842	842
Dutch	Sanskrit	41	47	<http://www.wikidata.org/entity/Q7411>	<http://www.wikidata.org/entity/Q11059>	2611	101	0	0	0	1	102	102
Dutch	Southern Min	41	45	<http://www.wikidata.org/entity/Q7411>	<http://www.wikidata.org/entity/Q36495>	2611	207	0	1	0	1	208	208
Dutch	Spanish	41	12	<http://www.wikidata.org/entity/Q7411>	<http://www.wikidata.org/entity/Q1321>	2611	524	2	19	198	3	717	717
Dutch	Standard Chinese	41	35	<http://www.wikidata.org/entity/Q7411>	<http://www.wikidata.org/entity/Q727694>	2611	259	0	11	0	4	264	264
Dutch	Sumerian	41	18	<http://www.wikidata.org/entity/Q7411>	<http://www.wikidata.org/entity/Q36790>	2611	258	0	0	0	9	266	266
Dutch	Swedish	41	4	<http://www.wikidata.org/entity/Q7411>	<http://www.wikidata.org/entity/Q9027>	2611	943	2	8	208	6	1146	1146
Dutch	Turkish	41	40	<http://www.wikidata.org/entity/Q7411>	<http://www.wikidata.org/entity/Q256>	2611	221	0	2	2	6	227	227
Dutch	Ugaritic	41	38	<http://www.wikidata.org/entity/Q7411>	<http://www.wikidata.org/entity/Q36928>	2611	138	0	0	0	0	138	138
Egyptian	Akkadian	16	19	<http://www.wikidata.org/entity/Q50868>	<http://www.wikidata.org/entity/Q35518>	18852	39	1	1	0	5	44	44
Egyptian	Albanian	16	28	<http://www.wikidata.org/entity/Q50868>	<http://www.wikidata.org/entity/Q8748>	18852	13	0	0	0	0	13	13
Egyptian	Arabic	16	20	<http://www.wikidata.org/entity/Q50868>	<http://www.wikidata.org/entity/Q13955>	18852	14	0	1	0	0	14	14
Egyptian	Aragonese	16	6	<http://www.wikidata.org/entity/Q50868>	<http://www.wikidata.org/entity/Q8765>	18852	1	0	0	0	0	1	1
Egyptian	Bangla	16	21	<http://www.wikidata.org/entity/Q50868>	<http://www.wikidata.org/entity/Q9610>	18852	18	0	0	0	1	19	19
Egyptian	Banjar	16	46	<http://www.wikidata.org/entity/Q50868>	<http://www.wikidata.org/entity/Q33151>	18852	4	0	0	0	0	4	4
Egyptian	Basque	16	9	<http://www.wikidata.org/entity/Q50868>	<http://www.wikidata.org/entity/Q8752>	18852	11	0	0	0	0	11	11
Egyptian	Bokmål	16	3	<http://www.wikidata.org/entity/Q50868>	<http://www.wikidata.org/entity/Q25167>	18852	43	0	0	0	0	43	43
Egyptian	Breton	16	31	<http://www.wikidata.org/entity/Q50868>	<http://www.wikidata.org/entity/Q12107>	18852	31	0	0	0	2	33	33
Egyptian	Central Bikol	16	49	<http://www.wikidata.org/entity/Q50868>	<http://www.wikidata.org/entity/Q33284>	18852	2	0	0	0	0	2	2
Egyptian	Czech	16	11	<http://www.wikidata.org/entity/Q50868>	<http://www.wikidata.org/entity/Q9056>	18852	18	0	0	0	0	18	18
Egyptian	Dagbanli	16	22	<http://www.wikidata.org/entity/Q50868>	<http://www.wikidata.org/entity/Q32238>	18852	18	0	0	0	0	18	18
Egyptian	Danish	16	14	<http://www.wikidata.org/entity/Q50868>	<http://www.wikidata.org/entity/Q9035>	18852	29	0	0	0	0	29	29
Egyptian	Dutch	16	41	<http://www.wikidata.org/entity/Q50868>	<http://www.wikidata.org/entity/Q7411>	18852	13	0	0	0	0	13	13
Egyptian	English	16	2	<http://www.wikidata.org/entity/Q50868>	<http://www.wikidata.org/entity/Q1860>	18852	53	0	0	0	4	57	57
Egyptian	Estonian	16	34	<http://www.wikidata.org/entity/Q50868>	<http://www.wikidata.org/entity/Q9072>	18852	22	0	0	0	1	23	23
Egyptian	Finnish	16	42	<http://www.wikidata.org/entity/Q50868>	<http://www.wikidata.org/entity/Q1412>	18852	16	0	0	0	0	16	16
Egyptian	French	16	7	<http://www.wikidata.org/entity/Q50868>	<http://www.wikidata.org/entity/Q150>	18852	37	0	0	0	2	39	39
Egyptian	Fula	16	26	<http://www.wikidata.org/entity/Q50868>	<http://www.wikidata.org/entity/Q33454>	18852	5	0	0	0	0	5	5
Egyptian	German	16	13	<http://www.wikidata.org/entity/Q50868>	<http://www.wikidata.org/entity/Q188>	18852	40	0	0	0	3	43	43
Egyptian	Hausa	16	48	<http://www.wikidata.org/entity/Q50868>	<http://www.wikidata.org/entity/Q56475>	18852	13	0	0	0	1	14	14
Egyptian	Hebrew	16	29	<http://www.wikidata.org/entity/Q50868>	<http://www.wikidata.org/entity/Q9288>	18852	26	0	1	0	1	27	27
Egyptian	Hindustani	16	37	<http://www.wikidata.org/entity/Q50868>	<http://www.wikidata.org/entity/Q11051>	18852	25	0	0	0	2	27	27
Egyptian	Igbo	16	32	<http://www.wikidata.org/entity/Q50868>	<http://www.wikidata.org/entity/Q33578>	18852	21	0	0	0	0	21	21
Egyptian	Italian	16	10	<http://www.wikidata.org/entity/Q50868>	<http://www.wikidata.org/entity/Q652>	18852	48	0	0	0	1	49	49
Egyptian	Japanese	16	5	<http://www.wikidata.org/entity/Q50868>	<http://www.wikidata.org/entity/Q5287>	18852	36	0	0	0	5	41	41
Egyptian	Klingon	16	43	<http://www.wikidata.org/entity/Q50868>	<http://www.wikidata.org/entity/Q10134>	18852	14	0	0	0	1	15	15
Egyptian	Korean	16	50	<http://www.wikidata.org/entity/Q50868>	<http://www.wikidata.org/entity/Q9176>	18852	10	0	0	0	1	11	11
Egyptian	Latin	16	39	<http://www.wikidata.org/entity/Q50868>	<http://www.wikidata.org/entity/Q397>	18852	20	0	0	0	0	20	20
Egyptian	Malay	16	33	<http://www.wikidata.org/entity/Q50868>	<http://www.wikidata.org/entity/Q9237>	18852	27	0	0	0	2	29	29
Egyptian	Malayalam	16	23	<http://www.wikidata.org/entity/Q50868>	<http://www.wikidata.org/entity/Q36236>	18852	32	0	0	0	2	34	34
Egyptian	Mon	16	30	<http://www.wikidata.org/entity/Q50868>	<http://www.wikidata.org/entity/Q13349>	18852	2	0	0	0	0	2	2
Egyptian	New Persian	16	24	<http://www.wikidata.org/entity/Q50868>	<http://www.wikidata.org/entity/Q56356571>	18852	33	0	0	0	3	36	36
Egyptian	Northern Sami	16	25	<http://www.wikidata.org/entity/Q50868>	<http://www.wikidata.org/entity/Q33947>	18852	2	0	0	0	0	2	2
Egyptian	Nynorsk	16	8	<http://www.wikidata.org/entity/Q50868>	<http://www.wikidata.org/entity/Q25164>	18852	31	0	0	0	0	31	31
Egyptian	Persian	16	15	<http://www.wikidata.org/entity/Q50868>	<http://www.wikidata.org/entity/Q9168>	18852	2	0	0	0	0	2	2
Egyptian	Polish	16	36	<http://www.wikidata.org/entity/Q50868>	<http://www.wikidata.org/entity/Q809>	18852	12	0	0	0	0	12	12
Egyptian	Portuguese	16	1	<http://www.wikidata.org/entity/Q50868>	<http://www.wikidata.org/entity/Q5146>	18852	25	0	0	0	0	25	25
Egyptian	Punjabi	16	27	<http://www.wikidata.org/entity/Q50868>	<http://www.wikidata.org/entity/Q58635>	18852	29	0	0	0	2	31	31
Egyptian	Quechua	16	44	<http://www.wikidata.org/entity/Q50868>	<http://www.wikidata.org/entity/Q5218>	18852	3	0	0	0	0	3	3
Egyptian	Russian	16	17	<http://www.wikidata.org/entity/Q50868>	<http://www.wikidata.org/entity/Q7737>	18852	35	0	0	0	1	36	36
Egyptian	Sanskrit	16	47	<http://www.wikidata.org/entity/Q50868>	<http://www.wikidata.org/entity/Q11059>	18852	15	0	0	0	3	18	18
Egyptian	Southern Min	16	45	<http://www.wikidata.org/entity/Q50868>	<http://www.wikidata.org/entity/Q36495>	18852	14	0	0	0	1	15	15
Egyptian	Spanish	16	12	<http://www.wikidata.org/entity/Q50868>	<http://www.wikidata.org/entity/Q1321>	18852	26	0	0	0	0	26	26
Egyptian	Standard Chinese	16	35	<http://www.wikidata.org/entity/Q50868>	<http://www.wikidata.org/entity/Q727694>	18852	16	0	0	0	0	16	16
Egyptian	Sumerian	16	18	<http://www.wikidata.org/entity/Q50868>	<http://www.wikidata.org/entity/Q36790>	18852	38	0	1	0	4	42	42
Egyptian	Swedish	16	4	<http://www.wikidata.org/entity/Q50868>	<http://www.wikidata.org/entity/Q9027>	18852	33	0	0	0	3	36	36
Egyptian	Turkish	16	40	<http://www.wikidata.org/entity/Q50868>	<http://www.wikidata.org/entity/Q256>	18852	22	0	0	0	1	23	23
Egyptian	Ugaritic	16	38	<http://www.wikidata.org/entity/Q50868>	<http://www.wikidata.org/entity/Q36928>	18852	17	0	0	0	0	17	17
English	Akkadian	2	19	<http://www.wikidata.org/entity/Q1860>	<http://www.wikidata.org/entity/Q35518>	59942	2460	1	3	0	399	2858	2858
English	Albanian	2	28	<http://www.wikidata.org/entity/Q1860>	<http://www.wikidata.org/entity/Q8748>	59942	495	3	4	6	11	509	509
English	Arabic	2	20	<http://www.wikidata.org/entity/Q1860>	<http://www.wikidata.org/entity/Q13955>	59942	1149	49	56	1	89	1259	1259
English	Aragonese	2	6	<http://www.wikidata.org/entity/Q1860>	<http://www.wikidata.org/entity/Q8765>	59942	105	13	14	0	2	114	114
English	Bangla	2	21	<http://www.wikidata.org/entity/Q1860>	<http://www.wikidata.org/entity/Q9610>	59942	1469	36	45	7	240	1732	1732
English	Banjar	2	46	<http://www.wikidata.org/entity/Q1860>	<http://www.wikidata.org/entity/Q33151>	59942	165	73	73	0	1	194	194
English	Basque	2	9	<http://www.wikidata.org/entity/Q1860>	<http://www.wikidata.org/entity/Q8752>	59942	2228	17	30	0	4	2235	2235
English	Bokmål	2	3	<http://www.wikidata.org/entity/Q1860>	<http://www.wikidata.org/entity/Q25167>	59942	9354	66	89	162	270	9758	9758
English	Breton	2	31	<http://www.wikidata.org/entity/Q1860>	<http://www.wikidata.org/entity/Q12107>	59942	2856	2	20	6	160	3022	3022
English	Central Bikol	2	49	<http://www.wikidata.org/entity/Q1860>	<http://www.wikidata.org/entity/Q33284>	59942	57	1	1	0	0	58	58
English	Czech	2	11	<http://www.wikidata.org/entity/Q1860>	<http://www.wikidata.org/entity/Q9056>	59942	2677	113	157	21	19	2725	2725
English	Dagbanli	2	22	<http://www.wikidata.org/entity/Q1860>	<http://www.wikidata.org/entity/Q32238>	59942	1832	33	38	0	22	1868	1868
English	Danish	2	14	<http://www.wikidata.org/entity/Q1860>	<http://www.wikidata.org/entity/Q9035>	59942	5984	133	182	97	184	6316	6316
English	Dutch	2	41	<http://www.wikidata.org/entity/Q1860>	<http://www.wikidata.org/entity/Q7411>	59942	1599	102	112	130	25	1747	1747
English	Egyptian	2	16	<http://www.wikidata.org/entity/Q1860>	<http://www.wikidata.org/entity/Q50868>	59942	71	0	0	0	6	77	77
English	Estonian	2	34	<http://www.wikidata.org/entity/Q1860>	<http://www.wikidata.org/entity/Q9072>	59942	2785	15	22	3	97	2895	2895
English	Finnish	2	42	<http://www.wikidata.org/entity/Q1860>	<http://www.wikidata.org/entity/Q1412>	59942	1060	26	41	0	49	1118	1118
English	French	2	7	<http://www.wikidata.org/entity/Q1860>	<http://www.wikidata.org/entity/Q150>	59942	10199	611	796	142	526	10981	10000
English	Fula	2	26	<http://www.wikidata.org/entity/Q1860>	<http://www.wikidata.org/entity/Q33454>	59942	255	1	1	0	6	262	262
English	German	2	13	<http://www.wikidata.org/entity/Q1860>	<http://www.wikidata.org/entity/Q188>	59942	8571	402	479	88	531	9264	9264
English	Hausa	2	48	<http://www.wikidata.org/entity/Q1860>	<http://www.wikidata.org/entity/Q56475>	59942	927	0	1	1	187	1114	1114
English	Hebrew	2	29	<http://www.wikidata.org/entity/Q1860>	<http://www.wikidata.org/entity/Q9288>	59942	5251	32	46	1	75	5338	5338
English	Hindustani	2	37	<http://www.wikidata.org/entity/Q1860>	<http://www.wikidata.org/entity/Q11051>	59942	1397	73	107	0	100	1530	1530
English	Igbo	2	32	<http://www.wikidata.org/entity/Q1860>	<http://www.wikidata.org/entity/Q33578>	59942	1955	20	26	0	187	2155	2155
English	Italian	2	10	<http://www.wikidata.org/entity/Q1860>	<http://www.wikidata.org/entity/Q652>	59942	12036	535	568	134	177	12420	10000
English	Japanese	2	5	<http://www.wikidata.org/entity/Q1860>	<http://www.wikidata.org/entity/Q5287>	59942	9019	240	295	13	499	9634	9634
English	Klingon	2	43	<http://www.wikidata.org/entity/Q1860>	<http://www.wikidata.org/entity/Q10134>	59942	1356	34	38	6	199	1573	1573
English	Korean	2	50	<http://www.wikidata.org/entity/Q1860>	<http://www.wikidata.org/entity/Q9176>	59942	750	16	22	0	115	869	869
English	Latin	2	39	<http://www.wikidata.org/entity/Q1860>	<http://www.wikidata.org/entity/Q397>	59942	2062	106	137	0	43	2173	2173
English	Malay	2	33	<http://www.wikidata.org/entity/Q1860>	<http://www.wikidata.org/entity/Q9237>	59942	3260	105	131	1	291	3580	3580
English	Malayalam	2	23	<http://www.wikidata.org/entity/Q1860>	<http://www.wikidata.org/entity/Q36236>	59942	4487	693	708	0	57	4648	4648
English	Mon	2	30	<http://www.wikidata.org/entity/Q1860>	<http://www.wikidata.org/entity/Q13349>	59942	27	0	0	0	0	27	27
English	New Persian	2	24	<http://www.wikidata.org/entity/Q1860>	<http://www.wikidata.org/entity/Q56356571>	59942	3408	68	74	7	105	3574	3574
English	Northern Sami	2	25	<http://www.wikidata.org/entity/Q1860>	<http://www.wikidata.org/entity/Q33947>	59942	30	0	3	0	1	31	31
English	Nynorsk	2	8	<http://www.wikidata.org/entity/Q1860>	<http://www.wikidata.org/entity/Q25164>	59942	6743	50	71	96	160	6959	6959
English	Persian	2	15	<http://www.wikidata.org/entity/Q1860>	<http://www.wikidata.org/entity/Q9168>	59942	760	13	13	0	39	812	812
English	Polish	2	36	<http://www.wikidata.org/entity/Q1860>	<http://www.wikidata.org/entity/Q809>	59942	1014	51	72	2	4	1031	1031
English	Portuguese	2	1	<http://www.wikidata.org/entity/Q1860>	<http://www.wikidata.org/entity/Q5146>	59942	3012	99	131	29	159	3206	3206
English	Punjabi	2	27	<http://www.wikidata.org/entity/Q1860>	<http://www.wikidata.org/entity/Q58635>	59942	2724	42	45	8	244	2999	2999
English	Quechua	2	44	<http://www.wikidata.org/entity/Q1860>	<http://www.wikidata.org/entity/Q5218>	59942	38	4	6	0	3	42	42
English	Russian	2	17	<http://www.wikidata.org/entity/Q1860>	<http://www.wikidata.org/entity/Q7737>	59942	7842	115	139	26	101	7977	7977
English	Sanskrit	2	47	<http://www.wikidata.org/entity/Q1860>	<http://www.wikidata.org/entity/Q11059>	59942	710	12	19	0	76	792	792
English	Southern Min	2	45	<http://www.wikidata.org/entity/Q1860>	<http://www.wikidata.org/entity/Q36495>	59942	1184	123	138	0	95	1307	1307
English	Spanish	2	12	<http://www.wikidata.org/entity/Q1860>	<http://www.wikidata.org/entity/Q1321>	59942	4142	404	437	170	106	4469	4469
English	Standard Chinese	2	35	<http://www.wikidata.org/entity/Q1860>	<http://www.wikidata.org/entity/Q727694>	59942	1238	95	105	0	173	1437	1437
English	Sumerian	2	18	<http://www.wikidata.org/entity/Q1860>	<http://www.wikidata.org/entity/Q36790>	59942	2430	2	6	0	413	2845	2845
English	Swedish	2	4	<http://www.wikidata.org/entity/Q1860>	<http://www.wikidata.org/entity/Q9027>	59942	8414	94	126	156	349	8932	8932
English	Turkish	2	40	<http://www.wikidata.org/entity/Q1860>	<http://www.wikidata.org/entity/Q256>	59942	1354	37	42	1	235	1598	1598
English	Ugaritic	2	38	<http://www.wikidata.org/entity/Q1860>	<http://www.wikidata.org/entity/Q36928>	59942	1104	0	0	0	0	1104	1104
Estonian	Akkadian	34	19	<http://www.wikidata.org/entity/Q9072>	<http://www.wikidata.org/entity/Q35518>	4943	603	0	0	0	27	630	630
Estonian	Albanian	34	28	<http://www.wikidata.org/entity/Q9072>	<http://www.wikidata.org/entity/Q8748>	4943	203	0	1	1	1	205	205
Estonian	Arabic	34	20	<http://www.wikidata.org/entity/Q9072>	<http://www.wikidata.org/entity/Q13955>	4943	371	0	0	0	8	379	379
Estonian	Aragonese	34	6	<http://www.wikidata.org/entity/Q9072>	<http://www.wikidata.org/entity/Q8765>	4943	61	0	0	0	2	63	63
Estonian	Bangla	34	21	<http://www.wikidata.org/entity/Q9072>	<http://www.wikidata.org/entity/Q9610>	4943	507	0	0	0	20	527	527
Estonian	Banjar	34	46	<http://www.wikidata.org/entity/Q9072>	<http://www.wikidata.org/entity/Q33151>	4943	60	0	1	0	0	61	61
Estonian	Basque	34	9	<http://www.wikidata.org/entity/Q9072>	<http://www.wikidata.org/entity/Q8752>	4943	526	0	2	0	1	527	527
Estonian	Bokmål	34	3	<http://www.wikidata.org/entity/Q9072>	<http://www.wikidata.org/entity/Q25167>	4943	2072	4	5	1	24	2099	2099
Estonian	Breton	34	31	<http://www.wikidata.org/entity/Q9072>	<http://www.wikidata.org/entity/Q12107>	4943	865	0	1	0	14	879	879
Estonian	Central Bikol	34	49	<http://www.wikidata.org/entity/Q9072>	<http://www.wikidata.org/entity/Q33284>	4943	18	0	0	0	0	18	18
Estonian	Czech	34	11	<http://www.wikidata.org/entity/Q9072>	<http://www.wikidata.org/entity/Q9056>	4943	676	0	3	1	2	680	680
Estonian	Dagbanli	34	22	<http://www.wikidata.org/entity/Q9072>	<http://www.wikidata.org/entity/Q32238>	4943	492	0	1	0	5	497	497
Estonian	Danish	34	14	<http://www.wikidata.org/entity/Q9072>	<http://www.wikidata.org/entity/Q9035>	4943	1544	2	8	1	19	1566	1566
Estonian	Dutch	34	41	<http://www.wikidata.org/entity/Q9072>	<http://www.wikidata.org/entity/Q7411>	4943	500	1	1	1	2	503	503
Estonian	Egyptian	34	16	<http://www.wikidata.org/entity/Q9072>	<http://www.wikidata.org/entity/Q50868>	4943	25	0	0	0	1	26	26
Estonian	English	34	2	<http://www.wikidata.org/entity/Q9072>	<http://www.wikidata.org/entity/Q1860>	4943	2291	13	18	1	56	2358	2358
Estonian	Finnish	34	42	<http://www.wikidata.org/entity/Q9072>	<http://www.wikidata.org/entity/Q1412>	4943	438	5	8	0	9	448	448
Estonian	French	34	7	<http://www.wikidata.org/entity/Q9072>	<http://www.wikidata.org/entity/Q150>	4943	1962	2	6	1	37	2002	2002
Estonian	Fula	34	26	<http://www.wikidata.org/entity/Q9072>	<http://www.wikidata.org/entity/Q33454>	4943	95	0	0	0	2	97	97
Estonian	German	34	13	<http://www.wikidata.org/entity/Q9072>	<http://www.wikidata.org/entity/Q188>	4943	1994	16	17	1	35	2034	2034
Estonian	Hausa	34	48	<http://www.wikidata.org/entity/Q9072>	<http://www.wikidata.org/entity/Q56475>	4943	343	0	0	0	16	359	359
Estonian	Hebrew	34	29	<http://www.wikidata.org/entity/Q9072>	<http://www.wikidata.org/entity/Q9288>	4943	1209	0	0	0	13	1222	1222
Estonian	Hindustani	34	37	<http://www.wikidata.org/entity/Q9072>	<http://www.wikidata.org/entity/Q11051>	4943	470	0	0	0	14	484	484
Estonian	Igbo	34	32	<http://www.wikidata.org/entity/Q9072>	<http://www.wikidata.org/entity/Q33578>	4943	621	0	0	0	15	636	636
Estonian	Italian	34	10	<http://www.wikidata.org/entity/Q9072>	<http://www.wikidata.org/entity/Q652>	4943	1987	1	7	1	11	2001	2001
Estonian	Japanese	34	5	<http://www.wikidata.org/entity/Q9072>	<http://www.wikidata.org/entity/Q5287>	4943	1414	0	2	1	37	1452	1452
Estonian	Klingon	34	43	<http://www.wikidata.org/entity/Q9072>	<http://www.wikidata.org/entity/Q10134>	4943	472	0	0	0	15	487	487
Estonian	Korean	34	50	<http://www.wikidata.org/entity/Q9072>	<http://www.wikidata.org/entity/Q9176>	4943	209	0	0	0	12	221	221
Estonian	Latin	34	39	<http://www.wikidata.org/entity/Q9072>	<http://www.wikidata.org/entity/Q397>	4943	520	2	4	0	12	534	534
Estonian	Malay	34	33	<http://www.wikidata.org/entity/Q9072>	<http://www.wikidata.org/entity/Q9237>	4943	980	0	0	0	34	1014	1014
Estonian	Malayalam	34	23	<http://www.wikidata.org/entity/Q9072>	<http://www.wikidata.org/entity/Q36236>	4943	1013	0	1	0	7	1020	1020
Estonian	Mon	34	30	<http://www.wikidata.org/entity/Q9072>	<http://www.wikidata.org/entity/Q13349>	4943	12	0	0	0	0	12	12
Estonian	New Persian	34	24	<http://www.wikidata.org/entity/Q9072>	<http://www.wikidata.org/entity/Q56356571>	4943	968	0	3	1	19	990	990
Estonian	Northern Sami	34	25	<http://www.wikidata.org/entity/Q9072>	<http://www.wikidata.org/entity/Q33947>	4943	17	0	1	0	1	18	18
Estonian	Nynorsk	34	8	<http://www.wikidata.org/entity/Q9072>	<http://www.wikidata.org/entity/Q25164>	4943	1563	1	4	1	17	1582	1582
Estonian	Persian	34	15	<http://www.wikidata.org/entity/Q9072>	<http://www.wikidata.org/entity/Q9168>	4943	94	0	0	0	4	98	98
Estonian	Polish	34	36	<http://www.wikidata.org/entity/Q9072>	<http://www.wikidata.org/entity/Q809>	4943	326	0	4	0	0	327	327
Estonian	Portuguese	34	1	<http://www.wikidata.org/entity/Q9072>	<http://www.wikidata.org/entity/Q5146>	4943	904	0	1	0	19	923	923
Estonian	Punjabi	34	27	<http://www.wikidata.org/entity/Q9072>	<http://www.wikidata.org/entity/Q58635>	4943	794	0	2	1	24	821	821
Estonian	Quechua	34	44	<http://www.wikidata.org/entity/Q9072>	<http://www.wikidata.org/entity/Q5218>	4943	12	0	1	0	0	13	13
Estonian	Russian	34	17	<http://www.wikidata.org/entity/Q9072>	<http://www.wikidata.org/entity/Q7737>	4943	1656	2	6	1	11	1668	1668
Estonian	Sanskrit	34	47	<http://www.wikidata.org/entity/Q9072>	<http://www.wikidata.org/entity/Q11059>	4943	238	0	0	0	10	248	248
Estonian	Southern Min	34	45	<http://www.wikidata.org/entity/Q9072>	<http://www.wikidata.org/entity/Q36495>	4943	411	0	0	0	10	421	421
Estonian	Spanish	34	12	<http://www.wikidata.org/entity/Q9072>	<http://www.wikidata.org/entity/Q1321>	4943	899	2	7	1	16	918	918
Estonian	Standard Chinese	34	35	<http://www.wikidata.org/entity/Q9072>	<http://www.wikidata.org/entity/Q727694>	4943	419	0	1	0	14	434	434
Estonian	Sumerian	34	18	<http://www.wikidata.org/entity/Q9072>	<http://www.wikidata.org/entity/Q36790>	4943	650	0	0	0	26	676	676
Estonian	Swedish	34	4	<http://www.wikidata.org/entity/Q9072>	<http://www.wikidata.org/entity/Q9027>	4943	2047	1	3	1	31	2079	2079
Estonian	Turkish	34	40	<http://www.wikidata.org/entity/Q9072>	<http://www.wikidata.org/entity/Q256>	4943	482	0	1	0	31	513	513
Estonian	Ugaritic	34	38	<http://www.wikidata.org/entity/Q9072>	<http://www.wikidata.org/entity/Q36928>	4943	348	0	0	0	0	348	348
Finnish	Akkadian	42	19	<http://www.wikidata.org/entity/Q1412>	<http://www.wikidata.org/entity/Q35518>	2495	255	0	1	0	19	274	274
Finnish	Albanian	42	28	<http://www.wikidata.org/entity/Q1412>	<http://www.wikidata.org/entity/Q8748>	2495	78	0	0	0	0	78	78
Finnish	Arabic	42	20	<http://www.wikidata.org/entity/Q1412>	<http://www.wikidata.org/entity/Q13955>	2495	197	0	3	0	7	204	204
Finnish	Aragonese	42	6	<http://www.wikidata.org/entity/Q1412>	<http://www.wikidata.org/entity/Q8765>	2495	18	0	0	0	2	20	20
Finnish	Bangla	42	21	<http://www.wikidata.org/entity/Q1412>	<http://www.wikidata.org/entity/Q9610>	2495	241	0	1	0	16	258	258
Finnish	Banjar	42	46	<http://www.wikidata.org/entity/Q1412>	<http://www.wikidata.org/entity/Q33151>	2495	33	0	0	0	0	33	33
Finnish	Basque	42	9	<http://www.wikidata.org/entity/Q1412>	<http://www.wikidata.org/entity/Q8752>	2495	159	1	1	0	0	159	159
Finnish	Bokmål	42	3	<http://www.wikidata.org/entity/Q1412>	<http://www.wikidata.org/entity/Q25167>	2495	691	2	8	1	16	709	709
Finnish	Breton	42	31	<http://www.wikidata.org/entity/Q1412>	<http://www.wikidata.org/entity/Q12107>	2495	350	1	8	0	13	363	363
Finnish	Central Bikol	42	49	<http://www.wikidata.org/entity/Q1412>	<http://www.wikidata.org/entity/Q33284>	2495	9	0	0	0	0	9	9
Finnish	Czech	42	11	<http://www.wikidata.org/entity/Q1412>	<http://www.wikidata.org/entity/Q9056>	2495	276	5	12	0	1	277	277
Finnish	Dagbanli	42	22	<http://www.wikidata.org/entity/Q1412>	<http://www.wikidata.org/entity/Q32238>	2495	179	0	3	0	3	182	182
Finnish	Danish	42	14	<http://www.wikidata.org/entity/Q1412>	<http://www.wikidata.org/entity/Q9035>	2495	543	6	14	1	11	556	556
Finnish	Dutch	42	41	<http://www.wikidata.org/entity/Q1412>	<http://www.wikidata.org/entity/Q7411>	2495	201	0	1	1	1	203	203
Finnish	Egyptian	42	16	<http://www.wikidata.org/entity/Q1412>	<http://www.wikidata.org/entity/Q50868>	2495	18	0	0	0	0	18	18
Finnish	English	42	2	<http://www.wikidata.org/entity/Q1412>	<http://www.wikidata.org/entity/Q1860>	2495	743	25	39	0	33	784	784
Finnish	Estonian	42	34	<http://www.wikidata.org/entity/Q1412>	<http://www.wikidata.org/entity/Q9072>	2495	395	4	7	0	10	406	406
Finnish	French	42	7	<http://www.wikidata.org/entity/Q1412>	<http://www.wikidata.org/entity/Q150>	2495	678	5	18	1	19	699	699
Finnish	Fula	42	26	<http://www.wikidata.org/entity/Q1412>	<http://www.wikidata.org/entity/Q33454>	2495	53	0	0	0	2	55	55
Finnish	German	42	13	<http://www.wikidata.org/entity/Q1412>	<http://www.wikidata.org/entity/Q188>	2495	668	8	20	1	22	693	693
Finnish	Hausa	42	48	<http://www.wikidata.org/entity/Q1412>	<http://www.wikidata.org/entity/Q56475>	2495	164	0	0	0	11	175	175
Finnish	Hebrew	42	29	<http://www.wikidata.org/entity/Q1412>	<http://www.wikidata.org/entity/Q9288>	2495	433	0	4	0	6	439	439
Finnish	Hindustani	42	37	<http://www.wikidata.org/entity/Q1412>	<http://www.wikidata.org/entity/Q11051>	2495	232	0	0	0	7	239	239
Finnish	Igbo	42	32	<http://www.wikidata.org/entity/Q1412>	<http://www.wikidata.org/entity/Q33578>	2495	253	0	0	0	15	268	268
Finnish	Italian	42	10	<http://www.wikidata.org/entity/Q1412>	<http://www.wikidata.org/entity/Q652>	2495	635	4	12	1	10	648	648
Finnish	Japanese	42	5	<http://www.wikidata.org/entity/Q1412>	<http://www.wikidata.org/entity/Q5287>	2495	512	0	4	0	21	533	533
Finnish	Klingon	42	43	<http://www.wikidata.org/entity/Q1412>	<http://www.wikidata.org/entity/Q10134>	2495	215	0	0	0	15	230	230
Finnish	Korean	42	50	<http://www.wikidata.org/entity/Q1412>	<http://www.wikidata.org/entity/Q9176>	2495	120	1	2	0	10	130	130
Finnish	Latin	42	39	<http://www.wikidata.org/entity/Q1412>	<http://www.wikidata.org/entity/Q397>	2495	203	0	6	0	6	210	210
Finnish	Malay	42	33	<http://www.wikidata.org/entity/Q1412>	<http://www.wikidata.org/entity/Q9237>	2495	385	0	1	0	18	403	403
Finnish	Malayalam	42	23	<http://www.wikidata.org/entity/Q1412>	<http://www.wikidata.org/entity/Q36236>	2495	392	1	7	0	8	403	403
Finnish	Mon	42	30	<http://www.wikidata.org/entity/Q1412>	<http://www.wikidata.org/entity/Q13349>	2495	7	0	0	0	0	7	7
Finnish	New Persian	42	24	<http://www.wikidata.org/entity/Q1412>	<http://www.wikidata.org/entity/Q56356571>	2495	372	1	1	0	14	386	386
Finnish	Northern Sami	42	25	<http://www.wikidata.org/entity/Q1412>	<http://www.wikidata.org/entity/Q33947>	2495	12	2	2	0	1	13	13
Finnish	Nynorsk	42	8	<http://www.wikidata.org/entity/Q1412>	<http://www.wikidata.org/entity/Q25164>	2495	532	4	9	1	11	544	544
Finnish	Persian	42	15	<http://www.wikidata.org/entity/Q1412>	<http://www.wikidata.org/entity/Q9168>	2495	17	0	0	0	3	20	20
Finnish	Polish	42	36	<http://www.wikidata.org/entity/Q1412>	<http://www.wikidata.org/entity/Q809>	2495	149	2	9	0	0	149	149
Finnish	Portuguese	42	1	<http://www.wikidata.org/entity/Q1412>	<http://www.wikidata.org/entity/Q5146>	2495	382	0	5	0	15	398	398
Finnish	Punjabi	42	27	<http://www.wikidata.org/entity/Q1412>	<http://www.wikidata.org/entity/Q58635>	2495	351	0	1	0	13	365	365
Finnish	Quechua	42	44	<http://www.wikidata.org/entity/Q1412>	<http://www.wikidata.org/entity/Q5218>	2495	9	0	1	0	0	9	9
Finnish	Russian	42	17	<http://www.wikidata.org/entity/Q1412>	<http://www.wikidata.org/entity/Q7737>	2495	516	9	14	0	5	522	522
Finnish	Sanskrit	42	47	<http://www.wikidata.org/entity/Q1412>	<http://www.wikidata.org/entity/Q11059>	2495	110	0	1	0	6	116	116
Finnish	Southern Min	42	45	<http://www.wikidata.org/entity/Q1412>	<http://www.wikidata.org/entity/Q36495>	2495	155	1	3	0	7	162	162
Finnish	Spanish	42	12	<http://www.wikidata.org/entity/Q1412>	<http://www.wikidata.org/entity/Q1321>	2495	312	3	15	1	10	324	324
Finnish	Standard Chinese	42	35	<http://www.wikidata.org/entity/Q1412>	<http://www.wikidata.org/entity/Q727694>	2495	208	0	1	0	11	219	219
Finnish	Sumerian	42	18	<http://www.wikidata.org/entity/Q1412>	<http://www.wikidata.org/entity/Q36790>	2495	257	1	1	0	17	274	274
Finnish	Swedish	42	4	<http://www.wikidata.org/entity/Q1412>	<http://www.wikidata.org/entity/Q9027>	2495	1355	41	44	1	19	1400	1400
Finnish	Turkish	42	40	<http://www.wikidata.org/entity/Q1412>	<http://www.wikidata.org/entity/Q256>	2495	208	0	1	0	15	224	224
Finnish	Ugaritic	42	38	<http://www.wikidata.org/entity/Q1412>	<http://www.wikidata.org/entity/Q36928>	2495	148	0	0	0	0	148	148
French	Akkadian	7	19	<http://www.wikidata.org/entity/Q150>	<http://www.wikidata.org/entity/Q35518>	33497	1484	0	2	0	156	1640	1640
French	Albanian	7	28	<http://www.wikidata.org/entity/Q150>	<http://www.wikidata.org/entity/Q8748>	33497	336	0	2	5	4	344	344
French	Arabic	7	20	<http://www.wikidata.org/entity/Q150>	<http://www.wikidata.org/entity/Q13955>	33497	714	9	16	3	37	756	756
French	Aragonese	7	6	<http://www.wikidata.org/entity/Q150>	<http://www.wikidata.org/entity/Q8765>	33497	72	1	2	0	3	76	76
French	Bangla	7	21	<http://www.wikidata.org/entity/Q150>	<http://www.wikidata.org/entity/Q9610>	33497	1108	2	9	9	101	1215	1215
French	Banjar	7	46	<http://www.wikidata.org/entity/Q150>	<http://www.wikidata.org/entity/Q33151>	33497	103	10	14	0	0	106	106
French	Basque	7	9	<http://www.wikidata.org/entity/Q150>	<http://www.wikidata.org/entity/Q8752>	33497	1544	4	13	0	4	1548	1548
French	Bokmål	7	3	<http://www.wikidata.org/entity/Q150>	<http://www.wikidata.org/entity/Q25167>	33497	6346	10	33	462	105	6860	6860
French	Breton	7	31	<http://www.wikidata.org/entity/Q150>	<http://www.wikidata.org/entity/Q12107>	33497	2127	11	24	11	93	2232	2232
French	Central Bikol	7	49	<http://www.wikidata.org/entity/Q150>	<http://www.wikidata.org/entity/Q33284>	33497	30	0	0	0	0	30	30
French	Czech	7	11	<http://www.wikidata.org/entity/Q150>	<http://www.wikidata.org/entity/Q9056>	33497	1973	50	81	50	14	2029	2029
French	Dagbanli	7	22	<http://www.wikidata.org/entity/Q150>	<http://www.wikidata.org/entity/Q32238>	33497	1120	3	10	0	17	1139	1139
French	Danish	7	14	<http://www.wikidata.org/entity/Q150>	<http://www.wikidata.org/entity/Q9035>	33497	4432	30	59	291	90	4800	4800
French	Dutch	7	41	<http://www.wikidata.org/entity/Q150>	<http://www.wikidata.org/entity/Q7411>	33497	1065	24	35	394	10	1468	1468
French	Egyptian	7	16	<http://www.wikidata.org/entity/Q150>	<http://www.wikidata.org/entity/Q50868>	33497	47	0	0	0	2	49	49
French	English	7	2	<http://www.wikidata.org/entity/Q150>	<http://www.wikidata.org/entity/Q1860>	33497	9197	588	779	272	416	9984	9984
French	Estonian	7	34	<http://www.wikidata.org/entity/Q150>	<http://www.wikidata.org/entity/Q9072>	33497	2045	2	8	2	45	2094	2094
French	Finnish	7	42	<http://www.wikidata.org/entity/Q150>	<http://www.wikidata.org/entity/Q1412>	33497	800	5	20	3	23	827	827
French	Fula	7	26	<http://www.wikidata.org/entity/Q150>	<http://www.wikidata.org/entity/Q33454>	33497	156	0	1	0	3	160	160
French	German	7	13	<http://www.wikidata.org/entity/Q150>	<http://www.wikidata.org/entity/Q188>	33497	6053	113	168	247	206	6452	6452
French	Hausa	7	48	<http://www.wikidata.org/entity/Q150>	<http://www.wikidata.org/entity/Q56475>	33497	596	0	0	4	68	667	667
French	Hebrew	7	29	<http://www.wikidata.org/entity/Q150>	<http://www.wikidata.org/entity/Q9288>	33497	3324	4	14	6	43	3376	3376
French	Hindustani	7	37	<http://www.wikidata.org/entity/Q150>	<http://www.wikidata.org/entity/Q11051>	33497	971	3	7	4	43	1020	1020
French	Igbo	7	32	<http://www.wikidata.org/entity/Q150>	<http://www.wikidata.org/entity/Q33578>	33497	1200	0	1	0	83	1282	1282
French	Italian	7	10	<http://www.wikidata.org/entity/Q150>	<http://www.wikidata.org/entity/Q652>	33497	7381	106	158	400	77	7874	7874
French	Japanese	7	5	<http://www.wikidata.org/entity/Q150>	<http://www.wikidata.org/entity/Q5287>	33497	4007	7	44	16	181	4207	4207
French	Klingon	7	43	<http://www.wikidata.org/entity/Q150>	<http://www.wikidata.org/entity/Q10134>	33497	1020	1	2	7	87	1114	1114
French	Korean	7	50	<http://www.wikidata.org/entity/Q150>	<http://www.wikidata.org/entity/Q9176>	33497	512	3	6	0	45	557	557
French	Latin	7	39	<http://www.wikidata.org/entity/Q150>	<http://www.wikidata.org/entity/Q397>	33497	1314	20	37	0	21	1339	1339
French	Malay	7	33	<http://www.wikidata.org/entity/Q150>	<http://www.wikidata.org/entity/Q9237>	33497	2048	11	30	3	116	2172	2172
French	Malayalam	7	23	<http://www.wikidata.org/entity/Q150>	<http://www.wikidata.org/entity/Q36236>	33497	3044	252	286	0	31	3078	3078
French	Mon	7	30	<http://www.wikidata.org/entity/Q150>	<http://www.wikidata.org/entity/Q13349>	33497	23	0	0	0	0	23	23
French	New Persian	7	24	<http://www.wikidata.org/entity/Q150>	<http://www.wikidata.org/entity/Q56356571>	33497	2166	4	10	20	58	2246	2246
French	Northern Sami	7	25	<http://www.wikidata.org/entity/Q150>	<http://www.wikidata.org/entity/Q33947>	33497	25	0	2	0	1	26	26
French	Nynorsk	7	8	<http://www.wikidata.org/entity/Q150>	<http://www.wikidata.org/entity/Q25164>	33497	4646	13	29	281	68	4941	4941
French	Persian	7	15	<http://www.wikidata.org/entity/Q150>	<http://www.wikidata.org/entity/Q9168>	33497	407	2	2	0	31	440	440
French	Polish	7	36	<http://www.wikidata.org/entity/Q150>	<http://www.wikidata.org/entity/Q809>	33497	746	20	39	4	1	752	752
French	Portuguese	7	1	<http://www.wikidata.org/entity/Q150>	<http://www.wikidata.org/entity/Q5146>	33497	1891	16	54	54	79	2013	2013
French	Punjabi	7	27	<http://www.wikidata.org/entity/Q150>	<http://www.wikidata.org/entity/Q58635>	33497	1694	0	0	15	97	1800	1800
French	Quechua	7	44	<http://www.wikidata.org/entity/Q150>	<http://www.wikidata.org/entity/Q5218>	33497	29	1	4	0	0	30	30
French	Russian	7	17	<http://www.wikidata.org/entity/Q150>	<http://www.wikidata.org/entity/Q7737>	33497	5031	27	51	46	50	5116	5116
French	Sanskrit	7	47	<http://www.wikidata.org/entity/Q150>	<http://www.wikidata.org/entity/Q11059>	33497	437	0	1	0	28	464	464
French	Southern Min	7	45	<http://www.wikidata.org/entity/Q150>	<http://www.wikidata.org/entity/Q36495>	33497	989	3	18	0	42	1033	1033
French	Spanish	7	12	<http://www.wikidata.org/entity/Q150>	<http://www.wikidata.org/entity/Q1321>	33497	3191	134	172	459	55	3668	3668
French	Standard Chinese	7	35	<http://www.wikidata.org/entity/Q150>	<http://www.wikidata.org/entity/Q727694>	33497	859	6	23	0	71	933	933
French	Sumerian	7	18	<http://www.wikidata.org/entity/Q150>	<http://www.wikidata.org/entity/Q36790>	33497	1514	2	2	0	161	1675	1675
French	Swedish	7	4	<http://www.wikidata.org/entity/Q150>	<http://www.wikidata.org/entity/Q9027>	33497	6661	24	44	475	143	7230	7230
French	Turkish	7	40	<http://www.wikidata.org/entity/Q150>	<http://www.wikidata.org/entity/Q256>	33497	929	5	9	3	111	1045	1045
French	Ugaritic	7	38	<http://www.wikidata.org/entity/Q150>	<http://www.wikidata.org/entity/Q36928>	33497	727	0	0	0	0	727	727
Fula	Akkadian	26	19	<http://www.wikidata.org/entity/Q33454>	<http://www.wikidata.org/entity/Q35518>	9001	88	0	0	0	2	90	90
Fula	Albanian	26	28	<http://www.wikidata.org/entity/Q33454>	<http://www.wikidata.org/entity/Q8748>	9001	24	0	0	0	0	24	24
Fula	Arabic	26	20	<http://www.wikidata.org/entity/Q33454>	<http://www.wikidata.org/entity/Q13955>	9001	51	0	0	0	2	53	53
Fula	Aragonese	26	6	<http://www.wikidata.org/entity/Q33454>	<http://www.wikidata.org/entity/Q8765>	9001	4	0	0	0	1	5	5
Fula	Bangla	26	21	<http://www.wikidata.org/entity/Q33454>	<http://www.wikidata.org/entity/Q9610>	9001	65	0	0	0	2	67	67
Fula	Banjar	26	46	<http://www.wikidata.org/entity/Q33454>	<http://www.wikidata.org/entity/Q33151>	9001	16	0	0	0	0	16	16
Fula	Basque	26	9	<http://www.wikidata.org/entity/Q33454>	<http://www.wikidata.org/entity/Q8752>	9001	36	0	0	0	0	36	36
Fula	Bokmål	26	3	<http://www.wikidata.org/entity/Q33454>	<http://www.wikidata.org/entity/Q25167>	9001	129	0	0	0	2	131	131
Fula	Breton	26	31	<http://www.wikidata.org/entity/Q33454>	<http://www.wikidata.org/entity/Q12107>	9001	108	0	0	0	2	110	110
Fula	Central Bikol	26	49	<http://www.wikidata.org/entity/Q33454>	<http://www.wikidata.org/entity/Q33284>	9001	11	0	0	0	0	11	11
Fula	Czech	26	11	<http://www.wikidata.org/entity/Q33454>	<http://www.wikidata.org/entity/Q9056>	9001	66	0	0	0	0	66	66
Fula	Dagbanli	26	22	<http://www.wikidata.org/entity/Q33454>	<http://www.wikidata.org/entity/Q32238>	9001	86	0	0	0	2	88	88
Fula	Danish	26	14	<http://www.wikidata.org/entity/Q33454>	<http://www.wikidata.org/entity/Q9035>	9001	114	0	0	0	1	115	115
Fula	Dutch	26	41	<http://www.wikidata.org/entity/Q33454>	<http://www.wikidata.org/entity/Q7411>	9001	48	0	0	0	0	48	48
Fula	Egyptian	26	16	<http://www.wikidata.org/entity/Q33454>	<http://www.wikidata.org/entity/Q50868>	9001	5	0	0	0	0	5	5
Fula	English	26	2	<http://www.wikidata.org/entity/Q33454>	<http://www.wikidata.org/entity/Q1860>	9001	161	1	1	0	3	165	165
Fula	Estonian	26	34	<http://www.wikidata.org/entity/Q33454>	<http://www.wikidata.org/entity/Q9072>	9001	85	0	0	0	2	87	87
Fula	Finnish	26	42	<http://www.wikidata.org/entity/Q33454>	<http://www.wikidata.org/entity/Q1412>	9001	54	0	0	0	2	56	56
Fula	French	26	7	<http://www.wikidata.org/entity/Q33454>	<http://www.wikidata.org/entity/Q150>	9001	127	0	1	0	2	130	130
Fula	German	26	13	<http://www.wikidata.org/entity/Q33454>	<http://www.wikidata.org/entity/Q188>	9001	123	0	0	0	2	125	125
Fula	Hausa	26	48	<http://www.wikidata.org/entity/Q33454>	<http://www.wikidata.org/entity/Q56475>	9001	61	0	0	0	3	64	64
Fula	Hebrew	26	29	<http://www.wikidata.org/entity/Q33454>	<http://www.wikidata.org/entity/Q9288>	9001	99	0	0	0	2	101	101
Fula	Hindustani	26	37	<http://www.wikidata.org/entity/Q33454>	<http://www.wikidata.org/entity/Q11051>	9001	72	0	0	0	2	74	74
Fula	Igbo	26	32	<http://www.wikidata.org/entity/Q33454>	<http://www.wikidata.org/entity/Q33578>	9001	76	0	0	0	2	78	78
Fula	Italian	26	10	<http://www.wikidata.org/entity/Q33454>	<http://www.wikidata.org/entity/Q652>	9001	146	0	0	0	2	148	148
Fula	Japanese	26	5	<http://www.wikidata.org/entity/Q33454>	<http://www.wikidata.org/entity/Q5287>	9001	121	0	0	0	2	123	123
Fula	Klingon	26	43	<http://www.wikidata.org/entity/Q33454>	<http://www.wikidata.org/entity/Q10134>	9001	69	0	0	0	2	71	71
Fula	Korean	26	50	<http://www.wikidata.org/entity/Q33454>	<http://www.wikidata.org/entity/Q9176>	9001	25	0	0	0	2	27	27
Fula	Latin	26	39	<http://www.wikidata.org/entity/Q33454>	<http://www.wikidata.org/entity/Q397>	9001	67	0	0	0	2	69	69
Fula	Malay	26	33	<http://www.wikidata.org/entity/Q33454>	<http://www.wikidata.org/entity/Q9237>	9001	87	0	0	0	2	89	89
Fula	Malayalam	26	23	<http://www.wikidata.org/entity/Q33454>	<http://www.wikidata.org/entity/Q36236>	9001	96	0	0	0	1	97	97
Fula	Mon	26	30	<http://www.wikidata.org/entity/Q33454>	<http://www.wikidata.org/entity/Q13349>	9001	3	0	0	0	0	3	3
Fula	New Persian	26	24	<http://www.wikidata.org/entity/Q33454>	<http://www.wikidata.org/entity/Q56356571>	9001	88	0	0	0	2	90	90
Fula	Northern Sami	26	25	<http://www.wikidata.org/entity/Q33454>	<http://www.wikidata.org/entity/Q33947>	9001	4	0	0	0	0	4	4
Fula	Nynorsk	26	8	<http://www.wikidata.org/entity/Q33454>	<http://www.wikidata.org/entity/Q25164>	9001	98	0	0	0	2	100	100
Fula	Persian	26	15	<http://www.wikidata.org/entity/Q33454>	<http://www.wikidata.org/entity/Q9168>	9001	4	0	0	0	0	4	4
Fula	Polish	26	36	<http://www.wikidata.org/entity/Q33454>	<http://www.wikidata.org/entity/Q809>	9001	36	0	0	0	0	36	36
Fula	Portuguese	26	1	<http://www.wikidata.org/entity/Q33454>	<http://www.wikidata.org/entity/Q5146>	9001	87	0	0	0	2	89	89
Fula	Punjabi	26	27	<http://www.wikidata.org/entity/Q33454>	<http://www.wikidata.org/entity/Q58635>	9001	94	0	0	0	2	96	96
Fula	Quechua	26	44	<http://www.wikidata.org/entity/Q33454>	<http://www.wikidata.org/entity/Q5218>	9001	4	0	0	0	0	4	4
Fula	Russian	26	17	<http://www.wikidata.org/entity/Q33454>	<http://www.wikidata.org/entity/Q7737>	9001	108	0	0	0	1	109	109
Fula	Sanskrit	26	47	<http://www.wikidata.org/entity/Q33454>	<http://www.wikidata.org/entity/Q11059>	9001	44	0	0	0	0	44	44
Fula	Southern Min	26	45	<http://www.wikidata.org/entity/Q33454>	<http://www.wikidata.org/entity/Q36495>	9001	40	0	0	0	1	41	41
Fula	Spanish	26	12	<http://www.wikidata.org/entity/Q33454>	<http://www.wikidata.org/entity/Q1321>	9001	63	0	0	0	2	65	65
Fula	Standard Chinese	26	35	<http://www.wikidata.org/entity/Q33454>	<http://www.wikidata.org/entity/Q727694>	9001	54	0	0	0	2	56	56
Fula	Sumerian	26	18	<http://www.wikidata.org/entity/Q33454>	<http://www.wikidata.org/entity/Q36790>	9001	93	0	0	0	2	95	95
Fula	Swedish	26	4	<http://www.wikidata.org/entity/Q33454>	<http://www.wikidata.org/entity/Q9027>	9001	124	0	0	0	2	126	126
Fula	Turkish	26	40	<http://www.wikidata.org/entity/Q33454>	<http://www.wikidata.org/entity/Q256>	9001	48	0	0	0	2	50	50
Fula	Ugaritic	26	38	<http://www.wikidata.org/entity/Q33454>	<http://www.wikidata.org/entity/Q36928>	9001	61	0	0	0	0	61	61
German	Akkadian	13	19	<http://www.wikidata.org/entity/Q188>	<http://www.wikidata.org/entity/Q35518>	20135	1705	0	0	0	175	1880	1880
German	Albanian	13	28	<http://www.wikidata.org/entity/Q188>	<http://www.wikidata.org/entity/Q8748>	20135	458	2	5	7	8	473	473
German	Arabic	13	20	<http://www.wikidata.org/entity/Q188>	<http://www.wikidata.org/entity/Q13955>	20135	876	6	13	4	44	924	924
German	Aragonese	13	6	<http://www.wikidata.org/entity/Q188>	<http://www.wikidata.org/entity/Q8765>	20135	91	2	3	0	7	99	99
German	Bangla	13	21	<http://www.wikidata.org/entity/Q188>	<http://www.wikidata.org/entity/Q9610>	20135	1341	16	21	12	132	1493	1493
German	Banjar	13	46	<http://www.wikidata.org/entity/Q188>	<http://www.wikidata.org/entity/Q33151>	20135	140	10	13	0	0	145	145
German	Basque	13	9	<http://www.wikidata.org/entity/Q188>	<http://www.wikidata.org/entity/Q8752>	20135	1691	5	8	0	4	1695	1695
German	Bokmål	13	3	<http://www.wikidata.org/entity/Q188>	<http://www.wikidata.org/entity/Q25167>	20135	7185	46	80	290	153	7608	7608
German	Breton	13	31	<http://www.wikidata.org/entity/Q188>	<http://www.wikidata.org/entity/Q12107>	20135	2677	6	19	12	110	2799	2799
German	Central Bikol	13	49	<http://www.wikidata.org/entity/Q188>	<http://www.wikidata.org/entity/Q33284>	20135	57	0	0	0	0	57	57
German	Czech	13	11	<http://www.wikidata.org/entity/Q188>	<http://www.wikidata.org/entity/Q9056>	20135	2496	98	119	50	16	2568	2568
German	Dagbanli	13	22	<http://www.wikidata.org/entity/Q188>	<http://www.wikidata.org/entity/Q32238>	20135	1364	1	10	0	16	1382	1382
German	Danish	13	14	<http://www.wikidata.org/entity/Q188>	<http://www.wikidata.org/entity/Q9035>	20135	5462	101	129	236	116	5829	5829
German	Dutch	13	41	<http://www.wikidata.org/entity/Q188>	<http://www.wikidata.org/entity/Q7411>	20135	1338	19	25	240	9	1591	1591
German	Egyptian	13	16	<http://www.wikidata.org/entity/Q188>	<http://www.wikidata.org/entity/Q50868>	20135	73	0	0	0	5	78	78
German	English	13	2	<http://www.wikidata.org/entity/Q188>	<http://www.wikidata.org/entity/Q1860>	20135	8891	423	509	153	508	9630	9630
German	Estonian	13	34	<http://www.wikidata.org/entity/Q188>	<http://www.wikidata.org/entity/Q9072>	20135	2587	20	21	4	56	2652	2652
German	Finnish	13	42	<http://www.wikidata.org/entity/Q188>	<http://www.wikidata.org/entity/Q1412>	20135	1038	8	19	3	33	1076	1076
German	French	13	7	<http://www.wikidata.org/entity/Q188>	<http://www.wikidata.org/entity/Q150>	20135	6963	126	181	257	241	7426	7426
German	Fula	13	26	<http://www.wikidata.org/entity/Q188>	<http://www.wikidata.org/entity/Q33454>	20135	231	0	0	0	6	237	237
German	Hausa	13	48	<http://www.wikidata.org/entity/Q188>	<http://www.wikidata.org/entity/Q56475>	20135	773	2	2	1	88	863	863
German	Hebrew	13	29	<http://www.wikidata.org/entity/Q188>	<http://www.wikidata.org/entity/Q9288>	20135	3771	6	16	8	46	3829	3829
German	Hindustani	13	37	<http://www.wikidata.org/entity/Q188>	<http://www.wikidata.org/entity/Q11051>	20135	1198	6	17	6	58	1268	1268
German	Igbo	13	32	<http://www.wikidata.org/entity/Q188>	<http://www.wikidata.org/entity/Q33578>	20135	1610	1	3	0	95	1704	1704
German	Italian	13	10	<http://www.wikidata.org/entity/Q188>	<http://www.wikidata.org/entity/Q652>	20135	7174	139	170	252	80	7520	7520
German	Japanese	13	5	<http://www.wikidata.org/entity/Q188>	<http://www.wikidata.org/entity/Q5287>	20135	4892	128	147	27	275	5222	5222
German	Klingon	13	43	<http://www.wikidata.org/entity/Q188>	<http://www.wikidata.org/entity/Q10134>	20135	1479	11	25	7	150	1636	1636
German	Korean	13	50	<http://www.wikidata.org/entity/Q188>	<http://www.wikidata.org/entity/Q9176>	20135	686	2	6	0	54	742	742
German	Latin	13	39	<http://www.wikidata.org/entity/Q188>	<http://www.wikidata.org/entity/Q397>	20135	1537	23	33	0	26	1567	1567
German	Malay	13	33	<http://www.wikidata.org/entity/Q188>	<http://www.wikidata.org/entity/Q9237>	20135	2464	8	36	2	146	2616	2616
German	Malayalam	13	23	<http://www.wikidata.org/entity/Q188>	<http://www.wikidata.org/entity/Q36236>	20135	3307	15	61	0	36	3346	3346
German	Mon	13	30	<http://www.wikidata.org/entity/Q188>	<http://www.wikidata.org/entity/Q13349>	20135	29	0	0	0	0	29	29
German	New Persian	13	24	<http://www.wikidata.org/entity/Q188>	<http://www.wikidata.org/entity/Q56356571>	20135	2621	4	11	19	69	2709	2709
German	Northern Sami	13	25	<http://www.wikidata.org/entity/Q188>	<http://www.wikidata.org/entity/Q33947>	20135	39	1	2	0	2	41	41
German	Nynorsk	13	8	<http://www.wikidata.org/entity/Q188>	<http://www.wikidata.org/entity/Q25164>	20135	5262	25	52	189	101	5520	5520
German	Persian	13	15	<http://www.wikidata.org/entity/Q188>	<http://www.wikidata.org/entity/Q9168>	20135	327	0	0	0	34	361	361
German	Polish	13	36	<http://www.wikidata.org/entity/Q188>	<http://www.wikidata.org/entity/Q809>	20135	1052	23	37	2	2	1062	1062
German	Portuguese	13	1	<http://www.wikidata.org/entity/Q188>	<http://www.wikidata.org/entity/Q5146>	20135	2393	12	35	40	99	2530	2530
German	Punjabi	13	27	<http://www.wikidata.org/entity/Q188>	<http://www.wikidata.org/entity/Q58635>	20135	2220	6	8	14	131	2368	2368
German	Quechua	13	44	<http://www.wikidata.org/entity/Q188>	<http://www.wikidata.org/entity/Q5218>	20135	52	1	2	0	1	54	54
German	Russian	13	17	<http://www.wikidata.org/entity/Q188>	<http://www.wikidata.org/entity/Q7737>	20135	5534	31	59	48	67	5647	5647
German	Sanskrit	13	47	<http://www.wikidata.org/entity/Q188>	<http://www.wikidata.org/entity/Q11059>	20135	531	0	3	0	37	568	568
German	Southern Min	13	45	<http://www.wikidata.org/entity/Q188>	<http://www.wikidata.org/entity/Q36495>	20135	1456	6	20	0	67	1525	1525
German	Spanish	13	12	<http://www.wikidata.org/entity/Q188>	<http://www.wikidata.org/entity/Q1321>	20135	3558	71	123	287	75	3909	3909
German	Standard Chinese	13	35	<http://www.wikidata.org/entity/Q188>	<http://www.wikidata.org/entity/Q727694>	20135	1120	12	25	0	84	1207	1207
German	Sumerian	13	18	<http://www.wikidata.org/entity/Q188>	<http://www.wikidata.org/entity/Q36790>	20135	1819	0	1	0	193	2012	2012
German	Swedish	13	4	<http://www.wikidata.org/entity/Q188>	<http://www.wikidata.org/entity/Q9027>	20135	7115	55	85	271	181	7561	7561
German	Turkish	13	40	<http://www.wikidata.org/entity/Q188>	<http://www.wikidata.org/entity/Q256>	20135	1176	8	17	1	119	1301	1301
German	Ugaritic	13	38	<http://www.wikidata.org/entity/Q188>	<http://www.wikidata.org/entity/Q36928>	20135	846	0	0	0	0	846	846
Hausa	Akkadian	48	19	<http://www.wikidata.org/entity/Q56475>	<http://www.wikidata.org/entity/Q35518>	1897	303	0	0	0	78	381	381
Hausa	Albanian	48	28	<http://www.wikidata.org/entity/Q56475>	<http://www.wikidata.org/entity/Q8748>	1897	78	0	0	0	2	80	80
Hausa	Arabic	48	20	<http://www.wikidata.org/entity/Q56475>	<http://www.wikidata.org/entity/Q13955>	1897	178	0	0	0	24	202	202
Hausa	Aragonese	48	6	<http://www.wikidata.org/entity/Q56475>	<http://www.wikidata.org/entity/Q8765>	1897	22	0	0	0	2	24	24
Hausa	Bangla	48	21	<http://www.wikidata.org/entity/Q56475>	<http://www.wikidata.org/entity/Q9610>	1897	226	0	0	0	43	269	269
Hausa	Banjar	48	46	<http://www.wikidata.org/entity/Q56475>	<http://www.wikidata.org/entity/Q33151>	1897	39	0	0	0	0	39	39
Hausa	Basque	48	9	<http://www.wikidata.org/entity/Q56475>	<http://www.wikidata.org/entity/Q8752>	1897	147	0	0	0	1	148	148
Hausa	Bokmål	48	3	<http://www.wikidata.org/entity/Q56475>	<http://www.wikidata.org/entity/Q25167>	1897	496	0	0	1	32	529	529
Hausa	Breton	48	31	<http://www.wikidata.org/entity/Q56475>	<http://www.wikidata.org/entity/Q12107>	1897	350	0	0	0	22	372	372
Hausa	Central Bikol	48	49	<http://www.wikidata.org/entity/Q56475>	<http://www.wikidata.org/entity/Q33284>	1897	12	0	0	0	0	12	12
Hausa	Czech	48	11	<http://www.wikidata.org/entity/Q56475>	<http://www.wikidata.org/entity/Q9056>	1897	240	0	0	1	6	246	246
Hausa	Dagbanli	48	22	<http://www.wikidata.org/entity/Q56475>	<http://www.wikidata.org/entity/Q32238>	1897	273	1	1	0	8	282	282
Hausa	Danish	48	14	<http://www.wikidata.org/entity/Q56475>	<http://www.wikidata.org/entity/Q9035>	1897	426	0	0	1	24	451	451
Hausa	Dutch	48	41	<http://www.wikidata.org/entity/Q56475>	<http://www.wikidata.org/entity/Q7411>	1897	171	0	0	1	2	173	173
Hausa	Egyptian	48	16	<http://www.wikidata.org/entity/Q56475>	<http://www.wikidata.org/entity/Q50868>	1897	13	0	0	0	1	14	14
Hausa	English	48	2	<http://www.wikidata.org/entity/Q56475>	<http://www.wikidata.org/entity/Q1860>	1897	625	0	1	1	124	749	749
Hausa	Estonian	48	34	<http://www.wikidata.org/entity/Q56475>	<http://www.wikidata.org/entity/Q9072>	1897	317	0	0	0	18	335	335
Hausa	Finnish	48	42	<http://www.wikidata.org/entity/Q56475>	<http://www.wikidata.org/entity/Q1412>	1897	166	0	0	0	11	177	177
Hausa	French	48	7	<http://www.wikidata.org/entity/Q56475>	<http://www.wikidata.org/entity/Q150>	1897	502	0	0	1	59	561	561
Hausa	Fula	48	26	<http://www.wikidata.org/entity/Q56475>	<http://www.wikidata.org/entity/Q33454>	1897	60	0	0	0	3	63	63
Hausa	German	48	13	<http://www.wikidata.org/entity/Q56475>	<http://www.wikidata.org/entity/Q188>	1897	484	2	2	1	63	548	548
Hausa	Hebrew	48	29	<http://www.wikidata.org/entity/Q56475>	<http://www.wikidata.org/entity/Q9288>	1897	355	0	0	0	12	367	367
Hausa	Hindustani	48	37	<http://www.wikidata.org/entity/Q56475>	<http://www.wikidata.org/entity/Q11051>	1897	200	2	2	0	21	223	223
Hausa	Igbo	48	32	<http://www.wikidata.org/entity/Q56475>	<http://www.wikidata.org/entity/Q33578>	1897	319	0	0	0	37	356	356
Hausa	Italian	48	10	<http://www.wikidata.org/entity/Q56475>	<http://www.wikidata.org/entity/Q652>	1897	523	0	0	0	28	551	551
Hausa	Japanese	48	5	<http://www.wikidata.org/entity/Q56475>	<http://www.wikidata.org/entity/Q5287>	1897	438	0	0	0	70	508	508
Hausa	Klingon	48	43	<http://www.wikidata.org/entity/Q56475>	<http://www.wikidata.org/entity/Q10134>	1897	206	0	0	0	23	229	229
Hausa	Korean	48	50	<http://www.wikidata.org/entity/Q56475>	<http://www.wikidata.org/entity/Q9176>	1897	96	0	0	0	21	117	117
Hausa	Latin	48	39	<http://www.wikidata.org/entity/Q56475>	<http://www.wikidata.org/entity/Q397>	1897	215	0	0	0	11	226	226
Hausa	Malay	48	33	<http://www.wikidata.org/entity/Q56475>	<http://www.wikidata.org/entity/Q9237>	1897	344	0	0	0	54	398	398
Hausa	Malayalam	48	23	<http://www.wikidata.org/entity/Q56475>	<http://www.wikidata.org/entity/Q36236>	1897	335	0	0	0	11	346	346
Hausa	Mon	48	30	<http://www.wikidata.org/entity/Q56475>	<http://www.wikidata.org/entity/Q13349>	1897	4	0	0	0	0	4	4
Hausa	New Persian	48	24	<http://www.wikidata.org/entity/Q56475>	<http://www.wikidata.org/entity/Q56356571>	1897	353	0	0	1	30	383	383
Hausa	Northern Sami	48	25	<http://www.wikidata.org/entity/Q56475>	<http://www.wikidata.org/entity/Q33947>	1897	11	0	0	0	1	12	12
Hausa	Nynorsk	48	8	<http://www.wikidata.org/entity/Q56475>	<http://www.wikidata.org/entity/Q25164>	1897	381	0	0	0	17	398	398
Hausa	Persian	48	15	<http://www.wikidata.org/entity/Q56475>	<http://www.wikidata.org/entity/Q9168>	1897	14	0	0	0	6	20	20
Hausa	Polish	48	36	<http://www.wikidata.org/entity/Q56475>	<http://www.wikidata.org/entity/Q809>	1897	129	0	0	0	0	129	129
Hausa	Portuguese	48	1	<http://www.wikidata.org/entity/Q56475>	<http://www.wikidata.org/entity/Q5146>	1897	296	0	0	1	25	322	322
Hausa	Punjabi	48	27	<http://www.wikidata.org/entity/Q56475>	<http://www.wikidata.org/entity/Q58635>	1897	337	0	1	0	41	379	379
Hausa	Quechua	48	44	<http://www.wikidata.org/entity/Q56475>	<http://www.wikidata.org/entity/Q5218>	1897	9	0	0	0	0	9	9
Hausa	Russian	48	17	<http://www.wikidata.org/entity/Q56475>	<http://www.wikidata.org/entity/Q7737>	1897	432	0	0	0	16	448	448
Hausa	Sanskrit	48	47	<http://www.wikidata.org/entity/Q56475>	<http://www.wikidata.org/entity/Q11059>	1897	121	0	0	0	16	137	137
Hausa	Southern Min	48	45	<http://www.wikidata.org/entity/Q56475>	<http://www.wikidata.org/entity/Q36495>	1897	161	0	0	0	17	178	178
Hausa	Spanish	48	12	<http://www.wikidata.org/entity/Q56475>	<http://www.wikidata.org/entity/Q1321>	1897	283	0	0	1	14	298	298
Hausa	Standard Chinese	48	35	<http://www.wikidata.org/entity/Q56475>	<http://www.wikidata.org/entity/Q727694>	1897	154	0	0	0	30	184	184
Hausa	Sumerian	48	18	<http://www.wikidata.org/entity/Q56475>	<http://www.wikidata.org/entity/Q36790>	1897	310	0	0	0	74	384	384
Hausa	Swedish	48	4	<http://www.wikidata.org/entity/Q56475>	<http://www.wikidata.org/entity/Q9027>	1897	491	0	0	1	39	530	530
Hausa	Turkish	48	40	<http://www.wikidata.org/entity/Q56475>	<http://www.wikidata.org/entity/Q256>	1897	217	0	0	0	56	273	273
Hausa	Ugaritic	48	38	<http://www.wikidata.org/entity/Q56475>	<http://www.wikidata.org/entity/Q36928>	1897	185	0	0	0	0	185	185
Hebrew	Akkadian	29	19	<http://www.wikidata.org/entity/Q9288>	<http://www.wikidata.org/entity/Q35518>	7451	830	1	2	0	30	860	860
Hebrew	Albanian	29	28	<http://www.wikidata.org/entity/Q9288>	<http://www.wikidata.org/entity/Q8748>	7451	204	0	0	0	1	205	205
Hebrew	Arabic	29	20	<http://www.wikidata.org/entity/Q9288>	<http://www.wikidata.org/entity/Q13955>	7451	451	7	9	0	7	462	462
Hebrew	Aragonese	29	6	<http://www.wikidata.org/entity/Q9288>	<http://www.wikidata.org/entity/Q8765>	7451	48	0	0	0	2	50	50
Hebrew	Bangla	29	21	<http://www.wikidata.org/entity/Q9288>	<http://www.wikidata.org/entity/Q9610>	7451	570	0	1	2	16	588	588
Hebrew	Banjar	29	46	<http://www.wikidata.org/entity/Q9288>	<http://www.wikidata.org/entity/Q33151>	7451	73	0	0	0	0	73	73
Hebrew	Basque	29	9	<http://www.wikidata.org/entity/Q9288>	<http://www.wikidata.org/entity/Q8752>	7451	953	0	3	0	1	954	954
Hebrew	Bokmål	29	3	<http://www.wikidata.org/entity/Q9288>	<http://www.wikidata.org/entity/Q25167>	7451	3456	1	5	3	23	3482	3482
Hebrew	Breton	29	31	<http://www.wikidata.org/entity/Q9288>	<http://www.wikidata.org/entity/Q12107>	7451	1160	0	1	0	14	1174	1174
Hebrew	Central Bikol	29	49	<http://www.wikidata.org/entity/Q9288>	<http://www.wikidata.org/entity/Q33284>	7451	20	0	0	0	0	20	20
Hebrew	Czech	29	11	<http://www.wikidata.org/entity/Q9288>	<http://www.wikidata.org/entity/Q9056>	7451	1169	11	20	0	3	1172	1172
Hebrew	Dagbanli	29	22	<http://www.wikidata.org/entity/Q9288>	<http://www.wikidata.org/entity/Q32238>	7451	640	0	0	0	5	645	645
Hebrew	Danish	29	14	<http://www.wikidata.org/entity/Q9288>	<http://www.wikidata.org/entity/Q9035>	7451	2311	1	6	3	17	2332	2332
Hebrew	Dutch	29	41	<http://www.wikidata.org/entity/Q9288>	<http://www.wikidata.org/entity/Q7411>	7451	627	0	1	3	1	631	631
Hebrew	Egyptian	29	16	<http://www.wikidata.org/entity/Q9288>	<http://www.wikidata.org/entity/Q50868>	7451	31	0	1	0	1	32	32
Hebrew	English	29	2	<http://www.wikidata.org/entity/Q9288>	<http://www.wikidata.org/entity/Q1860>	7451	4371	29	43	1	46	4431	4431
Hebrew	Estonian	29	34	<http://www.wikidata.org/entity/Q9288>	<http://www.wikidata.org/entity/Q9072>	7451	1167	0	0	0	14	1181	1181
Hebrew	Finnish	29	42	<http://www.wikidata.org/entity/Q9288>	<http://www.wikidata.org/entity/Q1412>	7451	448	0	4	0	7	455	455
Hebrew	French	29	7	<http://www.wikidata.org/entity/Q9288>	<http://www.wikidata.org/entity/Q150>	7451	3122	4	16	3	37	3167	3167
Hebrew	Fula	29	26	<http://www.wikidata.org/entity/Q9288>	<http://www.wikidata.org/entity/Q33454>	7451	108	0	0	0	2	110	110
Hebrew	German	29	13	<http://www.wikidata.org/entity/Q9288>	<http://www.wikidata.org/entity/Q188>	7451	2945	6	16	3	33	2985	2985
Hebrew	Hausa	29	48	<http://www.wikidata.org/entity/Q9288>	<http://www.wikidata.org/entity/Q56475>	7451	369	0	0	0	11	380	380
Hebrew	Hindustani	29	37	<http://www.wikidata.org/entity/Q9288>	<http://www.wikidata.org/entity/Q11051>	7451	546	0	1	0	9	556	556
Hebrew	Igbo	29	32	<http://www.wikidata.org/entity/Q9288>	<http://www.wikidata.org/entity/Q33578>	7451	741	1	2	0	16	757	757
Hebrew	Italian	29	10	<http://www.wikidata.org/entity/Q9288>	<http://www.wikidata.org/entity/Q652>	7451	3870	4	13	3	12	3888	3888
Hebrew	Japanese	29	5	<http://www.wikidata.org/entity/Q9288>	<http://www.wikidata.org/entity/Q5287>	7451	2280	0	3	0	31	2313	2313
Hebrew	Klingon	29	43	<http://www.wikidata.org/entity/Q9288>	<http://www.wikidata.org/entity/Q10134>	7451	596	1	1	0	18	614	614
Hebrew	Korean	29	50	<http://www.wikidata.org/entity/Q9288>	<http://www.wikidata.org/entity/Q9176>	7451	347	0	1	0	12	359	359
Hebrew	Latin	29	39	<http://www.wikidata.org/entity/Q9288>	<http://www.wikidata.org/entity/Q397>	7451	817	1	4	0	10	827	827
Hebrew	Malay	29	33	<http://www.wikidata.org/entity/Q9288>	<http://www.wikidata.org/entity/Q9237>	7451	1245	0	1	0	24	1269	1269
Hebrew	Malayalam	29	23	<http://www.wikidata.org/entity/Q9288>	<http://www.wikidata.org/entity/Q36236>	7451	1675	5	13	0	11	1688	1688
Hebrew	Mon	29	30	<http://www.wikidata.org/entity/Q9288>	<http://www.wikidata.org/entity/Q13349>	7451	8	0	0	0	0	8	8
Hebrew	New Persian	29	24	<http://www.wikidata.org/entity/Q9288>	<http://www.wikidata.org/entity/Q56356571>	7451	1344	1	5	1	17	1364	1364
Hebrew	Northern Sami	29	25	<http://www.wikidata.org/entity/Q9288>	<http://www.wikidata.org/entity/Q33947>	7451	18	0	0	0	1	19	19
Hebrew	Nynorsk	29	8	<http://www.wikidata.org/entity/Q9288>	<http://www.wikidata.org/entity/Q25164>	7451	2504	1	4	2	16	2522	2522
Hebrew	Persian	29	15	<http://www.wikidata.org/entity/Q9288>	<http://www.wikidata.org/entity/Q9168>	7451	211	0	0	0	6	217	217
Hebrew	Polish	29	36	<http://www.wikidata.org/entity/Q9288>	<http://www.wikidata.org/entity/Q809>	7451	500	1	5	0	0	500	500
Hebrew	Portuguese	29	1	<http://www.wikidata.org/entity/Q9288>	<http://www.wikidata.org/entity/Q5146>	7451	1215	0	6	0	17	1234	1234
Hebrew	Punjabi	29	27	<http://www.wikidata.org/entity/Q9288>	<http://www.wikidata.org/entity/Q58635>	7451	935	0	0	1	21	957	957
Hebrew	Quechua	29	44	<http://www.wikidata.org/entity/Q9288>	<http://www.wikidata.org/entity/Q5218>	7451	19	0	1	0	0	19	19
Hebrew	Russian	29	17	<http://www.wikidata.org/entity/Q9288>	<http://www.wikidata.org/entity/Q7737>	7451	2733	2	8	0	6	2740	2740
Hebrew	Sanskrit	29	47	<http://www.wikidata.org/entity/Q9288>	<http://www.wikidata.org/entity/Q11059>	7451	278	0	1	0	7	285	285
Hebrew	Southern Min	29	45	<http://www.wikidata.org/entity/Q9288>	<http://www.wikidata.org/entity/Q36495>	7451	493	0	4	0	6	500	500
Hebrew	Spanish	29	12	<http://www.wikidata.org/entity/Q9288>	<http://www.wikidata.org/entity/Q1321>	7451	1533	1	8	3	14	1552	1552
Hebrew	Standard Chinese	29	35	<http://www.wikidata.org/entity/Q9288>	<http://www.wikidata.org/entity/Q727694>	7451	549	0	5	0	14	563	563
Hebrew	Sumerian	29	18	<http://www.wikidata.org/entity/Q9288>	<http://www.wikidata.org/entity/Q36790>	7451	884	1	3	0	31	915	915
Hebrew	Swedish	29	4	<http://www.wikidata.org/entity/Q9288>	<http://www.wikidata.org/entity/Q9027>	7451	3014	0	5	3	25	3045	3045
Hebrew	Turkish	29	40	<http://www.wikidata.org/entity/Q9288>	<http://www.wikidata.org/entity/Q256>	7451	570	1	1	0	26	597	597
Hebrew	Ugaritic	29	38	<http://www.wikidata.org/entity/Q9288>	<http://www.wikidata.org/entity/Q36928>	7451	430	0	0	0	0	430	430
Hindustani	Akkadian	37	19	<http://www.wikidata.org/entity/Q11051>	<http://www.wikidata.org/entity/Q35518>	3900	560	0	0	0	38	598	598
Hindustani	Albanian	37	28	<http://www.wikidata.org/entity/Q11051>	<http://www.wikidata.org/entity/Q8748>	3900	165	0	0	0	2	167	167
Hindustani	Arabic	37	20	<http://www.wikidata.org/entity/Q11051>	<http://www.wikidata.org/entity/Q13955>	3900	402	0	0	0	17	419	419
Hindustani	Aragonese	37	6	<http://www.wikidata.org/entity/Q11051>	<http://www.wikidata.org/entity/Q8765>	3900	41	0	0	0	2	43	43
Hindustani	Bangla	37	21	<http://www.wikidata.org/entity/Q11051>	<http://www.wikidata.org/entity/Q9610>	3900	682	46	58	0	41	762	762
Hindustani	Banjar	37	46	<http://www.wikidata.org/entity/Q11051>	<http://www.wikidata.org/entity/Q33151>	3900	64	6	9	0	0	65	65
Hindustani	Basque	37	9	<http://www.wikidata.org/entity/Q11051>	<http://www.wikidata.org/entity/Q8752>	3900	278	0	0	0	3	281	281
Hindustani	Bokmål	37	3	<http://www.wikidata.org/entity/Q11051>	<http://www.wikidata.org/entity/Q25167>	3900	987	8	9	3	28	1024	1024
Hindustani	Breton	37	31	<http://www.wikidata.org/entity/Q11051>	<http://www.wikidata.org/entity/Q12107>	3900	681	0	0	0	16	697	697
Hindustani	Central Bikol	37	49	<http://www.wikidata.org/entity/Q11051>	<http://www.wikidata.org/entity/Q33284>	3900	32	0	0	0	0	32	32
Hindustani	Czech	37	11	<http://www.wikidata.org/entity/Q11051>	<http://www.wikidata.org/entity/Q9056>	3900	459	1	5	1	12	472	472
Hindustani	Dagbanli	37	22	<http://www.wikidata.org/entity/Q11051>	<http://www.wikidata.org/entity/Q32238>	3900	473	0	1	0	6	479	479
Hindustani	Danish	37	14	<http://www.wikidata.org/entity/Q11051>	<http://www.wikidata.org/entity/Q9035>	3900	854	0	13	2	15	876	876
Hindustani	Dutch	37	41	<http://www.wikidata.org/entity/Q11051>	<http://www.wikidata.org/entity/Q7411>	3900	319	0	0	2	1	322	322
Hindustani	Egyptian	37	16	<http://www.wikidata.org/entity/Q11051>	<http://www.wikidata.org/entity/Q50868>	3900	38	0	0	0	2	40	40
Hindustani	English	37	2	<http://www.wikidata.org/entity/Q11051>	<http://www.wikidata.org/entity/Q1860>	3900	1224	85	130	0	75	1336	1336
Hindustani	Estonian	37	34	<http://www.wikidata.org/entity/Q11051>	<http://www.wikidata.org/entity/Q9072>	3900	622	0	0	0	15	637	637
Hindustani	Finnish	37	42	<http://www.wikidata.org/entity/Q11051>	<http://www.wikidata.org/entity/Q1412>	3900	343	0	0	0	7	350	350
Hindustani	French	37	7	<http://www.wikidata.org/entity/Q11051>	<http://www.wikidata.org/entity/Q150>	3900	1046	3	9	2	39	1089	1089
Hindustani	Fula	37	26	<http://www.wikidata.org/entity/Q11051>	<http://www.wikidata.org/entity/Q33454>	3900	121	0	0	0	2	123	123
Hindustani	German	37	13	<http://www.wikidata.org/entity/Q11051>	<http://www.wikidata.org/entity/Q188>	3900	1029	8	23	2	49	1089	1089
Hindustani	Hausa	37	48	<http://www.wikidata.org/entity/Q11051>	<http://www.wikidata.org/entity/Q56475>	3900	310	2	2	0	25	337	337
Hindustani	Hebrew	37	29	<http://www.wikidata.org/entity/Q11051>	<http://www.wikidata.org/entity/Q9288>	3900	701	0	1	0	11	713	713
Hindustani	Igbo	37	32	<http://www.wikidata.org/entity/Q11051>	<http://www.wikidata.org/entity/Q33578>	3900	576	0	1	0	30	606	606
Hindustani	Italian	37	10	<http://www.wikidata.org/entity/Q11051>	<http://www.wikidata.org/entity/Q652>	3900	1075	7	21	2	25	1107	1107
Hindustani	Japanese	37	5	<http://www.wikidata.org/entity/Q11051>	<http://www.wikidata.org/entity/Q5287>	3900	838	2	11	0	46	886	886
Hindustani	Klingon	37	43	<http://www.wikidata.org/entity/Q11051>	<http://www.wikidata.org/entity/Q10134>	3900	447	0	4	0	21	472	472
Hindustani	Korean	37	50	<http://www.wikidata.org/entity/Q11051>	<http://www.wikidata.org/entity/Q9176>	3900	184	0	0	0	11	195	195
Hindustani	Latin	37	39	<http://www.wikidata.org/entity/Q11051>	<http://www.wikidata.org/entity/Q397>	3900	414	0	1	0	7	422	422
Hindustani	Malay	37	33	<http://www.wikidata.org/entity/Q11051>	<http://www.wikidata.org/entity/Q9237>	3900	685	2	11	0	44	730	730
Hindustani	Malayalam	37	23	<http://www.wikidata.org/entity/Q11051>	<http://www.wikidata.org/entity/Q36236>	3900	845	143	149	0	8	893	893
Hindustani	Mon	37	30	<http://www.wikidata.org/entity/Q11051>	<http://www.wikidata.org/entity/Q13349>	3900	14	0	0	0	0	14	14
Hindustani	New Persian	37	24	<http://www.wikidata.org/entity/Q11051>	<http://www.wikidata.org/entity/Q56356571>	3900	766	32	38	0	28	823	823
Hindustani	Northern Sami	37	25	<http://www.wikidata.org/entity/Q11051>	<http://www.wikidata.org/entity/Q33947>	3900	28	0	0	0	1	29	29
Hindustani	Nynorsk	37	8	<http://www.wikidata.org/entity/Q11051>	<http://www.wikidata.org/entity/Q25164>	3900	789	1	3	3	22	812	812
Hindustani	Persian	37	15	<http://www.wikidata.org/entity/Q11051>	<http://www.wikidata.org/entity/Q9168>	3900	32	1	1	0	8	41	41
Hindustani	Polish	37	36	<http://www.wikidata.org/entity/Q11051>	<http://www.wikidata.org/entity/Q809>	3900	252	0	0	0	0	252	252
Hindustani	Portuguese	37	1	<http://www.wikidata.org/entity/Q11051>	<http://www.wikidata.org/entity/Q5146>	3900	627	9	13	0	27	664	664
Hindustani	Punjabi	37	27	<http://www.wikidata.org/entity/Q11051>	<http://www.wikidata.org/entity/Q58635>	3900	969	344	347	3	53	1304	1304
Hindustani	Quechua	37	44	<http://www.wikidata.org/entity/Q11051>	<http://www.wikidata.org/entity/Q5218>	3900	12	0	0	0	0	12	12
Hindustani	Russian	37	17	<http://www.wikidata.org/entity/Q11051>	<http://www.wikidata.org/entity/Q7737>	3900	845	1	9	1	12	859	859
Hindustani	Sanskrit	37	47	<http://www.wikidata.org/entity/Q11051>	<http://www.wikidata.org/entity/Q11059>	3900	388	33	37	0	24	427	427
Hindustani	Southern Min	37	45	<http://www.wikidata.org/entity/Q11051>	<http://www.wikidata.org/entity/Q36495>	3900	324	1	7	0	8	333	333
Hindustani	Spanish	37	12	<http://www.wikidata.org/entity/Q11051>	<http://www.wikidata.org/entity/Q1321>	3900	576	1	4	3	12	589	589
Hindustani	Standard Chinese	37	35	<http://www.wikidata.org/entity/Q11051>	<http://www.wikidata.org/entity/Q727694>	3900	418	1	12	0	31	451	451
Hindustani	Sumerian	37	18	<http://www.wikidata.org/entity/Q11051>	<http://www.wikidata.org/entity/Q36790>	3900	562	0	2	0	48	610	610
Hindustani	Swedish	37	4	<http://www.wikidata.org/entity/Q11051>	<http://www.wikidata.org/entity/Q9027>	3900	899	0	9	1	31	936	936
Hindustani	Turkish	37	40	<http://www.wikidata.org/entity/Q11051>	<http://www.wikidata.org/entity/Q256>	3900	410	7	20	0	27	451	451
Hindustani	Ugaritic	37	38	<http://www.wikidata.org/entity/Q11051>	<http://www.wikidata.org/entity/Q36928>	3900	339	0	0	0	0	339	339
Igbo	Akkadian	32	19	<http://www.wikidata.org/entity/Q33578>	<http://www.wikidata.org/entity/Q35518>	5759	742	0	0	0	72	814	814
Igbo	Albanian	32	28	<http://www.wikidata.org/entity/Q33578>	<http://www.wikidata.org/entity/Q8748>	5759	177	0	0	0	1	178	178
Igbo	Arabic	32	20	<http://www.wikidata.org/entity/Q33578>	<http://www.wikidata.org/entity/Q13955>	5759	359	0	0	0	20	379	379
Igbo	Aragonese	32	6	<http://www.wikidata.org/entity/Q33578>	<http://www.wikidata.org/entity/Q8765>	5759	35	0	0	0	2	37	37
Igbo	Bangla	32	21	<http://www.wikidata.org/entity/Q33578>	<http://www.wikidata.org/entity/Q9610>	5759	485	0	0	0	55	540	540
Igbo	Banjar	32	46	<http://www.wikidata.org/entity/Q33578>	<http://www.wikidata.org/entity/Q33151>	5759	83	0	0	0	0	83	83
Igbo	Basque	32	9	<http://www.wikidata.org/entity/Q33578>	<http://www.wikidata.org/entity/Q8752>	5759	356	0	0	0	2	358	358
Igbo	Bokmål	32	3	<http://www.wikidata.org/entity/Q33578>	<http://www.wikidata.org/entity/Q25167>	5759	1328	0	1	0	50	1375	1375
Igbo	Breton	32	31	<http://www.wikidata.org/entity/Q33578>	<http://www.wikidata.org/entity/Q12107>	5759	788	0	0	0	50	838	838
Igbo	Central Bikol	32	49	<http://www.wikidata.org/entity/Q33578>	<http://www.wikidata.org/entity/Q33284>	5759	32	0	0	0	0	32	32
Igbo	Czech	32	11	<http://www.wikidata.org/entity/Q33578>	<http://www.wikidata.org/entity/Q9056>	5759	526	0	0	0	4	530	530
Igbo	Dagbanli	32	22	<http://www.wikidata.org/entity/Q33578>	<http://www.wikidata.org/entity/Q32238>	5759	645	6	6	0	9	658	658
Igbo	Danish	32	14	<http://www.wikidata.org/entity/Q33578>	<http://www.wikidata.org/entity/Q9035>	5759	1085	0	0	0	29	1114	1114
Igbo	Dutch	32	41	<http://www.wikidata.org/entity/Q33578>	<http://www.wikidata.org/entity/Q7411>	5759	344	0	0	0	7	351	351
Igbo	Egyptian	32	16	<http://www.wikidata.org/entity/Q33578>	<http://www.wikidata.org/entity/Q50868>	5759	32	0	0	0	0	32	32
Igbo	English	32	2	<http://www.wikidata.org/entity/Q33578>	<http://www.wikidata.org/entity/Q1860>	5759	1612	18	22	0	141	1763	1763
Igbo	Estonian	32	34	<http://www.wikidata.org/entity/Q33578>	<http://www.wikidata.org/entity/Q9072>	5759	730	0	0	0	20	750	750
Igbo	Finnish	32	42	<http://www.wikidata.org/entity/Q33578>	<http://www.wikidata.org/entity/Q1412>	5759	343	0	0	0	18	361	361
Igbo	French	32	7	<http://www.wikidata.org/entity/Q33578>	<http://www.wikidata.org/entity/Q150>	5759	1281	0	1	0	81	1359	1359
Igbo	Fula	32	26	<http://www.wikidata.org/entity/Q33578>	<http://www.wikidata.org/entity/Q33454>	5759	117	0	0	0	2	119	119
Igbo	German	32	13	<http://www.wikidata.org/entity/Q33578>	<http://www.wikidata.org/entity/Q188>	5759	1288	1	2	0	83	1368	1368
Igbo	Hausa	32	48	<http://www.wikidata.org/entity/Q33578>	<http://www.wikidata.org/entity/Q56475>	5759	432	0	0	0	38	470	470
Igbo	Hebrew	32	29	<http://www.wikidata.org/entity/Q33578>	<http://www.wikidata.org/entity/Q9288>	5759	878	1	2	0	21	899	899
Igbo	Hindustani	32	37	<http://www.wikidata.org/entity/Q33578>	<http://www.wikidata.org/entity/Q11051>	5759	513	0	1	0	24	538	538
Igbo	Italian	32	10	<http://www.wikidata.org/entity/Q33578>	<http://www.wikidata.org/entity/Q652>	5759	1375	0	3	0	35	1413	1413
Igbo	Japanese	32	5	<http://www.wikidata.org/entity/Q33578>	<http://www.wikidata.org/entity/Q5287>	5759	1084	0	0	0	79	1160	1160
Igbo	Klingon	32	43	<http://www.wikidata.org/entity/Q33578>	<http://www.wikidata.org/entity/Q10134>	5759	490	0	0	0	32	522	522
Igbo	Korean	32	50	<http://www.wikidata.org/entity/Q33578>	<http://www.wikidata.org/entity/Q9176>	5759	175	0	0	0	30	205	205
Igbo	Latin	32	39	<http://www.wikidata.org/entity/Q33578>	<http://www.wikidata.org/entity/Q397>	5759	491	0	1	0	11	502	502
Igbo	Malay	32	33	<http://www.wikidata.org/entity/Q33578>	<http://www.wikidata.org/entity/Q9237>	5759	782	0	1	0	52	832	832
Igbo	Malayalam	32	23	<http://www.wikidata.org/entity/Q33578>	<http://www.wikidata.org/entity/Q36236>	5759	845	0	1	0	11	857	857
Igbo	Mon	32	30	<http://www.wikidata.org/entity/Q33578>	<http://www.wikidata.org/entity/Q13349>	5759	14	0	0	0	0	14	14
Igbo	New Persian	32	24	<http://www.wikidata.org/entity/Q33578>	<http://www.wikidata.org/entity/Q56356571>	5759	772	0	1	0	30	802	802
Igbo	Northern Sami	32	25	<http://www.wikidata.org/entity/Q33578>	<http://www.wikidata.org/entity/Q33947>	5759	20	0	0	0	1	21	21
Igbo	Nynorsk	32	8	<http://www.wikidata.org/entity/Q33578>	<http://www.wikidata.org/entity/Q25164>	5759	1014	0	0	0	37	1048	1048
Igbo	Persian	32	15	<http://www.wikidata.org/entity/Q33578>	<http://www.wikidata.org/entity/Q9168>	5759	41	0	0	0	8	49	49
Igbo	Polish	32	36	<http://www.wikidata.org/entity/Q33578>	<http://www.wikidata.org/entity/Q809>	5759	301	0	0	0	1	302	302
Igbo	Portuguese	32	1	<http://www.wikidata.org/entity/Q33578>	<http://www.wikidata.org/entity/Q5146>	5759	794	1	1	0	48	839	839
Igbo	Punjabi	32	27	<http://www.wikidata.org/entity/Q33578>	<http://www.wikidata.org/entity/Q58635>	5759	782	0	0	0	45	827	827
Igbo	Quechua	32	44	<http://www.wikidata.org/entity/Q33578>	<http://www.wikidata.org/entity/Q5218>	5759	12	0	0	0	0	12	12
Igbo	Russian	32	17	<http://www.wikidata.org/entity/Q33578>	<http://www.wikidata.org/entity/Q7737>	5759	1104	0	0	0	19	1123	1123
Igbo	Sanskrit	32	47	<http://www.wikidata.org/entity/Q33578>	<http://www.wikidata.org/entity/Q11059>	5759	275	0	0	0	13	288	288
Igbo	Southern Min	32	45	<http://www.wikidata.org/entity/Q33578>	<http://www.wikidata.org/entity/Q36495>	5759	360	0	0	0	18	378	378
Igbo	Spanish	32	12	<http://www.wikidata.org/entity/Q33578>	<http://www.wikidata.org/entity/Q1321>	5759	619	0	2	0	31	651	651
Igbo	Standard Chinese	32	35	<http://www.wikidata.org/entity/Q33578>	<http://www.wikidata.org/entity/Q727694>	5759	390	0	0	0	32	422	422
Igbo	Sumerian	32	18	<http://www.wikidata.org/entity/Q33578>	<http://www.wikidata.org/entity/Q36790>	5759	752	0	0	0	70	822	822
Igbo	Swedish	32	4	<http://www.wikidata.org/entity/Q33578>	<http://www.wikidata.org/entity/Q9027>	5759	1242	0	1	0	56	1296	1296
Igbo	Turkish	32	40	<http://www.wikidata.org/entity/Q33578>	<http://www.wikidata.org/entity/Q256>	5759	403	0	0	0	53	456	456
Igbo	Ugaritic	32	38	<http://www.wikidata.org/entity/Q33578>	<http://www.wikidata.org/entity/Q36928>	5759	410	0	0	0	0	410	410
Italian	Akkadian	10	19	<http://www.wikidata.org/entity/Q652>	<http://www.wikidata.org/entity/Q35518>	26452	1745	1	2	0	59	1804	1804
Italian	Albanian	10	28	<http://www.wikidata.org/entity/Q652>	<http://www.wikidata.org/entity/Q8748>	26452	327	3	4	2	3	332	332
Italian	Arabic	10	20	<http://www.wikidata.org/entity/Q652>	<http://www.wikidata.org/entity/Q13955>	26452	743	5	13	2	21	768	768
Italian	Aragonese	10	6	<http://www.wikidata.org/entity/Q652>	<http://www.wikidata.org/entity/Q8765>	26452	86	3	4	0	2	89	89
Italian	Bangla	10	21	<http://www.wikidata.org/entity/Q652>	<http://www.wikidata.org/entity/Q9610>	26452	1037	1	8	5	45	1088	1088
Italian	Banjar	10	46	<http://www.wikidata.org/entity/Q652>	<http://www.wikidata.org/entity/Q33151>	26452	116	7	13	0	0	125	125
Italian	Basque	10	9	<http://www.wikidata.org/entity/Q652>	<http://www.wikidata.org/entity/Q8752>	26452	1917	5	12	0	1	1918	1918
Italian	Bokmål	10	3	<http://www.wikidata.org/entity/Q652>	<http://www.wikidata.org/entity/Q25167>	26452	7423	20	34	222	38	7693	7693
Italian	Breton	10	31	<http://www.wikidata.org/entity/Q652>	<http://www.wikidata.org/entity/Q12107>	26452	2212	5	11	4	38	2255	2255
Italian	Central Bikol	10	49	<http://www.wikidata.org/entity/Q652>	<http://www.wikidata.org/entity/Q33284>	26452	25	0	0	0	0	25	25
Italian	Czech	10	11	<http://www.wikidata.org/entity/Q652>	<http://www.wikidata.org/entity/Q9056>	26452	2097	22	48	23	11	2135	2135
Italian	Dagbanli	10	22	<http://www.wikidata.org/entity/Q652>	<http://www.wikidata.org/entity/Q32238>	26452	1247	3	8	0	5	1253	1253
Italian	Danish	10	14	<http://www.wikidata.org/entity/Q652>	<http://www.wikidata.org/entity/Q9035>	26452	4507	19	53	138	24	4677	4677
Italian	Dutch	10	41	<http://www.wikidata.org/entity/Q652>	<http://www.wikidata.org/entity/Q7411>	26452	1115	3	7	178	6	1300	1300
Italian	Egyptian	10	16	<http://www.wikidata.org/entity/Q652>	<http://www.wikidata.org/entity/Q50868>	26452	58	0	0	0	1	59	59
Italian	English	10	2	<http://www.wikidata.org/entity/Q652>	<http://www.wikidata.org/entity/Q1860>	26452	11337	737	772	122	150	11872	10000
Italian	Estonian	10	34	<http://www.wikidata.org/entity/Q652>	<http://www.wikidata.org/entity/Q9072>	26452	2129	1	8	1	18	2151	2151
Italian	Finnish	10	42	<http://www.wikidata.org/entity/Q652>	<http://www.wikidata.org/entity/Q1412>	26452	754	5	13	1	15	772	772
Italian	French	10	7	<http://www.wikidata.org/entity/Q652>	<http://www.wikidata.org/entity/Q150>	26452	7638	102	155	205	77	7938	7938
Italian	Fula	10	26	<http://www.wikidata.org/entity/Q652>	<http://www.wikidata.org/entity/Q33454>	26452	181	0	0	0	3	184	184
Italian	German	10	13	<http://www.wikidata.org/entity/Q652>	<http://www.wikidata.org/entity/Q188>	26452	6358	135	168	123	63	6554	6554
Italian	Hausa	10	48	<http://www.wikidata.org/entity/Q652>	<http://www.wikidata.org/entity/Q56475>	26452	634	0	0	0	32	666	666
Italian	Hebrew	10	29	<http://www.wikidata.org/entity/Q652>	<http://www.wikidata.org/entity/Q9288>	26452	4260	5	13	3	17	4284	4284
Italian	Hindustani	10	37	<http://www.wikidata.org/entity/Q652>	<http://www.wikidata.org/entity/Q11051>	26452	997	4	16	2	28	1031	1031
Italian	Igbo	10	32	<http://www.wikidata.org/entity/Q652>	<http://www.wikidata.org/entity/Q33578>	26452	1378	0	3	0	34	1415	1415
Italian	Japanese	10	5	<http://www.wikidata.org/entity/Q652>	<http://www.wikidata.org/entity/Q5287>	26452	4967	10	45	5	65	5052	5052
Italian	Klingon	10	43	<http://www.wikidata.org/entity/Q652>	<http://www.wikidata.org/entity/Q10134>	26452	997	0	2	2	31	1031	1031
Italian	Korean	10	50	<http://www.wikidata.org/entity/Q652>	<http://www.wikidata.org/entity/Q9176>	26452	528	1	4	0	19	547	547
Italian	Latin	10	39	<http://www.wikidata.org/entity/Q652>	<http://www.wikidata.org/entity/Q397>	26452	1586	22	39	0	11	1609	1609
Italian	Malay	10	33	<http://www.wikidata.org/entity/Q652>	<http://www.wikidata.org/entity/Q9237>	26452	2208	3	21	1	39	2253	2253
Italian	Malayalam	10	23	<http://www.wikidata.org/entity/Q652>	<http://www.wikidata.org/entity/Q36236>	26452	3219	30	59	0	10	3238	3238
Italian	Mon	10	30	<http://www.wikidata.org/entity/Q652>	<http://www.wikidata.org/entity/Q13349>	26452	13	0	0	0	0	13	13
Italian	New Persian	10	24	<http://www.wikidata.org/entity/Q652>	<http://www.wikidata.org/entity/Q56356571>	26452	2388	0	4	7	31	2427	2427
Italian	Northern Sami	10	25	<http://www.wikidata.org/entity/Q652>	<http://www.wikidata.org/entity/Q33947>	26452	20	0	0	0	0	20	20
Italian	Nynorsk	10	8	<http://www.wikidata.org/entity/Q652>	<http://www.wikidata.org/entity/Q25164>	26452	5387	8	22	126	21	5545	5545
Italian	Persian	10	15	<http://www.wikidata.org/entity/Q652>	<http://www.wikidata.org/entity/Q9168>	26452	595	0	0	0	6	601	601
Italian	Polish	10	36	<http://www.wikidata.org/entity/Q652>	<http://www.wikidata.org/entity/Q809>	26452	804	10	18	1	1	807	807
Italian	Portuguese	10	1	<http://www.wikidata.org/entity/Q652>	<http://www.wikidata.org/entity/Q5146>	26452	2266	12	39	23	40	2340	2340
Italian	Punjabi	10	27	<http://www.wikidata.org/entity/Q652>	<http://www.wikidata.org/entity/Q58635>	26452	1834	0	2	6	44	1885	1885
Italian	Quechua	10	44	<http://www.wikidata.org/entity/Q652>	<http://www.wikidata.org/entity/Q5218>	26452	23	1	5	0	0	25	25
Italian	Russian	10	17	<http://www.wikidata.org/entity/Q652>	<http://www.wikidata.org/entity/Q7737>	26452	6393	9	39	21	23	6437	6437
Italian	Sanskrit	10	47	<http://www.wikidata.org/entity/Q652>	<http://www.wikidata.org/entity/Q11059>	26452	444	3	3	0	20	464	464
Italian	Southern Min	10	45	<http://www.wikidata.org/entity/Q652>	<http://www.wikidata.org/entity/Q36495>	26452	941	10	29	0	21	970	970
Italian	Spanish	10	12	<http://www.wikidata.org/entity/Q652>	<http://www.wikidata.org/entity/Q1321>	26452	3370	153	198	220	34	3651	3651
Italian	Standard Chinese	10	35	<http://www.wikidata.org/entity/Q652>	<http://www.wikidata.org/entity/Q727694>	26452	919	8	23	0	35	960	960
Italian	Sumerian	10	18	<http://www.wikidata.org/entity/Q652>	<http://www.wikidata.org/entity/Q36790>	26452	1783	1	3	0	58	1843	1843
Italian	Swedish	10	4	<http://www.wikidata.org/entity/Q652>	<http://www.wikidata.org/entity/Q9027>	26452	6509	12	26	198	53	6765	6765
Italian	Turkish	10	40	<http://www.wikidata.org/entity/Q652>	<http://www.wikidata.org/entity/Q256>	26452	941	4	8	1	43	986	986
Italian	Ugaritic	10	38	<http://www.wikidata.org/entity/Q652>	<http://www.wikidata.org/entity/Q36928>	26452	819	0	0	0	0	819	819
Japanese	Akkadian	5	19	<http://www.wikidata.org/entity/Q5287>	<http://www.wikidata.org/entity/Q35518>	34860	1433	0	5	0	188	1621	1621
Japanese	Albanian	5	28	<http://www.wikidata.org/entity/Q5287>	<http://www.wikidata.org/entity/Q8748>	34860	356	0	1	1	9	366	366
Japanese	Arabic	5	20	<http://www.wikidata.org/entity/Q5287>	<http://www.wikidata.org/entity/Q13955>	34860	837	0	10	0	56	895	895
Japanese	Aragonese	5	6	<http://www.wikidata.org/entity/Q5287>	<http://www.wikidata.org/entity/Q8765>	34860	85	0	1	0	6	91	91
Japanese	Bangla	5	21	<http://www.wikidata.org/entity/Q5287>	<http://www.wikidata.org/entity/Q9610>	34860	1095	0	5	0	149	1246	1246
Japanese	Banjar	5	46	<http://www.wikidata.org/entity/Q5287>	<http://www.wikidata.org/entity/Q33151>	34860	128	15	19	0	0	136	136
Japanese	Basque	5	9	<http://www.wikidata.org/entity/Q5287>	<http://www.wikidata.org/entity/Q8752>	34860	1151	0	3	0	4	1155	1155
Japanese	Bokmål	5	3	<http://www.wikidata.org/entity/Q5287>	<http://www.wikidata.org/entity/Q25167>	34860	4688	0	10	7	128	4821	4821
Japanese	Breton	5	31	<http://www.wikidata.org/entity/Q5287>	<http://www.wikidata.org/entity/Q12107>	34860	1959	0	2	2	106	2067	2067
Japanese	Central Bikol	5	49	<http://www.wikidata.org/entity/Q5287>	<http://www.wikidata.org/entity/Q33284>	34860	48	0	0	0	0	48	48
Japanese	Czech	5	11	<http://www.wikidata.org/entity/Q5287>	<http://www.wikidata.org/entity/Q9056>	34860	1545	2	33	4	26	1576	1576
Japanese	Dagbanli	5	22	<http://www.wikidata.org/entity/Q5287>	<http://www.wikidata.org/entity/Q32238>	34860	1195	0	4	0	21	1217	1217
Japanese	Danish	5	14	<http://www.wikidata.org/entity/Q5287>	<http://www.wikidata.org/entity/Q9035>	34860	3371	3	22	7	82	3461	3461
Japanese	Dutch	5	41	<http://www.wikidata.org/entity/Q5287>	<http://www.wikidata.org/entity/Q7411>	34860	1066	0	7	5	10	1083	1083
Japanese	Egyptian	5	16	<http://www.wikidata.org/entity/Q5287>	<http://www.wikidata.org/entity/Q50868>	34860	55	0	0	0	5	60	60
Japanese	English	5	2	<http://www.wikidata.org/entity/Q5287>	<http://www.wikidata.org/entity/Q1860>	34860	8758	299	372	8	467	9364	9364
Japanese	Estonian	5	34	<http://www.wikidata.org/entity/Q5287>	<http://www.wikidata.org/entity/Q9072>	34860	1884	0	2	1	64	1949	1949
Japanese	Finnish	5	42	<http://www.wikidata.org/entity/Q5287>	<http://www.wikidata.org/entity/Q1412>	34860	862	0	8	0	41	904	904
Japanese	French	5	7	<http://www.wikidata.org/entity/Q5287>	<http://www.wikidata.org/entity/Q150>	34860	4550	11	56	6	209	4770	4770
Japanese	Fula	5	26	<http://www.wikidata.org/entity/Q5287>	<http://www.wikidata.org/entity/Q33454>	34860	233	0	0	0	11	244	244
Japanese	German	5	13	<http://www.wikidata.org/entity/Q5287>	<http://www.wikidata.org/entity/Q188>	34860	4600	154	174	10	278	4922	4922
Japanese	Hausa	5	48	<http://www.wikidata.org/entity/Q5287>	<http://www.wikidata.org/entity/Q56475>	34860	752	0	0	0	109	861	861
Japanese	Hebrew	5	29	<http://www.wikidata.org/entity/Q5287>	<http://www.wikidata.org/entity/Q9288>	34860	2867	0	6	0	47	2916	2916
Japanese	Hindustani	5	37	<http://www.wikidata.org/entity/Q5287>	<http://www.wikidata.org/entity/Q11051>	34860	1069	3	17	0	77	1149	1149
Japanese	Igbo	5	32	<http://www.wikidata.org/entity/Q5287>	<http://www.wikidata.org/entity/Q33578>	34860	1349	0	1	0	103	1450	1450
Japanese	Italian	5	10	<http://www.wikidata.org/entity/Q5287>	<http://www.wikidata.org/entity/Q652>	34860	5233	9	46	5	104	5356	5356
Japanese	Klingon	5	43	<http://www.wikidata.org/entity/Q5287>	<http://www.wikidata.org/entity/Q10134>	34860	1168	0	10	2	115	1288	1288
Japanese	Korean	5	50	<http://www.wikidata.org/entity/Q5287>	<http://www.wikidata.org/entity/Q9176>	34860	525	9	11	0	57	584	584
Japanese	Latin	5	39	<http://www.wikidata.org/entity/Q5287>	<http://www.wikidata.org/entity/Q397>	34860	1178	0	17	0	40	1220	1220
Japanese	Malay	5	33	<http://www.wikidata.org/entity/Q5287>	<http://www.wikidata.org/entity/Q9237>	34860	2059	10	33	0	174	2233	2233
Japanese	Malayalam	5	23	<http://www.wikidata.org/entity/Q5287>	<http://www.wikidata.org/entity/Q36236>	34860	2305	9	46	0	39	2356	2356
Japanese	Mon	5	30	<http://www.wikidata.org/entity/Q5287>	<http://www.wikidata.org/entity/Q13349>	34860	25	0	0	0	0	25	25
Japanese	New Persian	5	24	<http://www.wikidata.org/entity/Q5287>	<http://www.wikidata.org/entity/Q56356571>	34860	2128	2	4	2	68	2197	2197
Japanese	Northern Sami	5	25	<http://www.wikidata.org/entity/Q5287>	<http://www.wikidata.org/entity/Q33947>	34860	46	0	0	0	1	47	47
Japanese	Nynorsk	5	8	<http://www.wikidata.org/entity/Q5287>	<http://www.wikidata.org/entity/Q25164>	34860	3469	0	14	6	79	3551	3551
Japanese	Persian	5	15	<http://www.wikidata.org/entity/Q5287>	<http://www.wikidata.org/entity/Q9168>	34860	256	0	0	0	26	282	282
Japanese	Polish	5	36	<http://www.wikidata.org/entity/Q5287>	<http://www.wikidata.org/entity/Q809>	34860	704	0	13	1	0	706	706
Japanese	Portuguese	5	1	<http://www.wikidata.org/entity/Q5287>	<http://www.wikidata.org/entity/Q5146>	34860	1937	2	25	4	127	2071	2071
Japanese	Punjabi	5	27	<http://www.wikidata.org/entity/Q5287>	<http://www.wikidata.org/entity/Q58635>	34860	1803	0	2	1	139	1943	1943
Japanese	Quechua	5	44	<http://www.wikidata.org/entity/Q5287>	<http://www.wikidata.org/entity/Q5218>	34860	34	0	5	0	0	34	34
Japanese	Russian	5	17	<http://www.wikidata.org/entity/Q5287>	<http://www.wikidata.org/entity/Q7737>	34860	3874	7	32	5	88	3975	3975
Japanese	Sanskrit	5	47	<http://www.wikidata.org/entity/Q5287>	<http://www.wikidata.org/entity/Q11059>	34860	540	0	0	0	55	595	595
Japanese	Southern Min	5	45	<http://www.wikidata.org/entity/Q5287>	<http://www.wikidata.org/entity/Q36495>	34860	1037	6	24	0	59	1099	1099
Japanese	Spanish	5	12	<http://www.wikidata.org/entity/Q5287>	<http://www.wikidata.org/entity/Q1321>	34860	2133	6	42	7	57	2203	2203
Japanese	Standard Chinese	5	35	<http://www.wikidata.org/entity/Q5287>	<http://www.wikidata.org/entity/Q727694>	34860	1095	10	37	0	125	1228	1228
Japanese	Sumerian	5	18	<http://www.wikidata.org/entity/Q5287>	<http://www.wikidata.org/entity/Q36790>	34860	1516	5	5	0	211	1727	1727
Japanese	Swedish	5	4	<http://www.wikidata.org/entity/Q5287>	<http://www.wikidata.org/entity/Q9027>	34860	4287	0	12	8	162	4457	4457
Japanese	Turkish	5	40	<http://www.wikidata.org/entity/Q5287>	<http://www.wikidata.org/entity/Q256>	34860	993	1	8	0	131	1124	1124
Japanese	Ugaritic	5	38	<http://www.wikidata.org/entity/Q5287>	<http://www.wikidata.org/entity/Q36928>	34860	754	0	0	0	0	754	754
Klingon	Akkadian	43	19	<http://www.wikidata.org/entity/Q10134>	<http://www.wikidata.org/entity/Q35518>	2146	371	0	0	0	55	426	426
Klingon	Albanian	43	28	<http://www.wikidata.org/entity/Q10134>	<http://www.wikidata.org/entity/Q8748>	2146	110	0	0	0	1	111	111
Klingon	Arabic	43	20	<http://www.wikidata.org/entity/Q10134>	<http://www.wikidata.org/entity/Q13955>	2146	205	0	2	0	16	223	223
Klingon	Aragonese	43	6	<http://www.wikidata.org/entity/Q10134>	<http://www.wikidata.org/entity/Q8765>	2146	20	0	0	0	2	22	22
Klingon	Bangla	43	21	<http://www.wikidata.org/entity/Q10134>	<http://www.wikidata.org/entity/Q9610>	2146	301	0	2	0	36	338	338
Klingon	Banjar	43	46	<http://www.wikidata.org/entity/Q10134>	<http://www.wikidata.org/entity/Q33151>	2146	36	0	0	0	0	36	36
Klingon	Basque	43	9	<http://www.wikidata.org/entity/Q10134>	<http://www.wikidata.org/entity/Q8752>	2146	272	0	0	0	0	272	272
Klingon	Bokmål	43	3	<http://www.wikidata.org/entity/Q10134>	<http://www.wikidata.org/entity/Q25167>	2146	839	0	2	2	35	876	876
Klingon	Breton	43	31	<http://www.wikidata.org/entity/Q10134>	<http://www.wikidata.org/entity/Q12107>	2146	530	0	1	1	37	569	569
Klingon	Central Bikol	43	49	<http://www.wikidata.org/entity/Q10134>	<http://www.wikidata.org/entity/Q33284>	2146	14	0	0	0	0	14	14
Klingon	Czech	43	11	<http://www.wikidata.org/entity/Q10134>	<http://www.wikidata.org/entity/Q9056>	2146	394	1	4	1	5	400	400
Klingon	Dagbanli	43	22	<http://www.wikidata.org/entity/Q10134>	<http://www.wikidata.org/entity/Q32238>	2146	272	0	0	0	5	277	277
Klingon	Danish	43	14	<http://www.wikidata.org/entity/Q10134>	<http://www.wikidata.org/entity/Q9035>	2146	683	1	5	1	26	712	712
Klingon	Dutch	43	41	<http://www.wikidata.org/entity/Q10134>	<http://www.wikidata.org/entity/Q7411>	2146	231	1	2	1	2	234	234
Klingon	Egyptian	43	16	<http://www.wikidata.org/entity/Q10134>	<http://www.wikidata.org/entity/Q50868>	2146	15	0	0	0	1	16	16
Klingon	English	43	2	<http://www.wikidata.org/entity/Q10134>	<http://www.wikidata.org/entity/Q1860>	2146	1003	37	41	3	124	1147	1147
Klingon	Estonian	43	34	<http://www.wikidata.org/entity/Q10134>	<http://www.wikidata.org/entity/Q9072>	2146	438	0	0	0	16	454	454
Klingon	Finnish	43	42	<http://www.wikidata.org/entity/Q10134>	<http://www.wikidata.org/entity/Q1412>	2146	203	0	0	0	14	217	217
Klingon	French	43	7	<http://www.wikidata.org/entity/Q10134>	<http://www.wikidata.org/entity/Q150>	2146	840	1	5	2	64	909	909
Klingon	Fula	43	26	<http://www.wikidata.org/entity/Q10134>	<http://www.wikidata.org/entity/Q33454>	2146	71	0	0	0	2	73	73
Klingon	German	43	13	<http://www.wikidata.org/entity/Q10134>	<http://www.wikidata.org/entity/Q188>	2146	881	13	18	3	95	982	982
Klingon	Hausa	43	48	<http://www.wikidata.org/entity/Q10134>	<http://www.wikidata.org/entity/Q56475>	2146	206	0	0	0	22	228	228
Klingon	Hebrew	43	29	<http://www.wikidata.org/entity/Q10134>	<http://www.wikidata.org/entity/Q9288>	2146	565	1	1	0	17	582	582
Klingon	Hindustani	43	37	<http://www.wikidata.org/entity/Q10134>	<http://www.wikidata.org/entity/Q11051>	2146	292	0	2	0	17	311	311
Klingon	Igbo	43	32	<http://www.wikidata.org/entity/Q10134>	<http://www.wikidata.org/entity/Q33578>	2146	361	0	0	0	24	385	385
Klingon	Italian	43	10	<http://www.wikidata.org/entity/Q10134>	<http://www.wikidata.org/entity/Q652>	2146	856	0	3	2	23	883	883
Klingon	Japanese	43	5	<http://www.wikidata.org/entity/Q10134>	<http://www.wikidata.org/entity/Q5287>	2146	738	0	10	2	68	811	811
Klingon	Korean	43	50	<http://www.wikidata.org/entity/Q10134>	<http://www.wikidata.org/entity/Q9176>	2146	92	1	1	0	17	109	109
Klingon	Latin	43	39	<http://www.wikidata.org/entity/Q10134>	<http://www.wikidata.org/entity/Q397>	2146	293	0	2	0	7	300	300
Klingon	Malay	43	33	<http://www.wikidata.org/entity/Q10134>	<http://www.wikidata.org/entity/Q9237>	2146	506	1	4	0	43	551	551
Klingon	Malayalam	43	23	<http://www.wikidata.org/entity/Q10134>	<http://www.wikidata.org/entity/Q36236>	2146	511	1	3	0	9	521	521
Klingon	Mon	43	30	<http://www.wikidata.org/entity/Q10134>	<http://www.wikidata.org/entity/Q13349>	2146	7	0	0	0	0	7	7
Klingon	New Persian	43	24	<http://www.wikidata.org/entity/Q10134>	<http://www.wikidata.org/entity/Q56356571>	2146	489	0	1	0	18	508	508
Klingon	Northern Sami	43	25	<http://www.wikidata.org/entity/Q10134>	<http://www.wikidata.org/entity/Q33947>	2146	10	0	0	0	1	11	11
Klingon	Nynorsk	43	8	<http://www.wikidata.org/entity/Q10134>	<http://www.wikidata.org/entity/Q25164>	2146	672	0	0	1	26	699	699
Klingon	Persian	43	15	<http://www.wikidata.org/entity/Q10134>	<http://www.wikidata.org/entity/Q9168>	2146	33	0	0	0	8	41	41
Klingon	Polish	43	36	<http://www.wikidata.org/entity/Q10134>	<http://www.wikidata.org/entity/Q809>	2146	147	0	0	1	0	148	148
Klingon	Portuguese	43	1	<http://www.wikidata.org/entity/Q10134>	<http://www.wikidata.org/entity/Q5146>	2146	480	0	1	2	31	514	514
Klingon	Punjabi	43	27	<http://www.wikidata.org/entity/Q10134>	<http://www.wikidata.org/entity/Q58635>	2146	477	0	0	0	33	510	510
Klingon	Quechua	43	44	<http://www.wikidata.org/entity/Q10134>	<http://www.wikidata.org/entity/Q5218>	2146	10	0	0	0	1	11	11
Klingon	Russian	43	17	<http://www.wikidata.org/entity/Q10134>	<http://www.wikidata.org/entity/Q7737>	2146	725	1	3	2	16	745	745
Klingon	Sanskrit	43	47	<http://www.wikidata.org/entity/Q10134>	<http://www.wikidata.org/entity/Q11059>	2146	151	0	0	0	13	164	164
Klingon	Southern Min	43	45	<http://www.wikidata.org/entity/Q10134>	<http://www.wikidata.org/entity/Q36495>	2146	303	0	3	0	21	326	326
Klingon	Spanish	43	12	<http://www.wikidata.org/entity/Q10134>	<http://www.wikidata.org/entity/Q1321>	2146	517	0	3	2	20	540	540
Klingon	Standard Chinese	43	35	<http://www.wikidata.org/entity/Q10134>	<http://www.wikidata.org/entity/Q727694>	2146	233	1	5	0	27	262	262
Klingon	Sumerian	43	18	<http://www.wikidata.org/entity/Q10134>	<http://www.wikidata.org/entity/Q36790>	2146	404	0	0	0	53	457	457
Klingon	Swedish	43	4	<http://www.wikidata.org/entity/Q10134>	<http://www.wikidata.org/entity/Q9027>	2146	780	1	3	2	43	827	827
Klingon	Turkish	43	40	<http://www.wikidata.org/entity/Q10134>	<http://www.wikidata.org/entity/Q256>	2146	277	0	2	0	38	316	316
Klingon	Ugaritic	43	38	<http://www.wikidata.org/entity/Q10134>	<http://www.wikidata.org/entity/Q36928>	2146	259	0	0	0	0	259	259
Korean	Akkadian	50	19	<http://www.wikidata.org/entity/Q9176>	<http://www.wikidata.org/entity/Q35518>	1593	122	0	1	0	29	151	151
Korean	Albanian	50	28	<http://www.wikidata.org/entity/Q9176>	<http://www.wikidata.org/entity/Q8748>	1593	50	0	0	0	0	50	50
Korean	Arabic	50	20	<http://www.wikidata.org/entity/Q9176>	<http://www.wikidata.org/entity/Q13955>	1593	129	0	0	0	12	141	141
Korean	Aragonese	50	6	<http://www.wikidata.org/entity/Q9176>	<http://www.wikidata.org/entity/Q8765>	1593	13	0	0	0	5	18	18
Korean	Bangla	50	21	<http://www.wikidata.org/entity/Q9176>	<http://www.wikidata.org/entity/Q9610>	1593	166	3	4	0	24	193	193
Korean	Banjar	50	46	<http://www.wikidata.org/entity/Q9176>	<http://www.wikidata.org/entity/Q33151>	1593	7	0	0	0	0	7	7
Korean	Basque	50	9	<http://www.wikidata.org/entity/Q9176>	<http://www.wikidata.org/entity/Q8752>	1593	150	2	3	0	0	150	150
Korean	Bokmål	50	3	<http://www.wikidata.org/entity/Q9176>	<http://www.wikidata.org/entity/Q25167>	1593	494	0	0	0	27	521	521
Korean	Breton	50	31	<http://www.wikidata.org/entity/Q9176>	<http://www.wikidata.org/entity/Q12107>	1593	207	0	0	0	27	234	234
Korean	Central Bikol	50	49	<http://www.wikidata.org/entity/Q9176>	<http://www.wikidata.org/entity/Q33284>	1593	7	0	0	0	0	7	7
Korean	Czech	50	11	<http://www.wikidata.org/entity/Q9176>	<http://www.wikidata.org/entity/Q9056>	1593	288	2	3	0	2	290	290
Korean	Dagbanli	50	22	<http://www.wikidata.org/entity/Q9176>	<http://www.wikidata.org/entity/Q32238>	1593	119	0	1	0	8	127	127
Korean	Danish	50	14	<http://www.wikidata.org/entity/Q9176>	<http://www.wikidata.org/entity/Q9035>	1593	409	0	1	0	20	429	429
Korean	Dutch	50	41	<http://www.wikidata.org/entity/Q9176>	<http://www.wikidata.org/entity/Q7411>	1593	157	0	6	0	0	157	157
Korean	Egyptian	50	16	<http://www.wikidata.org/entity/Q9176>	<http://www.wikidata.org/entity/Q50868>	1593	13	0	0	0	1	14	14
Korean	English	50	2	<http://www.wikidata.org/entity/Q9176>	<http://www.wikidata.org/entity/Q1860>	1593	600	16	22	0	81	683	683
Korean	Estonian	50	34	<http://www.wikidata.org/entity/Q9176>	<http://www.wikidata.org/entity/Q9072>	1593	195	0	0	0	16	211	211
Korean	Finnish	50	42	<http://www.wikidata.org/entity/Q9176>	<http://www.wikidata.org/entity/Q1412>	1593	131	2	3	0	13	144	144
Korean	French	50	7	<http://www.wikidata.org/entity/Q9176>	<http://www.wikidata.org/entity/Q150>	1593	468	3	6	0	42	510	510
Korean	Fula	50	26	<http://www.wikidata.org/entity/Q9176>	<http://www.wikidata.org/entity/Q33454>	1593	26	0	0	0	5	31	31
Korean	German	50	13	<http://www.wikidata.org/entity/Q9176>	<http://www.wikidata.org/entity/Q188>	1593	482	2	8	0	37	521	521
Korean	Hausa	50	48	<http://www.wikidata.org/entity/Q9176>	<http://www.wikidata.org/entity/Q56475>	1593	107	0	0	0	21	128	128
Korean	Hebrew	50	29	<http://www.wikidata.org/entity/Q9176>	<http://www.wikidata.org/entity/Q9288>	1593	322	0	1	0	13	335	335
Korean	Hindustani	50	37	<http://www.wikidata.org/entity/Q9176>	<http://www.wikidata.org/entity/Q11051>	1593	158	0	0	0	12	170	170
Korean	Igbo	50	32	<http://www.wikidata.org/entity/Q9176>	<http://www.wikidata.org/entity/Q33578>	1593	153	0	0	0	25	178	178
Korean	Italian	50	10	<http://www.wikidata.org/entity/Q9176>	<http://www.wikidata.org/entity/Q652>	1593	487	2	5	0	17	504	504
Korean	Japanese	50	5	<http://www.wikidata.org/entity/Q9176>	<http://www.wikidata.org/entity/Q5287>	1593	372	9	11	0	40	414	414
Korean	Klingon	50	43	<http://www.wikidata.org/entity/Q9176>	<http://www.wikidata.org/entity/Q10134>	1593	107	1	1	0	21	128	128
Korean	Latin	50	39	<http://www.wikidata.org/entity/Q9176>	<http://www.wikidata.org/entity/Q397>	1593	127	0	0	0	7	134	134
Korean	Malay	50	33	<http://www.wikidata.org/entity/Q9176>	<http://www.wikidata.org/entity/Q9237>	1593	275	0	0	0	32	307	307
Korean	Malayalam	50	23	<http://www.wikidata.org/entity/Q9176>	<http://www.wikidata.org/entity/Q36236>	1593	375	0	0	0	8	383	383
Korean	Mon	50	30	<http://www.wikidata.org/entity/Q9176>	<http://www.wikidata.org/entity/Q13349>	1593	5	0	0	0	0	5	5
Korean	New Persian	50	24	<http://www.wikidata.org/entity/Q9176>	<http://www.wikidata.org/entity/Q56356571>	1593	286	0	0	0	24	310	310
Korean	Northern Sami	50	25	<http://www.wikidata.org/entity/Q9176>	<http://www.wikidata.org/entity/Q33947>	1593	20	0	0	0	1	21	21
Korean	Nynorsk	50	8	<http://www.wikidata.org/entity/Q9176>	<http://www.wikidata.org/entity/Q25164>	1593	313	1	1	0	16	329	329
Korean	Persian	50	15	<http://www.wikidata.org/entity/Q9176>	<http://www.wikidata.org/entity/Q9168>	1593	19	0	0	0	1	20	20
Korean	Polish	50	36	<http://www.wikidata.org/entity/Q9176>	<http://www.wikidata.org/entity/Q809>	1593	143	0	1	0	0	143	143
Korean	Portuguese	50	1	<http://www.wikidata.org/entity/Q9176>	<http://www.wikidata.org/entity/Q5146>	1593	219	0	2	0	17	237	237
Korean	Punjabi	50	27	<http://www.wikidata.org/entity/Q9176>	<http://www.wikidata.org/entity/Q58635>	1593	214	0	0	0	22	236	236
Korean	Quechua	50	44	<http://www.wikidata.org/entity/Q9176>	<http://www.wikidata.org/entity/Q5218>	1593	6	0	0	0	0	6	6
Korean	Russian	50	17	<http://www.wikidata.org/entity/Q9176>	<http://www.wikidata.org/entity/Q7737>	1593	356	1	4	0	11	367	367
Korean	Sanskrit	50	47	<http://www.wikidata.org/entity/Q9176>	<http://www.wikidata.org/entity/Q11059>	1593	68	0	0	0	9	77	77
Korean	Southern Min	50	45	<http://www.wikidata.org/entity/Q9176>	<http://www.wikidata.org/entity/Q36495>	1593	106	0	0	0	15	121	121
Korean	Spanish	50	12	<http://www.wikidata.org/entity/Q9176>	<http://www.wikidata.org/entity/Q1321>	1593	326	5	8	0	19	345	345
Korean	Standard Chinese	50	35	<http://www.wikidata.org/entity/Q9176>	<http://www.wikidata.org/entity/Q727694>	1593	185	2	3	0	16	201	201
Korean	Sumerian	50	18	<http://www.wikidata.org/entity/Q9176>	<http://www.wikidata.org/entity/Q36790>	1593	141	1	1	0	34	175	175
Korean	Swedish	50	4	<http://www.wikidata.org/entity/Q9176>	<http://www.wikidata.org/entity/Q9027>	1593	463	1	1	0	39	502	502
Korean	Turkish	50	40	<http://www.wikidata.org/entity/Q9176>	<http://www.wikidata.org/entity/Q256>	1593	129	0	0	0	29	158	158
Korean	Ugaritic	50	38	<http://www.wikidata.org/entity/Q9176>	<http://www.wikidata.org/entity/Q36928>	1593	78	0	0	0	0	78	78
Latin	Akkadian	39	19	<http://www.wikidata.org/entity/Q397>	<http://www.wikidata.org/entity/Q35518>	2705	612	0	1	0	15	627	627
Latin	Albanian	39	28	<http://www.wikidata.org/entity/Q397>	<http://www.wikidata.org/entity/Q8748>	2705	123	0	1	0	2	125	125
Latin	Arabic	39	20	<http://www.wikidata.org/entity/Q397>	<http://www.wikidata.org/entity/Q13955>	2705	271	1	7	0	3	278	278
Latin	Aragonese	39	6	<http://www.wikidata.org/entity/Q397>	<http://www.wikidata.org/entity/Q8765>	2705	34	2	2	0	3	39	39
Latin	Bangla	39	21	<http://www.wikidata.org/entity/Q397>	<http://www.wikidata.org/entity/Q9610>	2705	324	0	6	0	13	338	338
Latin	Banjar	39	46	<http://www.wikidata.org/entity/Q397>	<http://www.wikidata.org/entity/Q33151>	2705	45	1	1	0	0	46	46
Latin	Basque	39	9	<http://www.wikidata.org/entity/Q397>	<http://www.wikidata.org/entity/Q8752>	2705	352	0	3	0	1	353	353
Latin	Bokmål	39	3	<http://www.wikidata.org/entity/Q397>	<http://www.wikidata.org/entity/Q25167>	2705	1260	0	7	0	12	1274	1274
Latin	Breton	39	31	<http://www.wikidata.org/entity/Q397>	<http://www.wikidata.org/entity/Q12107>	2705	658	0	0	0	9	667	667
Latin	Central Bikol	39	49	<http://www.wikidata.org/entity/Q397>	<http://www.wikidata.org/entity/Q33284>	2705	14	0	0	0	0	14	14
Latin	Czech	39	11	<http://www.wikidata.org/entity/Q397>	<http://www.wikidata.org/entity/Q9056>	2705	490	4	14	0	3	497	497
Latin	Dagbanli	39	22	<http://www.wikidata.org/entity/Q397>	<http://www.wikidata.org/entity/Q32238>	2705	390	0	2	0	4	395	395
Latin	Danish	39	14	<http://www.wikidata.org/entity/Q397>	<http://www.wikidata.org/entity/Q9035>	2705	843	3	14	0	11	859	859
Latin	Dutch	39	41	<http://www.wikidata.org/entity/Q397>	<http://www.wikidata.org/entity/Q7411>	2705	292	20	20	0	2	294	294
Latin	Egyptian	39	16	<http://www.wikidata.org/entity/Q397>	<http://www.wikidata.org/entity/Q50868>	2705	22	0	0	0	0	22	22
Latin	English	39	2	<http://www.wikidata.org/entity/Q397>	<http://www.wikidata.org/entity/Q1860>	2705	1696	111	144	0	31	1797	1797
Latin	Estonian	39	34	<http://www.wikidata.org/entity/Q397>	<http://www.wikidata.org/entity/Q9072>	2705	521	1	3	0	13	535	535
Latin	Finnish	39	42	<http://www.wikidata.org/entity/Q397>	<http://www.wikidata.org/entity/Q1412>	2705	231	0	7	0	6	239	239
Latin	French	39	7	<http://www.wikidata.org/entity/Q397>	<http://www.wikidata.org/entity/Q150>	2705	1234	21	41	0	19	1259	1259
Latin	Fula	39	26	<http://www.wikidata.org/entity/Q397>	<http://www.wikidata.org/entity/Q33454>	2705	75	0	0	0	2	77	77
Latin	German	39	13	<http://www.wikidata.org/entity/Q397>	<http://www.wikidata.org/entity/Q188>	2705	1143	24	33	0	19	1168	1168
Latin	Hausa	39	48	<http://www.wikidata.org/entity/Q397>	<http://www.wikidata.org/entity/Q56475>	2705	243	0	0	0	10	253	253
Latin	Hebrew	39	29	<http://www.wikidata.org/entity/Q397>	<http://www.wikidata.org/entity/Q9288>	2705	827	1	4	0	11	838	838
Latin	Hindustani	39	37	<http://www.wikidata.org/entity/Q397>	<http://www.wikidata.org/entity/Q11051>	2705	332	0	2	0	6	338	338
Latin	Igbo	39	32	<http://www.wikidata.org/entity/Q397>	<http://www.wikidata.org/entity/Q33578>	2705	425	0	1	0	11	436	436
Latin	Italian	39	10	<http://www.wikidata.org/entity/Q397>	<http://www.wikidata.org/entity/Q652>	2705	1452	23	42	0	10	1476	1476
Latin	Japanese	39	5	<http://www.wikidata.org/entity/Q397>	<http://www.wikidata.org/entity/Q5287>	2705	900	0	12	0	19	921	921
Latin	Klingon	39	43	<http://www.wikidata.org/entity/Q397>	<http://www.wikidata.org/entity/Q10134>	2705	328	0	3	0	8	336	336
Latin	Korean	39	50	<http://www.wikidata.org/entity/Q397>	<http://www.wikidata.org/entity/Q9176>	2705	129	0	0	0	5	134	134
Latin	Malay	39	33	<http://www.wikidata.org/entity/Q397>	<http://www.wikidata.org/entity/Q9237>	2705	534	1	9	0	9	544	544
Latin	Malayalam	39	23	<http://www.wikidata.org/entity/Q397>	<http://www.wikidata.org/entity/Q36236>	2705	705	0	7	0	7	713	713
Latin	Mon	39	30	<http://www.wikidata.org/entity/Q397>	<http://www.wikidata.org/entity/Q13349>	2705	9	0	0	0	0	9	9
Latin	New Persian	39	24	<http://www.wikidata.org/entity/Q397>	<http://www.wikidata.org/entity/Q56356571>	2705	588	0	3	0	9	598	598
Latin	Northern Sami	39	25	<http://www.wikidata.org/entity/Q397>	<http://www.wikidata.org/entity/Q33947>	2705	14	0	0	0	2	16	16
Latin	Nynorsk	39	8	<http://www.wikidata.org/entity/Q397>	<http://www.wikidata.org/entity/Q25164>	2705	947	0	6	0	12	961	961
Latin	Persian	39	15	<http://www.wikidata.org/entity/Q397>	<http://www.wikidata.org/entity/Q9168>	2705	65	0	0	0	2	67	67
Latin	Polish	39	36	<http://www.wikidata.org/entity/Q397>	<http://www.wikidata.org/entity/Q809>	2705	296	5	12	0	1	300	300
Latin	Portuguese	39	1	<http://www.wikidata.org/entity/Q397>	<http://www.wikidata.org/entity/Q5146>	2705	532	7	18	1	15	551	551
Latin	Punjabi	39	27	<http://www.wikidata.org/entity/Q397>	<http://www.wikidata.org/entity/Q58635>	2705	533	1	3	0	9	545	545
Latin	Quechua	39	44	<http://www.wikidata.org/entity/Q397>	<http://www.wikidata.org/entity/Q5218>	2705	23	0	3	0	0	23	23
Latin	Russian	39	17	<http://www.wikidata.org/entity/Q397>	<http://www.wikidata.org/entity/Q7737>	2705	1076	2	10	0	5	1082	1082
Latin	Sanskrit	39	47	<http://www.wikidata.org/entity/Q397>	<http://www.wikidata.org/entity/Q11059>	2705	198	2	4	0	5	203	203
Latin	Southern Min	39	45	<http://www.wikidata.org/entity/Q397>	<http://www.wikidata.org/entity/Q36495>	2705	250	0	8	0	6	256	256
Latin	Spanish	39	12	<http://www.wikidata.org/entity/Q397>	<http://www.wikidata.org/entity/Q1321>	2705	657	23	44	2	18	688	688
Latin	Standard Chinese	39	35	<http://www.wikidata.org/entity/Q397>	<http://www.wikidata.org/entity/Q727694>	2705	354	1	3	0	9	363	363
Latin	Sumerian	39	18	<http://www.wikidata.org/entity/Q397>	<http://www.wikidata.org/entity/Q36790>	2705	625	1	3	0	14	639	639
Latin	Swedish	39	4	<http://www.wikidata.org/entity/Q397>	<http://www.wikidata.org/entity/Q9027>	2705	1130	1	6	1	12	1144	1144
Latin	Turkish	39	40	<http://www.wikidata.org/entity/Q397>	<http://www.wikidata.org/entity/Q256>	2705	304	0	1	0	15	319	319
Latin	Ugaritic	39	38	<http://www.wikidata.org/entity/Q397>	<http://www.wikidata.org/entity/Q36928>	2705	324	0	0	0	0	324	324
Malay	Akkadian	33	19	<http://www.wikidata.org/entity/Q9237>	<http://www.wikidata.org/entity/Q35518>	5311	668	0	1	0	94	762	762
Malay	Albanian	33	28	<http://www.wikidata.org/entity/Q9237>	<http://www.wikidata.org/entity/Q8748>	5311	218	0	1	0	1	219	219
Malay	Arabic	33	20	<http://www.wikidata.org/entity/Q9237>	<http://www.wikidata.org/entity/Q13955>	5311	511	4	8	0	30	543	543
Malay	Aragonese	33	6	<http://www.wikidata.org/entity/Q9237>	<http://www.wikidata.org/entity/Q8765>	5311	50	0	0	0	3	53	53
Malay	Bangla	33	21	<http://www.wikidata.org/entity/Q9237>	<http://www.wikidata.org/entity/Q9610>	5311	598	1	7	0	71	670	670
Malay	Banjar	33	46	<http://www.wikidata.org/entity/Q9237>	<http://www.wikidata.org/entity/Q33151>	5311	80	22	22	0	0	88	88
Malay	Basque	33	9	<http://www.wikidata.org/entity/Q9237>	<http://www.wikidata.org/entity/Q8752>	5311	550	0	1	0	5	555	555
Malay	Bokmål	33	3	<http://www.wikidata.org/entity/Q9237>	<http://www.wikidata.org/entity/Q25167>	5311	1935	0	7	1	52	1985	1985
Malay	Breton	33	31	<http://www.wikidata.org/entity/Q9237>	<http://www.wikidata.org/entity/Q12107>	5311	883	0	2	0	39	922	922
Malay	Central Bikol	33	49	<http://www.wikidata.org/entity/Q9237>	<http://www.wikidata.org/entity/Q33284>	5311	23	0	1	0	0	23	23
Malay	Czech	33	11	<http://www.wikidata.org/entity/Q9237>	<http://www.wikidata.org/entity/Q9056>	5311	773	3	16	1	5	779	779
Malay	Dagbanli	33	22	<http://www.wikidata.org/entity/Q9237>	<http://www.wikidata.org/entity/Q32238>	5311	533	0	2	0	11	545	545
Malay	Danish	33	14	<http://www.wikidata.org/entity/Q9237>	<http://www.wikidata.org/entity/Q9035>	5311	1572	2	13	1	39	1613	1613
Malay	Dutch	33	41	<http://www.wikidata.org/entity/Q9237>	<http://www.wikidata.org/entity/Q7411>	5311	878	24	29	1	5	900	900
Malay	Egyptian	33	16	<http://www.wikidata.org/entity/Q9237>	<http://www.wikidata.org/entity/Q50868>	5311	32	0	0	0	3	35	35
Malay	English	33	2	<http://www.wikidata.org/entity/Q9237>	<http://www.wikidata.org/entity/Q1860>	5311	2659	100	125	1	206	2890	2890
Malay	Estonian	33	34	<http://www.wikidata.org/entity/Q9237>	<http://www.wikidata.org/entity/Q9072>	5311	1008	0	0	0	41	1049	1049
Malay	Finnish	33	42	<http://www.wikidata.org/entity/Q9237>	<http://www.wikidata.org/entity/Q1412>	5311	440	0	1	0	22	462	462
Malay	French	33	7	<http://www.wikidata.org/entity/Q9237>	<http://www.wikidata.org/entity/Q150>	5311	1955	12	32	1	105	2066	2066
Malay	Fula	33	26	<http://www.wikidata.org/entity/Q9237>	<http://www.wikidata.org/entity/Q33454>	5311	103	0	0	0	4	107	107
Malay	German	33	13	<http://www.wikidata.org/entity/Q9237>	<http://www.wikidata.org/entity/Q188>	5311	1944	8	32	1	109	2055	2055
Malay	Hausa	33	48	<http://www.wikidata.org/entity/Q9237>	<http://www.wikidata.org/entity/Q56475>	5311	392	0	0	0	59	451	451
Malay	Hebrew	33	29	<http://www.wikidata.org/entity/Q9237>	<http://www.wikidata.org/entity/Q9288>	5311	1279	0	1	0	28	1307	1307
Malay	Hindustani	33	37	<http://www.wikidata.org/entity/Q9237>	<http://www.wikidata.org/entity/Q11051>	5311	575	1	6	0	40	616	616
Malay	Igbo	33	32	<http://www.wikidata.org/entity/Q9237>	<http://www.wikidata.org/entity/Q33578>	5311	685	0	1	0	48	733	733
Malay	Italian	33	10	<http://www.wikidata.org/entity/Q9237>	<http://www.wikidata.org/entity/Q652>	5311	2042	4	17	1	33	2080	2080
Malay	Japanese	33	5	<http://www.wikidata.org/entity/Q9237>	<http://www.wikidata.org/entity/Q5287>	5311	1552	7	21	0	122	1673	1673
Malay	Klingon	33	43	<http://www.wikidata.org/entity/Q9237>	<http://www.wikidata.org/entity/Q10134>	5311	567	1	5	0	46	615	615
Malay	Korean	33	50	<http://www.wikidata.org/entity/Q9237>	<http://www.wikidata.org/entity/Q9176>	5311	281	0	0	0	32	313	313
Malay	Latin	33	39	<http://www.wikidata.org/entity/Q9237>	<http://www.wikidata.org/entity/Q397>	5311	537	2	9	0	11	550	550
Malay	Malayalam	33	23	<http://www.wikidata.org/entity/Q9237>	<http://www.wikidata.org/entity/Q36236>	5311	1190	3	17	0	21	1212	1212
Malay	Mon	33	30	<http://www.wikidata.org/entity/Q9237>	<http://www.wikidata.org/entity/Q13349>	5311	10	0	0	0	0	10	10
Malay	New Persian	33	24	<http://www.wikidata.org/entity/Q9237>	<http://www.wikidata.org/entity/Q56356571>	5311	1131	5	7	0	51	1186	1186
Malay	Northern Sami	33	25	<http://www.wikidata.org/entity/Q9237>	<http://www.wikidata.org/entity/Q33947>	5311	24	1	2	0	1	25	25
Malay	Nynorsk	33	8	<http://www.wikidata.org/entity/Q9237>	<http://www.wikidata.org/entity/Q25164>	5311	1390	1	4	1	37	1426	1426
Malay	Persian	33	15	<http://www.wikidata.org/entity/Q9237>	<http://www.wikidata.org/entity/Q9168>	5311	74	0	0	0	16	90	90
Malay	Polish	33	36	<http://www.wikidata.org/entity/Q9237>	<http://www.wikidata.org/entity/Q809>	5311	368	1	5	0	0	368	368
Malay	Portuguese	33	1	<http://www.wikidata.org/entity/Q9237>	<http://www.wikidata.org/entity/Q5146>	5311	1053	4	15	1	51	1103	1103
Malay	Punjabi	33	27	<http://www.wikidata.org/entity/Q9237>	<http://www.wikidata.org/entity/Q58635>	5311	916	2	3	0	72	990	990
Malay	Quechua	33	44	<http://www.wikidata.org/entity/Q9237>	<http://www.wikidata.org/entity/Q5218>	5311	11	0	2	0	0	11	11
Malay	Russian	33	17	<http://www.wikidata.org/entity/Q9237>	<http://www.wikidata.org/entity/Q7737>	5311	1569	2	16	0	27	1598	1598
Malay	Sanskrit	33	47	<http://www.wikidata.org/entity/Q9237>	<http://www.wikidata.org/entity/Q11059>	5311	292	2	3	0	29	322	322
Malay	Southern Min	33	45	<http://www.wikidata.org/entity/Q9237>	<http://www.wikidata.org/entity/Q36495>	5311	383	8	17	0	18	404	404
Malay	Spanish	33	12	<http://www.wikidata.org/entity/Q9237>	<http://www.wikidata.org/entity/Q1321>	5311	969	9	34	1	22	995	995
Malay	Standard Chinese	33	35	<http://www.wikidata.org/entity/Q9237>	<http://www.wikidata.org/entity/Q727694>	5311	523	9	21	0	50	577	577
Malay	Sumerian	33	18	<http://www.wikidata.org/entity/Q9237>	<http://www.wikidata.org/entity/Q36790>	5311	674	1	2	0	108	782	782
Malay	Swedish	33	4	<http://www.wikidata.org/entity/Q9237>	<http://www.wikidata.org/entity/Q9027>	5311	1875	1	5	1	78	1953	1953
Malay	Turkish	33	40	<http://www.wikidata.org/entity/Q9237>	<http://www.wikidata.org/entity/Q256>	5311	584	2	7	0	68	654	654
Malay	Ugaritic	33	38	<http://www.wikidata.org/entity/Q9237>	<http://www.wikidata.org/entity/Q36928>	5311	382	0	0	0	0	382	382
Malayalam	Akkadian	23	19	<http://www.wikidata.org/entity/Q36236>	<http://www.wikidata.org/entity/Q35518>	12554	816	0	3	0	24	840	840
Malayalam	Albanian	23	28	<http://www.wikidata.org/entity/Q36236>	<http://www.wikidata.org/entity/Q8748>	12554	237	0	0	0	3	240	240
Malayalam	Arabic	23	20	<http://www.wikidata.org/entity/Q36236>	<http://www.wikidata.org/entity/Q13955>	12554	494	1	11	0	3	499	499
Malayalam	Aragonese	23	6	<http://www.wikidata.org/entity/Q36236>	<http://www.wikidata.org/entity/Q8765>	12554	50	0	3	0	2	52	52
Malayalam	Bangla	23	21	<http://www.wikidata.org/entity/Q36236>	<http://www.wikidata.org/entity/Q9610>	12554	913	5	24	0	20	938	938
Malayalam	Banjar	23	46	<http://www.wikidata.org/entity/Q36236>	<http://www.wikidata.org/entity/Q33151>	12554	96	8	15	0	0	101	101
Malayalam	Basque	23	9	<http://www.wikidata.org/entity/Q36236>	<http://www.wikidata.org/entity/Q8752>	12554	772	0	1	0	0	772	772
Malayalam	Bokmål	23	3	<http://www.wikidata.org/entity/Q36236>	<http://www.wikidata.org/entity/Q25167>	12554	2829	2	10	0	16	2845	2845
Malayalam	Breton	23	31	<http://www.wikidata.org/entity/Q36236>	<http://www.wikidata.org/entity/Q12107>	12554	1127	0	2	0	16	1143	1143
Malayalam	Central Bikol	23	49	<http://www.wikidata.org/entity/Q36236>	<http://www.wikidata.org/entity/Q33284>	12554	33	0	0	0	0	33	33
Malayalam	Czech	23	11	<http://www.wikidata.org/entity/Q36236>	<http://www.wikidata.org/entity/Q9056>	12554	1186	6	55	0	2	1192	1192
Malayalam	Dagbanli	23	22	<http://www.wikidata.org/entity/Q36236>	<http://www.wikidata.org/entity/Q32238>	12554	705	3	3	0	4	709	709
Malayalam	Danish	23	14	<http://www.wikidata.org/entity/Q36236>	<http://www.wikidata.org/entity/Q9035>	12554	2114	5	20	0	14	2129	2129
Malayalam	Dutch	23	41	<http://www.wikidata.org/entity/Q36236>	<http://www.wikidata.org/entity/Q7411>	12554	589	0	12	0	1	591	591
Malayalam	Egyptian	23	16	<http://www.wikidata.org/entity/Q36236>	<http://www.wikidata.org/entity/Q50868>	12554	52	0	0	0	2	54	54
Malayalam	English	23	2	<http://www.wikidata.org/entity/Q36236>	<http://www.wikidata.org/entity/Q1860>	12554	3886	760	774	0	36	4027	4027
Malayalam	Estonian	23	34	<http://www.wikidata.org/entity/Q36236>	<http://www.wikidata.org/entity/Q9072>	12554	1118	0	1	0	8	1126	1126
Malayalam	Finnish	23	42	<http://www.wikidata.org/entity/Q36236>	<http://www.wikidata.org/entity/Q1412>	12554	493	1	10	0	8	504	504
Malayalam	French	23	7	<http://www.wikidata.org/entity/Q36236>	<http://www.wikidata.org/entity/Q150>	12554	2990	246	284	0	25	3022	3022
Malayalam	Fula	23	26	<http://www.wikidata.org/entity/Q36236>	<http://www.wikidata.org/entity/Q33454>	12554	132	0	0	0	1	133	133
Malayalam	German	23	13	<http://www.wikidata.org/entity/Q36236>	<http://www.wikidata.org/entity/Q188>	12554	2733	13	69	0	26	2764	2764
Malayalam	Hausa	23	48	<http://www.wikidata.org/entity/Q36236>	<http://www.wikidata.org/entity/Q56475>	12554	426	0	0	0	13	439	439
Malayalam	Hebrew	23	29	<http://www.wikidata.org/entity/Q36236>	<http://www.wikidata.org/entity/Q9288>	12554	1771	5	14	0	10	1783	1783
Malayalam	Hindustani	23	37	<http://www.wikidata.org/entity/Q36236>	<http://www.wikidata.org/entity/Q11051>	12554	819	152	156	0	10	870	870
Malayalam	Igbo	23	32	<http://www.wikidata.org/entity/Q36236>	<http://www.wikidata.org/entity/Q33578>	12554	853	0	2	0	9	862	862
Malayalam	Italian	23	10	<http://www.wikidata.org/entity/Q36236>	<http://www.wikidata.org/entity/Q652>	12554	3094	35	63	0	9	3112	3112
Malayalam	Japanese	23	5	<http://www.wikidata.org/entity/Q36236>	<http://www.wikidata.org/entity/Q5287>	12554	1890	8	38	0	27	1926	1926
Malayalam	Klingon	23	43	<http://www.wikidata.org/entity/Q36236>	<http://www.wikidata.org/entity/Q10134>	12554	641	1	2	0	10	651	651
Malayalam	Korean	23	50	<http://www.wikidata.org/entity/Q36236>	<http://www.wikidata.org/entity/Q9176>	12554	403	0	0	0	4	407	407
Malayalam	Latin	23	39	<http://www.wikidata.org/entity/Q36236>	<http://www.wikidata.org/entity/Q397>	12554	766	0	9	0	6	773	773
Malayalam	Malay	23	33	<http://www.wikidata.org/entity/Q36236>	<http://www.wikidata.org/entity/Q9237>	12554	1280	3	26	0	20	1301	1301
Malayalam	Mon	23	30	<http://www.wikidata.org/entity/Q36236>	<http://www.wikidata.org/entity/Q13349>	12554	20	0	0	0	0	20	20
Malayalam	New Persian	23	24	<http://www.wikidata.org/entity/Q36236>	<http://www.wikidata.org/entity/Q56356571>	12554	1350	1	5	0	11	1361	1361
Malayalam	Northern Sami	23	25	<http://www.wikidata.org/entity/Q36236>	<http://www.wikidata.org/entity/Q33947>	12554	31	0	1	0	1	32	32
Malayalam	Nynorsk	23	8	<http://www.wikidata.org/entity/Q36236>	<http://www.wikidata.org/entity/Q25164>	12554	1998	2	10	0	11	2009	2009
Malayalam	Persian	23	15	<http://www.wikidata.org/entity/Q36236>	<http://www.wikidata.org/entity/Q9168>	12554	189	0	0	0	6	195	195
Malayalam	Polish	23	36	<http://www.wikidata.org/entity/Q36236>	<http://www.wikidata.org/entity/Q809>	12554	533	1	14	0	0	535	535
Malayalam	Portuguese	23	1	<http://www.wikidata.org/entity/Q36236>	<http://www.wikidata.org/entity/Q5146>	12554	1101	2	27	0	13	1117	1117
Malayalam	Punjabi	23	27	<http://www.wikidata.org/entity/Q36236>	<http://www.wikidata.org/entity/Q58635>	12554	1072	0	16	0	18	1091	1091
Malayalam	Quechua	23	44	<http://www.wikidata.org/entity/Q36236>	<http://www.wikidata.org/entity/Q5218>	12554	24	0	5	0	0	26	26
Malayalam	Russian	23	17	<http://www.wikidata.org/entity/Q36236>	<http://www.wikidata.org/entity/Q7737>	12554	2089	13	35	0	4	2096	2096
Malayalam	Sanskrit	23	47	<http://www.wikidata.org/entity/Q36236>	<http://www.wikidata.org/entity/Q11059>	12554	369	27	28	0	12	392	392
Malayalam	Southern Min	23	45	<http://www.wikidata.org/entity/Q36236>	<http://www.wikidata.org/entity/Q36495>	12554	560	1	38	0	3	565	565
Malayalam	Spanish	23	12	<http://www.wikidata.org/entity/Q36236>	<http://www.wikidata.org/entity/Q1321>	12554	1620	33	67	0	13	1637	1637
Malayalam	Standard Chinese	23	35	<http://www.wikidata.org/entity/Q36236>	<http://www.wikidata.org/entity/Q727694>	12554	637	4	41	0	12	654	654
Malayalam	Sumerian	23	18	<http://www.wikidata.org/entity/Q36236>	<http://www.wikidata.org/entity/Q36790>	12554	854	3	3	0	28	881	881
Malayalam	Swedish	23	4	<http://www.wikidata.org/entity/Q36236>	<http://www.wikidata.org/entity/Q9027>	12554	2678	2	9	0	25	2702	2702
Malayalam	Turkish	23	40	<http://www.wikidata.org/entity/Q36236>	<http://www.wikidata.org/entity/Q256>	12554	570	0	11	0	22	594	594
Malayalam	Ugaritic	23	38	<http://www.wikidata.org/entity/Q36236>	<http://www.wikidata.org/entity/Q36928>	12554	430	0	0	0	0	430	430
Mon	Akkadian	30	19	<http://www.wikidata.org/entity/Q13349>	<http://www.wikidata.org/entity/Q35518>	6804	7	0	0	0	0	7	7
Mon	Albanian	30	28	<http://www.wikidata.org/entity/Q13349>	<http://www.wikidata.org/entity/Q8748>	6804	4	0	0	0	0	4	4
Mon	Arabic	30	20	<http://www.wikidata.org/entity/Q13349>	<http://www.wikidata.org/entity/Q13955>	6804	10	0	0	0	0	10	10
Mon	Aragonese	30	6	<http://www.wikidata.org/entity/Q13349>	<http://www.wikidata.org/entity/Q8765>	6804	3	0	0	0	0	3	3
Mon	Bangla	30	21	<http://www.wikidata.org/entity/Q13349>	<http://www.wikidata.org/entity/Q9610>	6804	5	0	0	0	0	5	5
Mon	Banjar	30	46	<http://www.wikidata.org/entity/Q13349>	<http://www.wikidata.org/entity/Q33151>	6804	2	0	0	0	0	2	2
Mon	Basque	30	9	<http://www.wikidata.org/entity/Q13349>	<http://www.wikidata.org/entity/Q8752>	6804	5	0	0	0	0	5	5
Mon	Bokmål	30	3	<http://www.wikidata.org/entity/Q13349>	<http://www.wikidata.org/entity/Q25167>	6804	12	0	0	0	0	12	12
Mon	Breton	30	31	<http://www.wikidata.org/entity/Q13349>	<http://www.wikidata.org/entity/Q12107>	6804	8	0	0	0	0	8	8
Mon	Central Bikol	30	49	<http://www.wikidata.org/entity/Q13349>	<http://www.wikidata.org/entity/Q33284>	6804	2	0	0	0	0	2	2
Mon	Czech	30	11	<http://www.wikidata.org/entity/Q13349>	<http://www.wikidata.org/entity/Q9056>	6804	7	0	0	0	0	7	7
Mon	Dagbanli	30	22	<http://www.wikidata.org/entity/Q13349>	<http://www.wikidata.org/entity/Q32238>	6804	6	0	0	0	0	6	6
Mon	Danish	30	14	<http://www.wikidata.org/entity/Q13349>	<http://www.wikidata.org/entity/Q9035>	6804	9	0	0	0	0	9	9
Mon	Dutch	30	41	<http://www.wikidata.org/entity/Q13349>	<http://www.wikidata.org/entity/Q7411>	6804	6	0	0	0	0	6	6
Mon	Egyptian	30	16	<http://www.wikidata.org/entity/Q13349>	<http://www.wikidata.org/entity/Q50868>	6804	2	0	0	0	0	2	2
Mon	English	30	2	<http://www.wikidata.org/entity/Q13349>	<http://www.wikidata.org/entity/Q1860>	6804	14	0	0	0	0	14	14
Mon	Estonian	30	34	<http://www.wikidata.org/entity/Q13349>	<http://www.wikidata.org/entity/Q9072>	6804	11	0	0	0	0	11	11
Mon	Finnish	30	42	<http://www.wikidata.org/entity/Q13349>	<http://www.wikidata.org/entity/Q1412>	6804	7	0	0	0	0	7	7
Mon	French	30	7	<http://www.wikidata.org/entity/Q13349>	<http://www.wikidata.org/entity/Q150>	6804	12	0	0	0	0	12	12
Mon	Fula	30	26	<http://www.wikidata.org/entity/Q13349>	<http://www.wikidata.org/entity/Q33454>	6804	3	0	0	0	0	3	3
Mon	German	30	13	<http://www.wikidata.org/entity/Q13349>	<http://www.wikidata.org/entity/Q188>	6804	10	0	0	0	0	10	10
Mon	Hausa	30	48	<http://www.wikidata.org/entity/Q13349>	<http://www.wikidata.org/entity/Q56475>	6804	4	0	0	0	0	4	4
Mon	Hebrew	30	29	<http://www.wikidata.org/entity/Q13349>	<http://www.wikidata.org/entity/Q9288>	6804	7	0	0	0	0	7	7
Mon	Hindustani	30	37	<http://www.wikidata.org/entity/Q13349>	<http://www.wikidata.org/entity/Q11051>	6804	7	0	0	0	0	7	7
Mon	Igbo	30	32	<http://www.wikidata.org/entity/Q13349>	<http://www.wikidata.org/entity/Q33578>	6804	9	0	0	0	0	9	9
Mon	Italian	30	10	<http://www.wikidata.org/entity/Q13349>	<http://www.wikidata.org/entity/Q652>	6804	11	0	0	0	0	11	11
Mon	Japanese	30	5	<http://www.wikidata.org/entity/Q13349>	<http://www.wikidata.org/entity/Q5287>	6804	12	0	0	0	0	12	12
Mon	Klingon	30	43	<http://www.wikidata.org/entity/Q13349>	<http://www.wikidata.org/entity/Q10134>	6804	7	0	0	0	0	7	7
Mon	Korean	30	50	<http://www.wikidata.org/entity/Q13349>	<http://www.wikidata.org/entity/Q9176>	6804	4	0	0	0	0	4	4
Mon	Latin	30	39	<http://www.wikidata.org/entity/Q13349>	<http://www.wikidata.org/entity/Q397>	6804	7	0	0	0	0	7	7
Mon	Malay	30	33	<http://www.wikidata.org/entity/Q13349>	<http://www.wikidata.org/entity/Q9237>	6804	7	0	0	0	0	7	7
Mon	Malayalam	30	23	<http://www.wikidata.org/entity/Q13349>	<http://www.wikidata.org/entity/Q36236>	6804	10	0	0	0	0	10	10
Mon	New Persian	30	24	<http://www.wikidata.org/entity/Q13349>	<http://www.wikidata.org/entity/Q56356571>	6804	10	0	0	0	0	10	10
Mon	Northern Sami	30	25	<http://www.wikidata.org/entity/Q13349>	<http://www.wikidata.org/entity/Q33947>	6804	3	0	0	0	0	3	3
Mon	Nynorsk	30	8	<http://www.wikidata.org/entity/Q13349>	<http://www.wikidata.org/entity/Q25164>	6804	10	0	0	0	0	10	10
Mon	Persian	30	15	<http://www.wikidata.org/entity/Q13349>	<http://www.wikidata.org/entity/Q9168>	6804	0	0	0	0	0	0	0
Mon	Polish	30	36	<http://www.wikidata.org/entity/Q13349>	<http://www.wikidata.org/entity/Q809>	6804	3	0	0	0	0	3	3
Mon	Portuguese	30	1	<http://www.wikidata.org/entity/Q13349>	<http://www.wikidata.org/entity/Q5146>	6804	9	0	0	0	0	9	9
Mon	Punjabi	30	27	<http://www.wikidata.org/entity/Q13349>	<http://www.wikidata.org/entity/Q58635>	6804	9	0	0	0	0	9	9
Mon	Quechua	30	44	<http://www.wikidata.org/entity/Q13349>	<http://www.wikidata.org/entity/Q5218>	6804	2	0	0	0	0	2	2
Mon	Russian	30	17	<http://www.wikidata.org/entity/Q13349>	<http://www.wikidata.org/entity/Q7737>	6804	12	0	0	0	0	12	12
Mon	Sanskrit	30	47	<http://www.wikidata.org/entity/Q13349>	<http://www.wikidata.org/entity/Q11059>	6804	5	0	0	0	0	5	5
Mon	Southern Min	30	45	<http://www.wikidata.org/entity/Q13349>	<http://www.wikidata.org/entity/Q36495>	6804	6	0	0	0	0	6	6
Mon	Spanish	30	12	<http://www.wikidata.org/entity/Q13349>	<http://www.wikidata.org/entity/Q1321>	6804	9	0	0	0	0	9	9
Mon	Standard Chinese	30	35	<http://www.wikidata.org/entity/Q13349>	<http://www.wikidata.org/entity/Q727694>	6804	8	0	0	0	0	8	8
Mon	Sumerian	30	18	<http://www.wikidata.org/entity/Q13349>	<http://www.wikidata.org/entity/Q36790>	6804	5	0	0	0	0	5	5
Mon	Swedish	30	4	<http://www.wikidata.org/entity/Q13349>	<http://www.wikidata.org/entity/Q9027>	6804	11	0	0	0	0	11	11
Mon	Turkish	30	40	<http://www.wikidata.org/entity/Q13349>	<http://www.wikidata.org/entity/Q256>	6804	7	0	0	0	0	7	7
Mon	Ugaritic	30	38	<http://www.wikidata.org/entity/Q13349>	<http://www.wikidata.org/entity/Q36928>	6804	4	0	0	0	0	4	4
New Persian	Akkadian	24	19	<http://www.wikidata.org/entity/Q56356571>	<http://www.wikidata.org/entity/Q35518>	11610	1053	0	0	0	65	1118	1118
New Persian	Albanian	24	28	<http://www.wikidata.org/entity/Q56356571>	<http://www.wikidata.org/entity/Q8748>	11610	312	1	1	1	0	313	313
New Persian	Arabic	24	20	<http://www.wikidata.org/entity/Q56356571>	<http://www.wikidata.org/entity/Q13955>	11610	864	29	29	0	13	900	900
New Persian	Aragonese	24	6	<http://www.wikidata.org/entity/Q56356571>	<http://www.wikidata.org/entity/Q8765>	11610	80	0	0	0	3	83	83
New Persian	Bangla	24	21	<http://www.wikidata.org/entity/Q56356571>	<http://www.wikidata.org/entity/Q9610>	11610	902	6	10	2	47	956	956
New Persian	Banjar	24	46	<http://www.wikidata.org/entity/Q56356571>	<http://www.wikidata.org/entity/Q33151>	11610	105	0	0	0	0	105	105
New Persian	Basque	24	9	<http://www.wikidata.org/entity/Q56356571>	<http://www.wikidata.org/entity/Q8752>	11610	743	0	2	0	4	747	747
New Persian	Bokmål	24	3	<http://www.wikidata.org/entity/Q56356571>	<http://www.wikidata.org/entity/Q25167>	11610	2804	2	5	10	50	2864	2864
New Persian	Breton	24	31	<http://www.wikidata.org/entity/Q56356571>	<http://www.wikidata.org/entity/Q12107>	11610	1339	0	0	0	36	1375	1375
New Persian	Central Bikol	24	49	<http://www.wikidata.org/entity/Q56356571>	<http://www.wikidata.org/entity/Q33284>	11610	43	0	0	0	0	43	43
New Persian	Czech	24	11	<http://www.wikidata.org/entity/Q56356571>	<http://www.wikidata.org/entity/Q9056>	11610	1204	5	8	5	5	1211	1211
New Persian	Dagbanli	24	22	<http://www.wikidata.org/entity/Q56356571>	<http://www.wikidata.org/entity/Q32238>	11610	793	0	0	0	8	801	801
New Persian	Danish	24	14	<http://www.wikidata.org/entity/Q56356571>	<http://www.wikidata.org/entity/Q9035>	11610	2193	0	5	7	26	2225	2225
New Persian	Dutch	24	41	<http://www.wikidata.org/entity/Q56356571>	<http://www.wikidata.org/entity/Q7411>	11610	754	0	0	7	3	762	762
New Persian	Egyptian	24	16	<http://www.wikidata.org/entity/Q56356571>	<http://www.wikidata.org/entity/Q50868>	11610	64	0	0	0	4	68	68
New Persian	English	24	2	<http://www.wikidata.org/entity/Q56356571>	<http://www.wikidata.org/entity/Q1860>	11610	3515	62	67	5	99	3665	3665
New Persian	Estonian	24	34	<http://www.wikidata.org/entity/Q56356571>	<http://www.wikidata.org/entity/Q9072>	11610	1403	0	2	1	24	1428	1428
New Persian	Finnish	24	42	<http://www.wikidata.org/entity/Q56356571>	<http://www.wikidata.org/entity/Q1412>	11610	626	1	1	0	22	648	648
New Persian	French	24	7	<http://www.wikidata.org/entity/Q56356571>	<http://www.wikidata.org/entity/Q150>	11610	2760	4	9	8	68	2837	2837
New Persian	Fula	24	26	<http://www.wikidata.org/entity/Q56356571>	<http://www.wikidata.org/entity/Q33454>	11610	160	0	0	0	2	162	162
New Persian	German	24	13	<http://www.wikidata.org/entity/Q56356571>	<http://www.wikidata.org/entity/Q188>	11610	2705	3	9	8	66	2777	2777
New Persian	Hausa	24	48	<http://www.wikidata.org/entity/Q56356571>	<http://www.wikidata.org/entity/Q56475>	11610	599	0	0	1	38	637	637
New Persian	Hebrew	24	29	<http://www.wikidata.org/entity/Q56356571>	<http://www.wikidata.org/entity/Q9288>	11610	1862	1	7	1	22	1888	1888
New Persian	Hindustani	24	37	<http://www.wikidata.org/entity/Q56356571>	<http://www.wikidata.org/entity/Q11051>	11610	937	33	38	0	32	997	997
New Persian	Igbo	24	32	<http://www.wikidata.org/entity/Q56356571>	<http://www.wikidata.org/entity/Q33578>	11610	986	0	2	0	30	1016	1016
New Persian	Italian	24	10	<http://www.wikidata.org/entity/Q56356571>	<http://www.wikidata.org/entity/Q652>	11610	2882	0	5	7	28	2918	2918
New Persian	Japanese	24	5	<http://www.wikidata.org/entity/Q56356571>	<http://www.wikidata.org/entity/Q5287>	11610	2103	2	4	2	58	2162	2162
New Persian	Klingon	24	43	<http://www.wikidata.org/entity/Q56356571>	<http://www.wikidata.org/entity/Q10134>	11610	815	0	2	0	27	844	844
New Persian	Korean	24	50	<http://www.wikidata.org/entity/Q56356571>	<http://www.wikidata.org/entity/Q9176>	11610	455	0	0	0	30	485	485
New Persian	Latin	24	39	<http://www.wikidata.org/entity/Q56356571>	<http://www.wikidata.org/entity/Q397>	11610	828	0	3	0	12	841	841
New Persian	Malay	24	33	<http://www.wikidata.org/entity/Q56356571>	<http://www.wikidata.org/entity/Q9237>	11610	1640	5	8	0	57	1701	1701
New Persian	Malayalam	24	23	<http://www.wikidata.org/entity/Q56356571>	<http://www.wikidata.org/entity/Q36236>	11610	1771	2	6	0	13	1784	1784
New Persian	Mon	24	30	<http://www.wikidata.org/entity/Q56356571>	<http://www.wikidata.org/entity/Q13349>	11610	23	0	0	0	0	23	23
New Persian	Northern Sami	24	25	<http://www.wikidata.org/entity/Q56356571>	<http://www.wikidata.org/entity/Q33947>	11610	45	0	0	0	2	47	47
New Persian	Nynorsk	24	8	<http://www.wikidata.org/entity/Q56356571>	<http://www.wikidata.org/entity/Q25164>	11610	2039	1	3	6	27	2071	2071
New Persian	Persian	24	15	<http://www.wikidata.org/entity/Q56356571>	<http://www.wikidata.org/entity/Q9168>	11610	67	0	0	0	4	71	71
New Persian	Polish	24	36	<http://www.wikidata.org/entity/Q56356571>	<http://www.wikidata.org/entity/Q809>	11610	590	3	6	0	0	590	590
New Persian	Portuguese	24	1	<http://www.wikidata.org/entity/Q56356571>	<http://www.wikidata.org/entity/Q5146>	11610	1347	0	2	5	31	1383	1383
New Persian	Punjabi	24	27	<http://www.wikidata.org/entity/Q56356571>	<http://www.wikidata.org/entity/Q58635>	11610	1511	96	97	3	54	1649	1649
New Persian	Quechua	24	44	<http://www.wikidata.org/entity/Q56356571>	<http://www.wikidata.org/entity/Q5218>	11610	38	0	0	0	0	38	38
New Persian	Russian	24	17	<http://www.wikidata.org/entity/Q56356571>	<http://www.wikidata.org/entity/Q7737>	11610	2380	32	35	2	16	2396	2396
New Persian	Sanskrit	24	47	<http://www.wikidata.org/entity/Q56356571>	<http://www.wikidata.org/entity/Q11059>	11610	519	1	1	0	24	544	544
New Persian	Southern Min	24	45	<http://www.wikidata.org/entity/Q56356571>	<http://www.wikidata.org/entity/Q36495>	11610	624	1	1	0	11	635	635
New Persian	Spanish	24	12	<http://www.wikidata.org/entity/Q56356571>	<http://www.wikidata.org/entity/Q1321>	11610	1490	2	4	9	18	1514	1514
New Persian	Standard Chinese	24	35	<http://www.wikidata.org/entity/Q56356571>	<http://www.wikidata.org/entity/Q727694>	11610	808	0	5	0	30	838	838
New Persian	Sumerian	24	18	<http://www.wikidata.org/entity/Q56356571>	<http://www.wikidata.org/entity/Q36790>	11610	1078	0	0	0	70	1148	1148
New Persian	Swedish	24	4	<http://www.wikidata.org/entity/Q56356571>	<http://www.wikidata.org/entity/Q9027>	11610	2593	0	4	9	50	2651	2651
New Persian	Turkish	24	40	<http://www.wikidata.org/entity/Q56356571>	<http://www.wikidata.org/entity/Q256>	11610	941	18	20	0	55	1009	1009
New Persian	Ugaritic	24	38	<http://www.wikidata.org/entity/Q56356571>	<http://www.wikidata.org/entity/Q36928>	11610	652	0	0	0	0	652	652
Northern Sami	Akkadian	25	19	<http://www.wikidata.org/entity/Q33947>	<http://www.wikidata.org/entity/Q35518>	10045	13	0	0	0	1	14	14
Northern Sami	Albanian	25	28	<http://www.wikidata.org/entity/Q33947>	<http://www.wikidata.org/entity/Q8748>	10045	6	0	1	0	0	6	6
Northern Sami	Arabic	25	20	<http://www.wikidata.org/entity/Q33947>	<http://www.wikidata.org/entity/Q13955>	10045	12	0	0	0	0	12	12
Northern Sami	Aragonese	25	6	<http://www.wikidata.org/entity/Q33947>	<http://www.wikidata.org/entity/Q8765>	10045	5	0	0	0	1	6	6
Northern Sami	Bangla	25	21	<http://www.wikidata.org/entity/Q33947>	<http://www.wikidata.org/entity/Q9610>	10045	14	0	0	0	1	15	15
Northern Sami	Banjar	25	46	<http://www.wikidata.org/entity/Q33947>	<http://www.wikidata.org/entity/Q33151>	10045	3	0	0	0	0	3	3
Northern Sami	Basque	25	9	<http://www.wikidata.org/entity/Q33947>	<http://www.wikidata.org/entity/Q8752>	10045	9	0	0	0	0	9	9
Northern Sami	Bokmål	25	3	<http://www.wikidata.org/entity/Q33947>	<http://www.wikidata.org/entity/Q25167>	10045	24	1	2	0	1	25	25
Northern Sami	Breton	25	31	<http://www.wikidata.org/entity/Q33947>	<http://www.wikidata.org/entity/Q12107>	10045	15	0	1	0	1	16	16
Northern Sami	Central Bikol	25	49	<http://www.wikidata.org/entity/Q33947>	<http://www.wikidata.org/entity/Q33284>	10045	2	0	0	0	0	2	2
Northern Sami	Czech	25	11	<http://www.wikidata.org/entity/Q33947>	<http://www.wikidata.org/entity/Q9056>	10045	15	0	2	0	0	15	15
Northern Sami	Dagbanli	25	22	<http://www.wikidata.org/entity/Q33947>	<http://www.wikidata.org/entity/Q32238>	10045	11	0	0	0	1	12	12
Northern Sami	Danish	25	14	<http://www.wikidata.org/entity/Q33947>	<http://www.wikidata.org/entity/Q9035>	10045	18	1	2	0	1	19	19
Northern Sami	Dutch	25	41	<http://www.wikidata.org/entity/Q33947>	<http://www.wikidata.org/entity/Q7411>	10045	9	0	1	0	0	9	9
Northern Sami	Egyptian	25	16	<http://www.wikidata.org/entity/Q33947>	<http://www.wikidata.org/entity/Q50868>	10045	2	0	0	0	0	2	2
Northern Sami	English	25	2	<http://www.wikidata.org/entity/Q33947>	<http://www.wikidata.org/entity/Q1860>	10045	20	0	2	0	1	21	21
Northern Sami	Estonian	25	34	<http://www.wikidata.org/entity/Q33947>	<http://www.wikidata.org/entity/Q9072>	10045	14	0	1	0	1	15	15
Northern Sami	Finnish	25	42	<http://www.wikidata.org/entity/Q33947>	<http://www.wikidata.org/entity/Q1412>	10045	11	2	2	0	1	12	12
Northern Sami	French	25	7	<http://www.wikidata.org/entity/Q33947>	<http://www.wikidata.org/entity/Q150>	10045	18	0	2	0	1	19	19
Northern Sami	Fula	25	26	<http://www.wikidata.org/entity/Q33947>	<http://www.wikidata.org/entity/Q33454>	10045	4	0	0	0	0	4	4
Northern Sami	German	25	13	<http://www.wikidata.org/entity/Q33947>	<http://www.wikidata.org/entity/Q188>	10045	18	1	2	0	1	19	19
Northern Sami	Hausa	25	48	<http://www.wikidata.org/entity/Q33947>	<http://www.wikidata.org/entity/Q56475>	10045	9	0	0	0	1	10	10
Northern Sami	Hebrew	25	29	<http://www.wikidata.org/entity/Q33947>	<http://www.wikidata.org/entity/Q9288>	10045	17	0	0	0	1	18	18
Northern Sami	Hindustani	25	37	<http://www.wikidata.org/entity/Q33947>	<http://www.wikidata.org/entity/Q11051>	10045	14	0	0	0	1	15	15
Northern Sami	Igbo	25	32	<http://www.wikidata.org/entity/Q33947>	<http://www.wikidata.org/entity/Q33578>	10045	10	0	0	0	1	11	11
Northern Sami	Italian	25	10	<http://www.wikidata.org/entity/Q33947>	<http://www.wikidata.org/entity/Q652>	10045	18	0	0	0	0	18	18
Northern Sami	Japanese	25	5	<http://www.wikidata.org/entity/Q33947>	<http://www.wikidata.org/entity/Q5287>	10045	19	0	0	0	1	20	20
Northern Sami	Klingon	25	43	<http://www.wikidata.org/entity/Q33947>	<http://www.wikidata.org/entity/Q10134>	10045	10	0	0	0	1	11	11
Northern Sami	Korean	25	50	<http://www.wikidata.org/entity/Q33947>	<http://www.wikidata.org/entity/Q9176>	10045	14	0	0	0	1	15	15
Northern Sami	Latin	25	39	<http://www.wikidata.org/entity/Q33947>	<http://www.wikidata.org/entity/Q397>	10045	11	0	0	0	1	12	12
Northern Sami	Malay	25	33	<http://www.wikidata.org/entity/Q33947>	<http://www.wikidata.org/entity/Q9237>	10045	18	1	2	0	1	19	19
Northern Sami	Malayalam	25	23	<http://www.wikidata.org/entity/Q33947>	<http://www.wikidata.org/entity/Q36236>	10045	19	0	1	0	1	20	20
Northern Sami	Mon	25	30	<http://www.wikidata.org/entity/Q33947>	<http://www.wikidata.org/entity/Q13349>	10045	3	0	0	0	0	3	3
Northern Sami	New Persian	25	24	<http://www.wikidata.org/entity/Q33947>	<http://www.wikidata.org/entity/Q56356571>	10045	17	0	0	0	1	18	18
Northern Sami	Nynorsk	25	8	<http://www.wikidata.org/entity/Q33947>	<http://www.wikidata.org/entity/Q25164>	10045	17	1	2	0	1	18	18
Northern Sami	Persian	25	15	<http://www.wikidata.org/entity/Q33947>	<http://www.wikidata.org/entity/Q9168>	10045	0	0	0	0	0	0	0
Northern Sami	Polish	25	36	<http://www.wikidata.org/entity/Q33947>	<http://www.wikidata.org/entity/Q809>	10045	14	0	2	0	0	14	14
Northern Sami	Portuguese	25	1	<http://www.wikidata.org/entity/Q33947>	<http://www.wikidata.org/entity/Q5146>	10045	15	0	1	0	1	16	16
Northern Sami	Punjabi	25	27	<http://www.wikidata.org/entity/Q33947>	<http://www.wikidata.org/entity/Q58635>	10045	16	0	0	0	1	17	17
Northern Sami	Quechua	25	44	<http://www.wikidata.org/entity/Q33947>	<http://www.wikidata.org/entity/Q5218>	10045	3	0	0	0	0	3	3
Northern Sami	Russian	25	17	<http://www.wikidata.org/entity/Q33947>	<http://www.wikidata.org/entity/Q7737>	10045	19	0	2	0	0	19	19
Northern Sami	Sanskrit	25	47	<http://www.wikidata.org/entity/Q33947>	<http://www.wikidata.org/entity/Q11059>	10045	11	0	0	0	1	12	12
Northern Sami	Southern Min	25	45	<http://www.wikidata.org/entity/Q33947>	<http://www.wikidata.org/entity/Q36495>	10045	9	0	0	0	1	10	10
Northern Sami	Spanish	25	12	<http://www.wikidata.org/entity/Q33947>	<http://www.wikidata.org/entity/Q1321>	10045	15	1	1	0	1	16	16
Northern Sami	Standard Chinese	25	35	<http://www.wikidata.org/entity/Q33947>	<http://www.wikidata.org/entity/Q727694>	10045	13	0	0	0	1	14	14
Northern Sami	Sumerian	25	18	<http://www.wikidata.org/entity/Q33947>	<http://www.wikidata.org/entity/Q36790>	10045	12	0	0	0	1	13	13
Northern Sami	Swedish	25	4	<http://www.wikidata.org/entity/Q33947>	<http://www.wikidata.org/entity/Q9027>	10045	23	0	3	0	1	24	24
Northern Sami	Turkish	25	40	<http://www.wikidata.org/entity/Q33947>	<http://www.wikidata.org/entity/Q256>	10045	11	0	0	0	1	12	12
Northern Sami	Ugaritic	25	38	<http://www.wikidata.org/entity/Q33947>	<http://www.wikidata.org/entity/Q36928>	10045	9	0	0	0	0	9	9
Nynorsk	Akkadian	8	19	<http://www.wikidata.org/entity/Q25164>	<http://www.wikidata.org/entity/Q35518>	32974	1291	0	2	0	65	1356	1356
Nynorsk	Albanian	8	28	<http://www.wikidata.org/entity/Q25164>	<http://www.wikidata.org/entity/Q8748>	32974	310	0	4	4	1	314	314
Nynorsk	Arabic	8	20	<http://www.wikidata.org/entity/Q25164>	<http://www.wikidata.org/entity/Q13955>	32974	594	0	4	0	15	609	609
Nynorsk	Aragonese	8	6	<http://www.wikidata.org/entity/Q25164>	<http://www.wikidata.org/entity/Q8765>	32974	73	0	0	0	2	75	75
Nynorsk	Bangla	8	21	<http://www.wikidata.org/entity/Q25164>	<http://www.wikidata.org/entity/Q9610>	32974	868	1	6	3	44	918	918
Nynorsk	Banjar	8	46	<http://www.wikidata.org/entity/Q25164>	<http://www.wikidata.org/entity/Q33151>	32974	137	0	2	0	0	137	137
Nynorsk	Basque	8	9	<http://www.wikidata.org/entity/Q25164>	<http://www.wikidata.org/entity/Q8752>	32974	1521	2	8	0	0	1524	1524
Nynorsk	Bokmål	8	3	<http://www.wikidata.org/entity/Q25164>	<http://www.wikidata.org/entity/Q25167>	32974	13827	32178	32181	355	191	32361	10000
Nynorsk	Breton	8	31	<http://www.wikidata.org/entity/Q25164>	<http://www.wikidata.org/entity/Q12107>	32974	1920	1	8	6	48	1971	1971
Nynorsk	Central Bikol	8	49	<http://www.wikidata.org/entity/Q25164>	<http://www.wikidata.org/entity/Q33284>	32974	38	0	0	0	0	38	38
Nynorsk	Czech	8	11	<http://www.wikidata.org/entity/Q25164>	<http://www.wikidata.org/entity/Q9056>	32974	1685	8	25	29	5	1705	1705
Nynorsk	Dagbanli	8	22	<http://www.wikidata.org/entity/Q25164>	<http://www.wikidata.org/entity/Q32238>	32974	991	1	4	0	11	1002	1002
Nynorsk	Danish	8	14	<http://www.wikidata.org/entity/Q25164>	<http://www.wikidata.org/entity/Q9035>	32974	4773	126	152	150	60	5043	5043
Nynorsk	Dutch	8	41	<http://www.wikidata.org/entity/Q25164>	<http://www.wikidata.org/entity/Q7411>	32974	912	0	8	150	10	1072	1072
Nynorsk	Egyptian	8	16	<http://www.wikidata.org/entity/Q25164>	<http://www.wikidata.org/entity/Q50868>	32974	45	0	0	0	0	45	45
Nynorsk	English	8	2	<http://www.wikidata.org/entity/Q25164>	<http://www.wikidata.org/entity/Q1860>	32974	7300	65	104	101	156	7529	7529
Nynorsk	Estonian	8	34	<http://www.wikidata.org/entity/Q25164>	<http://www.wikidata.org/entity/Q9072>	32974	1954	1	4	2	30	1987	1987
Nynorsk	Finnish	8	42	<http://www.wikidata.org/entity/Q25164>	<http://www.wikidata.org/entity/Q1412>	32974	715	4	13	3	15	733	733
Nynorsk	French	8	7	<http://www.wikidata.org/entity/Q25164>	<http://www.wikidata.org/entity/Q150>	32974	5492	26	51	175	83	5707	5707
Nynorsk	Fula	8	26	<http://www.wikidata.org/entity/Q25164>	<http://www.wikidata.org/entity/Q33454>	32974	131	0	0	0	2	133	133
Nynorsk	German	8	13	<http://www.wikidata.org/entity/Q25164>	<http://www.wikidata.org/entity/Q188>	32974	5345	29	64	120	109	5531	5531
Nynorsk	Hausa	8	48	<http://www.wikidata.org/entity/Q25164>	<http://www.wikidata.org/entity/Q56475>	32974	523	0	0	0	25	548	548
Nynorsk	Hebrew	8	29	<http://www.wikidata.org/entity/Q25164>	<http://www.wikidata.org/entity/Q9288>	32974	3217	1	5	2	26	3245	3245
Nynorsk	Hindustani	8	37	<http://www.wikidata.org/entity/Q25164>	<http://www.wikidata.org/entity/Q11051>	32974	801	1	2	3	27	829	829
Nynorsk	Igbo	8	32	<http://www.wikidata.org/entity/Q25164>	<http://www.wikidata.org/entity/Q33578>	32974	1202	0	0	0	49	1249	1249
Nynorsk	Italian	8	10	<http://www.wikidata.org/entity/Q25164>	<http://www.wikidata.org/entity/Q652>	32974	6228	8	25	155	30	6424	6424
Nynorsk	Japanese	8	5	<http://www.wikidata.org/entity/Q25164>	<http://www.wikidata.org/entity/Q5287>	32974	3749	0	12	7	75	3826	3826
Nynorsk	Klingon	8	43	<http://www.wikidata.org/entity/Q25164>	<http://www.wikidata.org/entity/Q10134>	32974	902	0	0	1	40	943	943
Nynorsk	Korean	8	50	<http://www.wikidata.org/entity/Q25164>	<http://www.wikidata.org/entity/Q9176>	32974	384	1	1	0	17	401	401
Nynorsk	Latin	8	39	<http://www.wikidata.org/entity/Q25164>	<http://www.wikidata.org/entity/Q397>	32974	1187	0	9	0	15	1205	1205
Nynorsk	Malay	8	33	<http://www.wikidata.org/entity/Q25164>	<http://www.wikidata.org/entity/Q9237>	32974	1728	2	8	2	63	1790	1790
Nynorsk	Malayalam	8	23	<http://www.wikidata.org/entity/Q25164>	<http://www.wikidata.org/entity/Q36236>	32974	2453	1	10	0	12	2465	2465
Nynorsk	Mon	8	30	<http://www.wikidata.org/entity/Q25164>	<http://www.wikidata.org/entity/Q13349>	32974	18	0	0	0	0	18	18
Nynorsk	New Persian	8	24	<http://www.wikidata.org/entity/Q25164>	<http://www.wikidata.org/entity/Q56356571>	32974	1937	2	3	7	28	1970	1970
Nynorsk	Northern Sami	8	25	<http://www.wikidata.org/entity/Q25164>	<http://www.wikidata.org/entity/Q33947>	32974	23	4	5	0	1	24	24
Nynorsk	Persian	8	15	<http://www.wikidata.org/entity/Q25164>	<http://www.wikidata.org/entity/Q9168>	32974	453	0	0	0	11	464	464
Nynorsk	Polish	8	36	<http://www.wikidata.org/entity/Q25164>	<http://www.wikidata.org/entity/Q809>	32974	638	3	15	0	0	641	641
Nynorsk	Portuguese	8	1	<http://www.wikidata.org/entity/Q25164>	<http://www.wikidata.org/entity/Q5146>	32974	1752	1	14	27	54	1826	1826
Nynorsk	Punjabi	8	27	<http://www.wikidata.org/entity/Q25164>	<http://www.wikidata.org/entity/Q58635>	32974	1528	0	0	8	51	1585	1585
Nynorsk	Quechua	8	44	<http://www.wikidata.org/entity/Q25164>	<http://www.wikidata.org/entity/Q5218>	32974	19	0	2	0	0	19	19
Nynorsk	Russian	8	17	<http://www.wikidata.org/entity/Q25164>	<http://www.wikidata.org/entity/Q7737>	32974	4573	4	17	20	17	4605	4605
Nynorsk	Sanskrit	8	47	<http://www.wikidata.org/entity/Q25164>	<http://www.wikidata.org/entity/Q11059>	32974	399	0	0	0	12	411	411
Nynorsk	Southern Min	8	45	<http://www.wikidata.org/entity/Q25164>	<http://www.wikidata.org/entity/Q36495>	32974	937	2	11	0	19	962	962
Nynorsk	Spanish	8	12	<http://www.wikidata.org/entity/Q25164>	<http://www.wikidata.org/entity/Q1321>	32974	2593	13	30	200	33	2762	2762
Nynorsk	Standard Chinese	8	35	<http://www.wikidata.org/entity/Q25164>	<http://www.wikidata.org/entity/Q727694>	32974	747	8	12	0	26	779	779
Nynorsk	Sumerian	8	18	<http://www.wikidata.org/entity/Q25164>	<http://www.wikidata.org/entity/Q36790>	32974	1344	2	2	0	47	1391	1391
Nynorsk	Swedish	8	4	<http://www.wikidata.org/entity/Q25164>	<http://www.wikidata.org/entity/Q9027>	32974	6195	59	88	207	86	6495	6495
Nynorsk	Turkish	8	40	<http://www.wikidata.org/entity/Q25164>	<http://www.wikidata.org/entity/Q256>	32974	823	0	1	1	45	869	869
Nynorsk	Ugaritic	8	38	<http://www.wikidata.org/entity/Q25164>	<http://www.wikidata.org/entity/Q36928>	32974	652	0	0	0	0	652	652
Persian	Akkadian	15	19	<http://www.wikidata.org/entity/Q9168>	<http://www.wikidata.org/entity/Q35518>	18925	50	0	0	0	18	68	68
Persian	Albanian	15	28	<http://www.wikidata.org/entity/Q9168>	<http://www.wikidata.org/entity/Q8748>	18925	12	0	0	0	4	16	16
Persian	Arabic	15	20	<http://www.wikidata.org/entity/Q9168>	<http://www.wikidata.org/entity/Q13955>	18925	26	2	2	0	7	35	35
Persian	Aragonese	15	6	<http://www.wikidata.org/entity/Q9168>	<http://www.wikidata.org/entity/Q8765>	18925	4	0	0	0	0	4	4
Persian	Bangla	15	21	<http://www.wikidata.org/entity/Q9168>	<http://www.wikidata.org/entity/Q9610>	18925	30	1	1	0	15	46	46
Persian	Banjar	15	46	<http://www.wikidata.org/entity/Q9168>	<http://www.wikidata.org/entity/Q33151>	18925	7	0	0	0	0	7	7
Persian	Basque	15	9	<http://www.wikidata.org/entity/Q9168>	<http://www.wikidata.org/entity/Q8752>	18925	106	0	0	0	1	107	107
Persian	Bokmål	15	3	<http://www.wikidata.org/entity/Q9168>	<http://www.wikidata.org/entity/Q25167>	18925	410	0	0	0	11	421	421
Persian	Breton	15	31	<http://www.wikidata.org/entity/Q9168>	<http://www.wikidata.org/entity/Q12107>	18925	78	0	0	0	11	89	89
Persian	Central Bikol	15	49	<http://www.wikidata.org/entity/Q9168>	<http://www.wikidata.org/entity/Q33284>	18925	0	0	0	0	0	0	0
Persian	Czech	15	11	<http://www.wikidata.org/entity/Q9168>	<http://www.wikidata.org/entity/Q9056>	18925	84	0	0	0	6	90	90
Persian	Dagbanli	15	22	<http://www.wikidata.org/entity/Q9168>	<http://www.wikidata.org/entity/Q32238>	18925	42	0	0	0	1	43	43
Persian	Danish	15	14	<http://www.wikidata.org/entity/Q9168>	<http://www.wikidata.org/entity/Q9035>	18925	225	0	0	0	10	235	235
Persian	Dutch	15	41	<http://www.wikidata.org/entity/Q9168>	<http://www.wikidata.org/entity/Q7411>	18925	40	0	0	0	1	41	41
Persian	Egyptian	15	16	<http://www.wikidata.org/entity/Q9168>	<http://www.wikidata.org/entity/Q50868>	18925	2	0	0	0	0	2	2
Persian	English	15	2	<http://www.wikidata.org/entity/Q9168>	<http://www.wikidata.org/entity/Q1860>	18925	661	14	14	0	23	698	698
Persian	Estonian	15	34	<http://www.wikidata.org/entity/Q9168>	<http://www.wikidata.org/entity/Q9072>	18925	84	0	0	0	4	88	88
Persian	Finnish	15	42	<http://www.wikidata.org/entity/Q9168>	<http://www.wikidata.org/entity/Q1412>	18925	15	0	0	0	3	18	18
Persian	French	15	7	<http://www.wikidata.org/entity/Q9168>	<http://www.wikidata.org/entity/Q150>	18925	388	2	2	0	23	413	413
Persian	Fula	15	26	<http://www.wikidata.org/entity/Q9168>	<http://www.wikidata.org/entity/Q33454>	18925	4	0	0	0	0	4	4
Persian	German	15	13	<http://www.wikidata.org/entity/Q9168>	<http://www.wikidata.org/entity/Q188>	18925	268	0	0	0	23	291	291
Persian	Hausa	15	48	<http://www.wikidata.org/entity/Q9168>	<http://www.wikidata.org/entity/Q56475>	18925	13	0	0	0	9	22	22
Persian	Hebrew	15	29	<http://www.wikidata.org/entity/Q9168>	<http://www.wikidata.org/entity/Q9288>	18925	208	0	0	0	5	213	213
Persian	Hindustani	15	37	<http://www.wikidata.org/entity/Q9168>	<http://www.wikidata.org/entity/Q11051>	18925	30	1	1	0	7	38	38
Persian	Igbo	15	32	<http://www.wikidata.org/entity/Q9168>	<http://www.wikidata.org/entity/Q33578>	18925	33	0	0	0	9	42	42
Persian	Italian	15	10	<http://www.wikidata.org/entity/Q9168>	<http://www.wikidata.org/entity/Q652>	18925	543	0	0	0	9	552	552
Persian	Japanese	15	5	<http://www.wikidata.org/entity/Q9168>	<http://www.wikidata.org/entity/Q5287>	18925	237	0	0	0	19	256	256
Persian	Klingon	15	43	<http://www.wikidata.org/entity/Q9168>	<http://www.wikidata.org/entity/Q10134>	18925	29	0	0	0	9	38	38
Persian	Korean	15	50	<http://www.wikidata.org/entity/Q9168>	<http://www.wikidata.org/entity/Q9176>	18925	18	0	0	0	1	19	19
Persian	Latin	15	39	<http://www.wikidata.org/entity/Q9168>	<http://www.wikidata.org/entity/Q397>	18925	61	0	0	0	5	66	66
Persian	Malay	15	33	<http://www.wikidata.org/entity/Q9168>	<http://www.wikidata.org/entity/Q9237>	18925	73	0	0	0	14	87	87
Persian	Malayalam	15	23	<http://www.wikidata.org/entity/Q9168>	<http://www.wikidata.org/entity/Q36236>	18925	185	0	0	0	9	194	194
Persian	Mon	15	30	<http://www.wikidata.org/entity/Q9168>	<http://www.wikidata.org/entity/Q13349>	18925	0	0	0	0	0	0	0
Persian	New Persian	15	24	<http://www.wikidata.org/entity/Q9168>	<http://www.wikidata.org/entity/Q56356571>	18925	54	0	0	0	2	56	56
Persian	Northern Sami	15	25	<http://www.wikidata.org/entity/Q9168>	<http://www.wikidata.org/entity/Q33947>	18925	0	0	0	0	0	0	0
Persian	Nynorsk	15	8	<http://www.wikidata.org/entity/Q9168>	<http://www.wikidata.org/entity/Q25164>	18925	335	0	0	0	7	342	342
Persian	Polish	15	36	<http://www.wikidata.org/entity/Q9168>	<http://www.wikidata.org/entity/Q809>	18925	23	0	0	0	0	23	23
Persian	Portuguese	15	1	<http://www.wikidata.org/entity/Q9168>	<http://www.wikidata.org/entity/Q5146>	18925	66	0	0	0	13	79	79
Persian	Punjabi	15	27	<http://www.wikidata.org/entity/Q9168>	<http://www.wikidata.org/entity/Q58635>	18925	52	1	1	0	17	70	70
Persian	Quechua	15	44	<http://www.wikidata.org/entity/Q9168>	<http://www.wikidata.org/entity/Q5218>	18925	0	0	0	0	0	0	0
Persian	Russian	15	17	<http://www.wikidata.org/entity/Q9168>	<http://www.wikidata.org/entity/Q7737>	18925	357	1	1	0	11	368	368
Persian	Sanskrit	15	47	<http://www.wikidata.org/entity/Q9168>	<http://www.wikidata.org/entity/Q11059>	18925	9	0	0	0	3	12	12
Persian	Southern Min	15	45	<http://www.wikidata.org/entity/Q9168>	<http://www.wikidata.org/entity/Q36495>	18925	27	0	0	0	3	30	30
Persian	Spanish	15	12	<http://www.wikidata.org/entity/Q9168>	<http://www.wikidata.org/entity/Q1321>	18925	126	0	0	0	7	133	133
Persian	Standard Chinese	15	35	<http://www.wikidata.org/entity/Q9168>	<http://www.wikidata.org/entity/Q727694>	18925	24	0	0	0	13	37	37
Persian	Sumerian	15	18	<http://www.wikidata.org/entity/Q9168>	<http://www.wikidata.org/entity/Q36790>	18925	56	0	0	0	20	76	76
Persian	Swedish	15	4	<http://www.wikidata.org/entity/Q9168>	<http://www.wikidata.org/entity/Q9027>	18925	300	0	0	0	16	316	316
Persian	Turkish	15	40	<http://www.wikidata.org/entity/Q9168>	<http://www.wikidata.org/entity/Q256>	18925	21	0	0	0	10	31	31
Persian	Ugaritic	15	38	<http://www.wikidata.org/entity/Q9168>	<http://www.wikidata.org/entity/Q36928>	18925	16	0	0	0	0	16	16
Polish	Akkadian	36	19	<http://www.wikidata.org/entity/Q809>	<http://www.wikidata.org/entity/Q35518>	4135	198	0	0	0	1	199	199
Polish	Albanian	36	28	<http://www.wikidata.org/entity/Q809>	<http://www.wikidata.org/entity/Q8748>	4135	80	0	1	0	1	81	81
Polish	Arabic	36	20	<http://www.wikidata.org/entity/Q809>	<http://www.wikidata.org/entity/Q13955>	4135	163	3	5	0	0	164	164
Polish	Aragonese	36	6	<http://www.wikidata.org/entity/Q809>	<http://www.wikidata.org/entity/Q8765>	4135	23	0	0	0	0	23	23
Polish	Bangla	36	21	<http://www.wikidata.org/entity/Q809>	<http://www.wikidata.org/entity/Q9610>	4135	207	0	0	0	0	207	207
Polish	Banjar	36	46	<http://www.wikidata.org/entity/Q809>	<http://www.wikidata.org/entity/Q33151>	4135	23	0	1	0	0	24	24
Polish	Basque	36	9	<http://www.wikidata.org/entity/Q809>	<http://www.wikidata.org/entity/Q8752>	4135	196	3	5	0	0	196	196
Polish	Bokmål	36	3	<http://www.wikidata.org/entity/Q809>	<http://www.wikidata.org/entity/Q25167>	4135	692	3	11	2	1	696	696
Polish	Breton	36	31	<http://www.wikidata.org/entity/Q809>	<http://www.wikidata.org/entity/Q12107>	4135	331	2	18	0	0	331	331
Polish	Central Bikol	36	49	<http://www.wikidata.org/entity/Q809>	<http://www.wikidata.org/entity/Q33284>	4135	9	0	0	0	0	9	9
Polish	Czech	36	11	<http://www.wikidata.org/entity/Q809>	<http://www.wikidata.org/entity/Q9056>	4135	535	44	62	0	1	537	537
Polish	Dagbanli	36	22	<http://www.wikidata.org/entity/Q809>	<http://www.wikidata.org/entity/Q32238>	4135	200	0	9	0	0	201	201
Polish	Danish	36	14	<http://www.wikidata.org/entity/Q809>	<http://www.wikidata.org/entity/Q9035>	4135	598	10	31	0	1	601	601
Polish	Dutch	36	41	<http://www.wikidata.org/entity/Q809>	<http://www.wikidata.org/entity/Q7411>	4135	255	1	7	0	1	257	257
Polish	Egyptian	36	16	<http://www.wikidata.org/entity/Q809>	<http://www.wikidata.org/entity/Q50868>	4135	13	0	0	0	0	13	13
Polish	English	36	2	<http://www.wikidata.org/entity/Q809>	<http://www.wikidata.org/entity/Q1860>	4135	819	76	105	2	4	842	842
Polish	Estonian	36	34	<http://www.wikidata.org/entity/Q809>	<http://www.wikidata.org/entity/Q9072>	4135	312	0	7	0	0	313	313
Polish	Finnish	36	42	<http://www.wikidata.org/entity/Q809>	<http://www.wikidata.org/entity/Q1412>	4135	163	5	19	0	0	163	163
Polish	French	36	7	<http://www.wikidata.org/entity/Q809>	<http://www.wikidata.org/entity/Q150>	4135	671	26	55	2	1	679	679
Polish	Fula	36	26	<http://www.wikidata.org/entity/Q809>	<http://www.wikidata.org/entity/Q33454>	4135	38	0	0	0	0	38	38
Polish	German	36	13	<http://www.wikidata.org/entity/Q809>	<http://www.wikidata.org/entity/Q188>	4135	749	30	47	2	3	762	762
Polish	Hausa	36	48	<http://www.wikidata.org/entity/Q809>	<http://www.wikidata.org/entity/Q56475>	4135	141	0	0	0	0	141	141
Polish	Hebrew	36	29	<http://www.wikidata.org/entity/Q809>	<http://www.wikidata.org/entity/Q9288>	4135	497	1	6	0	0	497	497
Polish	Hindustani	36	37	<http://www.wikidata.org/entity/Q809>	<http://www.wikidata.org/entity/Q11051>	4135	167	0	1	0	0	167	167
Polish	Igbo	36	32	<http://www.wikidata.org/entity/Q809>	<http://www.wikidata.org/entity/Q33578>	4135	231	0	0	0	1	232	232
Polish	Italian	36	10	<http://www.wikidata.org/entity/Q809>	<http://www.wikidata.org/entity/Q652>	4135	733	11	24	2	1	736	736
Polish	Japanese	36	5	<http://www.wikidata.org/entity/Q809>	<http://www.wikidata.org/entity/Q5287>	4135	483	0	9	2	0	486	486
Polish	Klingon	36	43	<http://www.wikidata.org/entity/Q809>	<http://www.wikidata.org/entity/Q10134>	4135	155	0	0	2	0	157	157
Polish	Korean	36	50	<http://www.wikidata.org/entity/Q809>	<http://www.wikidata.org/entity/Q9176>	4135	141	0	1	0	0	141	141
Polish	Latin	36	39	<http://www.wikidata.org/entity/Q809>	<http://www.wikidata.org/entity/Q397>	4135	267	5	10	0	1	271	271
Polish	Malay	36	33	<http://www.wikidata.org/entity/Q809>	<http://www.wikidata.org/entity/Q9237>	4135	340	1	6	0	0	340	340
Polish	Malayalam	36	23	<http://www.wikidata.org/entity/Q809>	<http://www.wikidata.org/entity/Q36236>	4135	460	1	16	0	0	460	460
Polish	Mon	36	30	<http://www.wikidata.org/entity/Q809>	<http://www.wikidata.org/entity/Q13349>	4135	4	0	0	0	0	4	4
Polish	New Persian	36	24	<http://www.wikidata.org/entity/Q809>	<http://www.wikidata.org/entity/Q56356571>	4135	348	1	3	0	0	348	348
Polish	Northern Sami	36	25	<http://www.wikidata.org/entity/Q809>	<http://www.wikidata.org/entity/Q33947>	4135	16	0	2	0	0	16	16
Polish	Nynorsk	36	8	<http://www.wikidata.org/entity/Q809>	<http://www.wikidata.org/entity/Q25164>	4135	515	5	14	0	0	515	515
Polish	Persian	36	15	<http://www.wikidata.org/entity/Q809>	<http://www.wikidata.org/entity/Q9168>	4135	23	0	0	0	0	23	23
Polish	Portuguese	36	1	<http://www.wikidata.org/entity/Q809>	<http://www.wikidata.org/entity/Q5146>	4135	278	1	8	2	1	280	280
Polish	Punjabi	36	27	<http://www.wikidata.org/entity/Q809>	<http://www.wikidata.org/entity/Q58635>	4135	273	0	0	0	1	274	274
Polish	Quechua	36	44	<http://www.wikidata.org/entity/Q809>	<http://www.wikidata.org/entity/Q5218>	4135	10	0	1	0	0	10	10
Polish	Russian	36	17	<http://www.wikidata.org/entity/Q809>	<http://www.wikidata.org/entity/Q7737>	4135	600	43	48	2	0	601	601
Polish	Sanskrit	36	47	<http://www.wikidata.org/entity/Q809>	<http://www.wikidata.org/entity/Q11059>	4135	82	0	0	0	0	82	82
Polish	Southern Min	36	45	<http://www.wikidata.org/entity/Q809>	<http://www.wikidata.org/entity/Q36495>	4135	136	0	3	0	0	137	137
Polish	Spanish	36	12	<http://www.wikidata.org/entity/Q809>	<http://www.wikidata.org/entity/Q1321>	4135	491	13	35	2	1	496	496
Polish	Standard Chinese	36	35	<http://www.wikidata.org/entity/Q809>	<http://www.wikidata.org/entity/Q727694>	4135	264	1	4	0	1	266	266
Polish	Sumerian	36	18	<http://www.wikidata.org/entity/Q809>	<http://www.wikidata.org/entity/Q36790>	4135	214	0	1	0	1	215	215
Polish	Swedish	36	4	<http://www.wikidata.org/entity/Q809>	<http://www.wikidata.org/entity/Q9027>	4135	744	7	16	2	1	748	748
Polish	Turkish	36	40	<http://www.wikidata.org/entity/Q809>	<http://www.wikidata.org/entity/Q256>	4135	193	0	1	0	0	193	193
Polish	Ugaritic	36	38	<http://www.wikidata.org/entity/Q809>	<http://www.wikidata.org/entity/Q36928>	4135	114	0	0	0	0	114	114
Portuguese	Akkadian	1	19	<http://www.wikidata.org/entity/Q5146>	<http://www.wikidata.org/entity/Q35518>	176780	676	0	1	0	54	730	730
Portuguese	Albanian	1	28	<http://www.wikidata.org/entity/Q5146>	<http://www.wikidata.org/entity/Q8748>	176780	179	0	2	0	2	181	181
Portuguese	Arabic	1	20	<http://www.wikidata.org/entity/Q5146>	<http://www.wikidata.org/entity/Q13955>	176780	363	0	7	0	19	383	383
Portuguese	Aragonese	1	6	<http://www.wikidata.org/entity/Q5146>	<http://www.wikidata.org/entity/Q8765>	176780	33	3	3	0	2	37	37
Portuguese	Bangla	1	21	<http://www.wikidata.org/entity/Q5146>	<http://www.wikidata.org/entity/Q9610>	176780	480	4	8	2	44	531	531
Portuguese	Banjar	1	46	<http://www.wikidata.org/entity/Q5146>	<http://www.wikidata.org/entity/Q33151>	176780	49	1	5	0	0	51	51
Portuguese	Basque	1	9	<http://www.wikidata.org/entity/Q5146>	<http://www.wikidata.org/entity/Q8752>	176780	494	1	6	0	3	497	497
Portuguese	Bokmål	1	3	<http://www.wikidata.org/entity/Q5146>	<http://www.wikidata.org/entity/Q25167>	176780	1809	1	8	39	50	1894	1894
Portuguese	Breton	1	31	<http://www.wikidata.org/entity/Q5146>	<http://www.wikidata.org/entity/Q12107>	176780	851	0	5	2	41	894	894
Portuguese	Central Bikol	1	49	<http://www.wikidata.org/entity/Q5146>	<http://www.wikidata.org/entity/Q33284>	176780	18	0	0	0	0	18	18
Portuguese	Czech	1	11	<http://www.wikidata.org/entity/Q5146>	<http://www.wikidata.org/entity/Q9056>	176780	627	2	10	14	9	647	647
Portuguese	Dagbanli	1	22	<http://www.wikidata.org/entity/Q5146>	<http://www.wikidata.org/entity/Q32238>	176780	506	0	5	0	11	517	517
Portuguese	Danish	1	14	<http://www.wikidata.org/entity/Q5146>	<http://www.wikidata.org/entity/Q9035>	176780	1355	0	10	26	34	1416	1416
Portuguese	Dutch	1	41	<http://www.wikidata.org/entity/Q5146>	<http://www.wikidata.org/entity/Q7411>	176780	464	0	7	24	8	495	495
Portuguese	Egyptian	1	16	<http://www.wikidata.org/entity/Q5146>	<http://www.wikidata.org/entity/Q50868>	176780	34	0	0	0	0	34	34
Portuguese	English	1	2	<http://www.wikidata.org/entity/Q5146>	<http://www.wikidata.org/entity/Q1860>	176780	2333	97	128	32	118	2480	2480
Portuguese	Estonian	1	34	<http://www.wikidata.org/entity/Q5146>	<http://www.wikidata.org/entity/Q9072>	176780	867	0	1	0	28	895	895
Portuguese	Finnish	1	42	<http://www.wikidata.org/entity/Q5146>	<http://www.wikidata.org/entity/Q1412>	176780	416	0	5	0	21	437	437
Portuguese	French	1	7	<http://www.wikidata.org/entity/Q5146>	<http://www.wikidata.org/entity/Q150>	176780	1744	17	54	30	70	1839	1839
Portuguese	Fula	1	26	<http://www.wikidata.org/entity/Q5146>	<http://www.wikidata.org/entity/Q33454>	176780	91	0	0	0	2	93	93
Portuguese	German	1	13	<http://www.wikidata.org/entity/Q5146>	<http://www.wikidata.org/entity/Q188>	176780	1764	10	38	25	75	1861	1861
Portuguese	Hausa	1	48	<http://www.wikidata.org/entity/Q5146>	<http://www.wikidata.org/entity/Q56475>	176780	310	0	0	1	26	337	337
Portuguese	Hebrew	1	29	<http://www.wikidata.org/entity/Q5146>	<http://www.wikidata.org/entity/Q9288>	176780	1203	0	6	0	22	1227	1227
Portuguese	Hindustani	1	37	<http://www.wikidata.org/entity/Q5146>	<http://www.wikidata.org/entity/Q11051>	176780	486	4	6	0	25	516	516
Portuguese	Igbo	1	32	<http://www.wikidata.org/entity/Q5146>	<http://www.wikidata.org/entity/Q33578>	176780	676	2	2	0	47	723	723
Portuguese	Italian	1	10	<http://www.wikidata.org/entity/Q5146>	<http://www.wikidata.org/entity/Q652>	176780	2016	12	43	27	29	2085	2085
Portuguese	Japanese	1	5	<http://www.wikidata.org/entity/Q5146>	<http://www.wikidata.org/entity/Q5287>	176780	1424	2	20	4	74	1506	1506
Portuguese	Klingon	1	43	<http://www.wikidata.org/entity/Q5146>	<http://www.wikidata.org/entity/Q10134>	176780	509	0	0	2	37	548	548
Portuguese	Korean	1	50	<http://www.wikidata.org/entity/Q5146>	<http://www.wikidata.org/entity/Q9176>	176780	211	0	2	0	15	227	227
Portuguese	Latin	1	39	<http://www.wikidata.org/entity/Q5146>	<http://www.wikidata.org/entity/Q397>	176780	506	7	16	1	17	526	526
Portuguese	Malay	1	33	<http://www.wikidata.org/entity/Q5146>	<http://www.wikidata.org/entity/Q9237>	176780	989	4	18	2	59	1047	1047
Portuguese	Malayalam	1	23	<http://www.wikidata.org/entity/Q5146>	<http://www.wikidata.org/entity/Q36236>	176780	961	2	23	0	17	979	979
Portuguese	Mon	1	30	<http://www.wikidata.org/entity/Q5146>	<http://www.wikidata.org/entity/Q13349>	176780	12	0	0	0	0	12	12
Portuguese	New Persian	1	24	<http://www.wikidata.org/entity/Q5146>	<http://www.wikidata.org/entity/Q56356571>	176780	899	0	2	5	23	927	927
Portuguese	Northern Sami	1	25	<http://www.wikidata.org/entity/Q5146>	<http://www.wikidata.org/entity/Q33947>	176780	19	0	2	0	1	20	20
Portuguese	Nynorsk	1	8	<http://www.wikidata.org/entity/Q5146>	<http://www.wikidata.org/entity/Q25164>	176780	1342	1	8	30	40	1407	1407
Portuguese	Persian	1	15	<http://www.wikidata.org/entity/Q5146>	<http://www.wikidata.org/entity/Q9168>	176780	67	0	0	0	15	82	82
Portuguese	Polish	1	36	<http://www.wikidata.org/entity/Q5146>	<http://www.wikidata.org/entity/Q809>	176780	273	1	8	1	1	276	276
Portuguese	Punjabi	1	27	<http://www.wikidata.org/entity/Q5146>	<http://www.wikidata.org/entity/Q58635>	176780	796	1	3	4	49	850	850
Portuguese	Quechua	1	44	<http://www.wikidata.org/entity/Q5146>	<http://www.wikidata.org/entity/Q5218>	176780	15	0	3	0	0	15	15
Portuguese	Russian	1	17	<http://www.wikidata.org/entity/Q5146>	<http://www.wikidata.org/entity/Q7737>	176780	1533	3	19	3	17	1554	1554
Portuguese	Sanskrit	1	47	<http://www.wikidata.org/entity/Q5146>	<http://www.wikidata.org/entity/Q11059>	176780	222	0	0	0	13	235	235
Portuguese	Southern Min	1	45	<http://www.wikidata.org/entity/Q5146>	<http://www.wikidata.org/entity/Q36495>	176780	353	2	19	0	20	379	379
Portuguese	Spanish	1	12	<http://www.wikidata.org/entity/Q5146>	<http://www.wikidata.org/entity/Q1321>	176780	808	41	66	39	35	894	894
Portuguese	Standard Chinese	1	35	<http://www.wikidata.org/entity/Q5146>	<http://www.wikidata.org/entity/Q727694>	176780	402	5	21	0	40	445	445
Portuguese	Sumerian	1	18	<http://www.wikidata.org/entity/Q5146>	<http://www.wikidata.org/entity/Q36790>	176780	690	3	3	0	57	747	747
Portuguese	Swedish	1	4	<http://www.wikidata.org/entity/Q5146>	<http://www.wikidata.org/entity/Q9027>	176780	1680	4	19	38	62	1777	1777
Portuguese	Turkish	1	40	<http://www.wikidata.org/entity/Q5146>	<http://www.wikidata.org/entity/Q256>	176780	459	0	1	4	52	513	513
Portuguese	Ugaritic	1	38	<http://www.wikidata.org/entity/Q5146>	<http://www.wikidata.org/entity/Q36928>	176780	350	0	0	0	0	350	350
Punjabi	Akkadian	27	19	<http://www.wikidata.org/entity/Q58635>	<http://www.wikidata.org/entity/Q35518>	8319	1247	0	0	0	111	1358	1358
Punjabi	Albanian	27	28	<http://www.wikidata.org/entity/Q58635>	<http://www.wikidata.org/entity/Q8748>	8319	317	0	0	1	4	321	321
Punjabi	Arabic	27	20	<http://www.wikidata.org/entity/Q58635>	<http://www.wikidata.org/entity/Q13955>	8319	805	5	8	0	24	835	835
Punjabi	Aragonese	27	6	<http://www.wikidata.org/entity/Q58635>	<http://www.wikidata.org/entity/Q8765>	8319	80	0	0	0	2	82	82
Punjabi	Bangla	27	21	<http://www.wikidata.org/entity/Q58635>	<http://www.wikidata.org/entity/Q9610>	8319	1076	43	54	3	83	1200	1200
Punjabi	Banjar	27	46	<http://www.wikidata.org/entity/Q58635>	<http://www.wikidata.org/entity/Q33151>	8319	140	0	0	0	0	140	140
Punjabi	Basque	27	9	<http://www.wikidata.org/entity/Q58635>	<http://www.wikidata.org/entity/Q8752>	8319	616	0	0	0	5	621	621
Punjabi	Bokmål	27	3	<http://www.wikidata.org/entity/Q58635>	<http://www.wikidata.org/entity/Q25167>	8319	2364	6	7	12	73	2453	2453
Punjabi	Breton	27	31	<http://www.wikidata.org/entity/Q58635>	<http://www.wikidata.org/entity/Q12107>	8319	1657	0	0	0	67	1724	1724
Punjabi	Central Bikol	27	49	<http://www.wikidata.org/entity/Q58635>	<http://www.wikidata.org/entity/Q33284>	8319	54	0	0	0	0	54	54
Punjabi	Czech	27	11	<http://www.wikidata.org/entity/Q58635>	<http://www.wikidata.org/entity/Q9056>	8319	910	0	0	2	17	927	927
Punjabi	Dagbanli	27	22	<http://www.wikidata.org/entity/Q58635>	<http://www.wikidata.org/entity/Q32238>	8319	994	0	0	0	15	1009	1009
Punjabi	Danish	27	14	<http://www.wikidata.org/entity/Q58635>	<http://www.wikidata.org/entity/Q9035>	8319	1903	0	2	9	48	1961	1961
Punjabi	Dutch	27	41	<http://www.wikidata.org/entity/Q58635>	<http://www.wikidata.org/entity/Q7411>	8319	675	0	0	8	12	692	692
Punjabi	Egyptian	27	16	<http://www.wikidata.org/entity/Q58635>	<http://www.wikidata.org/entity/Q50868>	8319	63	0	0	0	2	65	65
Punjabi	English	27	2	<http://www.wikidata.org/entity/Q58635>	<http://www.wikidata.org/entity/Q1860>	8319	3033	43	48	6	220	3284	3284
Punjabi	Estonian	27	34	<http://www.wikidata.org/entity/Q58635>	<http://www.wikidata.org/entity/Q9072>	8319	1285	0	1	1	35	1321	1321
Punjabi	Finnish	27	42	<http://www.wikidata.org/entity/Q58635>	<http://www.wikidata.org/entity/Q1412>	8319	648	0	3	0	20	671	671
Punjabi	French	27	7	<http://www.wikidata.org/entity/Q58635>	<http://www.wikidata.org/entity/Q150>	8319	2374	0	0	8	119	2496	2496
Punjabi	Fula	27	26	<http://www.wikidata.org/entity/Q58635>	<http://www.wikidata.org/entity/Q33454>	8319	213	0	0	0	3	216	216
Punjabi	German	27	13	<http://www.wikidata.org/entity/Q58635>	<http://www.wikidata.org/entity/Q188>	8319	2363	7	10	7	120	2492	2492
Punjabi	Hausa	27	48	<http://www.wikidata.org/entity/Q58635>	<http://www.wikidata.org/entity/Q56475>	8319	644	0	1	0	56	701	701
Punjabi	Hebrew	27	29	<http://www.wikidata.org/entity/Q58635>	<http://www.wikidata.org/entity/Q9288>	8319	1540	0	0	3	29	1572	1572
Punjabi	Hindustani	27	37	<http://www.wikidata.org/entity/Q58635>	<http://www.wikidata.org/entity/Q11051>	8319	1450	357	360	3	68	1806	1806
Punjabi	Igbo	27	32	<http://www.wikidata.org/entity/Q58635>	<http://www.wikidata.org/entity/Q33578>	8319	1143	0	0	0	51	1194	1194
Punjabi	Italian	27	10	<http://www.wikidata.org/entity/Q58635>	<http://www.wikidata.org/entity/Q652>	8319	2471	0	4	8	62	2542	2542
Punjabi	Japanese	27	5	<http://www.wikidata.org/entity/Q58635>	<http://www.wikidata.org/entity/Q5287>	8319	1967	0	1	1	117	2084	2084
Punjabi	Klingon	27	43	<http://www.wikidata.org/entity/Q58635>	<http://www.wikidata.org/entity/Q10134>	8319	924	0	0	0	51	975	975
Punjabi	Korean	27	50	<http://www.wikidata.org/entity/Q58635>	<http://www.wikidata.org/entity/Q9176>	8319	338	0	0	0	31	369	369
Punjabi	Latin	27	39	<http://www.wikidata.org/entity/Q58635>	<http://www.wikidata.org/entity/Q397>	8319	843	1	5	0	13	861	861
Punjabi	Malay	27	33	<http://www.wikidata.org/entity/Q58635>	<http://www.wikidata.org/entity/Q9237>	8319	1424	2	3	0	92	1518	1518
Punjabi	Malayalam	27	23	<http://www.wikidata.org/entity/Q58635>	<http://www.wikidata.org/entity/Q36236>	8319	1481	0	17	0	22	1509	1509
Punjabi	Mon	27	30	<http://www.wikidata.org/entity/Q58635>	<http://www.wikidata.org/entity/Q13349>	8319	21	0	0	0	0	21	21
Punjabi	New Persian	27	24	<http://www.wikidata.org/entity/Q58635>	<http://www.wikidata.org/entity/Q56356571>	8319	1702	103	104	5	72	1865	1865
Punjabi	Northern Sami	27	25	<http://www.wikidata.org/entity/Q58635>	<http://www.wikidata.org/entity/Q33947>	8319	31	0	0	0	1	32	32
Punjabi	Nynorsk	27	8	<http://www.wikidata.org/entity/Q58635>	<http://www.wikidata.org/entity/Q25164>	8319	1850	0	0	6	48	1901	1901
Punjabi	Persian	27	15	<http://www.wikidata.org/entity/Q58635>	<http://www.wikidata.org/entity/Q9168>	8319	76	1	1	0	18	95	95
Punjabi	Polish	27	36	<http://www.wikidata.org/entity/Q58635>	<http://www.wikidata.org/entity/Q809>	8319	471	0	0	0	1	472	472
Punjabi	Portuguese	27	1	<http://www.wikidata.org/entity/Q58635>	<http://www.wikidata.org/entity/Q5146>	8319	1286	2	7	1	56	1349	1349
Punjabi	Quechua	27	44	<http://www.wikidata.org/entity/Q58635>	<http://www.wikidata.org/entity/Q5218>	8319	22	0	0	0	1	23	23
Punjabi	Russian	27	17	<http://www.wikidata.org/entity/Q58635>	<http://www.wikidata.org/entity/Q7737>	8319	2114	0	3	3	36	2154	2154
Punjabi	Sanskrit	27	47	<http://www.wikidata.org/entity/Q58635>	<http://www.wikidata.org/entity/Q11059>	8319	697	25	25	0	51	765	765
Punjabi	Southern Min	27	45	<http://www.wikidata.org/entity/Q58635>	<http://www.wikidata.org/entity/Q36495>	8319	799	0	0	0	25	824	824
Punjabi	Spanish	27	12	<http://www.wikidata.org/entity/Q58635>	<http://www.wikidata.org/entity/Q1321>	8319	1260	0	3	9	34	1299	1299
Punjabi	Standard Chinese	27	35	<http://www.wikidata.org/entity/Q58635>	<http://www.wikidata.org/entity/Q727694>	8319	824	0	0	0	83	907	907
Punjabi	Sumerian	27	18	<http://www.wikidata.org/entity/Q58635>	<http://www.wikidata.org/entity/Q36790>	8319	1300	0	0	0	125	1425	1425
Punjabi	Swedish	27	4	<http://www.wikidata.org/entity/Q58635>	<http://www.wikidata.org/entity/Q9027>	8319	2137	3	5	10	96	2245	2245
Punjabi	Turkish	27	40	<http://www.wikidata.org/entity/Q58635>	<http://www.wikidata.org/entity/Q256>	8319	839	6	14	1	91	942	942
Punjabi	Ugaritic	27	38	<http://www.wikidata.org/entity/Q58635>	<http://www.wikidata.org/entity/Q36928>	8319	792	0	0	0	0	792	792
Quechua	Akkadian	44	19	<http://www.wikidata.org/entity/Q5218>	<http://www.wikidata.org/entity/Q35518>	2046	10	0	1	0	0	10	10
Quechua	Albanian	44	28	<http://www.wikidata.org/entity/Q5218>	<http://www.wikidata.org/entity/Q8748>	2046	5	0	0	0	0	5	5
Quechua	Arabic	44	20	<http://www.wikidata.org/entity/Q5218>	<http://www.wikidata.org/entity/Q13955>	2046	8	0	2	0	0	8	8
Quechua	Aragonese	44	6	<http://www.wikidata.org/entity/Q5218>	<http://www.wikidata.org/entity/Q8765>	2046	2	0	0	0	0	2	2
Quechua	Bangla	44	21	<http://www.wikidata.org/entity/Q5218>	<http://www.wikidata.org/entity/Q9610>	2046	9	0	0	0	0	9	9
Quechua	Banjar	44	46	<http://www.wikidata.org/entity/Q5218>	<http://www.wikidata.org/entity/Q33151>	2046	3	0	1	0	0	3	3
Quechua	Basque	44	9	<http://www.wikidata.org/entity/Q5218>	<http://www.wikidata.org/entity/Q8752>	2046	9	0	1	0	0	9	9
Quechua	Bokmål	44	3	<http://www.wikidata.org/entity/Q5218>	<http://www.wikidata.org/entity/Q25167>	2046	17	0	1	0	0	17	17
Quechua	Breton	44	31	<http://www.wikidata.org/entity/Q5218>	<http://www.wikidata.org/entity/Q12107>	2046	13	0	0	0	1	14	14
Quechua	Central Bikol	44	49	<http://www.wikidata.org/entity/Q5218>	<http://www.wikidata.org/entity/Q33284>	2046	2	0	0	0	0	2	2
Quechua	Czech	44	11	<http://www.wikidata.org/entity/Q5218>	<http://www.wikidata.org/entity/Q9056>	2046	13	0	2	0	0	13	13
Quechua	Dagbanli	44	22	<http://www.wikidata.org/entity/Q5218>	<http://www.wikidata.org/entity/Q32238>	2046	7	0	1	0	0	7	7
Quechua	Danish	44	14	<http://www.wikidata.org/entity/Q5218>	<http://www.wikidata.org/entity/Q9035>	2046	14	0	1	0	0	15	15
Quechua	Dutch	44	41	<http://www.wikidata.org/entity/Q5218>	<http://www.wikidata.org/entity/Q7411>	2046	7	0	1	0	0	7	7
Quechua	Egyptian	44	16	<http://www.wikidata.org/entity/Q5218>	<http://www.wikidata.org/entity/Q50868>	2046	3	0	0	0	0	3	3
Quechua	English	44	2	<http://www.wikidata.org/entity/Q5218>	<http://www.wikidata.org/entity/Q1860>	2046	19	11	12	0	1	21	21
Quechua	Estonian	44	34	<http://www.wikidata.org/entity/Q5218>	<http://www.wikidata.org/entity/Q9072>	2046	9	0	1	0	0	10	10
Quechua	Finnish	44	42	<http://www.wikidata.org/entity/Q5218>	<http://www.wikidata.org/entity/Q1412>	2046	8	0	1	0	0	8	8
Quechua	French	44	7	<http://www.wikidata.org/entity/Q5218>	<http://www.wikidata.org/entity/Q150>	2046	16	0	3	0	0	17	17
Quechua	Fula	44	26	<http://www.wikidata.org/entity/Q5218>	<http://www.wikidata.org/entity/Q33454>	2046	4	0	0	0	0	4	4
Quechua	German	44	13	<http://www.wikidata.org/entity/Q5218>	<http://www.wikidata.org/entity/Q188>	2046	19	1	3	0	1	21	21
Quechua	Hausa	44	48	<http://www.wikidata.org/entity/Q5218>	<http://www.wikidata.org/entity/Q56475>	2046	6	0	0	0	0	6	6
Quechua	Hebrew	44	29	<http://www.wikidata.org/entity/Q5218>	<http://www.wikidata.org/entity/Q9288>	2046	16	0	1	0	0	16	16
Quechua	Hindustani	44	37	<http://www.wikidata.org/entity/Q5218>	<http://www.wikidata.org/entity/Q11051>	2046	8	0	0	0	0	8	8
Quechua	Igbo	44	32	<http://www.wikidata.org/entity/Q5218>	<http://www.wikidata.org/entity/Q33578>	2046	6	0	0	0	0	6	6
Quechua	Italian	44	10	<http://www.wikidata.org/entity/Q5218>	<http://www.wikidata.org/entity/Q652>	2046	18	1	4	0	0	19	19
Quechua	Japanese	44	5	<http://www.wikidata.org/entity/Q5218>	<http://www.wikidata.org/entity/Q5287>	2046	11	0	2	0	0	11	11
Quechua	Klingon	44	43	<http://www.wikidata.org/entity/Q5218>	<http://www.wikidata.org/entity/Q10134>	2046	10	0	0	0	1	11	11
Quechua	Korean	44	50	<http://www.wikidata.org/entity/Q5218>	<http://www.wikidata.org/entity/Q9176>	2046	5	0	0	0	0	5	5
Quechua	Latin	44	39	<http://www.wikidata.org/entity/Q5218>	<http://www.wikidata.org/entity/Q397>	2046	14	0	2	0	0	14	14
Quechua	Malay	44	33	<http://www.wikidata.org/entity/Q5218>	<http://www.wikidata.org/entity/Q9237>	2046	8	0	2	0	0	8	8
Quechua	Malayalam	44	23	<http://www.wikidata.org/entity/Q5218>	<http://www.wikidata.org/entity/Q36236>	2046	14	0	2	0	0	14	14
Quechua	Mon	44	30	<http://www.wikidata.org/entity/Q5218>	<http://www.wikidata.org/entity/Q13349>	2046	2	0	0	0	0	2	2
Quechua	New Persian	44	24	<http://www.wikidata.org/entity/Q5218>	<http://www.wikidata.org/entity/Q56356571>	2046	10	0	0	0	0	10	10
Quechua	Northern Sami	44	25	<http://www.wikidata.org/entity/Q5218>	<http://www.wikidata.org/entity/Q33947>	2046	3	0	0	0	0	3	3
Quechua	Nynorsk	44	8	<http://www.wikidata.org/entity/Q5218>	<http://www.wikidata.org/entity/Q25164>	2046	11	0	1	0	0	11	11
Quechua	Persian	44	15	<http://www.wikidata.org/entity/Q5218>	<http://www.wikidata.org/entity/Q9168>	2046	0	0	0	0	0	0	0
Quechua	Polish	44	36	<http://www.wikidata.org/entity/Q5218>	<http://www.wikidata.org/entity/Q809>	2046	8	0	1	0	0	8	8
Quechua	Portuguese	44	1	<http://www.wikidata.org/entity/Q5218>	<http://www.wikidata.org/entity/Q5146>	2046	11	0	2	0	0	11	11
Quechua	Punjabi	44	27	<http://www.wikidata.org/entity/Q5218>	<http://www.wikidata.org/entity/Q58635>	2046	9	0	0	0	1	10	10
Quechua	Russian	44	17	<http://www.wikidata.org/entity/Q5218>	<http://www.wikidata.org/entity/Q7737>	2046	15	0	2	0	0	15	15
Quechua	Sanskrit	44	47	<http://www.wikidata.org/entity/Q5218>	<http://www.wikidata.org/entity/Q11059>	2046	5	0	0	0	0	5	5
Quechua	Southern Min	44	45	<http://www.wikidata.org/entity/Q5218>	<http://www.wikidata.org/entity/Q36495>	2046	7	0	3	0	0	7	7
Quechua	Spanish	44	12	<http://www.wikidata.org/entity/Q5218>	<http://www.wikidata.org/entity/Q1321>	2046	17	10	10	0	0	18	18
Quechua	Standard Chinese	44	35	<http://www.wikidata.org/entity/Q5218>	<http://www.wikidata.org/entity/Q727694>	2046	9	8	11	0	0	16	16
Quechua	Sumerian	44	18	<http://www.wikidata.org/entity/Q5218>	<http://www.wikidata.org/entity/Q36790>	2046	10	1	1	0	0	10	10
Quechua	Swedish	44	4	<http://www.wikidata.org/entity/Q5218>	<http://www.wikidata.org/entity/Q9027>	2046	14	0	0	0	0	14	14
Quechua	Turkish	44	40	<http://www.wikidata.org/entity/Q5218>	<http://www.wikidata.org/entity/Q256>	2046	10	0	1	0	0	10	10
Quechua	Ugaritic	44	38	<http://www.wikidata.org/entity/Q5218>	<http://www.wikidata.org/entity/Q36928>	2046	5	0	0	0	0	5	5
Russian	Akkadian	17	19	<http://www.wikidata.org/entity/Q7737>	<http://www.wikidata.org/entity/Q35518>	18679	1647	0	2	0	34	1681	1681
Russian	Albanian	17	28	<http://www.wikidata.org/entity/Q7737>	<http://www.wikidata.org/entity/Q8748>	18679	381	0	3	2	1	384	384
Russian	Arabic	17	20	<http://www.wikidata.org/entity/Q7737>	<http://www.wikidata.org/entity/Q13955>	18679	820	2	7	0	14	834	834
Russian	Aragonese	17	6	<http://www.wikidata.org/entity/Q7737>	<http://www.wikidata.org/entity/Q8765>	18679	107	0	1	0	2	109	109
Russian	Bangla	17	21	<http://www.wikidata.org/entity/Q7737>	<http://www.wikidata.org/entity/Q9610>	18679	1087	1	5	1	27	1116	1116
Russian	Banjar	17	46	<http://www.wikidata.org/entity/Q7737>	<http://www.wikidata.org/entity/Q33151>	18679	114	1	5	0	0	115	115
Russian	Basque	17	9	<http://www.wikidata.org/entity/Q7737>	<http://www.wikidata.org/entity/Q8752>	18679	1549	1	3	0	2	1550	1550
Russian	Bokmål	17	3	<http://www.wikidata.org/entity/Q7737>	<http://www.wikidata.org/entity/Q25167>	18679	6035	4	11	42	26	6094	6094
Russian	Breton	17	31	<http://www.wikidata.org/entity/Q7737>	<http://www.wikidata.org/entity/Q12107>	18679	2483	10	15	13	33	2522	2522
Russian	Central Bikol	17	49	<http://www.wikidata.org/entity/Q7737>	<http://www.wikidata.org/entity/Q33284>	18679	56	0	0	0	0	56	56
Russian	Czech	17	11	<http://www.wikidata.org/entity/Q7737>	<http://www.wikidata.org/entity/Q9056>	18679	1892	31	50	8	2	1898	1898
Russian	Dagbanli	17	22	<http://www.wikidata.org/entity/Q7737>	<http://www.wikidata.org/entity/Q32238>	18679	1321	0	6	0	6	1327	1327
Russian	Danish	17	14	<http://www.wikidata.org/entity/Q7737>	<http://www.wikidata.org/entity/Q9035>	18679	4028	17	34	31	19	4069	4069
Russian	Dutch	17	41	<http://www.wikidata.org/entity/Q7737>	<http://www.wikidata.org/entity/Q7411>	18679	1160	0	6	26	1	1181	1181
Russian	Egyptian	17	16	<http://www.wikidata.org/entity/Q7737>	<http://www.wikidata.org/entity/Q50868>	18679	81	0	0	0	1	82	82
Russian	English	17	2	<http://www.wikidata.org/entity/Q7737>	<http://www.wikidata.org/entity/Q1860>	18679	8026	112	136	32	87	8152	8152
Russian	Estonian	17	34	<http://www.wikidata.org/entity/Q7737>	<http://www.wikidata.org/entity/Q9072>	18679	2144	2	7	2	14	2160	2160
Russian	Finnish	17	42	<http://www.wikidata.org/entity/Q7737>	<http://www.wikidata.org/entity/Q1412>	18679	802	9	16	0	6	809	809
Russian	French	17	7	<http://www.wikidata.org/entity/Q7737>	<http://www.wikidata.org/entity/Q150>	18679	5818	24	50	31	52	5886	5886
Russian	Fula	17	26	<http://www.wikidata.org/entity/Q7737>	<http://www.wikidata.org/entity/Q33454>	18679	206	0	0	0	2	208	208
Russian	German	17	13	<http://www.wikidata.org/entity/Q7737>	<http://www.wikidata.org/entity/Q188>	18679	5426	29	58	32	67	5512	5512
Russian	Hausa	17	48	<http://www.wikidata.org/entity/Q7737>	<http://www.wikidata.org/entity/Q56475>	18679	735	0	0	0	17	752	752
Russian	Hebrew	17	29	<http://www.wikidata.org/entity/Q7737>	<http://www.wikidata.org/entity/Q9288>	18679	3582	2	9	0	7	3590	3590
Russian	Hindustani	17	37	<http://www.wikidata.org/entity/Q7737>	<http://www.wikidata.org/entity/Q11051>	18679	1062	1	5	1	13	1076	1076
Russian	Igbo	17	32	<http://www.wikidata.org/entity/Q7737>	<http://www.wikidata.org/entity/Q33578>	18679	1431	0	1	0	18	1449	1449
Russian	Italian	17	10	<http://www.wikidata.org/entity/Q7737>	<http://www.wikidata.org/entity/Q652>	18679	7043	9	43	31	23	7102	7102
Russian	Japanese	17	5	<http://www.wikidata.org/entity/Q7737>	<http://www.wikidata.org/entity/Q5287>	18679	4184	9	30	15	57	4262	4262
Russian	Klingon	17	43	<http://www.wikidata.org/entity/Q7737>	<http://www.wikidata.org/entity/Q10134>	18679	1198	1	5	8	25	1234	1234
Russian	Korean	17	50	<http://www.wikidata.org/entity/Q7737>	<http://www.wikidata.org/entity/Q9176>	18679	487	1	4	0	10	497	497
Russian	Latin	17	39	<http://www.wikidata.org/entity/Q7737>	<http://www.wikidata.org/entity/Q397>	18679	1470	2	13	0	7	1477	1477
Russian	Malay	17	33	<http://www.wikidata.org/entity/Q7737>	<http://www.wikidata.org/entity/Q9237>	18679	2049	4	18	0	35	2084	2084
Russian	Malayalam	17	23	<http://www.wikidata.org/entity/Q7737>	<http://www.wikidata.org/entity/Q36236>	18679	2640	6	21	0	5	2647	2647
Russian	Mon	17	30	<http://www.wikidata.org/entity/Q7737>	<http://www.wikidata.org/entity/Q13349>	18679	35	0	0	0	0	35	35
Russian	New Persian	17	24	<http://www.wikidata.org/entity/Q7737>	<http://www.wikidata.org/entity/Q56356571>	18679	2388	25	28	3	16	2406	2406
Russian	Northern Sami	17	25	<http://www.wikidata.org/entity/Q7737>	<http://www.wikidata.org/entity/Q33947>	18679	27	0	3	0	0	27	27
Russian	Nynorsk	17	8	<http://www.wikidata.org/entity/Q7737>	<http://www.wikidata.org/entity/Q25164>	18679	4610	5	14	27	17	4645	4645
Russian	Persian	17	15	<http://www.wikidata.org/entity/Q7737>	<http://www.wikidata.org/entity/Q9168>	18679	401	1	1	0	10	411	411
Russian	Polish	17	36	<http://www.wikidata.org/entity/Q7737>	<http://www.wikidata.org/entity/Q809>	18679	845	29	35	3	0	847	847
Russian	Portuguese	17	1	<http://www.wikidata.org/entity/Q7737>	<http://www.wikidata.org/entity/Q5146>	18679	2129	4	19	12	18	2158	2158
Russian	Punjabi	17	27	<http://www.wikidata.org/entity/Q7737>	<http://www.wikidata.org/entity/Q58635>	18679	2046	0	1	4	29	2077	2077
Russian	Quechua	17	44	<http://www.wikidata.org/entity/Q7737>	<http://www.wikidata.org/entity/Q5218>	18679	37	0	4	0	0	37	37
Russian	Sanskrit	17	47	<http://www.wikidata.org/entity/Q7737>	<http://www.wikidata.org/entity/Q11059>	18679	579	0	2	0	13	591	591
Russian	Southern Min	17	45	<http://www.wikidata.org/entity/Q7737>	<http://www.wikidata.org/entity/Q36495>	18679	1395	2	12	0	12	1409	1409
Russian	Spanish	17	12	<http://www.wikidata.org/entity/Q7737>	<http://www.wikidata.org/entity/Q1321>	18679	2977	21	39	35	27	3027	3027
Russian	Standard Chinese	17	35	<http://www.wikidata.org/entity/Q7737>	<http://www.wikidata.org/entity/Q727694>	18679	1003	1	11	0	27	1031	1031
Russian	Sumerian	17	18	<http://www.wikidata.org/entity/Q7737>	<http://www.wikidata.org/entity/Q36790>	18679	1704	2	2	0	39	1742	1742
Russian	Swedish	17	4	<http://www.wikidata.org/entity/Q7737>	<http://www.wikidata.org/entity/Q9027>	18679	5223	3	16	35	39	5295	5295
Russian	Turkish	17	40	<http://www.wikidata.org/entity/Q7737>	<http://www.wikidata.org/entity/Q256>	18679	1081	3	8	0	28	1110	1110
Russian	Ugaritic	17	38	<http://www.wikidata.org/entity/Q7737>	<http://www.wikidata.org/entity/Q36928>	18679	814	0	0	0	0	814	814
Sanskrit	Akkadian	47	19	<http://www.wikidata.org/entity/Q11059>	<http://www.wikidata.org/entity/Q35518>	1928	292	0	0	0	38	330	330
Sanskrit	Albanian	47	28	<http://www.wikidata.org/entity/Q11059>	<http://www.wikidata.org/entity/Q8748>	1928	96	0	0	0	1	97	97
Sanskrit	Arabic	47	20	<http://www.wikidata.org/entity/Q11059>	<http://www.wikidata.org/entity/Q13955>	1928	165	0	0	0	12	177	177
Sanskrit	Aragonese	47	6	<http://www.wikidata.org/entity/Q11059>	<http://www.wikidata.org/entity/Q8765>	1928	29	0	0	0	1	30	30
Sanskrit	Bangla	47	21	<http://www.wikidata.org/entity/Q11059>	<http://www.wikidata.org/entity/Q9610>	1928	283	18	19	0	27	323	323
Sanskrit	Banjar	47	46	<http://www.wikidata.org/entity/Q11059>	<http://www.wikidata.org/entity/Q33151>	1928	35	1	1	0	0	35	35
Sanskrit	Basque	47	9	<http://www.wikidata.org/entity/Q11059>	<http://www.wikidata.org/entity/Q8752>	1928	95	0	0	0	3	98	98
Sanskrit	Bokmål	47	3	<http://www.wikidata.org/entity/Q11059>	<http://www.wikidata.org/entity/Q25167>	1928	414	0	0	0	17	431	431
Sanskrit	Breton	47	31	<http://www.wikidata.org/entity/Q11059>	<http://www.wikidata.org/entity/Q12107>	1928	329	0	0	0	18	347	347
Sanskrit	Central Bikol	47	49	<http://www.wikidata.org/entity/Q11059>	<http://www.wikidata.org/entity/Q33284>	1928	35	0	0	0	0	35	35
Sanskrit	Czech	47	11	<http://www.wikidata.org/entity/Q11059>	<http://www.wikidata.org/entity/Q9056>	1928	213	0	1	0	2	215	215
Sanskrit	Dagbanli	47	22	<http://www.wikidata.org/entity/Q11059>	<http://www.wikidata.org/entity/Q32238>	1928	202	0	0	0	4	206	206
Sanskrit	Danish	47	14	<http://www.wikidata.org/entity/Q11059>	<http://www.wikidata.org/entity/Q9035>	1928	349	0	1	0	14	363	363
Sanskrit	Dutch	47	41	<http://www.wikidata.org/entity/Q11059>	<http://www.wikidata.org/entity/Q7411>	1928	106	0	0	0	1	107	107
Sanskrit	Egyptian	47	16	<http://www.wikidata.org/entity/Q11059>	<http://www.wikidata.org/entity/Q50868>	1928	19	0	0	0	3	22	22
Sanskrit	English	47	2	<http://www.wikidata.org/entity/Q11059>	<http://www.wikidata.org/entity/Q1860>	1928	560	14	22	0	48	616	616
Sanskrit	Estonian	47	34	<http://www.wikidata.org/entity/Q11059>	<http://www.wikidata.org/entity/Q9072>	1928	274	0	0	0	10	284	284
Sanskrit	Finnish	47	42	<http://www.wikidata.org/entity/Q11059>	<http://www.wikidata.org/entity/Q1412>	1928	132	0	1	0	5	137	137
Sanskrit	French	47	7	<http://www.wikidata.org/entity/Q11059>	<http://www.wikidata.org/entity/Q150>	1928	427	0	1	0	30	457	457
Sanskrit	Fula	47	26	<http://www.wikidata.org/entity/Q11059>	<http://www.wikidata.org/entity/Q33454>	1928	61	0	0	0	0	61	61
Sanskrit	German	47	13	<http://www.wikidata.org/entity/Q11059>	<http://www.wikidata.org/entity/Q188>	1928	417	0	3	0	26	443	443
Sanskrit	Hausa	47	48	<http://www.wikidata.org/entity/Q11059>	<http://www.wikidata.org/entity/Q56475>	1928	147	0	0	0	16	163	163
Sanskrit	Hebrew	47	29	<http://www.wikidata.org/entity/Q11059>	<http://www.wikidata.org/entity/Q9288>	1928	317	0	1	0	9	326	326
Sanskrit	Hindustani	47	37	<http://www.wikidata.org/entity/Q11059>	<http://www.wikidata.org/entity/Q11051>	1928	316	26	31	0	18	347	347
Sanskrit	Igbo	47	32	<http://www.wikidata.org/entity/Q11059>	<http://www.wikidata.org/entity/Q33578>	1928	247	0	0	0	15	262	262
Sanskrit	Italian	47	10	<http://www.wikidata.org/entity/Q11059>	<http://www.wikidata.org/entity/Q652>	1928	444	3	3	0	18	462	462
Sanskrit	Japanese	47	5	<http://www.wikidata.org/entity/Q11059>	<http://www.wikidata.org/entity/Q5287>	1928	362	0	0	0	30	392	392
Sanskrit	Klingon	47	43	<http://www.wikidata.org/entity/Q11059>	<http://www.wikidata.org/entity/Q10134>	1928	200	0	0	0	17	217	217
Sanskrit	Korean	47	50	<http://www.wikidata.org/entity/Q11059>	<http://www.wikidata.org/entity/Q9176>	1928	61	0	0	0	12	73	73
Sanskrit	Latin	47	39	<http://www.wikidata.org/entity/Q11059>	<http://www.wikidata.org/entity/Q397>	1928	196	1	4	0	6	202	202
Sanskrit	Malay	47	33	<http://www.wikidata.org/entity/Q11059>	<http://www.wikidata.org/entity/Q9237>	1928	297	2	3	0	30	328	328
Sanskrit	Malayalam	47	23	<http://www.wikidata.org/entity/Q11059>	<http://www.wikidata.org/entity/Q36236>	1928	323	22	22	0	9	343	343
Sanskrit	Mon	47	30	<http://www.wikidata.org/entity/Q11059>	<http://www.wikidata.org/entity/Q13349>	1928	11	0	0	0	0	11	11
Sanskrit	New Persian	47	24	<http://www.wikidata.org/entity/Q11059>	<http://www.wikidata.org/entity/Q56356571>	1928	332	1	1	0	20	353	353
Sanskrit	Northern Sami	47	25	<http://www.wikidata.org/entity/Q11059>	<http://www.wikidata.org/entity/Q33947>	1928	23	0	0	0	1	24	24
Sanskrit	Nynorsk	47	8	<http://www.wikidata.org/entity/Q11059>	<http://www.wikidata.org/entity/Q25164>	1928	333	0	0	0	13	346	346
Sanskrit	Persian	47	15	<http://www.wikidata.org/entity/Q11059>	<http://www.wikidata.org/entity/Q9168>	1928	9	0	0	0	3	12	12
Sanskrit	Polish	47	36	<http://www.wikidata.org/entity/Q11059>	<http://www.wikidata.org/entity/Q809>	1928	100	0	0	0	0	100	100
Sanskrit	Portuguese	47	1	<http://www.wikidata.org/entity/Q11059>	<http://www.wikidata.org/entity/Q5146>	1928	265	0	0	0	16	281	281
Sanskrit	Punjabi	47	27	<http://www.wikidata.org/entity/Q11059>	<http://www.wikidata.org/entity/Q58635>	1928	382	20	20	0	30	428	428
Sanskrit	Quechua	47	44	<http://www.wikidata.org/entity/Q11059>	<http://www.wikidata.org/entity/Q5218>	1928	11	0	0	0	0	11	11
Sanskrit	Russian	47	17	<http://www.wikidata.org/entity/Q11059>	<http://www.wikidata.org/entity/Q7737>	1928	358	0	1	0	15	373	373
Sanskrit	Southern Min	47	45	<http://www.wikidata.org/entity/Q11059>	<http://www.wikidata.org/entity/Q36495>	1928	159	0	2	0	11	170	170
Sanskrit	Spanish	47	12	<http://www.wikidata.org/entity/Q11059>	<http://www.wikidata.org/entity/Q1321>	1928	238	0	0	0	11	249	249
Sanskrit	Standard Chinese	47	35	<http://www.wikidata.org/entity/Q11059>	<http://www.wikidata.org/entity/Q727694>	1928	194	0	0	0	20	214	214
Sanskrit	Sumerian	47	18	<http://www.wikidata.org/entity/Q11059>	<http://www.wikidata.org/entity/Q36790>	1928	311	0	3	0	37	348	348
Sanskrit	Swedish	47	4	<http://www.wikidata.org/entity/Q11059>	<http://www.wikidata.org/entity/Q9027>	1928	377	0	0	0	28	405	405
Sanskrit	Turkish	47	40	<http://www.wikidata.org/entity/Q11059>	<http://www.wikidata.org/entity/Q256>	1928	198	1	1	0	21	220	220
Sanskrit	Ugaritic	47	38	<http://www.wikidata.org/entity/Q11059>	<http://www.wikidata.org/entity/Q36928>	1928	190	0	0	0	0	190	190
Southern Min	Akkadian	45	19	<http://www.wikidata.org/entity/Q36495>	<http://www.wikidata.org/entity/Q35518>	1973	339	0	2	0	30	370	370
Southern Min	Albanian	45	28	<http://www.wikidata.org/entity/Q36495>	<http://www.wikidata.org/entity/Q8748>	1973	98	0	0	0	0	98	98
Southern Min	Arabic	45	20	<http://www.wikidata.org/entity/Q36495>	<http://www.wikidata.org/entity/Q13955>	1973	191	0	7	0	3	197	197
Southern Min	Aragonese	45	6	<http://www.wikidata.org/entity/Q36495>	<http://www.wikidata.org/entity/Q8765>	1973	41	0	0	0	3	44	44
Southern Min	Bangla	45	21	<http://www.wikidata.org/entity/Q36495>	<http://www.wikidata.org/entity/Q9610>	1973	304	0	2	0	18	323	323
Southern Min	Banjar	45	46	<http://www.wikidata.org/entity/Q36495>	<http://www.wikidata.org/entity/Q33151>	1973	28	3	8	0	0	31	31
Southern Min	Basque	45	9	<http://www.wikidata.org/entity/Q36495>	<http://www.wikidata.org/entity/Q8752>	1973	308	0	3	0	1	309	309
Southern Min	Bokmål	45	3	<http://www.wikidata.org/entity/Q36495>	<http://www.wikidata.org/entity/Q25167>	1973	1009	0	7	0	24	1037	1037
Southern Min	Breton	45	31	<http://www.wikidata.org/entity/Q36495>	<http://www.wikidata.org/entity/Q12107>	1973	816	2	4	0	33	849	849
Southern Min	Central Bikol	45	49	<http://www.wikidata.org/entity/Q36495>	<http://www.wikidata.org/entity/Q33284>	1973	16	0	0	0	0	16	16
Southern Min	Czech	45	11	<http://www.wikidata.org/entity/Q36495>	<http://www.wikidata.org/entity/Q9056>	1973	347	5	15	0	3	352	352
Southern Min	Dagbanli	45	22	<http://www.wikidata.org/entity/Q36495>	<http://www.wikidata.org/entity/Q32238>	1973	351	0	2	0	6	357	357
Southern Min	Danish	45	14	<http://www.wikidata.org/entity/Q36495>	<http://www.wikidata.org/entity/Q9035>	1973	971	0	8	0	18	990	990
Southern Min	Dutch	45	41	<http://www.wikidata.org/entity/Q36495>	<http://www.wikidata.org/entity/Q7411>	1973	272	0	1	0	1	273	273
Southern Min	Egyptian	45	16	<http://www.wikidata.org/entity/Q36495>	<http://www.wikidata.org/entity/Q50868>	1973	22	0	0	0	1	23	23
Southern Min	English	45	2	<http://www.wikidata.org/entity/Q36495>	<http://www.wikidata.org/entity/Q1860>	1973	1059	124	137	0	79	1160	1160
Southern Min	Estonian	45	34	<http://www.wikidata.org/entity/Q36495>	<http://www.wikidata.org/entity/Q9072>	1973	455	0	0	0	13	468	468
Southern Min	Finnish	45	42	<http://www.wikidata.org/entity/Q36495>	<http://www.wikidata.org/entity/Q1412>	1973	201	1	4	0	7	209	209
Southern Min	French	45	7	<http://www.wikidata.org/entity/Q36495>	<http://www.wikidata.org/entity/Q150>	1973	1013	5	26	0	47	1064	1064
Southern Min	Fula	45	26	<http://www.wikidata.org/entity/Q36495>	<http://www.wikidata.org/entity/Q33454>	1973	50	0	0	0	1	51	51
Southern Min	German	45	13	<http://www.wikidata.org/entity/Q36495>	<http://www.wikidata.org/entity/Q188>	1973	1025	6	23	0	49	1077	1077
Southern Min	Hausa	45	48	<http://www.wikidata.org/entity/Q36495>	<http://www.wikidata.org/entity/Q56475>	1973	217	0	0	0	19	236	236
Southern Min	Hebrew	45	29	<http://www.wikidata.org/entity/Q36495>	<http://www.wikidata.org/entity/Q9288>	1973	588	0	4	0	7	597	597
Southern Min	Hindustani	45	37	<http://www.wikidata.org/entity/Q36495>	<http://www.wikidata.org/entity/Q11051>	1973	294	1	5	0	6	301	301
Southern Min	Igbo	45	32	<http://www.wikidata.org/entity/Q36495>	<http://www.wikidata.org/entity/Q33578>	1973	339	0	0	0	22	361	361
Southern Min	Italian	45	10	<http://www.wikidata.org/entity/Q36495>	<http://www.wikidata.org/entity/Q652>	1973	968	12	31	0	17	991	991
Southern Min	Japanese	45	5	<http://www.wikidata.org/entity/Q36495>	<http://www.wikidata.org/entity/Q5287>	1973	865	7	18	0	47	915	915
Southern Min	Klingon	45	43	<http://www.wikidata.org/entity/Q36495>	<http://www.wikidata.org/entity/Q10134>	1973	392	0	1	0	27	419	419
Southern Min	Korean	45	50	<http://www.wikidata.org/entity/Q36495>	<http://www.wikidata.org/entity/Q9176>	1973	141	0	0	0	13	154	154
Southern Min	Latin	45	39	<http://www.wikidata.org/entity/Q36495>	<http://www.wikidata.org/entity/Q397>	1973	313	0	8	0	6	320	320
Southern Min	Malay	45	33	<http://www.wikidata.org/entity/Q36495>	<http://www.wikidata.org/entity/Q9237>	1973	437	12	22	0	20	461	461
Southern Min	Malayalam	45	23	<http://www.wikidata.org/entity/Q36495>	<http://www.wikidata.org/entity/Q36236>	1973	560	1	36	0	4	567	567
Southern Min	Mon	45	30	<http://www.wikidata.org/entity/Q36495>	<http://www.wikidata.org/entity/Q13349>	1973	13	0	0	0	0	13	13
Southern Min	New Persian	45	24	<http://www.wikidata.org/entity/Q36495>	<http://www.wikidata.org/entity/Q56356571>	1973	484	1	1	0	11	495	495
Southern Min	Northern Sami	45	25	<http://www.wikidata.org/entity/Q36495>	<http://www.wikidata.org/entity/Q33947>	1973	14	0	0	0	2	16	16
Southern Min	Nynorsk	45	8	<http://www.wikidata.org/entity/Q36495>	<http://www.wikidata.org/entity/Q25164>	1973	850	2	7	0	20	873	873
Southern Min	Persian	45	15	<http://www.wikidata.org/entity/Q36495>	<http://www.wikidata.org/entity/Q9168>	1973	35	0	0	0	4	39	39
Southern Min	Polish	45	36	<http://www.wikidata.org/entity/Q36495>	<http://www.wikidata.org/entity/Q809>	1973	186	0	4	0	0	187	187
Southern Min	Portuguese	45	1	<http://www.wikidata.org/entity/Q36495>	<http://www.wikidata.org/entity/Q5146>	1973	435	3	22	0	21	460	460
Southern Min	Punjabi	45	27	<http://www.wikidata.org/entity/Q36495>	<http://www.wikidata.org/entity/Q58635>	1973	571	0	0	0	25	596	596
Southern Min	Quechua	45	44	<http://www.wikidata.org/entity/Q36495>	<http://www.wikidata.org/entity/Q5218>	1973	12	0	5	0	0	13	13
Southern Min	Russian	45	17	<http://www.wikidata.org/entity/Q36495>	<http://www.wikidata.org/entity/Q7737>	1973	929	2	13	0	10	944	944
Southern Min	Sanskrit	45	47	<http://www.wikidata.org/entity/Q36495>	<http://www.wikidata.org/entity/Q11059>	1973	172	0	2	0	12	184	184
Southern Min	Spanish	45	12	<http://www.wikidata.org/entity/Q36495>	<http://www.wikidata.org/entity/Q1321>	1973	871	4	31	0	10	885	885
Southern Min	Standard Chinese	45	35	<http://www.wikidata.org/entity/Q36495>	<http://www.wikidata.org/entity/Q727694>	1973	255	49	58	0	30	295	295
Southern Min	Sumerian	45	18	<http://www.wikidata.org/entity/Q36495>	<http://www.wikidata.org/entity/Q36790>	1973	360	2	3	0	37	398	398
Southern Min	Swedish	45	4	<http://www.wikidata.org/entity/Q36495>	<http://www.wikidata.org/entity/Q9027>	1973	869	0	0	0	27	896	896
Southern Min	Turkish	45	40	<http://www.wikidata.org/entity/Q36495>	<http://www.wikidata.org/entity/Q256>	1973	312	0	5	0	12	324	324
Southern Min	Ugaritic	45	38	<http://www.wikidata.org/entity/Q36495>	<http://www.wikidata.org/entity/Q36928>	1973	174	0	0	0	0	174	174
Spanish	Akkadian	12	19	<http://www.wikidata.org/entity/Q1321>	<http://www.wikidata.org/entity/Q35518>	20953	595	0	0	0	32	627	627
Spanish	Albanian	12	28	<http://www.wikidata.org/entity/Q1321>	<http://www.wikidata.org/entity/Q8748>	20953	187	0	1	3	3	193	193
Spanish	Arabic	12	20	<http://www.wikidata.org/entity/Q1321>	<http://www.wikidata.org/entity/Q13955>	20953	384	3	10	3	12	399	399
Spanish	Aragonese	12	6	<http://www.wikidata.org/entity/Q1321>	<http://www.wikidata.org/entity/Q8765>	20953	98	32	34	0	2	114	114
Spanish	Bangla	12	21	<http://www.wikidata.org/entity/Q1321>	<http://www.wikidata.org/entity/Q9610>	20953	637	1	9	8	34	678	678
Spanish	Banjar	12	46	<http://www.wikidata.org/entity/Q1321>	<http://www.wikidata.org/entity/Q33151>	20953	59	2	8	0	0	63	63
Spanish	Basque	12	9	<http://www.wikidata.org/entity/Q1321>	<http://www.wikidata.org/entity/Q8752>	20953	855	19	27	0	0	855	855
Spanish	Bokmål	12	3	<http://www.wikidata.org/entity/Q1321>	<http://www.wikidata.org/entity/Q25167>	20953	3226	14	25	307	33	3527	3527
Spanish	Breton	12	31	<http://www.wikidata.org/entity/Q1321>	<http://www.wikidata.org/entity/Q12107>	20953	1347	3	16	5	32	1381	1381
Spanish	Central Bikol	12	49	<http://www.wikidata.org/entity/Q1321>	<http://www.wikidata.org/entity/Q33284>	20953	16	0	0	0	0	16	16
Spanish	Czech	12	11	<http://www.wikidata.org/entity/Q1321>	<http://www.wikidata.org/entity/Q9056>	20953	1498	29	59	27	7	1526	1526
Spanish	Dagbanli	12	22	<http://www.wikidata.org/entity/Q1321>	<http://www.wikidata.org/entity/Q32238>	20953	602	5	16	0	6	617	617
Spanish	Danish	12	14	<http://www.wikidata.org/entity/Q1321>	<http://www.wikidata.org/entity/Q9035>	20953	2508	22	43	180	25	2703	2703
Spanish	Dutch	12	41	<http://www.wikidata.org/entity/Q1321>	<http://www.wikidata.org/entity/Q7411>	20953	621	2	15	216	3	837	837
Spanish	Egyptian	12	16	<http://www.wikidata.org/entity/Q1321>	<http://www.wikidata.org/entity/Q50868>	20953	28	0	0	0	0	28	28
Spanish	English	12	2	<http://www.wikidata.org/entity/Q1321>	<http://www.wikidata.org/entity/Q1860>	20953	4174	445	481	165	72	4466	4466
Spanish	Estonian	12	34	<http://www.wikidata.org/entity/Q1321>	<http://www.wikidata.org/entity/Q9072>	20953	1020	2	9	1	18	1041	1041
Spanish	Finnish	12	42	<http://www.wikidata.org/entity/Q1321>	<http://www.wikidata.org/entity/Q1412>	20953	363	3	16	2	11	378	378
Spanish	French	12	7	<http://www.wikidata.org/entity/Q1321>	<http://www.wikidata.org/entity/Q150>	20953	3436	147	205	254	51	3732	3732
Spanish	Fula	12	26	<http://www.wikidata.org/entity/Q1321>	<http://www.wikidata.org/entity/Q33454>	20953	78	0	0	0	2	80	80
Spanish	German	12	13	<http://www.wikidata.org/entity/Q1321>	<http://www.wikidata.org/entity/Q188>	20953	3030	70	131	156	53	3213	3213
Spanish	Hausa	12	48	<http://www.wikidata.org/entity/Q1321>	<http://www.wikidata.org/entity/Q56475>	20953	356	0	0	1	16	373	373
Spanish	Hebrew	12	29	<http://www.wikidata.org/entity/Q1321>	<http://www.wikidata.org/entity/Q9288>	20953	1812	1	7	3	15	1832	1832
Spanish	Hindustani	12	37	<http://www.wikidata.org/entity/Q1321>	<http://www.wikidata.org/entity/Q11051>	20953	524	1	3	3	12	537	537
Spanish	Igbo	12	32	<http://www.wikidata.org/entity/Q1321>	<http://www.wikidata.org/entity/Q33578>	20953	626	0	2	0	26	653	653
Spanish	Italian	12	10	<http://www.wikidata.org/entity/Q1321>	<http://www.wikidata.org/entity/Q652>	20953	3702	161	203	228	30	3978	3978
Spanish	Japanese	12	5	<http://www.wikidata.org/entity/Q1321>	<http://www.wikidata.org/entity/Q5287>	20953	2042	4	36	9	34	2090	2090
Spanish	Klingon	12	43	<http://www.wikidata.org/entity/Q1321>	<http://www.wikidata.org/entity/Q10134>	20953	644	0	2	3	22	669	669
Spanish	Korean	12	50	<http://www.wikidata.org/entity/Q1321>	<http://www.wikidata.org/entity/Q9176>	20953	357	5	8	0	15	372	372
Spanish	Latin	12	39	<http://www.wikidata.org/entity/Q1321>	<http://www.wikidata.org/entity/Q397>	20953	744	21	48	2	19	774	774
Spanish	Malay	12	33	<http://www.wikidata.org/entity/Q1321>	<http://www.wikidata.org/entity/Q9237>	20953	1127	9	34	1	24	1157	1157
Spanish	Malayalam	12	23	<http://www.wikidata.org/entity/Q1321>	<http://www.wikidata.org/entity/Q36236>	20953	1764	34	67	0	13	1780	1780
Spanish	Mon	12	30	<http://www.wikidata.org/entity/Q1321>	<http://www.wikidata.org/entity/Q13349>	20953	10	0	0	0	0	10	10
Spanish	New Persian	12	24	<http://www.wikidata.org/entity/Q1321>	<http://www.wikidata.org/entity/Q56356571>	20953	1205	1	5	9	18	1230	1230
Spanish	Northern Sami	12	25	<http://www.wikidata.org/entity/Q1321>	<http://www.wikidata.org/entity/Q33947>	20953	16	1	1	0	1	17	17
Spanish	Nynorsk	12	8	<http://www.wikidata.org/entity/Q1321>	<http://www.wikidata.org/entity/Q25164>	20953	2504	13	24	173	26	2663	2663
Spanish	Persian	12	15	<http://www.wikidata.org/entity/Q1321>	<http://www.wikidata.org/entity/Q9168>	20953	145	0	0	0	5	150	150
Spanish	Polish	12	36	<http://www.wikidata.org/entity/Q1321>	<http://www.wikidata.org/entity/Q809>	20953	579	9	20	2	1	584	584
Spanish	Portuguese	12	1	<http://www.wikidata.org/entity/Q1321>	<http://www.wikidata.org/entity/Q5146>	20953	955	40	68	36	34	1038	1038
Spanish	Punjabi	12	27	<http://www.wikidata.org/entity/Q1321>	<http://www.wikidata.org/entity/Q58635>	20953	976	0	1	9	28	1010	1010
Spanish	Quechua	12	44	<http://www.wikidata.org/entity/Q1321>	<http://www.wikidata.org/entity/Q5218>	20953	24	3	3	0	0	25	25
Spanish	Russian	12	17	<http://www.wikidata.org/entity/Q1321>	<http://www.wikidata.org/entity/Q7737>	20953	2577	29	47	27	18	2617	2617
Spanish	Sanskrit	12	47	<http://www.wikidata.org/entity/Q1321>	<http://www.wikidata.org/entity/Q11059>	20953	256	0	0	0	8	264	264
Spanish	Southern Min	12	45	<http://www.wikidata.org/entity/Q1321>	<http://www.wikidata.org/entity/Q36495>	20953	926	3	26	0	10	940	940
Spanish	Standard Chinese	12	35	<http://www.wikidata.org/entity/Q1321>	<http://www.wikidata.org/entity/Q727694>	20953	584	20	38	0	19	614	614
Spanish	Sumerian	12	18	<http://www.wikidata.org/entity/Q1321>	<http://www.wikidata.org/entity/Q36790>	20953	686	0	1	0	32	718	718
Spanish	Swedish	12	4	<http://www.wikidata.org/entity/Q1321>	<http://www.wikidata.org/entity/Q9027>	20953	2890	23	33	276	43	3202	3202
Spanish	Turkish	12	40	<http://www.wikidata.org/entity/Q1321>	<http://www.wikidata.org/entity/Q256>	20953	540	0	8	4	29	572	572
Spanish	Ugaritic	12	38	<http://www.wikidata.org/entity/Q1321>	<http://www.wikidata.org/entity/Q36928>	20953	327	0	0	0	0	327	327
Standard Chinese	Akkadian	35	19	<http://www.wikidata.org/entity/Q727694>	<http://www.wikidata.org/entity/Q35518>	4417	430	0	6	0	71	501	501
Standard Chinese	Albanian	35	28	<http://www.wikidata.org/entity/Q727694>	<http://www.wikidata.org/entity/Q8748>	4417	130	0	0	0	3	133	133
Standard Chinese	Arabic	35	20	<http://www.wikidata.org/entity/Q727694>	<http://www.wikidata.org/entity/Q13955>	4417	346	0	11	0	18	366	366
Standard Chinese	Aragonese	35	6	<http://www.wikidata.org/entity/Q727694>	<http://www.wikidata.org/entity/Q8765>	4417	40	0	0	0	2	42	42
Standard Chinese	Bangla	35	21	<http://www.wikidata.org/entity/Q727694>	<http://www.wikidata.org/entity/Q9610>	4417	386	0	7	0	66	454	454
Standard Chinese	Banjar	35	46	<http://www.wikidata.org/entity/Q727694>	<http://www.wikidata.org/entity/Q33151>	4417	46	1	7	0	0	46	46
Standard Chinese	Basque	35	9	<http://www.wikidata.org/entity/Q727694>	<http://www.wikidata.org/entity/Q8752>	4417	247	3	6	0	7	254	254
Standard Chinese	Bokmål	35	3	<http://www.wikidata.org/entity/Q727694>	<http://www.wikidata.org/entity/Q25167>	4417	925	6	16	0	42	973	973
Standard Chinese	Breton	35	31	<http://www.wikidata.org/entity/Q727694>	<http://www.wikidata.org/entity/Q12107>	4417	549	0	1	0	54	604	604
Standard Chinese	Central Bikol	35	49	<http://www.wikidata.org/entity/Q727694>	<http://www.wikidata.org/entity/Q33284>	4417	27	0	0	0	0	27	27
Standard Chinese	Czech	35	11	<http://www.wikidata.org/entity/Q727694>	<http://www.wikidata.org/entity/Q9056>	4417	509	2	25	0	10	523	523
Standard Chinese	Dagbanli	35	22	<http://www.wikidata.org/entity/Q727694>	<http://www.wikidata.org/entity/Q32238>	4417	340	0	0	0	5	345	345
Standard Chinese	Danish	35	14	<http://www.wikidata.org/entity/Q727694>	<http://www.wikidata.org/entity/Q9035>	4417	738	3	15	0	33	773	773
Standard Chinese	Dutch	35	41	<http://www.wikidata.org/entity/Q727694>	<http://www.wikidata.org/entity/Q7411>	4417	323	0	8	0	10	336	336
Standard Chinese	Egyptian	35	16	<http://www.wikidata.org/entity/Q727694>	<http://www.wikidata.org/entity/Q50868>	4417	21	0	0	0	0	21	21
Standard Chinese	English	35	2	<http://www.wikidata.org/entity/Q727694>	<http://www.wikidata.org/entity/Q1860>	4417	1068	146	162	0	167	1288	1288
Standard Chinese	Estonian	35	34	<http://www.wikidata.org/entity/Q727694>	<http://www.wikidata.org/entity/Q9072>	4417	514	0	1	0	26	541	541
Standard Chinese	Finnish	35	42	<http://www.wikidata.org/entity/Q727694>	<http://www.wikidata.org/entity/Q1412>	4417	304	0	6	0	17	321	321
Standard Chinese	French	35	7	<http://www.wikidata.org/entity/Q727694>	<http://www.wikidata.org/entity/Q150>	4417	947	7	39	0	93	1044	1044
Standard Chinese	Fula	35	26	<http://www.wikidata.org/entity/Q727694>	<http://www.wikidata.org/entity/Q33454>	4417	99	0	0	0	2	101	101
Standard Chinese	German	35	13	<http://www.wikidata.org/entity/Q727694>	<http://www.wikidata.org/entity/Q188>	4417	946	19	52	0	88	1050	1050
Standard Chinese	Hausa	35	48	<http://www.wikidata.org/entity/Q727694>	<http://www.wikidata.org/entity/Q56475>	4417	236	0	0	0	41	277	277
Standard Chinese	Hebrew	35	29	<http://www.wikidata.org/entity/Q727694>	<http://www.wikidata.org/entity/Q9288>	4417	667	0	10	0	18	685	685
Standard Chinese	Hindustani	35	37	<http://www.wikidata.org/entity/Q727694>	<http://www.wikidata.org/entity/Q11051>	4417	409	6	21	0	32	447	447
Standard Chinese	Igbo	35	32	<http://www.wikidata.org/entity/Q727694>	<http://www.wikidata.org/entity/Q33578>	4417	403	0	0	0	49	452	452
Standard Chinese	Italian	35	10	<http://www.wikidata.org/entity/Q727694>	<http://www.wikidata.org/entity/Q652>	4417	980	11	41	0	46	1035	1035
Standard Chinese	Japanese	35	5	<http://www.wikidata.org/entity/Q727694>	<http://www.wikidata.org/entity/Q5287>	4417	842	20	43	0	115	971	971
Standard Chinese	Klingon	35	43	<http://www.wikidata.org/entity/Q727694>	<http://www.wikidata.org/entity/Q10134>	4417	345	1	8	0	48	397	397
Standard Chinese	Korean	35	50	<http://www.wikidata.org/entity/Q727694>	<http://www.wikidata.org/entity/Q9176>	4417	231	2	3	0	18	249	249
Standard Chinese	Latin	35	39	<http://www.wikidata.org/entity/Q727694>	<http://www.wikidata.org/entity/Q397>	4417	417	1	9	0	17	434	434
Standard Chinese	Malay	35	33	<http://www.wikidata.org/entity/Q727694>	<http://www.wikidata.org/entity/Q9237>	4417	619	24	45	0	71	702	702
Standard Chinese	Malayalam	35	23	<http://www.wikidata.org/entity/Q727694>	<http://www.wikidata.org/entity/Q36236>	4417	673	11	54	0	17	700	700
Standard Chinese	Mon	35	30	<http://www.wikidata.org/entity/Q727694>	<http://www.wikidata.org/entity/Q13349>	4417	14	0	0	0	0	14	14
Standard Chinese	New Persian	35	24	<http://www.wikidata.org/entity/Q727694>	<http://www.wikidata.org/entity/Q56356571>	4417	652	0	5	0	39	691	691
Standard Chinese	Northern Sami	35	25	<http://www.wikidata.org/entity/Q727694>	<http://www.wikidata.org/entity/Q33947>	4417	26	0	0	0	1	27	27
Standard Chinese	Nynorsk	35	8	<http://www.wikidata.org/entity/Q727694>	<http://www.wikidata.org/entity/Q25164>	4417	740	8	16	0	32	778	778
Standard Chinese	Persian	35	15	<http://www.wikidata.org/entity/Q727694>	<http://www.wikidata.org/entity/Q9168>	4417	29	0	0	0	17	46	46
Standard Chinese	Polish	35	36	<http://www.wikidata.org/entity/Q727694>	<http://www.wikidata.org/entity/Q809>	4417	337	1	4	0	2	340	340
Standard Chinese	Portuguese	35	1	<http://www.wikidata.org/entity/Q727694>	<http://www.wikidata.org/entity/Q5146>	4417	521	9	35	0	63	586	586
Standard Chinese	Punjabi	35	27	<http://www.wikidata.org/entity/Q727694>	<http://www.wikidata.org/entity/Q58635>	4417	600	0	0	0	86	686	686
Standard Chinese	Quechua	35	44	<http://www.wikidata.org/entity/Q727694>	<http://www.wikidata.org/entity/Q5218>	4417	16	1	10	0	0	17	17
Standard Chinese	Russian	35	17	<http://www.wikidata.org/entity/Q727694>	<http://www.wikidata.org/entity/Q7737>	4417	829	10	28	0	36	877	877
Standard Chinese	Sanskrit	35	47	<http://www.wikidata.org/entity/Q727694>	<http://www.wikidata.org/entity/Q11059>	4417	255	0	0	0	29	284	284
Standard Chinese	Southern Min	35	45	<http://www.wikidata.org/entity/Q727694>	<http://www.wikidata.org/entity/Q36495>	4417	274	80	95	0	44	351	351
Standard Chinese	Spanish	35	12	<http://www.wikidata.org/entity/Q727694>	<http://www.wikidata.org/entity/Q1321>	4417	619	25	52	0	26	660	660
Standard Chinese	Sumerian	35	18	<http://www.wikidata.org/entity/Q727694>	<http://www.wikidata.org/entity/Q36790>	4417	439	6	6	0	97	536	536
Standard Chinese	Swedish	35	4	<http://www.wikidata.org/entity/Q727694>	<http://www.wikidata.org/entity/Q9027>	4417	911	1	7	0	74	985	985
Standard Chinese	Turkish	35	40	<http://www.wikidata.org/entity/Q727694>	<http://www.wikidata.org/entity/Q256>	4417	351	0	9	0	63	414	414
Standard Chinese	Ugaritic	35	38	<http://www.wikidata.org/entity/Q727694>	<http://www.wikidata.org/entity/Q36928>	4417	281	0	0	0	0	281	281
Sumerian	Akkadian	18	19	<http://www.wikidata.org/entity/Q36790>	<http://www.wikidata.org/entity/Q35518>	17051	5077	2521	2521	0	516	6430	6430
Sumerian	Albanian	18	28	<http://www.wikidata.org/entity/Q36790>	<http://www.wikidata.org/entity/Q8748>	17051	695	0	0	0	12	707	707
Sumerian	Arabic	18	20	<http://www.wikidata.org/entity/Q36790>	<http://www.wikidata.org/entity/Q13955>	17051	918	1	2	0	85	1003	1003
Sumerian	Aragonese	18	6	<http://www.wikidata.org/entity/Q36790>	<http://www.wikidata.org/entity/Q8765>	17051	69	0	0	0	5	74	74
Sumerian	Bangla	18	21	<http://www.wikidata.org/entity/Q36790>	<http://www.wikidata.org/entity/Q9610>	17051	1880	0	0	0	230	2110	2110
Sumerian	Banjar	18	46	<http://www.wikidata.org/entity/Q36790>	<http://www.wikidata.org/entity/Q33151>	17051	176	0	0	0	4	180	180
Sumerian	Basque	18	9	<http://www.wikidata.org/entity/Q36790>	<http://www.wikidata.org/entity/Q8752>	17051	1035	1	1	0	6	1041	1041
Sumerian	Bokmål	18	3	<http://www.wikidata.org/entity/Q36790>	<http://www.wikidata.org/entity/Q25167>	17051	4401	1	1	0	126	4527	4527
Sumerian	Breton	18	31	<http://www.wikidata.org/entity/Q36790>	<http://www.wikidata.org/entity/Q12107>	17051	3308	0	0	0	132	3440	3440
Sumerian	Central Bikol	18	49	<http://www.wikidata.org/entity/Q36790>	<http://www.wikidata.org/entity/Q33284>	17051	69	0	0	0	0	69	69
Sumerian	Czech	18	11	<http://www.wikidata.org/entity/Q36790>	<http://www.wikidata.org/entity/Q9056>	17051	1697	1	1	0	23	1720	1720
Sumerian	Dagbanli	18	22	<http://www.wikidata.org/entity/Q36790>	<http://www.wikidata.org/entity/Q32238>	17051	2479	1	1	0	29	2508	2508
Sumerian	Danish	18	14	<http://www.wikidata.org/entity/Q36790>	<http://www.wikidata.org/entity/Q9035>	17051	3496	0	0	0	114	3610	3610
Sumerian	Dutch	18	41	<http://www.wikidata.org/entity/Q36790>	<http://www.wikidata.org/entity/Q7411>	17051	969	0	0	0	40	1009	1009
Sumerian	Egyptian	18	16	<http://www.wikidata.org/entity/Q36790>	<http://www.wikidata.org/entity/Q50868>	17051	398	0	1	0	12	410	410
Sumerian	English	18	2	<http://www.wikidata.org/entity/Q36790>	<http://www.wikidata.org/entity/Q1860>	17051	5535	1	3	0	542	6077	6077
Sumerian	Estonian	18	34	<http://www.wikidata.org/entity/Q36790>	<http://www.wikidata.org/entity/Q9072>	17051	2649	0	0	0	70	2719	2719
Sumerian	Finnish	18	42	<http://www.wikidata.org/entity/Q36790>	<http://www.wikidata.org/entity/Q1412>	17051	1485	1	1	0	52	1537	1537
Sumerian	French	18	7	<http://www.wikidata.org/entity/Q36790>	<http://www.wikidata.org/entity/Q150>	17051	4323	1	1	0	297	4620	4620
Sumerian	Fula	18	26	<http://www.wikidata.org/entity/Q36790>	<http://www.wikidata.org/entity/Q33454>	17051	448	0	0	0	5	453	453
Sumerian	German	18	13	<http://www.wikidata.org/entity/Q36790>	<http://www.wikidata.org/entity/Q188>	17051	4366	0	1	0	306	4672	4672
Sumerian	Hausa	18	48	<http://www.wikidata.org/entity/Q36790>	<http://www.wikidata.org/entity/Q56475>	17051	1793	0	0	0	194	1987	1987
Sumerian	Hebrew	18	29	<http://www.wikidata.org/entity/Q36790>	<http://www.wikidata.org/entity/Q9288>	17051	3048	1	2	0	60	3108	3108
Sumerian	Hindustani	18	37	<http://www.wikidata.org/entity/Q36790>	<http://www.wikidata.org/entity/Q11051>	17051	1828	0	1	0	92	1920	1920
Sumerian	Igbo	18	32	<http://www.wikidata.org/entity/Q36790>	<http://www.wikidata.org/entity/Q33578>	17051	2617	0	0	0	139	2756	2756
Sumerian	Italian	18	10	<http://www.wikidata.org/entity/Q36790>	<http://www.wikidata.org/entity/Q652>	17051	4709	1	2	0	115	4825	4825
Sumerian	Japanese	18	5	<http://www.wikidata.org/entity/Q36790>	<http://www.wikidata.org/entity/Q5287>	17051	3496	2	2	0	301	3797	3797
Sumerian	Klingon	18	43	<http://www.wikidata.org/entity/Q36790>	<http://www.wikidata.org/entity/Q10134>	17051	1900	0	0	0	137	2037	2037
Sumerian	Korean	18	50	<http://www.wikidata.org/entity/Q36790>	<http://www.wikidata.org/entity/Q9176>	17051	301	1	1	0	78	379	379
Sumerian	Latin	18	39	<http://www.wikidata.org/entity/Q36790>	<http://www.wikidata.org/entity/Q397>	17051	2411	1	2	0	38	2449	2449
Sumerian	Malay	18	33	<http://www.wikidata.org/entity/Q36790>	<http://www.wikidata.org/entity/Q9237>	17051	2581	1	2	0	234	2815	2815
Sumerian	Malayalam	18	23	<http://www.wikidata.org/entity/Q36790>	<http://www.wikidata.org/entity/Q36236>	17051	2789	1	1	0	74	2863	2863
Sumerian	Mon	18	30	<http://www.wikidata.org/entity/Q36790>	<http://www.wikidata.org/entity/Q13349>	17051	11	0	0	0	0	11	11
Sumerian	New Persian	18	24	<http://www.wikidata.org/entity/Q36790>	<http://www.wikidata.org/entity/Q56356571>	17051	2572	0	0	0	112	2684	2684
Sumerian	Northern Sami	18	25	<http://www.wikidata.org/entity/Q36790>	<http://www.wikidata.org/entity/Q33947>	17051	34	0	0	0	2	36	36
Sumerian	Nynorsk	18	8	<http://www.wikidata.org/entity/Q36790>	<http://www.wikidata.org/entity/Q25164>	17051	3369	1	1	0	87	3456	3456
Sumerian	Persian	18	15	<http://www.wikidata.org/entity/Q36790>	<http://www.wikidata.org/entity/Q9168>	17051	132	0	0	0	48	180	180
Sumerian	Polish	18	36	<http://www.wikidata.org/entity/Q36790>	<http://www.wikidata.org/entity/Q809>	17051	864	0	1	0	1	865	865
Sumerian	Portuguese	18	1	<http://www.wikidata.org/entity/Q36790>	<http://www.wikidata.org/entity/Q5146>	17051	2559	3	3	0	158	2717	2717
Sumerian	Punjabi	18	27	<http://www.wikidata.org/entity/Q36790>	<http://www.wikidata.org/entity/Q58635>	17051	2653	0	0	0	199	2852	2852
Sumerian	Quechua	18	44	<http://www.wikidata.org/entity/Q36790>	<http://www.wikidata.org/entity/Q5218>	17051	27	1	1	0	0	27	27
Sumerian	Russian	18	17	<http://www.wikidata.org/entity/Q36790>	<http://www.wikidata.org/entity/Q7737>	17051	3803	1	1	0	63	3866	3866
Sumerian	Sanskrit	18	47	<http://www.wikidata.org/entity/Q36790>	<http://www.wikidata.org/entity/Q11059>	17051	798	0	1	0	110	908	908
Sumerian	Southern Min	18	45	<http://www.wikidata.org/entity/Q36790>	<http://www.wikidata.org/entity/Q36495>	17051	1184	1	2	0	76	1260	1260
Sumerian	Spanish	18	12	<http://www.wikidata.org/entity/Q36790>	<http://www.wikidata.org/entity/Q1321>	17051	2220	0	1	0	68	2288	2288
Sumerian	Standard Chinese	18	35	<http://www.wikidata.org/entity/Q36790>	<http://www.wikidata.org/entity/Q727694>	17051	1342	1	1	0	167	1509	1509
Sumerian	Swedish	18	4	<http://www.wikidata.org/entity/Q36790>	<http://www.wikidata.org/entity/Q9027>	17051	3986	0	0	0	234	4220	4220
Sumerian	Turkish	18	40	<http://www.wikidata.org/entity/Q36790>	<http://www.wikidata.org/entity/Q256>	17051	1575	0	0	0	212	1787	1787
Sumerian	Ugaritic	18	38	<http://www.wikidata.org/entity/Q36790>	<http://www.wikidata.org/entity/Q36928>	17051	2991	0	0	0	0	2991	2991
Swedish	Akkadian	4	19	<http://www.wikidata.org/entity/Q9027>	<http://www.wikidata.org/entity/Q35518>	38988	1274	0	0	0	99	1373	1373
Swedish	Albanian	4	28	<http://www.wikidata.org/entity/Q9027>	<http://www.wikidata.org/entity/Q8748>	38988	327	0	1	2	3	331	331
Swedish	Arabic	4	20	<http://www.wikidata.org/entity/Q9027>	<http://www.wikidata.org/entity/Q13955>	38988	659	1	3	3	14	675	675
Swedish	Aragonese	4	6	<http://www.wikidata.org/entity/Q9027>	<http://www.wikidata.org/entity/Q8765>	38988	59	0	0	0	2	61	61
Swedish	Bangla	4	21	<http://www.wikidata.org/entity/Q9027>	<http://www.wikidata.org/entity/Q9610>	38988	906	2	8	13	84	1004	1004
Swedish	Banjar	4	46	<http://www.wikidata.org/entity/Q9027>	<http://www.wikidata.org/entity/Q33151>	38988	114	2	2	0	1	115	115
Swedish	Basque	4	9	<http://www.wikidata.org/entity/Q9027>	<http://www.wikidata.org/entity/Q8752>	38988	1461	1	3	0	1	1462	1462
Swedish	Bokmål	4	3	<http://www.wikidata.org/entity/Q9027>	<http://www.wikidata.org/entity/Q25167>	38988	7220	86	102	469	102	7830	7830
Swedish	Breton	4	31	<http://www.wikidata.org/entity/Q9027>	<http://www.wikidata.org/entity/Q12107>	38988	1733	2	4	4	54	1791	1791
Swedish	Central Bikol	4	49	<http://www.wikidata.org/entity/Q9027>	<http://www.wikidata.org/entity/Q33284>	38988	35	0	0	0	0	35	35
Swedish	Czech	4	11	<http://www.wikidata.org/entity/Q9027>	<http://www.wikidata.org/entity/Q9056>	38988	1895	8	17	38	11	1942	1942
Swedish	Dagbanli	4	22	<http://www.wikidata.org/entity/Q9027>	<http://www.wikidata.org/entity/Q32238>	38988	1010	0	4	0	9	1019	1019
Swedish	Danish	4	14	<http://www.wikidata.org/entity/Q9027>	<http://www.wikidata.org/entity/Q9035>	38988	5106	124	135	260	58	5484	5484
Swedish	Dutch	4	41	<http://www.wikidata.org/entity/Q9027>	<http://www.wikidata.org/entity/Q7411>	38988	1051	2	7	300	8	1354	1354
Swedish	Egyptian	4	16	<http://www.wikidata.org/entity/Q9027>	<http://www.wikidata.org/entity/Q50868>	38988	43	0	0	0	3	46	46
Swedish	English	4	2	<http://www.wikidata.org/entity/Q9027>	<http://www.wikidata.org/entity/Q1860>	38988	7634	99	127	205	251	8111	8111
Swedish	Estonian	4	34	<http://www.wikidata.org/entity/Q9027>	<http://www.wikidata.org/entity/Q9072>	38988	2150	1	4	1	34	2186	2186
Swedish	Finnish	4	42	<http://www.wikidata.org/entity/Q9027>	<http://www.wikidata.org/entity/Q1412>	38988	1865	41	44	2	21	1913	1913
Swedish	French	4	7	<http://www.wikidata.org/entity/Q9027>	<http://www.wikidata.org/entity/Q150>	38988	6551	23	42	359	131	7016	7016
Swedish	Fula	4	26	<http://www.wikidata.org/entity/Q9027>	<http://www.wikidata.org/entity/Q33454>	38988	152	0	0	0	2	154	154
Swedish	German	4	13	<http://www.wikidata.org/entity/Q9027>	<http://www.wikidata.org/entity/Q188>	38988	6209	47	80	204	138	6543	6543
Swedish	Hausa	4	48	<http://www.wikidata.org/entity/Q9027>	<http://www.wikidata.org/entity/Q56475>	38988	577	0	0	1	46	623	623
Swedish	Hebrew	4	29	<http://www.wikidata.org/entity/Q9027>	<http://www.wikidata.org/entity/Q9288>	38988	3236	0	3	7	23	3267	3267
Swedish	Hindustani	4	37	<http://www.wikidata.org/entity/Q9027>	<http://www.wikidata.org/entity/Q11051>	38988	800	0	2	2	30	833	833
Swedish	Igbo	4	32	<http://www.wikidata.org/entity/Q9027>	<http://www.wikidata.org/entity/Q33578>	38988	1197	0	1	0	51	1248	1248
Swedish	Italian	4	10	<http://www.wikidata.org/entity/Q9027>	<http://www.wikidata.org/entity/Q652>	38988	6376	12	28	294	44	6720	6720
Swedish	Japanese	4	5	<http://www.wikidata.org/entity/Q9027>	<http://www.wikidata.org/entity/Q5287>	38988	3881	0	6	12	101	3993	3993
Swedish	Klingon	4	43	<http://www.wikidata.org/entity/Q9027>	<http://www.wikidata.org/entity/Q10134>	38988	897	1	2	4	52	954	954
Swedish	Korean	4	50	<http://www.wikidata.org/entity/Q9027>	<http://www.wikidata.org/entity/Q9176>	38988	492	1	1	0	41	533	533
Swedish	Latin	4	39	<http://www.wikidata.org/entity/Q9027>	<http://www.wikidata.org/entity/Q397>	38988	1197	1	5	1	11	1209	1209
Swedish	Malay	4	33	<http://www.wikidata.org/entity/Q9027>	<http://www.wikidata.org/entity/Q9237>	38988	1996	1	4	1	80	2076	2076
Swedish	Malayalam	4	23	<http://www.wikidata.org/entity/Q9027>	<http://www.wikidata.org/entity/Q36236>	38988	2742	2	8	0	23	2765	2765
Swedish	Mon	4	30	<http://www.wikidata.org/entity/Q9027>	<http://www.wikidata.org/entity/Q13349>	38988	16	0	0	0	0	16	16
Swedish	New Persian	4	24	<http://www.wikidata.org/entity/Q9027>	<http://www.wikidata.org/entity/Q56356571>	38988	2037	0	2	17	40	2093	2093
Swedish	Northern Sami	4	25	<http://www.wikidata.org/entity/Q9027>	<http://www.wikidata.org/entity/Q33947>	38988	29	0	3	0	1	30	30
Swedish	Nynorsk	4	8	<http://www.wikidata.org/entity/Q9027>	<http://www.wikidata.org/entity/Q25164>	38988	5259	51	74	240	65	5581	5581
Swedish	Persian	4	15	<http://www.wikidata.org/entity/Q9027>	<http://www.wikidata.org/entity/Q9168>	38988	334	0	0	0	14	348	348
Swedish	Polish	4	36	<http://www.wikidata.org/entity/Q9027>	<http://www.wikidata.org/entity/Q809>	38988	793	4	10	2	1	797	797
Swedish	Portuguese	4	1	<http://www.wikidata.org/entity/Q9027>	<http://www.wikidata.org/entity/Q5146>	38988	1887	2	13	45	61	1990	1990
Swedish	Punjabi	4	27	<http://www.wikidata.org/entity/Q9027>	<http://www.wikidata.org/entity/Q58635>	38988	1512	1	2	11	77	1601	1601
Swedish	Quechua	4	44	<http://www.wikidata.org/entity/Q9027>	<http://www.wikidata.org/entity/Q5218>	38988	24	0	1	0	0	25	25
Swedish	Russian	4	17	<http://www.wikidata.org/entity/Q9027>	<http://www.wikidata.org/entity/Q7737>	38988	4548	3	14	32	33	4612	4612
Swedish	Sanskrit	4	47	<http://www.wikidata.org/entity/Q9027>	<http://www.wikidata.org/entity/Q11059>	38988	385	0	0	0	25	410	410
Swedish	Southern Min	4	45	<http://www.wikidata.org/entity/Q9027>	<http://www.wikidata.org/entity/Q36495>	38988	819	0	0	0	24	843	843
Swedish	Spanish	4	12	<http://www.wikidata.org/entity/Q9027>	<http://www.wikidata.org/entity/Q1321>	38988	2635	21	32	380	39	3046	3046
Swedish	Standard Chinese	4	35	<http://www.wikidata.org/entity/Q9027>	<http://www.wikidata.org/entity/Q727694>	38988	827	1	5	0	55	883	883
Swedish	Sumerian	4	18	<http://www.wikidata.org/entity/Q9027>	<http://www.wikidata.org/entity/Q36790>	38988	1367	0	0	0	103	1470	1470
Swedish	Turkish	4	40	<http://www.wikidata.org/entity/Q9027>	<http://www.wikidata.org/entity/Q256>	38988	825	0	2	2	64	892	892
Swedish	Ugaritic	4	38	<http://www.wikidata.org/entity/Q9027>	<http://www.wikidata.org/entity/Q36928>	38988	620	0	0	0	0	620	620
Turkish	Akkadian	40	19	<http://www.wikidata.org/entity/Q256>	<http://www.wikidata.org/entity/Q35518>	2630	356	0	0	0	97	453	453
Turkish	Albanian	40	28	<http://www.wikidata.org/entity/Q256>	<http://www.wikidata.org/entity/Q8748>	2630	159	23	24	0	2	172	172
Turkish	Arabic	40	20	<http://www.wikidata.org/entity/Q256>	<http://www.wikidata.org/entity/Q13955>	2630	306	8	9	0	24	336	336
Turkish	Aragonese	40	6	<http://www.wikidata.org/entity/Q256>	<http://www.wikidata.org/entity/Q8765>	2630	46	0	0	0	2	48	48
Turkish	Bangla	40	21	<http://www.wikidata.org/entity/Q256>	<http://www.wikidata.org/entity/Q9610>	2630	309	1	4	0	58	369	369
Turkish	Banjar	40	46	<http://www.wikidata.org/entity/Q256>	<http://www.wikidata.org/entity/Q33151>	2630	38	0	0	0	0	38	38
Turkish	Basque	40	9	<http://www.wikidata.org/entity/Q256>	<http://www.wikidata.org/entity/Q8752>	2630	227	0	1	0	3	230	230
Turkish	Bokmål	40	3	<http://www.wikidata.org/entity/Q256>	<http://www.wikidata.org/entity/Q25167>	2630	789	1	2	1	42	832	832
Turkish	Breton	40	31	<http://www.wikidata.org/entity/Q256>	<http://www.wikidata.org/entity/Q12107>	2630	474	0	0	0	40	513	513
Turkish	Central Bikol	40	49	<http://www.wikidata.org/entity/Q256>	<http://www.wikidata.org/entity/Q33284>	2630	15	0	0	0	0	15	15
Turkish	Czech	40	11	<http://www.wikidata.org/entity/Q256>	<http://www.wikidata.org/entity/Q9056>	2630	305	0	5	1	3	308	308
Turkish	Dagbanli	40	22	<http://www.wikidata.org/entity/Q256>	<http://www.wikidata.org/entity/Q32238>	2630	267	0	0	0	11	278	278
Turkish	Danish	40	14	<http://www.wikidata.org/entity/Q256>	<http://www.wikidata.org/entity/Q9035>	2630	654	0	6	1	33	690	690
Turkish	Dutch	40	41	<http://www.wikidata.org/entity/Q256>	<http://www.wikidata.org/entity/Q7411>	2630	228	0	2	1	5	233	233
Turkish	Egyptian	40	16	<http://www.wikidata.org/entity/Q256>	<http://www.wikidata.org/entity/Q50868>	2630	25	0	0	0	1	26	26
Turkish	English	40	2	<http://www.wikidata.org/entity/Q256>	<http://www.wikidata.org/entity/Q1860>	2630	1013	38	40	1	148	1167	1167
Turkish	Estonian	40	34	<http://www.wikidata.org/entity/Q256>	<http://www.wikidata.org/entity/Q9072>	2630	469	0	1	0	34	503	503
Turkish	Finnish	40	42	<http://www.wikidata.org/entity/Q256>	<http://www.wikidata.org/entity/Q1412>	2630	214	0	1	0	16	231	231
Turkish	French	40	7	<http://www.wikidata.org/entity/Q256>	<http://www.wikidata.org/entity/Q150>	2630	823	5	9	1	100	927	927
Turkish	Fula	40	26	<http://www.wikidata.org/entity/Q256>	<http://www.wikidata.org/entity/Q33454>	2630	55	0	0	0	2	57	57
Turkish	German	40	13	<http://www.wikidata.org/entity/Q256>	<http://www.wikidata.org/entity/Q188>	2630	785	5	12	1	92	878	878
Turkish	Hausa	40	48	<http://www.wikidata.org/entity/Q256>	<http://www.wikidata.org/entity/Q56475>	2630	234	0	0	0	55	289	289
Turkish	Hebrew	40	29	<http://www.wikidata.org/entity/Q256>	<http://www.wikidata.org/entity/Q9288>	2630	557	1	1	0	27	585	585
Turkish	Hindustani	40	37	<http://www.wikidata.org/entity/Q256>	<http://www.wikidata.org/entity/Q11051>	2630	313	6	13	0	26	348	348
Turkish	Igbo	40	32	<http://www.wikidata.org/entity/Q256>	<http://www.wikidata.org/entity/Q33578>	2630	329	0	0	0	38	367	367
Turkish	Italian	40	10	<http://www.wikidata.org/entity/Q256>	<http://www.wikidata.org/entity/Q652>	2630	833	4	8	1	37	871	871
Turkish	Japanese	40	5	<http://www.wikidata.org/entity/Q256>	<http://www.wikidata.org/entity/Q5287>	2630	664	1	7	0	88	752	752
Turkish	Klingon	40	43	<http://www.wikidata.org/entity/Q256>	<http://www.wikidata.org/entity/Q10134>	2630	294	0	3	0	39	335	335
Turkish	Korean	40	50	<http://www.wikidata.org/entity/Q256>	<http://www.wikidata.org/entity/Q9176>	2630	126	0	0	0	27	153	153
Turkish	Latin	40	39	<http://www.wikidata.org/entity/Q256>	<http://www.wikidata.org/entity/Q397>	2630	286	0	1	0	15	301	301
Turkish	Malay	40	33	<http://www.wikidata.org/entity/Q256>	<http://www.wikidata.org/entity/Q9237>	2630	540	2	7	0	66	608	608
Turkish	Malayalam	40	23	<http://www.wikidata.org/entity/Q256>	<http://www.wikidata.org/entity/Q36236>	2630	482	0	6	0	20	503	503
Turkish	Mon	40	30	<http://www.wikidata.org/entity/Q256>	<http://www.wikidata.org/entity/Q13349>	2630	10	0	0	0	0	10	10
Turkish	New Persian	40	24	<http://www.wikidata.org/entity/Q256>	<http://www.wikidata.org/entity/Q56356571>	2630	603	20	22	0	42	659	659
Turkish	Northern Sami	40	25	<http://www.wikidata.org/entity/Q256>	<http://www.wikidata.org/entity/Q33947>	2630	12	0	0	0	1	13	13
Turkish	Nynorsk	40	8	<http://www.wikidata.org/entity/Q256>	<http://www.wikidata.org/entity/Q25164>	2630	642	0	0	1	28	670	670
Turkish	Persian	40	15	<http://www.wikidata.org/entity/Q256>	<http://www.wikidata.org/entity/Q9168>	2630	21	0	0	0	11	32	32
Turkish	Polish	40	36	<http://www.wikidata.org/entity/Q256>	<http://www.wikidata.org/entity/Q809>	2630	184	0	1	0	0	184	184
Turkish	Portuguese	40	1	<http://www.wikidata.org/entity/Q256>	<http://www.wikidata.org/entity/Q5146>	2630	456	0	1	1	44	499	499
Turkish	Punjabi	40	27	<http://www.wikidata.org/entity/Q256>	<http://www.wikidata.org/entity/Q58635>	2630	499	6	13	1	69	577	577
Turkish	Quechua	40	44	<http://www.wikidata.org/entity/Q256>	<http://www.wikidata.org/entity/Q5218>	2630	13	0	1	0	0	13	13
Turkish	Russian	40	17	<http://www.wikidata.org/entity/Q256>	<http://www.wikidata.org/entity/Q7737>	2630	694	3	7	0	23	718	718
Turkish	Sanskrit	40	47	<http://www.wikidata.org/entity/Q256>	<http://www.wikidata.org/entity/Q11059>	2630	170	1	1	0	20	191	191
Turkish	Southern Min	40	45	<http://www.wikidata.org/entity/Q256>	<http://www.wikidata.org/entity/Q36495>	2630	255	0	4	0	11	266	266
Turkish	Spanish	40	12	<http://www.wikidata.org/entity/Q256>	<http://www.wikidata.org/entity/Q1321>	2630	448	0	6	2	28	476	476
Turkish	Standard Chinese	40	35	<http://www.wikidata.org/entity/Q256>	<http://www.wikidata.org/entity/Q727694>	2630	265	0	6	0	36	300	300
Turkish	Sumerian	40	18	<http://www.wikidata.org/entity/Q256>	<http://www.wikidata.org/entity/Q36790>	2630	374	0	0	0	95	469	469
Turkish	Swedish	40	4	<http://www.wikidata.org/entity/Q256>	<http://www.wikidata.org/entity/Q9027>	2630	754	0	3	1	60	814	814
Turkish	Ugaritic	40	38	<http://www.wikidata.org/entity/Q256>	<http://www.wikidata.org/entity/Q36928>	2630	201	0	0	0	0	201	201
Ugaritic	Akkadian	38	19	<http://www.wikidata.org/entity/Q36928>	<http://www.wikidata.org/entity/Q35518>	3314	915	0	0	0	0	915	915
Ugaritic	Albanian	38	28	<http://www.wikidata.org/entity/Q36928>	<http://www.wikidata.org/entity/Q8748>	3314	107	0	0	0	0	107	107
Ugaritic	Arabic	38	20	<http://www.wikidata.org/entity/Q36928>	<http://www.wikidata.org/entity/Q13955>	3314	242	0	0	0	0	242	242
Ugaritic	Aragonese	38	6	<http://www.wikidata.org/entity/Q36928>	<http://www.wikidata.org/entity/Q8765>	3314	16	0	0	0	0	16	16
Ugaritic	Bangla	38	21	<http://www.wikidata.org/entity/Q36928>	<http://www.wikidata.org/entity/Q9610>	3314	343	0	0	0	0	343	343
Ugaritic	Banjar	38	46	<http://www.wikidata.org/entity/Q36928>	<http://www.wikidata.org/entity/Q33151>	3314	56	0	0	0	0	56	56
Ugaritic	Basque	38	9	<http://www.wikidata.org/entity/Q36928>	<http://www.wikidata.org/entity/Q8752>	3314	191	0	0	0	0	191	191
Ugaritic	Bokmål	38	3	<http://www.wikidata.org/entity/Q36928>	<http://www.wikidata.org/entity/Q25167>	3314	869	0	0	0	0	869	869
Ugaritic	Breton	38	31	<http://www.wikidata.org/entity/Q36928>	<http://www.wikidata.org/entity/Q12107>	3314	608	0	0	0	0	608	608
Ugaritic	Central Bikol	38	49	<http://www.wikidata.org/entity/Q36928>	<http://www.wikidata.org/entity/Q33284>	3314	18	0	0	0	0	18	18
Ugaritic	Czech	38	11	<http://www.wikidata.org/entity/Q36928>	<http://www.wikidata.org/entity/Q9056>	3314	331	0	0	0	0	331	331
Ugaritic	Dagbanli	38	22	<http://www.wikidata.org/entity/Q36928>	<http://www.wikidata.org/entity/Q32238>	3314	410	0	0	0	0	410	410
Ugaritic	Danish	38	14	<http://www.wikidata.org/entity/Q36928>	<http://www.wikidata.org/entity/Q9035>	3314	668	0	0	0	0	668	668
Ugaritic	Dutch	38	41	<http://www.wikidata.org/entity/Q36928>	<http://www.wikidata.org/entity/Q7411>	3314	185	0	0	0	0	185	185
Ugaritic	Egyptian	38	16	<http://www.wikidata.org/entity/Q36928>	<http://www.wikidata.org/entity/Q50868>	3314	27	0	0	0	0	27	27
Ugaritic	English	38	2	<http://www.wikidata.org/entity/Q36928>	<http://www.wikidata.org/entity/Q1860>	3314	1156	0	0	0	0	1156	1156
Ugaritic	Estonian	38	34	<http://www.wikidata.org/entity/Q36928>	<http://www.wikidata.org/entity/Q9072>	3314	470	0	0	0	0	470	470
Ugaritic	Finnish	38	42	<http://www.wikidata.org/entity/Q36928>	<http://www.wikidata.org/entity/Q1412>	3314	219	0	0	0	0	219	219
Ugaritic	French	38	7	<http://www.wikidata.org/entity/Q36928>	<http://www.wikidata.org/entity/Q150>	3314	864	0	0	0	0	864	864
Ugaritic	Fula	38	26	<http://www.wikidata.org/entity/Q36928>	<http://www.wikidata.org/entity/Q33454>	3314	98	0	0	0	0	98	98
Ugaritic	German	38	13	<http://www.wikidata.org/entity/Q36928>	<http://www.wikidata.org/entity/Q188>	3314	816	0	0	0	0	816	816
Ugaritic	Hausa	38	48	<http://www.wikidata.org/entity/Q36928>	<http://www.wikidata.org/entity/Q56475>	3314	296	0	0	0	0	296	296
Ugaritic	Hebrew	38	29	<http://www.wikidata.org/entity/Q36928>	<http://www.wikidata.org/entity/Q9288>	3314	593	0	0	0	0	593	593
Ugaritic	Hindustani	38	37	<http://www.wikidata.org/entity/Q36928>	<http://www.wikidata.org/entity/Q11051>	3314	358	0	0	0	0	358	358
Ugaritic	Igbo	38	32	<http://www.wikidata.org/entity/Q36928>	<http://www.wikidata.org/entity/Q33578>	3314	477	0	0	0	0	477	477
Ugaritic	Italian	38	10	<http://www.wikidata.org/entity/Q36928>	<http://www.wikidata.org/entity/Q652>	3314	933	0	0	0	0	933	933
Ugaritic	Japanese	38	5	<http://www.wikidata.org/entity/Q36928>	<http://www.wikidata.org/entity/Q5287>	3314	670	0	0	0	0	670	670
Ugaritic	Klingon	38	43	<http://www.wikidata.org/entity/Q36928>	<http://www.wikidata.org/entity/Q10134>	3314	383	0	0	0	0	383	383
Ugaritic	Korean	38	50	<http://www.wikidata.org/entity/Q36928>	<http://www.wikidata.org/entity/Q9176>	3314	74	0	0	0	0	74	74
Ugaritic	Latin	38	39	<http://www.wikidata.org/entity/Q36928>	<http://www.wikidata.org/entity/Q397>	3314	421	0	0	0	0	421	421
Ugaritic	Malay	38	33	<http://www.wikidata.org/entity/Q36928>	<http://www.wikidata.org/entity/Q9237>	3314	486	0	0	0	0	486	486
Ugaritic	Malayalam	38	23	<http://www.wikidata.org/entity/Q36928>	<http://www.wikidata.org/entity/Q36236>	3314	499	0	0	0	0	499	499
Ugaritic	Mon	38	30	<http://www.wikidata.org/entity/Q36928>	<http://www.wikidata.org/entity/Q13349>	3314	5	0	0	0	0	5	5
Ugaritic	New Persian	38	24	<http://www.wikidata.org/entity/Q36928>	<http://www.wikidata.org/entity/Q56356571>	3314	569	0	0	0	0	569	569
Ugaritic	Northern Sami	38	25	<http://www.wikidata.org/entity/Q36928>	<http://www.wikidata.org/entity/Q33947>	3314	10	0	0	0	0	10	10
Ugaritic	Nynorsk	38	8	<http://www.wikidata.org/entity/Q36928>	<http://www.wikidata.org/entity/Q25164>	3314	629	0	0	0	0	629	629
Ugaritic	Persian	38	15	<http://www.wikidata.org/entity/Q36928>	<http://www.wikidata.org/entity/Q9168>	3314	16	0	0	0	0	16	16
Ugaritic	Polish	38	36	<http://www.wikidata.org/entity/Q36928>	<http://www.wikidata.org/entity/Q809>	3314	141	0	0	0	0	141	141
Ugaritic	Portuguese	38	1	<http://www.wikidata.org/entity/Q36928>	<http://www.wikidata.org/entity/Q5146>	3314	466	0	0	0	0	466	466
Ugaritic	Punjabi	38	27	<http://www.wikidata.org/entity/Q36928>	<http://www.wikidata.org/entity/Q58635>	3314	593	0	0	0	0	593	593
Ugaritic	Quechua	38	44	<http://www.wikidata.org/entity/Q36928>	<http://www.wikidata.org/entity/Q5218>	3314	6	0	0	0	0	6	6
Ugaritic	Russian	38	17	<http://www.wikidata.org/entity/Q36928>	<http://www.wikidata.org/entity/Q7737>	3314	734	0	0	0	0	734	734
Ugaritic	Sanskrit	38	47	<http://www.wikidata.org/entity/Q36928>	<http://www.wikidata.org/entity/Q11059>	3314	210	0	0	0	0	210	210
Ugaritic	Southern Min	38	45	<http://www.wikidata.org/entity/Q36928>	<http://www.wikidata.org/entity/Q36495>	3314	192	0	0	0	0	192	192
Ugaritic	Spanish	38	12	<http://www.wikidata.org/entity/Q36928>	<http://www.wikidata.org/entity/Q1321>	3314	378	0	0	0	0	378	378
Ugaritic	Standard Chinese	38	35	<http://www.wikidata.org/entity/Q36928>	<http://www.wikidata.org/entity/Q727694>	3314	280	0	0	0	0	280	280
Ugaritic	Sumerian	38	18	<http://www.wikidata.org/entity/Q36928>	<http://www.wikidata.org/entity/Q36790>	3314	910	0	0	0	0	910	910
Ugaritic	Swedish	38	4	<http://www.wikidata.org/entity/Q36928>	<http://www.wikidata.org/entity/Q9027>	3314	768	0	0	0	0	768	768
Ugaritic	Turkish	38	40	<http://www.wikidata.org/entity/Q36928>	<http://www.wikidata.org/entity/Q256>	3314	282	0	0	0	0	282	282
