?lang	?targ	?nSense	?nsIFTS	?nsTransToL2	?nsTrans2ToL2	?nsDemonym	?nsPredicateFor	?nsAny
<http://www.wikidata.org/entity/Q36495>	<http://www.wikidata.org/entity/Q1412>	1973	201	1	4	0	7	209
<http://www.wikidata.org/entity/Q1412>	<http://www.wikidata.org/entity/Q36495>	2495	155	1	3	0	7	162
<http://www.wikidata.org/entity/Q1412>	<http://www.wikidata.org/entity/Q9035>	2495	543	6	14	1	11	556
<http://www.wikidata.org/entity/Q9035>	<http://www.wikidata.org/entity/Q1412>	19363	599	6	16	2	15	617
<http://www.wikidata.org/entity/Q9072>	<http://www.wikidata.org/entity/Q36790>	4943	650	0	0	0	26	676
<http://www.wikidata.org/entity/Q36790>	<http://www.wikidata.org/entity/Q9072>	17051	2649	0	0	0	70	2719
<http://www.wikidata.org/entity/Q11059>	<http://www.wikidata.org/entity/Q36495>	1928	159	0	2	0	11	170
<http://www.wikidata.org/entity/Q36495>	<http://www.wikidata.org/entity/Q11059>	1973	172	0	2	0	12	184
<http://www.wikidata.org/entity/Q11059>	<http://www.wikidata.org/entity/Q9035>	1928	349	0	1	0	14	363
<http://www.wikidata.org/entity/Q9035>	<http://www.wikidata.org/entity/Q11059>	19363	314	0	1	0	13	327
<http://www.wikidata.org/entity/Q33284>	<http://www.wikidata.org/entity/Q9072>	1711	16	0	0	0	0	16
<http://www.wikidata.org/entity/Q36495>	<http://www.wikidata.org/entity/Q11051>	1973	294	1	5	0	6	301
<http://www.wikidata.org/entity/Q11051>	<http://www.wikidata.org/entity/Q36495>	3900	324	1	7	0	8	333
<http://www.wikidata.org/entity/Q9072>	<http://www.wikidata.org/entity/Q33284>	4943	18	0	0	0	0	18
<http://www.wikidata.org/entity/Q11051>	<http://www.wikidata.org/entity/Q9035>	3900	854	0	13	2	15	876
<http://www.wikidata.org/entity/Q9035>	<http://www.wikidata.org/entity/Q11051>	19363	730	0	7	2	15	750
<http://www.wikidata.org/entity/Q33454>	<http://www.wikidata.org/entity/Q13955>	9001	51	0	0	0	2	53
<http://www.wikidata.org/entity/Q13955>	<http://www.wikidata.org/entity/Q33454>	14706	52	0	0	0	2	54
<http://www.wikidata.org/entity/Q33947>	<http://www.wikidata.org/entity/Q5287>	10045	19	0	0	0	1	20
<http://www.wikidata.org/entity/Q9288>	<http://www.wikidata.org/entity/Q50868>	7451	31	0	1	0	1	32
<http://www.wikidata.org/entity/Q5287>	<http://www.wikidata.org/entity/Q33947>	34860	46	0	0	0	1	47
<http://www.wikidata.org/entity/Q50868>	<http://www.wikidata.org/entity/Q9288>	18852	26	0	1	0	1	27
<http://www.wikidata.org/entity/Q33284>	<http://www.wikidata.org/entity/Q13349>	1711	2	0	0	0	0	2
<http://www.wikidata.org/entity/Q56475>	<http://www.wikidata.org/entity/Q727694>	1897	154	0	0	0	30	184
<http://www.wikidata.org/entity/Q727694>	<http://www.wikidata.org/entity/Q56475>	4417	236	0	0	0	41	277
<http://www.wikidata.org/entity/Q13349>	<http://www.wikidata.org/entity/Q33284>	6804	2	0	0	0	0	2
<http://www.wikidata.org/entity/Q727694>	<http://www.wikidata.org/entity/Q5146>	4417	521	9	35	0	63	586
<http://www.wikidata.org/entity/Q1412>	<http://www.wikidata.org/entity/Q9027>	2495	1355	41	44	1	19	1400
<http://www.wikidata.org/entity/Q33454>	<http://www.wikidata.org/entity/Q32238>	9001	86	0	0	0	2	88
<http://www.wikidata.org/entity/Q32238>	<http://www.wikidata.org/entity/Q33454>	14153	161	2	2	0	2	165
<http://www.wikidata.org/entity/Q5146>	<http://www.wikidata.org/entity/Q727694>	176780	402	5	21	0	40	445
<http://www.wikidata.org/entity/Q9027>	<http://www.wikidata.org/entity/Q1412>	38988	1865	41	44	2	21	1913
<http://www.wikidata.org/entity/Q33151>	<http://www.wikidata.org/entity/Q50868>	1938	5	0	0	0	0	5
<http://www.wikidata.org/entity/Q50868>	<http://www.wikidata.org/entity/Q33151>	18852	4	0	0	0	0	4
<http://www.wikidata.org/entity/Q11059>	<http://www.wikidata.org/entity/Q9027>	1928	377	0	0	0	28	405
<http://www.wikidata.org/entity/Q9027>	<http://www.wikidata.org/entity/Q11059>	38988	385	0	0	0	25	410
<http://www.wikidata.org/entity/Q256>	<http://www.wikidata.org/entity/Q33947>	2630	12	0	0	0	1	13
<http://www.wikidata.org/entity/Q33947>	<http://www.wikidata.org/entity/Q256>	10045	11	0	0	0	1	12
<http://www.wikidata.org/entity/Q58635>	<http://www.wikidata.org/entity/Q188>	8319	2363	7	10	7	120	2492
<http://www.wikidata.org/entity/Q188>	<http://www.wikidata.org/entity/Q58635>	20135	2220	6	8	14	131	2368
<http://www.wikidata.org/entity/Q50868>	<http://www.wikidata.org/entity/Q1321>	18852	26	0	0	0	0	26
<http://www.wikidata.org/entity/Q1321>	<http://www.wikidata.org/entity/Q50868>	20953	28	0	0	0	0	28
<http://www.wikidata.org/entity/Q11051>	<http://www.wikidata.org/entity/Q9027>	3900	899	0	9	1	31	936
<http://www.wikidata.org/entity/Q9027>	<http://www.wikidata.org/entity/Q11051>	38988	800	0	2	2	30	833
<http://www.wikidata.org/entity/Q13349>	<http://www.wikidata.org/entity/Q36790>	6804	5	0	0	0	0	5
<http://www.wikidata.org/entity/Q36790>	<http://www.wikidata.org/entity/Q13349>	17051	11	0	0	0	0	11
<http://www.wikidata.org/entity/Q9168>	<http://www.wikidata.org/entity/Q1321>	18925	126	0	0	0	7	133
<http://www.wikidata.org/entity/Q1321>	<http://www.wikidata.org/entity/Q9168>	20953	145	0	0	0	5	150
<http://www.wikidata.org/entity/Q33578>	<http://www.wikidata.org/entity/Q33454>	5759	117	0	0	0	2	119
<http://www.wikidata.org/entity/Q33454>	<http://www.wikidata.org/entity/Q33578>	9001	76	0	0	0	2	78
<http://www.wikidata.org/entity/Q9288>	<http://www.wikidata.org/entity/Q9168>	7451	211	0	0	0	6	217
<http://www.wikidata.org/entity/Q9168>	<http://www.wikidata.org/entity/Q9288>	18925	208	0	0	0	5	213
<http://www.wikidata.org/entity/Q33151>	<http://www.wikidata.org/entity/Q9168>	1938	6	0	0	0	0	6
<http://www.wikidata.org/entity/Q9168>	<http://www.wikidata.org/entity/Q33151>	18925	7	0	0	0	0	7
<http://www.wikidata.org/entity/Q397>	<http://www.wikidata.org/entity/Q25164>	2705	947	0	6	0	12	961
<http://www.wikidata.org/entity/Q25164>	<http://www.wikidata.org/entity/Q397>	32974	1187	0	9	0	15	1205
<http://www.wikidata.org/entity/Q33284>	<http://www.wikidata.org/entity/Q9056>	1711	15	0	0	0	0	15
<http://www.wikidata.org/entity/Q9056>	<http://www.wikidata.org/entity/Q33284>	25347	41	0	0	0	0	41
<http://www.wikidata.org/entity/Q397>	<http://www.wikidata.org/entity/Q25167>	2705	1260	0	7	0	12	1274
<http://www.wikidata.org/entity/Q25167>	<http://www.wikidata.org/entity/Q397>	50565	1684	0	14	0	17	1705
<http://www.wikidata.org/entity/Q36790>	<http://www.wikidata.org/entity/Q9056>	17051	1697	1	1	0	23	1720
<http://www.wikidata.org/entity/Q9056>	<http://www.wikidata.org/entity/Q36790>	25347	682	1	1	0	10	692
<http://www.wikidata.org/entity/Q12107>	<http://www.wikidata.org/entity/Q9288>	5780	1474	0	1	0	14	1488
<http://www.wikidata.org/entity/Q9288>	<http://www.wikidata.org/entity/Q12107>	7451	1160	0	1	0	14	1174
<http://www.wikidata.org/entity/Q397>	<http://www.wikidata.org/entity/Q9237>	2705	534	1	9	0	9	544
<http://www.wikidata.org/entity/Q9237>	<http://www.wikidata.org/entity/Q397>	5311	537	2	9	0	11	550
<http://www.wikidata.org/entity/Q9176>	<http://www.wikidata.org/entity/Q1321>	1593	326	5	8	0	19	345
<http://www.wikidata.org/entity/Q33151>	<http://www.wikidata.org/entity/Q12107>	1938	64	0	0	0	0	64
<http://www.wikidata.org/entity/Q12107>	<http://www.wikidata.org/entity/Q33151>	5780	91	0	0	0	0	91
<http://www.wikidata.org/entity/Q1321>	<http://www.wikidata.org/entity/Q9176>	20953	357	5	8	0	15	372
<http://www.wikidata.org/entity/Q9176>	<http://www.wikidata.org/entity/Q9288>	1593	322	0	1	0	13	335
<http://www.wikidata.org/entity/Q9288>	<http://www.wikidata.org/entity/Q9176>	7451	347	0	1	0	12	359
<http://www.wikidata.org/entity/Q12107>	<http://www.wikidata.org/entity/Q1321>	5780	1402	3	16	11	30	1439
<http://www.wikidata.org/entity/Q1321>	<http://www.wikidata.org/entity/Q12107>	20953	1347	3	16	5	32	1381
<http://www.wikidata.org/entity/Q9176>	<http://www.wikidata.org/entity/Q33151>	1593	7	0	0	0	0	7
<http://www.wikidata.org/entity/Q33151>	<http://www.wikidata.org/entity/Q9176>	1938	8	0	0	0	0	8
<http://www.wikidata.org/entity/Q397>	<http://www.wikidata.org/entity/Q5287>	2705	900	0	12	0	19	921
<http://www.wikidata.org/entity/Q10134>	<http://www.wikidata.org/entity/Q35518>	2146	371	0	0	0	55	426
<http://www.wikidata.org/entity/Q5287>	<http://www.wikidata.org/entity/Q397>	34860	1178	0	17	0	40	1220
<http://www.wikidata.org/entity/Q35518>	<http://www.wikidata.org/entity/Q10134>	15737	1196	0	0	0	120	1316
<http://www.wikidata.org/entity/Q36236>	<http://www.wikidata.org/entity/Q50868>	12554	52	0	0	0	2	54
<http://www.wikidata.org/entity/Q50868>	<http://www.wikidata.org/entity/Q36236>	18852	32	0	0	0	2	34
<http://www.wikidata.org/entity/Q256>	<http://www.wikidata.org/entity/Q397>	2630	286	0	1	0	15	301
<http://www.wikidata.org/entity/Q397>	<http://www.wikidata.org/entity/Q256>	2705	304	0	1	0	15	319
<http://www.wikidata.org/entity/Q33284>	<http://www.wikidata.org/entity/Q9035>	1711	18	0	0	0	0	18
<http://www.wikidata.org/entity/Q9035>	<http://www.wikidata.org/entity/Q33284>	19363	29	0	0	0	0	29
<http://www.wikidata.org/entity/Q11051>	<http://www.wikidata.org/entity/Q9072>	3900	622	0	0	0	15	637
<http://www.wikidata.org/entity/Q9072>	<http://www.wikidata.org/entity/Q11051>	4943	470	0	0	0	14	484
<http://www.wikidata.org/entity/Q33284>	<http://www.wikidata.org/entity/Q36495>	1711	12	0	0	0	0	12
<http://www.wikidata.org/entity/Q36495>	<http://www.wikidata.org/entity/Q33284>	1973	16	0	0	0	0	16
<http://www.wikidata.org/entity/Q36790>	<http://www.wikidata.org/entity/Q9035>	17051	3496	0	0	0	114	3610
<http://www.wikidata.org/entity/Q9035>	<http://www.wikidata.org/entity/Q36790>	19363	1020	0	1	0	55	1076
<http://www.wikidata.org/entity/Q11059>	<http://www.wikidata.org/entity/Q9072>	1928	274	0	0	0	10	284
<http://www.wikidata.org/entity/Q9072>	<http://www.wikidata.org/entity/Q11059>	4943	238	0	0	0	10	248
<http://www.wikidata.org/entity/Q36495>	<http://www.wikidata.org/entity/Q36790>	1973	360	2	3	0	37	398
<http://www.wikidata.org/entity/Q36790>	<http://www.wikidata.org/entity/Q36495>	17051	1184	1	2	0	76	1260
<http://www.wikidata.org/entity/Q1412>	<http://www.wikidata.org/entity/Q9072>	2495	395	4	7	0	10	406
<http://www.wikidata.org/entity/Q9072>	<http://www.wikidata.org/entity/Q1412>	4943	438	5	8	0	9	448
<http://www.wikidata.org/entity/Q809>	<http://www.wikidata.org/entity/Q33578>	4135	231	0	0	0	1	232
<http://www.wikidata.org/entity/Q33578>	<http://www.wikidata.org/entity/Q809>	5759	301	0	0	0	1	302
<http://www.wikidata.org/entity/Q10134>	<http://www.wikidata.org/entity/Q7737>	2146	725	1	3	2	16	745
<http://www.wikidata.org/entity/Q7737>	<http://www.wikidata.org/entity/Q10134>	18679	1198	1	5	8	25	1234
<http://www.wikidata.org/entity/Q11059>	<http://www.wikidata.org/entity/Q13349>	1928	11	0	0	0	0	11
<http://www.wikidata.org/entity/Q13349>	<http://www.wikidata.org/entity/Q11059>	6804	5	0	0	0	0	5
<http://www.wikidata.org/entity/Q50868>	<http://www.wikidata.org/entity/Q652>	18852	48	0	0	0	1	49
<http://www.wikidata.org/entity/Q652>	<http://www.wikidata.org/entity/Q50868>	26452	58	0	0	0	1	59
<http://www.wikidata.org/entity/Q1412>	<http://www.wikidata.org/entity/Q13349>	2495	7	0	0	0	0	7
<http://www.wikidata.org/entity/Q13349>	<http://www.wikidata.org/entity/Q1412>	6804	7	0	0	0	0	7
<http://www.wikidata.org/entity/Q33284>	<http://www.wikidata.org/entity/Q9027>	1711	29	0	0	0	0	29
<http://www.wikidata.org/entity/Q9027>	<http://www.wikidata.org/entity/Q33284>	38988	35	0	0	0	0	35
<http://www.wikidata.org/entity/Q36790>	<http://www.wikidata.org/entity/Q9027>	17051	3986	0	0	0	234	4220
<http://www.wikidata.org/entity/Q9027>	<http://www.wikidata.org/entity/Q36790>	38988	1367	0	0	0	103	1470
<http://www.wikidata.org/entity/Q11051>	<http://www.wikidata.org/entity/Q13349>	3900	14	0	0	0	0	14
<http://www.wikidata.org/entity/Q13349>	<http://www.wikidata.org/entity/Q11051>	6804	7	0	0	0	0	7
<http://www.wikidata.org/entity/Q1412>	<http://www.wikidata.org/entity/Q9056>	2495	276	5	12	0	1	277
<http://www.wikidata.org/entity/Q9056>	<http://www.wikidata.org/entity/Q1412>	25347	433	5	13	0	2	435
<http://www.wikidata.org/entity/Q9168>	<http://www.wikidata.org/entity/Q652>	18925	543	0	0	0	9	552
<http://www.wikidata.org/entity/Q652>	<http://www.wikidata.org/entity/Q9168>	26452	595	0	0	0	6	601
<http://www.wikidata.org/entity/Q12107>	<http://www.wikidata.org/entity/Q36236>	5780	1254	0	2	0	15	1269
<http://www.wikidata.org/entity/Q36236>	<http://www.wikidata.org/entity/Q12107>	12554	1127	0	2	0	16	1143
<http://www.wikidata.org/entity/Q9237>	<http://www.wikidata.org/entity/Q33947>	5311	24	1	2	0	1	25
<http://www.wikidata.org/entity/Q33947>	<http://www.wikidata.org/entity/Q9237>	10045	18	1	2	0	1	19
<http://www.wikidata.org/entity/Q11059>	<http://www.wikidata.org/entity/Q9056>	1928	213	0	1	0	2	215
<http://www.wikidata.org/entity/Q9056>	<http://www.wikidata.org/entity/Q11059>	25347	255	0	2	0	2	257
<http://www.wikidata.org/entity/Q9176>	<http://www.wikidata.org/entity/Q36236>	1593	375	0	0	0	8	383
<http://www.wikidata.org/entity/Q36236>	<http://www.wikidata.org/entity/Q9176>	12554	403	0	0	0	4	407
<http://www.wikidata.org/entity/Q11051>	<http://www.wikidata.org/entity/Q9056>	3900	459	1	5	1	12	472
<http://www.wikidata.org/entity/Q9056>	<http://www.wikidata.org/entity/Q11051>	25347	481	2	6	1	5	487
<http://www.wikidata.org/entity/Q9176>	<http://www.wikidata.org/entity/Q652>	1593	487	2	5	0	17	504
<http://www.wikidata.org/entity/Q652>	<http://www.wikidata.org/entity/Q9176>	26452	528	1	4	0	19	547
<http://www.wikidata.org/entity/Q56475>	<http://www.wikidata.org/entity/Q188>	1897	484	2	2	1	63	548
<http://www.wikidata.org/entity/Q188>	<http://www.wikidata.org/entity/Q56475>	20135	773	2	2	1	88	863
<http://www.wikidata.org/entity/Q188>	<http://www.wikidata.org/entity/Q5146>	20135	2393	12	35	40	99	2530
<http://www.wikidata.org/entity/Q5146>	<http://www.wikidata.org/entity/Q188>	176780	1764	10	38	25	75	1861
<http://www.wikidata.org/entity/Q12107>	<http://www.wikidata.org/entity/Q652>	5780	2438	5	12	11	34	2484
<http://www.wikidata.org/entity/Q652>	<http://www.wikidata.org/entity/Q12107>	26452	2212	5	11	4	38	2255
<http://www.wikidata.org/entity/Q727694>	<http://www.wikidata.org/entity/Q58635>	4417	600	0	0	0	86	686
<http://www.wikidata.org/entity/Q58635>	<http://www.wikidata.org/entity/Q727694>	8319	824	0	0	0	83	907
<http://www.wikidata.org/entity/Q33947>	<http://www.wikidata.org/entity/Q25164>	10045	17	1	2	0	1	18
<http://www.wikidata.org/entity/Q25164>	<http://www.wikidata.org/entity/Q33947>	32974	23	4	5	0	1	24
<http://www.wikidata.org/entity/Q36236>	<http://www.wikidata.org/entity/Q9168>	12554	189	0	0	0	6	195
<http://www.wikidata.org/entity/Q9168>	<http://www.wikidata.org/entity/Q36236>	18925	185	0	0	0	9	194
<http://www.wikidata.org/entity/Q33947>	<http://www.wikidata.org/entity/Q25167>	10045	24	1	2	0	1	25
<http://www.wikidata.org/entity/Q25167>	<http://www.wikidata.org/entity/Q33947>	50565	33	4	5	0	1	34
<http://www.wikidata.org/entity/Q809>	<http://www.wikidata.org/entity/Q13955>	4135	163	3	5	0	0	164
<http://www.wikidata.org/entity/Q13955>	<http://www.wikidata.org/entity/Q809>	14706	162	3	5	0	0	162
<http://www.wikidata.org/entity/Q809>	<http://www.wikidata.org/entity/Q32238>	4135	200	0	9	0	0	201
<http://www.wikidata.org/entity/Q32238>	<http://www.wikidata.org/entity/Q809>	14153	274	0	6	0	0	274
<http://www.wikidata.org/entity/Q397>	<http://www.wikidata.org/entity/Q9288>	2705	827	1	4	0	11	838
<http://www.wikidata.org/entity/Q9288>	<http://www.wikidata.org/entity/Q397>	7451	817	1	4	0	10	827
<http://www.wikidata.org/entity/Q33578>	<http://www.wikidata.org/entity/Q8752>	5759	356	0	0	0	2	358
<http://www.wikidata.org/entity/Q8752>	<http://www.wikidata.org/entity/Q33578>	30759	325	0	0	0	2	327
<http://www.wikidata.org/entity/Q33151>	<http://www.wikidata.org/entity/Q397>	1938	34	1	1	0	0	35
<http://www.wikidata.org/entity/Q397>	<http://www.wikidata.org/entity/Q33151>	2705	45	1	1	0	0	46
<http://www.wikidata.org/entity/Q33947>	<http://www.wikidata.org/entity/Q36236>	10045	19	0	1	0	1	20
<http://www.wikidata.org/entity/Q36236>	<http://www.wikidata.org/entity/Q33947>	12554	31	0	1	0	1	32
<http://www.wikidata.org/entity/Q9168>	<http://www.wikidata.org/entity/Q25164>	18925	335	0	0	0	7	342
<http://www.wikidata.org/entity/Q25164>	<http://www.wikidata.org/entity/Q9168>	32974	453	0	0	0	11	464
<http://www.wikidata.org/entity/Q9237>	<http://www.wikidata.org/entity/Q12107>	5311	883	0	2	0	39	922
<http://www.wikidata.org/entity/Q12107>	<http://www.wikidata.org/entity/Q9237>	5780	1043	0	2	0	35	1078
<http://www.wikidata.org/entity/Q727694>	<http://www.wikidata.org/entity/Q7737>	4417	829	10	28	0	36	877
<http://www.wikidata.org/entity/Q7737>	<http://www.wikidata.org/entity/Q727694>	18679	1003	1	11	0	27	1031
<http://www.wikidata.org/entity/Q397>	<http://www.wikidata.org/entity/Q1321>	2705	657	23	44	2	18	688
<http://www.wikidata.org/entity/Q1321>	<http://www.wikidata.org/entity/Q397>	20953	744	21	48	2	19	774
<http://www.wikidata.org/entity/Q9176>	<http://www.wikidata.org/entity/Q9237>	1593	275	0	0	0	32	307
<http://www.wikidata.org/entity/Q9237>	<http://www.wikidata.org/entity/Q9176>	5311	281	0	0	0	32	313
<http://www.wikidata.org/entity/Q9168>	<http://www.wikidata.org/entity/Q25167>	18925	410	0	0	0	11	421
<http://www.wikidata.org/entity/Q25167>	<http://www.wikidata.org/entity/Q9168>	50565	552	0	0	0	18	570
<http://www.wikidata.org/entity/Q33578>	<http://www.wikidata.org/entity/Q8765>	5759	35	0	0	0	2	37
<http://www.wikidata.org/entity/Q8765>	<http://www.wikidata.org/entity/Q33578>	33758	26	0	0	0	2	28
<http://www.wikidata.org/entity/Q33578>	<http://www.wikidata.org/entity/Q9610>	5759	485	0	0	0	55	540
<http://www.wikidata.org/entity/Q9610>	<http://www.wikidata.org/entity/Q33578>	14501	668	0	0	0	55	723
<http://www.wikidata.org/entity/Q9176>	<http://www.wikidata.org/entity/Q25164>	1593	313	1	1	0	16	329
<http://www.wikidata.org/entity/Q25164>	<http://www.wikidata.org/entity/Q9176>	32974	384	1	1	0	17	401
<http://www.wikidata.org/entity/Q9056>	<http://www.wikidata.org/entity/Q1860>	25347	2696	145	187	34	13	2744
<http://www.wikidata.org/entity/Q1860>	<http://www.wikidata.org/entity/Q9056>	59942	2677	113	157	21	19	2725
<http://www.wikidata.org/entity/Q727694>	<http://www.wikidata.org/entity/Q35518>	4417	430	0	6	0	71	501
<http://www.wikidata.org/entity/Q35518>	<http://www.wikidata.org/entity/Q727694>	15737	848	0	1	0	115	963
<http://www.wikidata.org/entity/Q33947>	<http://www.wikidata.org/entity/Q652>	10045	18	0	0	0	0	18
<http://www.wikidata.org/entity/Q652>	<http://www.wikidata.org/entity/Q33947>	26452	20	0	0	0	0	20
<http://www.wikidata.org/entity/Q12107>	<http://www.wikidata.org/entity/Q25164>	5780	1826	1	5	8	36	1865
<http://www.wikidata.org/entity/Q9237>	<http://www.wikidata.org/entity/Q9168>	5311	74	0	0	0	16	90
<http://www.wikidata.org/entity/Q25164>	<http://www.wikidata.org/entity/Q12107>	32974	1920	1	8	6	48	1971
<http://www.wikidata.org/entity/Q9168>	<http://www.wikidata.org/entity/Q9237>	18925	73	0	0	0	14	87
<http://www.wikidata.org/entity/Q12107>	<http://www.wikidata.org/entity/Q25167>	5780	2351	1	3	12	48	2406
<http://www.wikidata.org/entity/Q25167>	<http://www.wikidata.org/entity/Q12107>	50565	2654	1	6	9	69	2725
<http://www.wikidata.org/entity/Q9176>	<http://www.wikidata.org/entity/Q25167>	1593	494	0	0	0	27	521
<http://www.wikidata.org/entity/Q25167>	<http://www.wikidata.org/entity/Q9176>	50565	611	0	0	0	43	654
<http://www.wikidata.org/entity/Q9056>	<http://www.wikidata.org/entity/Q150>	25347	2218	60	89	47	10	2254
<http://www.wikidata.org/entity/Q150>	<http://www.wikidata.org/entity/Q9056>	33497	1973	50	81	50	14	2029
<http://www.wikidata.org/entity/Q32238>	<http://www.wikidata.org/entity/Q9610>	14153	497	0	1	0	9	505
<http://www.wikidata.org/entity/Q9610>	<http://www.wikidata.org/entity/Q32238>	14501	503	0	0	0	8	511
<http://www.wikidata.org/entity/Q36495>	<http://www.wikidata.org/entity/Q56356571>	1973	484	1	1	0	11	495
<http://www.wikidata.org/entity/Q56356571>	<http://www.wikidata.org/entity/Q36495>	11610	624	1	1	0	11	635
<http://www.wikidata.org/entity/Q10134>	<http://www.wikidata.org/entity/Q58635>	2146	477	0	0	0	33	510
<http://www.wikidata.org/entity/Q58635>	<http://www.wikidata.org/entity/Q10134>	8319	924	0	0	0	51	975
<http://www.wikidata.org/entity/Q32238>	<http://www.wikidata.org/entity/Q8765>	14153	33	0	0	0	2	35
<http://www.wikidata.org/entity/Q56356571>	<http://www.wikidata.org/entity/Q9035>	11610	2193	0	5	7	26	2225
<http://www.wikidata.org/entity/Q8765>	<http://www.wikidata.org/entity/Q32238>	33758	20	0	0	0	2	22
<http://www.wikidata.org/entity/Q9035>	<http://www.wikidata.org/entity/Q56356571>	19363	1625	0	4	7	24	1654
<http://www.wikidata.org/entity/Q9610>	<http://www.wikidata.org/entity/Q13955>	14501	420	2	3	0	26	447
<http://www.wikidata.org/entity/Q13955>	<http://www.wikidata.org/entity/Q9610>	14706	270	1	1	0	20	291
<http://www.wikidata.org/entity/Q13955>	<http://www.wikidata.org/entity/Q8765>	14706	32	0	0	0	1	33
<http://www.wikidata.org/entity/Q9237>	<http://www.wikidata.org/entity/Q50868>	5311	32	0	0	0	3	35
<http://www.wikidata.org/entity/Q8765>	<http://www.wikidata.org/entity/Q13955>	33758	31	0	0	0	1	32
<http://www.wikidata.org/entity/Q50868>	<http://www.wikidata.org/entity/Q9237>	18852	27	0	0	0	2	29
<http://www.wikidata.org/entity/Q13349>	<http://www.wikidata.org/entity/Q1860>	6804	14	0	0	0	0	14
<http://www.wikidata.org/entity/Q1860>	<http://www.wikidata.org/entity/Q13349>	59942	27	0	0	0	0	27
<http://www.wikidata.org/entity/Q13349>	<http://www.wikidata.org/entity/Q150>	6804	12	0	0	0	0	12
<http://www.wikidata.org/entity/Q150>	<http://www.wikidata.org/entity/Q13349>	33497	23	0	0	0	0	23
<http://www.wikidata.org/entity/Q32238>	<http://www.wikidata.org/entity/Q8752>	14153	335	0	2	0	0	335
<http://www.wikidata.org/entity/Q8752>	<http://www.wikidata.org/entity/Q32238>	30759	279	0	2	0	0	279
<http://www.wikidata.org/entity/Q9072>	<http://www.wikidata.org/entity/Q150>	4943	1962	2	6	1	37	2002
<http://www.wikidata.org/entity/Q150>	<http://www.wikidata.org/entity/Q9072>	33497	2045	2	8	2	45	2094
<http://www.wikidata.org/entity/Q56356571>	<http://www.wikidata.org/entity/Q9027>	11610	2593	0	4	9	50	2651
<http://www.wikidata.org/entity/Q13955>	<http://www.wikidata.org/entity/Q8752>	14706	187	0	0	0	0	187
<http://www.wikidata.org/entity/Q8752>	<http://www.wikidata.org/entity/Q13955>	30759	200	0	0	0	0	200
<http://www.wikidata.org/entity/Q9027>	<http://www.wikidata.org/entity/Q56356571>	38988	2037	0	2	17	40	2093
<http://www.wikidata.org/entity/Q50868>	<http://www.wikidata.org/entity/Q25164>	18852	31	0	0	0	0	31
<http://www.wikidata.org/entity/Q25164>	<http://www.wikidata.org/entity/Q50868>	32974	45	0	0	0	0	45
<http://www.wikidata.org/entity/Q50868>	<http://www.wikidata.org/entity/Q25167>	18852	43	0	0	0	0	43
<http://www.wikidata.org/entity/Q25167>	<http://www.wikidata.org/entity/Q50868>	50565	68	0	0	0	0	68
<http://www.wikidata.org/entity/Q9072>	<http://www.wikidata.org/entity/Q1860>	4943	2291	13	18	1	56	2358
<http://www.wikidata.org/entity/Q1860>	<http://www.wikidata.org/entity/Q9072>	59942	2785	15	22	3	97	2895
<http://www.wikidata.org/entity/Q56356571>	<http://www.wikidata.org/entity/Q9056>	11610	1204	5	8	5	5	1211
<http://www.wikidata.org/entity/Q9056>	<http://www.wikidata.org/entity/Q56356571>	25347	1019	3	5	13	4	1028
<http://www.wikidata.org/entity/Q7411>	<http://www.wikidata.org/entity/Q32238>	2611	239	0	1	0	0	240
<http://www.wikidata.org/entity/Q32238>	<http://www.wikidata.org/entity/Q7411>	14153	335	0	1	0	0	336
<http://www.wikidata.org/entity/Q7411>	<http://www.wikidata.org/entity/Q13955>	2611	198	0	1	2	3	203
<http://www.wikidata.org/entity/Q13955>	<http://www.wikidata.org/entity/Q7411>	14706	200	0	2	2	3	206
<http://www.wikidata.org/entity/Q8748>	<http://www.wikidata.org/entity/Q32238>	8162	114	0	0	0	0	114
<http://www.wikidata.org/entity/Q32238>	<http://www.wikidata.org/entity/Q8748>	14153	166	0	0	0	0	166
<http://www.wikidata.org/entity/Q397>	<http://www.wikidata.org/entity/Q652>	2705	1452	23	42	0	10	1476
<http://www.wikidata.org/entity/Q652>	<http://www.wikidata.org/entity/Q397>	26452	1586	22	39	0	11	1609
<http://www.wikidata.org/entity/Q10134>	<http://www.wikidata.org/entity/Q5146>	2146	480	0	1	2	31	514
<http://www.wikidata.org/entity/Q5146>	<http://www.wikidata.org/entity/Q10134>	176780	509	0	0	2	37	548
<http://www.wikidata.org/entity/Q8748>	<http://www.wikidata.org/entity/Q13955>	8162	83	0	0	0	2	85
<http://www.wikidata.org/entity/Q13955>	<http://www.wikidata.org/entity/Q8748>	14706	88	0	0	0	1	89
<http://www.wikidata.org/entity/Q56475>	<http://www.wikidata.org/entity/Q10134>	1897	206	0	0	0	23	229
<http://www.wikidata.org/entity/Q10134>	<http://www.wikidata.org/entity/Q56475>	2146	206	0	0	0	22	228
<http://www.wikidata.org/entity/Q50868>	<http://www.wikidata.org/entity/Q5287>	18852	36	0	0	0	5	41
<http://www.wikidata.org/entity/Q5287>	<http://www.wikidata.org/entity/Q50868>	34860	55	0	0	0	5	60
<http://www.wikidata.org/entity/Q9288>	<http://www.wikidata.org/entity/Q33947>	7451	18	0	0	0	1	19
<http://www.wikidata.org/entity/Q33947>	<http://www.wikidata.org/entity/Q9288>	10045	17	0	0	0	1	18
<http://www.wikidata.org/entity/Q397>	<http://www.wikidata.org/entity/Q36236>	2705	705	0	7	0	7	713
<http://www.wikidata.org/entity/Q36236>	<http://www.wikidata.org/entity/Q397>	12554	766	0	9	0	6	773
<http://www.wikidata.org/entity/Q33151>	<http://www.wikidata.org/entity/Q33947>	1938	4	0	0	0	0	4
<http://www.wikidata.org/entity/Q33947>	<http://www.wikidata.org/entity/Q33151>	10045	3	0	0	0	0	3
<http://www.wikidata.org/entity/Q256>	<http://www.wikidata.org/entity/Q50868>	2630	25	0	0	0	1	26
<http://www.wikidata.org/entity/Q50868>	<http://www.wikidata.org/entity/Q256>	18852	22	0	0	0	1	23
<http://www.wikidata.org/entity/Q36928>	<http://www.wikidata.org/entity/Q32238>	3314	410	0	0	0	0	410
<http://www.wikidata.org/entity/Q32238>	<http://www.wikidata.org/entity/Q36928>	14153	407	0	0	0	0	407
<http://www.wikidata.org/entity/Q5218>	<http://www.wikidata.org/entity/Q33578>	2046	6	0	0	0	0	6
<http://www.wikidata.org/entity/Q33578>	<http://www.wikidata.org/entity/Q5218>	5759	12	0	0	0	0	12
<http://www.wikidata.org/entity/Q33947>	<http://www.wikidata.org/entity/Q1321>	10045	15	1	1	0	1	16
<http://www.wikidata.org/entity/Q36928>	<http://www.wikidata.org/entity/Q13955>	3314	242	0	0	0	0	242
<http://www.wikidata.org/entity/Q1321>	<http://www.wikidata.org/entity/Q33947>	20953	16	1	1	0	1	17
<http://www.wikidata.org/entity/Q13955>	<http://www.wikidata.org/entity/Q36928>	14706	172	0	0	0	0	172
<http://www.wikidata.org/entity/Q9027>	<http://www.wikidata.org/entity/Q1860>	38988	7634	99	127	205	251	8111
<http://www.wikidata.org/entity/Q1860>	<http://www.wikidata.org/entity/Q9027>	59942	8414	94	126	156	349	8932
<http://www.wikidata.org/entity/Q256>	<http://www.wikidata.org/entity/Q9168>	2630	21	0	0	0	11	32
<http://www.wikidata.org/entity/Q9168>	<http://www.wikidata.org/entity/Q256>	18925	21	0	0	0	10	31
<http://www.wikidata.org/entity/Q36928>	<http://www.wikidata.org/entity/Q33578>	3314	477	0	0	0	0	477
<http://www.wikidata.org/entity/Q33578>	<http://www.wikidata.org/entity/Q36928>	5759	410	0	0	0	0	410
<http://www.wikidata.org/entity/Q9168>	<http://www.wikidata.org/entity/Q5287>	18925	237	0	0	0	19	256
<http://www.wikidata.org/entity/Q5287>	<http://www.wikidata.org/entity/Q9168>	34860	256	0	0	0	26	282
<http://www.wikidata.org/entity/Q5218>	<http://www.wikidata.org/entity/Q13955>	2046	8	0	2	0	0	8
<http://www.wikidata.org/entity/Q13955>	<http://www.wikidata.org/entity/Q5218>	14706	8	0	2	0	0	8
<http://www.wikidata.org/entity/Q7737>	<http://www.wikidata.org/entity/Q188>	18679	5426	29	58	32	67	5512
<http://www.wikidata.org/entity/Q188>	<http://www.wikidata.org/entity/Q7737>	20135	5534	31	59	48	67	5647
<http://www.wikidata.org/entity/Q5218>	<http://www.wikidata.org/entity/Q32238>	2046	7	0	1	0	0	7
<http://www.wikidata.org/entity/Q32238>	<http://www.wikidata.org/entity/Q5218>	14153	17	0	1	0	0	17
<http://www.wikidata.org/entity/Q9072>	<http://www.wikidata.org/entity/Q56356571>	4943	968	0	3	1	19	990
<http://www.wikidata.org/entity/Q56356571>	<http://www.wikidata.org/entity/Q9072>	11610	1403	0	2	1	24	1428
<http://www.wikidata.org/entity/Q150>	<http://www.wikidata.org/entity/Q9027>	33497	6661	24	44	475	143	7230
<http://www.wikidata.org/entity/Q9027>	<http://www.wikidata.org/entity/Q150>	38988	6551	23	42	359	131	7016
<http://www.wikidata.org/entity/Q7411>	<http://www.wikidata.org/entity/Q33578>	2611	293	0	0	0	6	299
<http://www.wikidata.org/entity/Q33578>	<http://www.wikidata.org/entity/Q7411>	5759	344	0	0	0	7	351
<http://www.wikidata.org/entity/Q9176>	<http://www.wikidata.org/entity/Q256>	1593	129	0	0	0	29	158
<http://www.wikidata.org/entity/Q256>	<http://www.wikidata.org/entity/Q9176>	2630	126	0	0	0	27	153
<http://www.wikidata.org/entity/Q12107>	<http://www.wikidata.org/entity/Q5287>	5780	1723	0	2	5	62	1790
<http://www.wikidata.org/entity/Q5287>	<http://www.wikidata.org/entity/Q12107>	34860	1959	0	2	2	106	2067
<http://www.wikidata.org/entity/Q9035>	<http://www.wikidata.org/entity/Q1860>	19363	5162	144	195	90	133	5441
<http://www.wikidata.org/entity/Q1860>	<http://www.wikidata.org/entity/Q9035>	59942	5984	133	182	97	184	6316
<http://www.wikidata.org/entity/Q36495>	<http://www.wikidata.org/entity/Q1860>	1973	1059	124	137	0	79	1160
<http://www.wikidata.org/entity/Q1860>	<http://www.wikidata.org/entity/Q36495>	59942	1184	123	138	0	95	1307
<http://www.wikidata.org/entity/Q256>	<http://www.wikidata.org/entity/Q12107>	2630	474	0	0	0	40	513
<http://www.wikidata.org/entity/Q12107>	<http://www.wikidata.org/entity/Q256>	5780	632	0	0	0	42	674
<http://www.wikidata.org/entity/Q9176>	<http://www.wikidata.org/entity/Q5287>	1593	372	9	11	0	40	414
<http://www.wikidata.org/entity/Q33578>	<http://www.wikidata.org/entity/Q8748>	5759	177	0	0	0	1	178
<http://www.wikidata.org/entity/Q8748>	<http://www.wikidata.org/entity/Q33578>	8162	138	0	0	0	2	140
<http://www.wikidata.org/entity/Q5287>	<http://www.wikidata.org/entity/Q9176>	34860	525	9	11	0	57	584
<http://www.wikidata.org/entity/Q13349>	<http://www.wikidata.org/entity/Q56356571>	6804	10	0	0	0	0	10
<http://www.wikidata.org/entity/Q56356571>	<http://www.wikidata.org/entity/Q13349>	11610	23	0	0	0	0	23
<http://www.wikidata.org/entity/Q35518>	<http://www.wikidata.org/entity/Q188>	15737	2897	0	0	0	249	3146
<http://www.wikidata.org/entity/Q188>	<http://www.wikidata.org/entity/Q35518>	20135	1705	0	0	0	175	1880
<http://www.wikidata.org/entity/Q36495>	<http://www.wikidata.org/entity/Q150>	1973	1013	5	26	0	47	1064
<http://www.wikidata.org/entity/Q150>	<http://www.wikidata.org/entity/Q36495>	33497	989	3	18	0	42	1033
<http://www.wikidata.org/entity/Q9035>	<http://www.wikidata.org/entity/Q150>	19363	4230	33	64	146	82	4450
<http://www.wikidata.org/entity/Q150>	<http://www.wikidata.org/entity/Q9035>	33497	4432	30	59	291	90	4800
<http://www.wikidata.org/entity/Q8748>	<http://www.wikidata.org/entity/Q36236>	8162	185	0	0	0	3	188
<http://www.wikidata.org/entity/Q36236>	<http://www.wikidata.org/entity/Q8748>	12554	237	0	0	0	3	240
<http://www.wikidata.org/entity/Q7411>	<http://www.wikidata.org/entity/Q36236>	2611	538	0	8	0	1	540
<http://www.wikidata.org/entity/Q36236>	<http://www.wikidata.org/entity/Q7411>	12554	589	0	12	0	1	591
<http://www.wikidata.org/entity/Q36928>	<http://www.wikidata.org/entity/Q652>	3314	933	0	0	0	0	933
<http://www.wikidata.org/entity/Q652>	<http://www.wikidata.org/entity/Q36928>	26452	819	0	0	0	0	819
<http://www.wikidata.org/entity/Q727694>	<http://www.wikidata.org/entity/Q9072>	4417	514	0	1	0	26	541
<http://www.wikidata.org/entity/Q9072>	<http://www.wikidata.org/entity/Q727694>	4943	419	0	1	0	14	434
<http://www.wikidata.org/entity/Q36928>	<http://www.wikidata.org/entity/Q36236>	3314	499	0	0	0	0	499
<http://www.wikidata.org/entity/Q36236>	<http://www.wikidata.org/entity/Q36928>	12554	430	0	0	0	0	430
<http://www.wikidata.org/entity/Q7411>	<http://www.wikidata.org/entity/Q652>	2611	1000	3	6	170	5	1175
<http://www.wikidata.org/entity/Q652>	<http://www.wikidata.org/entity/Q7411>	26452	1115	3	7	178	6	1300
<http://www.wikidata.org/entity/Q397>	<http://www.wikidata.org/entity/Q13955>	2705	271	1	7	0	3	278
<http://www.wikidata.org/entity/Q13955>	<http://www.wikidata.org/entity/Q397>	14706	245	1	6	0	3	251
<http://www.wikidata.org/entity/Q8748>	<http://www.wikidata.org/entity/Q652>	8162	289	2	3	4	4	297
<http://www.wikidata.org/entity/Q652>	<http://www.wikidata.org/entity/Q8748>	26452	327	3	4	2	3	332
<http://www.wikidata.org/entity/Q33284>	<http://www.wikidata.org/entity/Q5146>	1711	15	0	0	0	0	15
<http://www.wikidata.org/entity/Q5146>	<http://www.wikidata.org/entity/Q33284>	176780	18	0	0	0	0	18
<http://www.wikidata.org/entity/Q397>	<http://www.wikidata.org/entity/Q32238>	2705	390	0	2	0	4	395
<http://www.wikidata.org/entity/Q727694>	<http://www.wikidata.org/entity/Q13349>	4417	14	0	0	0	0	14
<http://www.wikidata.org/entity/Q13349>	<http://www.wikidata.org/entity/Q727694>	6804	8	0	0	0	0	8
<http://www.wikidata.org/entity/Q32238>	<http://www.wikidata.org/entity/Q397>	14153	507	0	4	0	3	513
<http://www.wikidata.org/entity/Q33284>	<http://www.wikidata.org/entity/Q56475>	1711	11	0	0	0	0	11
<http://www.wikidata.org/entity/Q56475>	<http://www.wikidata.org/entity/Q33284>	1897	12	0	0	0	0	12
<http://www.wikidata.org/entity/Q56475>	<http://www.wikidata.org/entity/Q36790>	1897	310	0	0	0	74	384
<http://www.wikidata.org/entity/Q36790>	<http://www.wikidata.org/entity/Q56475>	17051	1793	0	0	0	194	1987
<http://www.wikidata.org/entity/Q36790>	<http://www.wikidata.org/entity/Q5146>	17051	2559	3	3	0	158	2717
<http://www.wikidata.org/entity/Q5146>	<http://www.wikidata.org/entity/Q36790>	176780	690	3	3	0	57	747
<http://www.wikidata.org/entity/Q9035>	<http://www.wikidata.org/entity/Q188>	19363	4432	94	124	116	78	4630
<http://www.wikidata.org/entity/Q188>	<http://www.wikidata.org/entity/Q9035>	20135	5462	101	129	236	116	5829
<http://www.wikidata.org/entity/Q1321>	<http://www.wikidata.org/entity/Q8752>	20953	855	19	27	0	0	855
<http://www.wikidata.org/entity/Q8752>	<http://www.wikidata.org/entity/Q1321>	30759	736	18	21	0	0	737
<http://www.wikidata.org/entity/Q36495>	<http://www.wikidata.org/entity/Q188>	1973	1025	6	23	0	49	1077
<http://www.wikidata.org/entity/Q188>	<http://www.wikidata.org/entity/Q36495>	20135	1456	6	20	0	67	1525
<http://www.wikidata.org/entity/Q33454>	<http://www.wikidata.org/entity/Q25164>	9001	98	0	0	0	2	100
<http://www.wikidata.org/entity/Q727694>	<http://www.wikidata.org/entity/Q9056>	4417	509	2	25	0	10	523
<http://www.wikidata.org/entity/Q25164>	<http://www.wikidata.org/entity/Q33454>	32974	131	0	0	0	2	133
<http://www.wikidata.org/entity/Q9056>	<http://www.wikidata.org/entity/Q727694>	25347	494	5	21	0	6	502
<http://www.wikidata.org/entity/Q5218>	<http://www.wikidata.org/entity/Q36236>	2046	14	0	2	0	0	14
<http://www.wikidata.org/entity/Q36236>	<http://www.wikidata.org/entity/Q5218>	12554	24	0	5	0	0	26
<http://www.wikidata.org/entity/Q35518>	<http://www.wikidata.org/entity/Q1860>	15737	3942	1	2	0	454	4396
<http://www.wikidata.org/entity/Q33151>	<http://www.wikidata.org/entity/Q8752>	1938	21	0	1	0	0	21
<http://www.wikidata.org/entity/Q1860>	<http://www.wikidata.org/entity/Q35518>	59942	2460	1	3	0	399	2858
<http://www.wikidata.org/entity/Q8752>	<http://www.wikidata.org/entity/Q33151>	30759	25	0	1	0	0	25
<http://www.wikidata.org/entity/Q397>	<http://www.wikidata.org/entity/Q33578>	2705	425	0	1	0	11	436
<http://www.wikidata.org/entity/Q33578>	<http://www.wikidata.org/entity/Q397>	5759	491	0	1	0	11	502
<http://www.wikidata.org/entity/Q9288>	<http://www.wikidata.org/entity/Q8752>	7451	953	0	3	0	1	954
<http://www.wikidata.org/entity/Q8752>	<http://www.wikidata.org/entity/Q9288>	30759	968	0	3	0	1	969
<http://www.wikidata.org/entity/Q809>	<http://www.wikidata.org/entity/Q5287>	4135	483	0	9	2	0	486
<http://www.wikidata.org/entity/Q5287>	<http://www.wikidata.org/entity/Q809>	34860	704	0	13	1	0	706
<http://www.wikidata.org/entity/Q35518>	<http://www.wikidata.org/entity/Q150>	15737	2965	0	1	0	248	3213
<http://www.wikidata.org/entity/Q150>	<http://www.wikidata.org/entity/Q35518>	33497	1484	0	2	0	156	1640
<http://www.wikidata.org/entity/Q33454>	<http://www.wikidata.org/entity/Q25167>	9001	129	0	0	0	2	131
<http://www.wikidata.org/entity/Q25167>	<http://www.wikidata.org/entity/Q33454>	50565	199	0	0	0	4	203
<http://www.wikidata.org/entity/Q256>	<http://www.wikidata.org/entity/Q809>	2630	184	0	1	0	0	184
<http://www.wikidata.org/entity/Q809>	<http://www.wikidata.org/entity/Q256>	4135	193	0	1	0	0	193
<http://www.wikidata.org/entity/Q1321>	<http://www.wikidata.org/entity/Q8765>	20953	98	32	34	0	2	114
<http://www.wikidata.org/entity/Q8765>	<http://www.wikidata.org/entity/Q1321>	33758	70	31	33	0	2	86
<http://www.wikidata.org/entity/Q9610>	<http://www.wikidata.org/entity/Q1321>	14501	727	1	9	6	30	762
<http://www.wikidata.org/entity/Q1321>	<http://www.wikidata.org/entity/Q9610>	20953	637	1	9	8	34	678
<http://www.wikidata.org/entity/Q11059>	<http://www.wikidata.org/entity/Q58635>	1928	382	20	20	0	30	428
<http://www.wikidata.org/entity/Q58635>	<http://www.wikidata.org/entity/Q11059>	8319	697	25	25	0	51	765
<http://www.wikidata.org/entity/Q188>	<http://www.wikidata.org/entity/Q9027>	20135	7115	55	85	271	181	7561
<http://www.wikidata.org/entity/Q9027>	<http://www.wikidata.org/entity/Q188>	38988	6209	47	80	204	138	6543
<http://www.wikidata.org/entity/Q33151>	<http://www.wikidata.org/entity/Q8765>	1938	1	0	0	0	0	1
<http://www.wikidata.org/entity/Q8765>	<http://www.wikidata.org/entity/Q33151>	33758	1	0	0	0	0	1
<http://www.wikidata.org/entity/Q7737>	<http://www.wikidata.org/entity/Q1860>	18679	8026	112	136	32	87	8152
<http://www.wikidata.org/entity/Q1860>	<http://www.wikidata.org/entity/Q7737>	59942	7842	115	139	26	101	7977
<http://www.wikidata.org/entity/Q33151>	<http://www.wikidata.org/entity/Q9610>	1938	34	0	0	0	1	35
<http://www.wikidata.org/entity/Q9610>	<http://www.wikidata.org/entity/Q33151>	14501	66	0	1	0	1	67
<http://www.wikidata.org/entity/Q5218>	<http://www.wikidata.org/entity/Q652>	2046	18	1	4	0	0	19
<http://www.wikidata.org/entity/Q652>	<http://www.wikidata.org/entity/Q5218>	26452	23	1	5	0	0	25
<http://www.wikidata.org/entity/Q9288>	<http://www.wikidata.org/entity/Q8765>	7451	48	0	0	0	2	50
<http://www.wikidata.org/entity/Q8765>	<http://www.wikidata.org/entity/Q9288>	33758	44	0	0	0	2	46
<http://www.wikidata.org/entity/Q1412>	<http://www.wikidata.org/entity/Q58635>	2495	351	0	1	0	13	365
<http://www.wikidata.org/entity/Q58635>	<http://www.wikidata.org/entity/Q1412>	8319	648	0	3	0	20	671
<http://www.wikidata.org/entity/Q9288>	<http://www.wikidata.org/entity/Q9610>	7451	570	0	1	2	16	588
<http://www.wikidata.org/entity/Q9237>	<http://www.wikidata.org/entity/Q33454>	5311	103	0	0	0	4	107
<http://www.wikidata.org/entity/Q9610>	<http://www.wikidata.org/entity/Q9288>	14501	876	0	1	2	18	896
<http://www.wikidata.org/entity/Q33454>	<http://www.wikidata.org/entity/Q9237>	9001	87	0	0	0	2	89
<http://www.wikidata.org/entity/Q7737>	<http://www.wikidata.org/entity/Q150>	18679	5818	24	50	31	52	5886
<http://www.wikidata.org/entity/Q150>	<http://www.wikidata.org/entity/Q7737>	33497	5031	27	51	46	50	5116
<http://www.wikidata.org/entity/Q11051>	<http://www.wikidata.org/entity/Q58635>	3900	969	344	347	3	53	1304
<http://www.wikidata.org/entity/Q58635>	<http://www.wikidata.org/entity/Q11051>	8319	1450	357	360	3	68	1806
<http://www.wikidata.org/entity/Q256>	<http://www.wikidata.org/entity/Q33454>	2630	55	0	0	0	2	57
<http://www.wikidata.org/entity/Q33454>	<http://www.wikidata.org/entity/Q256>	9001	48	0	0	0	2	50
<http://www.wikidata.org/entity/Q33151>	<http://www.wikidata.org/entity/Q36928>	1938	38	0	0	0	0	38
<http://www.wikidata.org/entity/Q36928>	<http://www.wikidata.org/entity/Q33151>	3314	56	0	0	0	0	56
<http://www.wikidata.org/entity/Q188>	<http://www.wikidata.org/entity/Q9056>	20135	2496	98	119	50	16	2568
<http://www.wikidata.org/entity/Q9056>	<http://www.wikidata.org/entity/Q188>	25347	2331	102	125	50	10	2361
<http://www.wikidata.org/entity/Q809>	<http://www.wikidata.org/entity/Q25167>	4135	692	3	11	2	1	696
<http://www.wikidata.org/entity/Q25167>	<http://www.wikidata.org/entity/Q809>	50565	883	3	18	1	1	890
<http://www.wikidata.org/entity/Q36928>	<http://www.wikidata.org/entity/Q9288>	3314	593	0	0	0	0	593
<http://www.wikidata.org/entity/Q9288>	<http://www.wikidata.org/entity/Q36928>	7451	430	0	0	0	0	430
<http://www.wikidata.org/entity/Q36495>	<http://www.wikidata.org/entity/Q727694>	1973	255	49	58	0	30	295
<http://www.wikidata.org/entity/Q727694>	<http://www.wikidata.org/entity/Q36495>	4417	274	80	95	0	44	351
<http://www.wikidata.org/entity/Q727694>	<http://www.wikidata.org/entity/Q9035>	4417	738	3	15	0	33	773
<http://www.wikidata.org/entity/Q9035>	<http://www.wikidata.org/entity/Q727694>	19363	658	3	13	0	26	686
<http://www.wikidata.org/entity/Q36928>	<http://www.wikidata.org/entity/Q1321>	3314	378	0	0	0	0	378
<http://www.wikidata.org/entity/Q33947>	<http://www.wikidata.org/entity/Q13955>	10045	12	0	0	0	0	12
<http://www.wikidata.org/entity/Q13955>	<http://www.wikidata.org/entity/Q33947>	14706	14	0	0	0	0	14
<http://www.wikidata.org/entity/Q1321>	<http://www.wikidata.org/entity/Q36928>	20953	327	0	0	0	0	327
<http://www.wikidata.org/entity/Q33454>	<http://www.wikidata.org/entity/Q5287>	9001	121	0	0	0	2	123
<http://www.wikidata.org/entity/Q5287>	<http://www.wikidata.org/entity/Q33454>	34860	233	0	0	0	11	244
<http://www.wikidata.org/entity/Q33947>	<http://www.wikidata.org/entity/Q32238>	10045	11	0	0	0	1	12
<http://www.wikidata.org/entity/Q32238>	<http://www.wikidata.org/entity/Q33947>	14153	23	0	0	0	1	24
<http://www.wikidata.org/entity/Q809>	<http://www.wikidata.org/entity/Q25164>	4135	515	5	14	0	0	515
<http://www.wikidata.org/entity/Q25164>	<http://www.wikidata.org/entity/Q809>	32974	638	3	15	0	0	641
<http://www.wikidata.org/entity/Q1412>	<http://www.wikidata.org/entity/Q5146>	2495	382	0	5	0	15	398
<http://www.wikidata.org/entity/Q727694>	<http://www.wikidata.org/entity/Q9027>	4417	911	1	7	0	74	985
<http://www.wikidata.org/entity/Q9027>	<http://www.wikidata.org/entity/Q727694>	38988	827	1	5	0	55	883
<http://www.wikidata.org/entity/Q5146>	<http://www.wikidata.org/entity/Q1412>	176780	416	0	5	0	21	437
<http://www.wikidata.org/entity/Q7411>	<http://www.wikidata.org/entity/Q1321>	2611	524	2	19	198	3	717
<http://www.wikidata.org/entity/Q1321>	<http://www.wikidata.org/entity/Q7411>	20953	621	2	15	216	3	837
<http://www.wikidata.org/entity/Q56475>	<http://www.wikidata.org/entity/Q1412>	1897	166	0	0	0	11	177
<http://www.wikidata.org/entity/Q1412>	<http://www.wikidata.org/entity/Q56475>	2495	164	0	0	0	11	175
<http://www.wikidata.org/entity/Q33151>	<http://www.wikidata.org/entity/Q8748>	1938	15	0	0	0	0	15
<http://www.wikidata.org/entity/Q8748>	<http://www.wikidata.org/entity/Q33151>	8162	16	0	0	0	0	16
<http://www.wikidata.org/entity/Q9288>	<http://www.wikidata.org/entity/Q8748>	7451	204	0	0	0	1	205
<http://www.wikidata.org/entity/Q8748>	<http://www.wikidata.org/entity/Q9288>	8162	191	0	0	0	1	192
<http://www.wikidata.org/entity/Q33151>	<http://www.wikidata.org/entity/Q7411>	1938	26	1	2	0	0	26
<http://www.wikidata.org/entity/Q7411>	<http://www.wikidata.org/entity/Q33151>	2611	29	1	1	0	0	29
<http://www.wikidata.org/entity/Q8748>	<http://www.wikidata.org/entity/Q1321>	8162	157	0	1	4	3	162
<http://www.wikidata.org/entity/Q1321>	<http://www.wikidata.org/entity/Q8748>	20953	187	0	1	3	3	193
<http://www.wikidata.org/entity/Q7411>	<http://www.wikidata.org/entity/Q9288>	2611	617	0	1	3	1	621
<http://www.wikidata.org/entity/Q9288>	<http://www.wikidata.org/entity/Q7411>	7451	627	0	1	3	1	631
<http://www.wikidata.org/entity/Q56475>	<http://www.wikidata.org/entity/Q11059>	1897	121	0	0	0	16	137
<http://www.wikidata.org/entity/Q11059>	<http://www.wikidata.org/entity/Q56475>	1928	147	0	0	0	16	163
<http://www.wikidata.org/entity/Q11059>	<http://www.wikidata.org/entity/Q5146>	1928	265	0	0	0	16	281
<http://www.wikidata.org/entity/Q5146>	<http://www.wikidata.org/entity/Q11059>	176780	222	0	0	0	13	235
<http://www.wikidata.org/entity/Q56475>	<http://www.wikidata.org/entity/Q11051>	1897	200	2	2	0	21	223
<http://www.wikidata.org/entity/Q11051>	<http://www.wikidata.org/entity/Q56475>	3900	310	2	2	0	25	337
<http://www.wikidata.org/entity/Q11051>	<http://www.wikidata.org/entity/Q5146>	3900	627	9	13	0	27	664
<http://www.wikidata.org/entity/Q809>	<http://www.wikidata.org/entity/Q9237>	4135	340	1	6	0	0	340
<http://www.wikidata.org/entity/Q9237>	<http://www.wikidata.org/entity/Q809>	5311	368	1	5	0	0	368
<http://www.wikidata.org/entity/Q5146>	<http://www.wikidata.org/entity/Q11051>	176780	486	4	6	0	25	516
<http://www.wikidata.org/entity/Q652>	<http://www.wikidata.org/entity/Q8752>	26452	1917	5	12	0	1	1918
<http://www.wikidata.org/entity/Q8752>	<http://www.wikidata.org/entity/Q652>	30759	1793	4	9	0	1	1794
<http://www.wikidata.org/entity/Q36236>	<http://www.wikidata.org/entity/Q9610>	12554	913	5	24	0	20	938
<http://www.wikidata.org/entity/Q9610>	<http://www.wikidata.org/entity/Q36236>	14501	1063	4	22	0	18	1086
<http://www.wikidata.org/entity/Q36236>	<http://www.wikidata.org/entity/Q8765>	12554	50	0	3	0	2	52
<http://www.wikidata.org/entity/Q8765>	<http://www.wikidata.org/entity/Q36236>	33758	37	0	2	0	2	39
<http://www.wikidata.org/entity/Q56356571>	<http://www.wikidata.org/entity/Q7737>	11610	2380	32	35	2	16	2396
<http://www.wikidata.org/entity/Q7737>	<http://www.wikidata.org/entity/Q56356571>	18679	2388	25	28	3	16	2406
<http://www.wikidata.org/entity/Q9072>	<http://www.wikidata.org/entity/Q188>	4943	1994	16	17	1	35	2034
<http://www.wikidata.org/entity/Q188>	<http://www.wikidata.org/entity/Q9072>	20135	2587	20	21	4	56	2652
<http://www.wikidata.org/entity/Q33284>	<http://www.wikidata.org/entity/Q58635>	1711	18	0	0	0	0	18
<http://www.wikidata.org/entity/Q5218>	<http://www.wikidata.org/entity/Q9288>	2046	16	0	1	0	0	16
<http://www.wikidata.org/entity/Q9288>	<http://www.wikidata.org/entity/Q5218>	7451	19	0	1	0	0	19
<http://www.wikidata.org/entity/Q58635>	<http://www.wikidata.org/entity/Q33284>	8319	54	0	0	0	0	54
<http://www.wikidata.org/entity/Q9610>	<http://www.wikidata.org/entity/Q652>	14501	1302	1	7	5	42	1351
<http://www.wikidata.org/entity/Q652>	<http://www.wikidata.org/entity/Q9610>	26452	1037	1	8	5	45	1088
<http://www.wikidata.org/entity/Q33151>	<http://www.wikidata.org/entity/Q5218>	1938	4	0	2	0	0	4
<http://www.wikidata.org/entity/Q5218>	<http://www.wikidata.org/entity/Q33151>	2046	3	0	1	0	0	3
<http://www.wikidata.org/entity/Q652>	<http://www.wikidata.org/entity/Q8765>	26452	86	3	4	0	2	89
<http://www.wikidata.org/entity/Q8765>	<http://www.wikidata.org/entity/Q652>	33758	70	3	4	0	1	72
<http://www.wikidata.org/entity/Q36236>	<http://www.wikidata.org/entity/Q8752>	12554	772	0	1	0	0	772
<http://www.wikidata.org/entity/Q8752>	<http://www.wikidata.org/entity/Q36236>	30759	731	0	1	0	0	731
<http://www.wikidata.org/entity/Q13349>	<http://www.wikidata.org/entity/Q188>	6804	10	0	0	0	0	10
<http://www.wikidata.org/entity/Q188>	<http://www.wikidata.org/entity/Q13349>	20135	29	0	0	0	0	29
<http://www.wikidata.org/entity/Q56356571>	<http://www.wikidata.org/entity/Q35518>	11610	1053	0	0	0	65	1118
<http://www.wikidata.org/entity/Q35518>	<http://www.wikidata.org/entity/Q56356571>	15737	1758	0	0	0	104	1862
<http://www.wikidata.org/entity/Q5218>	<http://www.wikidata.org/entity/Q1321>	2046	17	10	10	0	0	18
<http://www.wikidata.org/entity/Q1321>	<http://www.wikidata.org/entity/Q5218>	20953	24	3	3	0	0	25
<http://www.wikidata.org/entity/Q33578>	<http://www.wikidata.org/entity/Q33947>	5759	20	0	0	0	1	21
<http://www.wikidata.org/entity/Q33947>	<http://www.wikidata.org/entity/Q33578>	10045	10	0	0	0	1	11
<http://www.wikidata.org/entity/Q58635>	<http://www.wikidata.org/entity/Q36790>	8319	1300	0	0	0	125	1425
<http://www.wikidata.org/entity/Q36790>	<http://www.wikidata.org/entity/Q58635>	17051	2653	0	0	0	199	2852
<http://www.wikidata.org/entity/Q8752>	<http://www.wikidata.org/entity/Q25164>	30759	1178	2	6	0	0	1179
<http://www.wikidata.org/entity/Q25164>	<http://www.wikidata.org/entity/Q8752>	32974	1521	2	8	0	0	1524
<http://www.wikidata.org/entity/Q33284>	<http://www.wikidata.org/entity/Q7737>	1711	25	0	0	0	0	25
<http://www.wikidata.org/entity/Q7737>	<http://www.wikidata.org/entity/Q33284>	18679	56	0	0	0	0	56
<http://www.wikidata.org/entity/Q36928>	<http://www.wikidata.org/entity/Q5287>	3314	670	0	0	0	0	670
<http://www.wikidata.org/entity/Q5287>	<http://www.wikidata.org/entity/Q36928>	34860	754	0	0	0	0	754
<http://www.wikidata.org/entity/Q33578>	<http://www.wikidata.org/entity/Q9168>	5759	41	0	0	0	8	49
<http://www.wikidata.org/entity/Q9168>	<http://www.wikidata.org/entity/Q33578>	18925	33	0	0	0	9	42
<http://www.wikidata.org/entity/Q33454>	<http://www.wikidata.org/entity/Q1321>	9001	63	0	0	0	2	65
<http://www.wikidata.org/entity/Q1321>	<http://www.wikidata.org/entity/Q33454>	20953	78	0	0	0	2	80
<http://www.wikidata.org/entity/Q10134>	<http://www.wikidata.org/entity/Q9027>	2146	780	1	3	2	43	827
<http://www.wikidata.org/entity/Q9237>	<http://www.wikidata.org/entity/Q8765>	5311	50	0	0	0	3	53
<http://www.wikidata.org/entity/Q13955>	<http://www.wikidata.org/entity/Q50868>	14706	13	0	1	0	0	13
<http://www.wikidata.org/entity/Q50868>	<http://www.wikidata.org/entity/Q13955>	18852	14	0	1	0	0	14
<http://www.wikidata.org/entity/Q8765>	<http://www.wikidata.org/entity/Q9237>	33758	43	0	0	0	2	45
<http://www.wikidata.org/entity/Q9027>	<http://www.wikidata.org/entity/Q10134>	38988	897	1	2	4	52	954
<http://www.wikidata.org/entity/Q9237>	<http://www.wikidata.org/entity/Q9610>	5311	598	1	7	0	71	670
<http://www.wikidata.org/entity/Q9288>	<http://www.wikidata.org/entity/Q33454>	7451	108	0	0	0	2	110
<http://www.wikidata.org/entity/Q33454>	<http://www.wikidata.org/entity/Q9288>	9001	99	0	0	0	2	101
<http://www.wikidata.org/entity/Q9610>	<http://www.wikidata.org/entity/Q9237>	14501	849	1	8	0	76	927
<http://www.wikidata.org/entity/Q32238>	<http://www.wikidata.org/entity/Q50868>	14153	40	0	0	0	0	40
<http://www.wikidata.org/entity/Q50868>	<http://www.wikidata.org/entity/Q32238>	18852	18	0	0	0	0	18
<http://www.wikidata.org/entity/Q33151>	<http://www.wikidata.org/entity/Q33454>	1938	16	0	0	0	0	16
<http://www.wikidata.org/entity/Q33454>	<http://www.wikidata.org/entity/Q33151>	9001	16	0	0	0	0	16
<http://www.wikidata.org/entity/Q256>	<http://www.wikidata.org/entity/Q36928>	2630	201	0	0	0	0	201
<http://www.wikidata.org/entity/Q36928>	<http://www.wikidata.org/entity/Q256>	3314	282	0	0	0	0	282
<http://www.wikidata.org/entity/Q36790>	<http://www.wikidata.org/entity/Q7737>	17051	3803	1	1	0	63	3866
<http://www.wikidata.org/entity/Q7737>	<http://www.wikidata.org/entity/Q36790>	18679	1704	2	2	0	39	1742
<http://www.wikidata.org/entity/Q8752>	<http://www.wikidata.org/entity/Q25167>	30759	1592	1	3	0	1	1594
<http://www.wikidata.org/entity/Q25167>	<http://www.wikidata.org/entity/Q8752>	50565	2058	1	6	0	1	2063
<http://www.wikidata.org/entity/Q9610>	<http://www.wikidata.org/entity/Q25164>	14501	910	1	5	3	32	947
<http://www.wikidata.org/entity/Q25164>	<http://www.wikidata.org/entity/Q9610>	32974	868	1	6	3	44	918
<http://www.wikidata.org/entity/Q25164>	<http://www.wikidata.org/entity/Q8765>	32974	73	0	0	0	2	75
<http://www.wikidata.org/entity/Q8765>	<http://www.wikidata.org/entity/Q25164>	33758	53	0	0	0	2	55
<http://www.wikidata.org/entity/Q33284>	<http://www.wikidata.org/entity/Q35518>	1711	18	0	0	0	0	18
<http://www.wikidata.org/entity/Q35518>	<http://www.wikidata.org/entity/Q33284>	15737	42	0	0	0	0	42
<http://www.wikidata.org/entity/Q8748>	<http://www.wikidata.org/entity/Q5287>	8162	225	0	1	2	4	231
<http://www.wikidata.org/entity/Q5287>	<http://www.wikidata.org/entity/Q8748>	34860	356	0	1	1	9	366
<http://www.wikidata.org/entity/Q9176>	<http://www.wikidata.org/entity/Q33578>	1593	153	0	0	0	25	178
<http://www.wikidata.org/entity/Q33578>	<http://www.wikidata.org/entity/Q9176>	5759	175	0	0	0	30	205
<http://www.wikidata.org/entity/Q7411>	<http://www.wikidata.org/entity/Q256>	2611	221	0	2	2	6	227
<http://www.wikidata.org/entity/Q256>	<http://www.wikidata.org/entity/Q7411>	2630	228	0	2	1	5	233
<http://www.wikidata.org/entity/Q9237>	<http://www.wikidata.org/entity/Q8752>	5311	550	0	1	0	5	555
<http://www.wikidata.org/entity/Q8752>	<http://www.wikidata.org/entity/Q9237>	30759	546	0	1	0	3	549
<http://www.wikidata.org/entity/Q7411>	<http://www.wikidata.org/entity/Q5287>	2611	758	0	9	8	6	773
<http://www.wikidata.org/entity/Q5287>	<http://www.wikidata.org/entity/Q7411>	34860	1066	0	7	5	10	1083
<http://www.wikidata.org/entity/Q36495>	<http://www.wikidata.org/entity/Q10134>	1973	392	0	1	0	27	419
<http://www.wikidata.org/entity/Q10134>	<http://www.wikidata.org/entity/Q36495>	2146	303	0	3	0	21	326
<http://www.wikidata.org/entity/Q256>	<http://www.wikidata.org/entity/Q8748>	2630	159	23	24	0	2	172
<http://www.wikidata.org/entity/Q8748>	<http://www.wikidata.org/entity/Q256>	8162	149	22	23	0	1	161
<http://www.wikidata.org/entity/Q10134>	<http://www.wikidata.org/entity/Q9035>	2146	683	1	5	1	26	712
<http://www.wikidata.org/entity/Q33578>	<http://www.wikidata.org/entity/Q12107>	5759	788	0	0	0	50	838
<http://www.wikidata.org/entity/Q12107>	<http://www.wikidata.org/entity/Q33578>	5780	856	0	0	0	37	893
<http://www.wikidata.org/entity/Q9035>	<http://www.wikidata.org/entity/Q10134>	19363	743	1	5	1	35	781
<http://www.wikidata.org/entity/Q58635>	<http://www.wikidata.org/entity/Q56356571>	8319	1702	103	104	5	72	1865
<http://www.wikidata.org/entity/Q56356571>	<http://www.wikidata.org/entity/Q58635>	11610	1511	96	97	3	54	1649
<http://www.wikidata.org/entity/Q35518>	<http://www.wikidata.org/entity/Q36790>	15737	3561	2101	2101	0	440	4862
<http://www.wikidata.org/entity/Q36790>	<http://www.wikidata.org/entity/Q35518>	17051	5077	2521	2521	0	516	6430
<http://www.wikidata.org/entity/Q9610>	<http://www.wikidata.org/entity/Q25167>	14501	1211	4	8	6	52	1274
<http://www.wikidata.org/entity/Q25167>	<http://www.wikidata.org/entity/Q9610>	50565	1195	3	8	8	82	1290
<http://www.wikidata.org/entity/Q8765>	<http://www.wikidata.org/entity/Q25167>	33758	62	0	0	0	2	64
<http://www.wikidata.org/entity/Q25167>	<http://www.wikidata.org/entity/Q8765>	50565	90	0	0	0	4	94
<http://www.wikidata.org/entity/Q9176>	<http://www.wikidata.org/entity/Q13955>	1593	129	0	0	0	12	141
<http://www.wikidata.org/entity/Q13955>	<http://www.wikidata.org/entity/Q9176>	14706	120	0	0	0	10	130
<http://www.wikidata.org/entity/Q9176>	<http://www.wikidata.org/entity/Q32238>	1593	119	0	1	0	8	127
<http://www.wikidata.org/entity/Q32238>	<http://www.wikidata.org/entity/Q9176>	14153	149	0	1	0	7	155
<http://www.wikidata.org/entity/Q56475>	<http://www.wikidata.org/entity/Q1860>	1897	625	0	1	1	124	749
<http://www.wikidata.org/entity/Q1860>	<http://www.wikidata.org/entity/Q56475>	59942	927	0	1	1	187	1114
<http://www.wikidata.org/entity/Q1860>	<http://www.wikidata.org/entity/Q5146>	59942	3012	99	131	29	159	3206
<http://www.wikidata.org/entity/Q5146>	<http://www.wikidata.org/entity/Q1860>	176780	2333	97	128	32	118	2480
<http://www.wikidata.org/entity/Q12107>	<http://www.wikidata.org/entity/Q13955>	5780	473	1	1	0	14	487
<http://www.wikidata.org/entity/Q13955>	<http://www.wikidata.org/entity/Q12107>	14706	368	1	1	0	13	381
<http://www.wikidata.org/entity/Q12107>	<http://www.wikidata.org/entity/Q32238>	5780	823	1	1	0	12	835
<http://www.wikidata.org/entity/Q32238>	<http://www.wikidata.org/entity/Q12107>	14153	826	1	1	0	11	833
<http://www.wikidata.org/entity/Q150>	<http://www.wikidata.org/entity/Q5146>	33497	1891	16	54	54	79	2013
<http://www.wikidata.org/entity/Q5146>	<http://www.wikidata.org/entity/Q150>	176780	1744	17	54	30	70	1839
<http://www.wikidata.org/entity/Q56475>	<http://www.wikidata.org/entity/Q150>	1897	502	0	0	1	59	561
<http://www.wikidata.org/entity/Q150>	<http://www.wikidata.org/entity/Q56475>	33497	596	0	0	4	68	667
<http://www.wikidata.org/entity/Q809>	<http://www.wikidata.org/entity/Q652>	4135	733	11	24	2	1	736
<http://www.wikidata.org/entity/Q652>	<http://www.wikidata.org/entity/Q809>	26452	804	10	18	1	1	807
<http://www.wikidata.org/entity/Q5218>	<http://www.wikidata.org/entity/Q5287>	2046	11	0	2	0	0	11
<http://www.wikidata.org/entity/Q5287>	<http://www.wikidata.org/entity/Q5218>	34860	34	0	5	0	0	34
<http://www.wikidata.org/entity/Q13955>	<http://www.wikidata.org/entity/Q9168>	14706	26	2	2	0	3	31
<http://www.wikidata.org/entity/Q9168>	<http://www.wikidata.org/entity/Q13955>	18925	26	2	2	0	7	35
<http://www.wikidata.org/entity/Q32238>	<http://www.wikidata.org/entity/Q9168>	14153	50	0	0	0	1	50
<http://www.wikidata.org/entity/Q9168>	<http://www.wikidata.org/entity/Q32238>	18925	42	0	0	0	1	43
<http://www.wikidata.org/entity/Q5218>	<http://www.wikidata.org/entity/Q256>	2046	10	0	1	0	0	10
<http://www.wikidata.org/entity/Q256>	<http://www.wikidata.org/entity/Q5218>	2630	13	0	1	0	0	13
<http://www.wikidata.org/entity/Q33578>	<http://www.wikidata.org/entity/Q50868>	5759	32	0	0	0	0	32
<http://www.wikidata.org/entity/Q50868>	<http://www.wikidata.org/entity/Q33578>	18852	21	0	0	0	0	21
<http://www.wikidata.org/entity/Q809>	<http://www.wikidata.org/entity/Q36236>	4135	460	1	16	0	0	460
<http://www.wikidata.org/entity/Q36236>	<http://www.wikidata.org/entity/Q809>	12554	533	1	14	0	0	535
<http://www.wikidata.org/entity/Q33454>	<http://www.wikidata.org/entity/Q652>	9001	146	0	0	0	2	148
<http://www.wikidata.org/entity/Q11059>	<http://www.wikidata.org/entity/Q7737>	1928	358	0	1	0	15	373
<http://www.wikidata.org/entity/Q652>	<http://www.wikidata.org/entity/Q33454>	26452	181	0	0	0	3	184
<http://www.wikidata.org/entity/Q7737>	<http://www.wikidata.org/entity/Q11059>	18679	579	0	2	0	13	591
<http://www.wikidata.org/entity/Q5218>	<http://www.wikidata.org/entity/Q9237>	2046	8	0	2	0	0	8
<http://www.wikidata.org/entity/Q9237>	<http://www.wikidata.org/entity/Q5218>	5311	11	0	2	0	0	11
<http://www.wikidata.org/entity/Q10134>	<http://www.wikidata.org/entity/Q13349>	2146	7	0	0	0	0	7
<http://www.wikidata.org/entity/Q13349>	<http://www.wikidata.org/entity/Q10134>	6804	7	0	0	0	0	7
<http://www.wikidata.org/entity/Q58635>	<http://www.wikidata.org/entity/Q1860>	8319	3033	43	48	6	220	3284
<http://www.wikidata.org/entity/Q1860>	<http://www.wikidata.org/entity/Q58635>	59942	2724	42	45	8	244	2999
<http://www.wikidata.org/entity/Q1412>	<http://www.wikidata.org/entity/Q7737>	2495	516	9	14	0	5	522
<http://www.wikidata.org/entity/Q7737>	<http://www.wikidata.org/entity/Q1412>	18679	802	9	16	0	6	809
<http://www.wikidata.org/entity/Q58635>	<http://www.wikidata.org/entity/Q150>	8319	2374	0	0	8	119	2496
<http://www.wikidata.org/entity/Q150>	<http://www.wikidata.org/entity/Q58635>	33497	1694	0	0	15	97	1800
<http://www.wikidata.org/entity/Q11051>	<http://www.wikidata.org/entity/Q7737>	3900	845	1	9	1	12	859
<http://www.wikidata.org/entity/Q7737>	<http://www.wikidata.org/entity/Q11051>	18679	1062	1	5	1	13	1076
<http://www.wikidata.org/entity/Q11059>	<http://www.wikidata.org/entity/Q35518>	1928	292	0	0	0	38	330
<http://www.wikidata.org/entity/Q35518>	<http://www.wikidata.org/entity/Q11059>	15737	619	0	0	0	86	705
<http://www.wikidata.org/entity/Q33454>	<http://www.wikidata.org/entity/Q36236>	9001	96	0	0	0	1	97
<http://www.wikidata.org/entity/Q36236>	<http://www.wikidata.org/entity/Q33454>	12554	132	0	0	0	1	133
<http://www.wikidata.org/entity/Q1412>	<http://www.wikidata.org/entity/Q35518>	2495	255	0	1	0	19	274
<http://www.wikidata.org/entity/Q35518>	<http://www.wikidata.org/entity/Q1412>	15737	796	0	1	0	43	839
<http://www.wikidata.org/entity/Q5218>	<http://www.wikidata.org/entity/Q25164>	2046	11	0	1	0	0	11
<http://www.wikidata.org/entity/Q25164>	<http://www.wikidata.org/entity/Q5218>	32974	19	0	2	0	0	19
<http://www.wikidata.org/entity/Q5218>	<http://www.wikidata.org/entity/Q25167>	2046	17	0	1	0	0	17
<http://www.wikidata.org/entity/Q25167>	<http://www.wikidata.org/entity/Q5218>	50565	30	0	4	0	0	30
<http://www.wikidata.org/entity/Q10134>	<http://www.wikidata.org/entity/Q9072>	2146	438	0	0	0	16	454
<http://www.wikidata.org/entity/Q9072>	<http://www.wikidata.org/entity/Q10134>	4943	472	0	0	0	15	487
<http://www.wikidata.org/entity/Q11051>	<http://www.wikidata.org/entity/Q35518>	3900	560	0	0	0	38	598
<http://www.wikidata.org/entity/Q35518>	<http://www.wikidata.org/entity/Q11051>	15737	1161	0	0	0	72	1233
<http://www.wikidata.org/entity/Q9237>	<http://www.wikidata.org/entity/Q8748>	5311	218	0	1	0	1	219
<http://www.wikidata.org/entity/Q8748>	<http://www.wikidata.org/entity/Q9237>	8162	183	0	1	0	1	184
<http://www.wikidata.org/entity/Q256>	<http://www.wikidata.org/entity/Q8752>	2630	227	0	1	0	3	230
<http://www.wikidata.org/entity/Q8752>	<http://www.wikidata.org/entity/Q256>	30759	236	0	1	0	2	238
<http://www.wikidata.org/entity/Q7411>	<http://www.wikidata.org/entity/Q9237>	2611	805	23	28	1	6	827
<http://www.wikidata.org/entity/Q9237>	<http://www.wikidata.org/entity/Q7411>	5311	878	24	29	1	5	900
<http://www.wikidata.org/entity/Q36928>	<http://www.wikidata.org/entity/Q25164>	3314	629	0	0	0	0	629
<http://www.wikidata.org/entity/Q25164>	<http://www.wikidata.org/entity/Q36928>	32974	652	0	0	0	0	652
<http://www.wikidata.org/entity/Q8752>	<http://www.wikidata.org/entity/Q5287>	30759	941	0	3	0	2	943
<http://www.wikidata.org/entity/Q5287>	<http://www.wikidata.org/entity/Q8752>	34860	1151	0	3	0	4	1155
<http://www.wikidata.org/entity/Q809>	<http://www.wikidata.org/entity/Q9288>	4135	497	1	6	0	0	497
<http://www.wikidata.org/entity/Q9288>	<http://www.wikidata.org/entity/Q809>	7451	500	1	5	0	0	500
<http://www.wikidata.org/entity/Q33151>	<http://www.wikidata.org/entity/Q809>	1938	24	0	1	0	0	24
<http://www.wikidata.org/entity/Q809>	<http://www.wikidata.org/entity/Q33151>	4135	23	0	1	0	0	24
<http://www.wikidata.org/entity/Q36928>	<http://www.wikidata.org/entity/Q25167>	3314	869	0	0	0	0	869
<http://www.wikidata.org/entity/Q25167>	<http://www.wikidata.org/entity/Q36928>	50565	951	0	0	0	0	951
<http://www.wikidata.org/entity/Q809>	<http://www.wikidata.org/entity/Q1321>	4135	491	13	35	2	1	496
<http://www.wikidata.org/entity/Q1321>	<http://www.wikidata.org/entity/Q809>	20953	579	9	20	2	1	584
<http://www.wikidata.org/entity/Q56475>	<http://www.wikidata.org/entity/Q56356571>	1897	353	0	0	1	30	383
<http://www.wikidata.org/entity/Q36928>	<http://www.wikidata.org/entity/Q9237>	3314	486	0	0	0	0	486
<http://www.wikidata.org/entity/Q9237>	<http://www.wikidata.org/entity/Q36928>	5311	382	0	0	0	0	382
<http://www.wikidata.org/entity/Q56356571>	<http://www.wikidata.org/entity/Q56475>	11610	599	0	0	1	38	637
<http://www.wikidata.org/entity/Q56356571>	<http://www.wikidata.org/entity/Q5146>	11610	1347	0	2	5	31	1383
<http://www.wikidata.org/entity/Q5146>	<http://www.wikidata.org/entity/Q56356571>	176780	899	0	2	5	23	927
<http://www.wikidata.org/entity/Q7411>	<http://www.wikidata.org/entity/Q25164>	2611	739	0	7	121	4	862
<http://www.wikidata.org/entity/Q25164>	<http://www.wikidata.org/entity/Q7411>	32974	912	0	8	150	10	1072
<http://www.wikidata.org/entity/Q256>	<http://www.wikidata.org/entity/Q9610>	2630	309	1	4	0	58	369
<http://www.wikidata.org/entity/Q9610>	<http://www.wikidata.org/entity/Q256>	14501	483	1	6	0	65	551
<http://www.wikidata.org/entity/Q256>	<http://www.wikidata.org/entity/Q8765>	2630	46	0	0	0	2	48
<http://www.wikidata.org/entity/Q8765>	<http://www.wikidata.org/entity/Q256>	33758	36	0	0	0	2	38
<http://www.wikidata.org/entity/Q8748>	<http://www.wikidata.org/entity/Q25164>	8162	221	0	1	4	1	224
<http://www.wikidata.org/entity/Q25164>	<http://www.wikidata.org/entity/Q8748>	32974	310	0	4	4	1	314
<http://www.wikidata.org/entity/Q8765>	<http://www.wikidata.org/entity/Q5287>	33758	55	0	1	0	2	57
<http://www.wikidata.org/entity/Q5287>	<http://www.wikidata.org/entity/Q8765>	34860	85	0	1	0	6	91
<http://www.wikidata.org/entity/Q10134>	<http://www.wikidata.org/entity/Q9056>	2146	394	1	4	1	5	400
<http://www.wikidata.org/entity/Q9056>	<http://www.wikidata.org/entity/Q10134>	25347	592	2	6	2	6	600
<http://www.wikidata.org/entity/Q9610>	<http://www.wikidata.org/entity/Q5287>	14501	1042	0	8	0	97	1141
<http://www.wikidata.org/entity/Q5287>	<http://www.wikidata.org/entity/Q9610>	34860	1095	0	5	0	149	1246
<http://www.wikidata.org/entity/Q8748>	<http://www.wikidata.org/entity/Q25167>	8162	292	0	1	4	2	296
<http://www.wikidata.org/entity/Q25167>	<http://www.wikidata.org/entity/Q8748>	50565	423	0	4	3	3	428
<http://www.wikidata.org/entity/Q7411>	<http://www.wikidata.org/entity/Q25167>	2611	985	2	3	205	8	1195
<http://www.wikidata.org/entity/Q25167>	<http://www.wikidata.org/entity/Q7411>	50565	1303	2	6	269	11	1583
<http://www.wikidata.org/entity/Q9176>	<http://www.wikidata.org/entity/Q50868>	1593	13	0	0	0	1	14
<http://www.wikidata.org/entity/Q50868>	<http://www.wikidata.org/entity/Q9176>	18852	10	0	0	0	1	11
<http://www.wikidata.org/entity/Q5218>	<http://www.wikidata.org/entity/Q7411>	2046	7	0	1	0	0	7
<http://www.wikidata.org/entity/Q7411>	<http://www.wikidata.org/entity/Q5218>	2611	9	0	1	0	0	9
<http://www.wikidata.org/entity/Q12107>	<http://www.wikidata.org/entity/Q50868>	5780	50	0	0	0	2	52
<http://www.wikidata.org/entity/Q50868>	<http://www.wikidata.org/entity/Q12107>	18852	31	0	0	0	2	33
<http://www.wikidata.org/entity/Q5218>	<http://www.wikidata.org/entity/Q8748>	2046	5	0	0	0	0	5
<http://www.wikidata.org/entity/Q8748>	<http://www.wikidata.org/entity/Q5218>	8162	5	0	0	0	0	5
<http://www.wikidata.org/entity/Q9072>	<http://www.wikidata.org/entity/Q9056>	4943	676	0	3	1	2	680
<http://www.wikidata.org/entity/Q9056>	<http://www.wikidata.org/entity/Q9072>	25347	844	0	4	2	2	850
<http://www.wikidata.org/entity/Q13349>	<http://www.wikidata.org/entity/Q9056>	6804	7	0	0	0	0	7
<http://www.wikidata.org/entity/Q50868>	<http://www.wikidata.org/entity/Q9168>	18852	2	0	0	0	0	2
<http://www.wikidata.org/entity/Q9168>	<http://www.wikidata.org/entity/Q50868>	18925	2	0	0	0	0	2
<http://www.wikidata.org/entity/Q9056>	<http://www.wikidata.org/entity/Q13349>	25347	20	0	0	0	0	20
<http://www.wikidata.org/entity/Q33578>	<http://www.wikidata.org/entity/Q32238>	5759	645	6	6	0	9	658
<http://www.wikidata.org/entity/Q32238>	<http://www.wikidata.org/entity/Q33578>	14153	736	7	9	0	10	749
<http://www.wikidata.org/entity/Q5218>	<http://www.wikidata.org/entity/Q36928>	2046	5	0	0	0	0	5
<http://www.wikidata.org/entity/Q36928>	<http://www.wikidata.org/entity/Q5218>	3314	6	0	0	0	0	6
<http://www.wikidata.org/entity/Q33578>	<http://www.wikidata.org/entity/Q13955>	5759	359	0	0	0	20	379
<http://www.wikidata.org/entity/Q13955>	<http://www.wikidata.org/entity/Q33578>	14706	275	0	0	0	18	293
<http://www.wikidata.org/entity/Q33151>	<http://www.wikidata.org/entity/Q1321>	1938	44	2	8	0	0	47
<http://www.wikidata.org/entity/Q9176>	<http://www.wikidata.org/entity/Q12107>	1593	207	0	0	0	27	234
<http://www.wikidata.org/entity/Q1321>	<http://www.wikidata.org/entity/Q33151>	20953	59	2	8	0	0	63
<http://www.wikidata.org/entity/Q12107>	<http://www.wikidata.org/entity/Q9176>	5780	226	0	0	0	24	250
<http://www.wikidata.org/entity/Q7411>	<http://www.wikidata.org/entity/Q8748>	2611	98	0	1	4	1	103
<http://www.wikidata.org/entity/Q8748>	<http://www.wikidata.org/entity/Q7411>	8162	95	0	1	4	1	98
<http://www.wikidata.org/entity/Q256>	<http://www.wikidata.org/entity/Q5287>	2630	664	1	7	0	88	752
<http://www.wikidata.org/entity/Q5287>	<http://www.wikidata.org/entity/Q256>	34860	993	1	8	0	131	1124
<http://www.wikidata.org/entity/Q9288>	<http://www.wikidata.org/entity/Q1321>	7451	1533	1	8	3	14	1552
<http://www.wikidata.org/entity/Q1321>	<http://www.wikidata.org/entity/Q9288>	20953	1812	1	7	3	15	1832
<http://www.wikidata.org/entity/Q11059>	<http://www.wikidata.org/entity/Q1412>	1928	132	0	1	0	5	137
<http://www.wikidata.org/entity/Q1412>	<http://www.wikidata.org/entity/Q11059>	2495	110	0	1	0	6	116
<http://www.wikidata.org/entity/Q5287>	<http://www.wikidata.org/entity/Q5287>	34860	11871	0	404	13	708	12693
<http://www.wikidata.org/entity/Q25167>	<http://www.wikidata.org/entity/Q25167>	50565	18896	0	32737	677	346	38041
<http://www.wikidata.org/entity/Q5146>	<http://www.wikidata.org/entity/Q5146>	176780	3008	0	172	49	141	3206
<http://www.wikidata.org/entity/Q9056>	<http://www.wikidata.org/entity/Q9056>	25347	22232	0	250	57	13	22272
<http://www.wikidata.org/entity/Q188>	<http://www.wikidata.org/entity/Q188>	20135	16486	5	804	401	628	17601
<http://www.wikidata.org/entity/Q13349>	<http://www.wikidata.org/entity/Q13349>	6804	21	0	0	0	0	21
<http://www.wikidata.org/entity/Q36928>	<http://www.wikidata.org/entity/Q36928>	3314	1305	0	0	0	0	1305
<http://www.wikidata.org/entity/Q5218>	<http://www.wikidata.org/entity/Q5218>	2046	19	0	6	0	1	21
<http://www.wikidata.org/entity/Q397>	<http://www.wikidata.org/entity/Q397>	2705	2273	0	181	2	31	2384
<http://www.wikidata.org/entity/Q9237>	<http://www.wikidata.org/entity/Q9237>	5311	3415	0	264	1	273	3749
<http://www.wikidata.org/entity/Q35518>	<http://www.wikidata.org/entity/Q35518>	15737	4657	0	2092	0	645	6074
<http://www.wikidata.org/entity/Q32238>	<http://www.wikidata.org/entity/Q32238>	14153	2093	0	53	0	17	2120
<http://www.wikidata.org/entity/Q8752>	<http://www.wikidata.org/entity/Q8752>	30759	2193	0	44	0	3	2199
<http://www.wikidata.org/entity/Q9610>	<http://www.wikidata.org/entity/Q9610>	14501	2473	0	176	10	224	2815
<http://www.wikidata.org/entity/Q36495>	<http://www.wikidata.org/entity/Q36495>	1973	1310	0	170	0	189	1521
<http://www.wikidata.org/entity/Q33947>	<http://www.wikidata.org/entity/Q33947>	10045	10039	0	4	0	1	10040
<http://www.wikidata.org/entity/Q9176>	<http://www.wikidata.org/entity/Q9176>	1593	814	0	32	0	136	955
<http://www.wikidata.org/entity/Q727694>	<http://www.wikidata.org/entity/Q727694>	4417	1653	0	195	0	270	1989
<http://www.wikidata.org/entity/Q36790>	<http://www.wikidata.org/entity/Q36790>	17051	7049	0	2526	0	826	8473
<http://www.wikidata.org/entity/Q1412>	<http://www.wikidata.org/entity/Q1412>	2495	1524	0	81	2	35	1593
<http://www.wikidata.org/entity/Q33284>	<http://www.wikidata.org/entity/Q33284>	1711	37	0	2	0	0	38
<http://www.wikidata.org/entity/Q1321>	<http://www.wikidata.org/entity/Q1321>	20953	6346	5	732	807	89	7237
<http://www.wikidata.org/entity/Q1860>	<http://www.wikidata.org/entity/Q1860>	59942	33128	6	3660	365	2850	36801
<http://www.wikidata.org/entity/Q9027>	<http://www.wikidata.org/entity/Q9027>	38988	18078	0	306	732	349	19241
<http://www.wikidata.org/entity/Q8765>	<http://www.wikidata.org/entity/Q8765>	33758	83	0	38	0	2	101
<http://www.wikidata.org/entity/Q13955>	<http://www.wikidata.org/entity/Q13955>	14706	1073	0	130	2	69	1223
<http://www.wikidata.org/entity/Q56356571>	<http://www.wikidata.org/entity/Q56356571>	11610	5449	16	515	15	166	5841
<http://www.wikidata.org/entity/Q58635>	<http://www.wikidata.org/entity/Q58635>	8319	3932	0	614	31	320	4717
<http://www.wikidata.org/entity/Q9168>	<http://www.wikidata.org/entity/Q9168>	18925	1805	0	20	0	29	1852
<http://www.wikidata.org/entity/Q36236>	<http://www.wikidata.org/entity/Q36236>	12554	10454	17	1048	0	41	10627
<http://www.wikidata.org/entity/Q256>	<http://www.wikidata.org/entity/Q256>	2630	1233	0	201	2	213	1522
<http://www.wikidata.org/entity/Q33151>	<http://www.wikidata.org/entity/Q33151>	1938	135	0	81	0	1	157
<http://www.wikidata.org/entity/Q8748>	<http://www.wikidata.org/entity/Q8748>	8162	415	0	32	4	5	436
<http://www.wikidata.org/entity/Q50868>	<http://www.wikidata.org/entity/Q50868>	18852	307	0	1	0	7	314
<http://www.wikidata.org/entity/Q652>	<http://www.wikidata.org/entity/Q652>	26452	22024	0	824	457	188	22743
<http://www.wikidata.org/entity/Q9072>	<http://www.wikidata.org/entity/Q9072>	4943	3992	0	36	1	68	4075
<http://www.wikidata.org/entity/Q33454>	<http://www.wikidata.org/entity/Q33454>	9001	176	0	1	0	3	180
<http://www.wikidata.org/entity/Q11059>	<http://www.wikidata.org/entity/Q11059>	1928	734	0	115	0	66	865
<http://www.wikidata.org/entity/Q12107>	<http://www.wikidata.org/entity/Q12107>	5780	3546	0	37	16	163	3725
<http://www.wikidata.org/entity/Q150>	<http://www.wikidata.org/entity/Q150>	33497	21104	0	1116	699	612	22466
<http://www.wikidata.org/entity/Q7411>	<http://www.wikidata.org/entity/Q7411>	2611	1750	0	187	363	22	2120
<http://www.wikidata.org/entity/Q10134>	<http://www.wikidata.org/entity/Q10134>	2146	1184	0	38	5	181	1380
<http://www.wikidata.org/entity/Q809>	<http://www.wikidata.org/entity/Q809>	4135	2677	0	136	2	4	2697
<http://www.wikidata.org/entity/Q7737>	<http://www.wikidata.org/entity/Q7737>	18679	14474	0	206	52	132	14649
<http://www.wikidata.org/entity/Q33578>	<http://www.wikidata.org/entity/Q33578>	5759	2041	0	30	0	158	2213
<http://www.wikidata.org/entity/Q25164>	<http://www.wikidata.org/entity/Q25164>	32974	13957	12	32180	355	193	32475
<http://www.wikidata.org/entity/Q9035>	<http://www.wikidata.org/entity/Q9035>	19363	10551	0	430	279	177	11154
<http://www.wikidata.org/entity/Q56475>	<http://www.wikidata.org/entity/Q56475>	1897	730	0	7	1	170	904
<http://www.wikidata.org/entity/Q9288>	<http://www.wikidata.org/entity/Q9288>	7451	6574	0	73	3	58	6650
<http://www.wikidata.org/entity/Q11051>	<http://www.wikidata.org/entity/Q11051>	3900	1573	7	578	4	93	2047
<http://www.wikidata.org/entity/Q56475>	<http://www.wikidata.org/entity/Q5146>	1897	296	0	0	1	25	322
<http://www.wikidata.org/entity/Q5146>	<http://www.wikidata.org/entity/Q56475>	176780	310	0	0	1	26	337
<http://www.wikidata.org/entity/Q9610>	<http://www.wikidata.org/entity/Q8765>	14501	37	0	0	0	2	39
<http://www.wikidata.org/entity/Q36495>	<http://www.wikidata.org/entity/Q9035>	1973	971	0	8	0	18	990
<http://www.wikidata.org/entity/Q8765>	<http://www.wikidata.org/entity/Q9610>	33758	29	0	0	0	2	31
<http://www.wikidata.org/entity/Q9035>	<http://www.wikidata.org/entity/Q36495>	19363	878	0	7	0	18	897
<http://www.wikidata.org/entity/Q32238>	<http://www.wikidata.org/entity/Q13955>	14153	319	0	4	0	4	323
<http://www.wikidata.org/entity/Q13955>	<http://www.wikidata.org/entity/Q32238>	14706	229	0	2	0	4	233
<http://www.wikidata.org/entity/Q33151>	<http://www.wikidata.org/entity/Q9288>	1938	70	0	0	0	0	70
<http://www.wikidata.org/entity/Q9288>	<http://www.wikidata.org/entity/Q33151>	7451	73	0	0	0	0	73
<http://www.wikidata.org/entity/Q11059>	<http://www.wikidata.org/entity/Q11051>	1928	316	26	31	0	18	347
<http://www.wikidata.org/entity/Q11051>	<http://www.wikidata.org/entity/Q11059>	3900	388	33	37	0	24	427
<http://www.wikidata.org/entity/Q33284>	<http://www.wikidata.org/entity/Q36790>	1711	18	0	0	0	0	18
<http://www.wikidata.org/entity/Q36790>	<http://www.wikidata.org/entity/Q33284>	17051	69	0	0	0	0	69
<http://www.wikidata.org/entity/Q25164>	<http://www.wikidata.org/entity/Q25167>	32974	13827	32178	32181	355	191	32361
<http://www.wikidata.org/entity/Q25167>	<http://www.wikidata.org/entity/Q25164>	50565	14424	32649	32651	385	204	33214
<http://www.wikidata.org/entity/Q150>	<http://www.wikidata.org/entity/Q1860>	33497	9197	588	779	272	416	9984
<http://www.wikidata.org/entity/Q1860>	<http://www.wikidata.org/entity/Q150>	59942	10199	611	796	142	526	10981
<http://www.wikidata.org/entity/Q1412>	<http://www.wikidata.org/entity/Q11051>	2495	232	0	0	0	7	239
<http://www.wikidata.org/entity/Q11051>	<http://www.wikidata.org/entity/Q1412>	3900	343	0	0	0	7	350
<http://www.wikidata.org/entity/Q7411>	<http://www.wikidata.org/entity/Q36928>	2611	138	0	0	0	0	138
<http://www.wikidata.org/entity/Q36928>	<http://www.wikidata.org/entity/Q7411>	3314	185	0	0	0	0	185
<http://www.wikidata.org/entity/Q9237>	<http://www.wikidata.org/entity/Q25164>	5311	1390	1	4	1	37	1426
<http://www.wikidata.org/entity/Q12107>	<http://www.wikidata.org/entity/Q9168>	5780	112	0	0	0	9	121
<http://www.wikidata.org/entity/Q9168>	<http://www.wikidata.org/entity/Q12107>	18925	78	0	0	0	11	89
<http://www.wikidata.org/entity/Q25164>	<http://www.wikidata.org/entity/Q9237>	32974	1728	2	8	2	63	1790
<http://www.wikidata.org/entity/Q36236>	<http://www.wikidata.org/entity/Q652>	12554	3094	35	63	0	9	3112
<http://www.wikidata.org/entity/Q652>	<http://www.wikidata.org/entity/Q36236>	26452	3219	30	59	0	10	3238
<http://www.wikidata.org/entity/Q9610>	<http://www.wikidata.org/entity/Q8752>	14501	335	0	0	0	3	338
<http://www.wikidata.org/entity/Q35518>	<http://www.wikidata.org/entity/Q7737>	15737	2503	0	1	0	38	2541
<http://www.wikidata.org/entity/Q7737>	<http://www.wikidata.org/entity/Q35518>	18679	1647	0	2	0	34	1681
<http://www.wikidata.org/entity/Q8752>	<http://www.wikidata.org/entity/Q9610>	30759	277	0	0	0	3	280
<http://www.wikidata.org/entity/Q8752>	<http://www.wikidata.org/entity/Q8765>	30759	36	0	0	0	0	36
<http://www.wikidata.org/entity/Q8765>	<http://www.wikidata.org/entity/Q8752>	33758	31	0	0	0	0	31
<http://www.wikidata.org/entity/Q36928>	<http://www.wikidata.org/entity/Q8748>	3314	107	0	0	0	0	107
<http://www.wikidata.org/entity/Q8748>	<http://www.wikidata.org/entity/Q36928>	8162	86	0	0	0	0	86
<http://www.wikidata.org/entity/Q9176>	<http://www.wikidata.org/entity/Q9168>	1593	19	0	0	0	1	20
<http://www.wikidata.org/entity/Q9168>	<http://www.wikidata.org/entity/Q9176>	18925	18	0	0	0	1	19
<http://www.wikidata.org/entity/Q36495>	<http://www.wikidata.org/entity/Q9027>	1973	869	0	0	0	27	896
<http://www.wikidata.org/entity/Q9027>	<http://www.wikidata.org/entity/Q36495>	38988	819	0	0	0	24	843
<http://www.wikidata.org/entity/Q9035>	<http://www.wikidata.org/entity/Q9027>	19363	4876	125	138	175	62	5174
<http://www.wikidata.org/entity/Q9027>	<http://www.wikidata.org/entity/Q9035>	38988	5106	124	135	260	58	5484
<http://www.wikidata.org/entity/Q9072>	<http://www.wikidata.org/entity/Q13349>	4943	12	0	0	0	0	12
<http://www.wikidata.org/entity/Q13349>	<http://www.wikidata.org/entity/Q9072>	6804	11	0	0	0	0	11
<http://www.wikidata.org/entity/Q9237>	<http://www.wikidata.org/entity/Q25167>	5311	1935	0	7	1	52	1985
<http://www.wikidata.org/entity/Q25167>	<http://www.wikidata.org/entity/Q9237>	50565	2562	0	12	2	85	2646
<http://www.wikidata.org/entity/Q8748>	<http://www.wikidata.org/entity/Q9610>	8162	119	0	0	0	3	122
<http://www.wikidata.org/entity/Q9610>	<http://www.wikidata.org/entity/Q8748>	14501	339	0	0	0	2	341
<http://www.wikidata.org/entity/Q8748>	<http://www.wikidata.org/entity/Q8765>	8162	14	0	0	0	0	14
<http://www.wikidata.org/entity/Q36928>	<http://www.wikidata.org/entity/Q8752>	3314	191	0	0	0	0	191
<http://www.wikidata.org/entity/Q8765>	<http://www.wikidata.org/entity/Q8748>	33758	14	0	0	0	0	14
<http://www.wikidata.org/entity/Q8752>	<http://www.wikidata.org/entity/Q36928>	30759	163	0	0	0	0	163
<http://www.wikidata.org/entity/Q58635>	<http://www.wikidata.org/entity/Q5146>	8319	1286	2	7	1	56	1349
<http://www.wikidata.org/entity/Q5146>	<http://www.wikidata.org/entity/Q58635>	176780	796	1	3	4	49	850
<http://www.wikidata.org/entity/Q25164>	<http://www.wikidata.org/entity/Q5287>	32974	3749	0	12	7	75	3826
<http://www.wikidata.org/entity/Q5287>	<http://www.wikidata.org/entity/Q25164>	34860	3469	0	14	6	79	3551
<http://www.wikidata.org/entity/Q56475>	<http://www.wikidata.org/entity/Q58635>	1897	337	0	1	0	41	379
<http://www.wikidata.org/entity/Q58635>	<http://www.wikidata.org/entity/Q56475>	8319	644	0	1	0	56	701
<http://www.wikidata.org/entity/Q7411>	<http://www.wikidata.org/entity/Q8765>	2611	28	1	1	0	0	28
<http://www.wikidata.org/entity/Q36495>	<http://www.wikidata.org/entity/Q9056>	1973	347	5	15	0	3	352
<http://www.wikidata.org/entity/Q8765>	<http://www.wikidata.org/entity/Q7411>	33758	28	1	1	0	0	28
<http://www.wikidata.org/entity/Q9056>	<http://www.wikidata.org/entity/Q36495>	25347	407	4	12	0	4	412
<http://www.wikidata.org/entity/Q9035>	<http://www.wikidata.org/entity/Q9056>	19363	1627	19	53	25	5	1657
<http://www.wikidata.org/entity/Q9056>	<http://www.wikidata.org/entity/Q9035>	25347	1910	23	54	52	4	1954
<http://www.wikidata.org/entity/Q7411>	<http://www.wikidata.org/entity/Q9610>	2611	245	0	0	6	5	256
<http://www.wikidata.org/entity/Q9610>	<http://www.wikidata.org/entity/Q7411>	14501	315	0	4	5	5	324
<http://www.wikidata.org/entity/Q256>	<http://www.wikidata.org/entity/Q25164>	2630	642	0	0	1	28	670
<http://www.wikidata.org/entity/Q25164>	<http://www.wikidata.org/entity/Q256>	32974	823	0	1	1	45	869
<http://www.wikidata.org/entity/Q727694>	<http://www.wikidata.org/entity/Q188>	4417	946	19	52	0	88	1050
<http://www.wikidata.org/entity/Q188>	<http://www.wikidata.org/entity/Q727694>	20135	1120	12	25	0	84	1207
<http://www.wikidata.org/entity/Q256>	<http://www.wikidata.org/entity/Q25167>	2630	789	1	2	1	42	832
<http://www.wikidata.org/entity/Q25167>	<http://www.wikidata.org/entity/Q256>	50565	1111	1	2	2	66	1180
<http://www.wikidata.org/entity/Q809>	<http://www.wikidata.org/entity/Q33454>	4135	38	0	0	0	0	38
<http://www.wikidata.org/entity/Q33454>	<http://www.wikidata.org/entity/Q809>	9001	36	0	0	0	0	36
<http://www.wikidata.org/entity/Q5287>	<http://www.wikidata.org/entity/Q25167>	34860	4688	0	10	7	128	4821
<http://www.wikidata.org/entity/Q25167>	<http://www.wikidata.org/entity/Q5287>	50565	5286	0	13	9	110	5399
<http://www.wikidata.org/entity/Q36928>	<http://www.wikidata.org/entity/Q8765>	3314	16	0	0	0	0	16
<http://www.wikidata.org/entity/Q8748>	<http://www.wikidata.org/entity/Q8752>	8162	106	0	1	0	0	106
<http://www.wikidata.org/entity/Q8752>	<http://www.wikidata.org/entity/Q8748>	30759	118	0	1	0	0	118
<http://www.wikidata.org/entity/Q8765>	<http://www.wikidata.org/entity/Q36928>	33758	10	0	0	0	0	10
<http://www.wikidata.org/entity/Q36928>	<http://www.wikidata.org/entity/Q9610>	3314	343	0	0	0	0	343
<http://www.wikidata.org/entity/Q9610>	<http://www.wikidata.org/entity/Q36928>	14501	489	0	0	0	0	489
<http://www.wikidata.org/entity/Q256>	<http://www.wikidata.org/entity/Q9237>	2630	540	2	7	0	66	608
<http://www.wikidata.org/entity/Q9237>	<http://www.wikidata.org/entity/Q256>	5311	584	2	7	0	68	654
<http://www.wikidata.org/entity/Q7411>	<http://www.wikidata.org/entity/Q8752>	2611	344	0	10	0	0	344
<http://www.wikidata.org/entity/Q8752>	<http://www.wikidata.org/entity/Q7411>	30759	341	0	5	0	0	341
<http://www.wikidata.org/entity/Q9056>	<http://www.wikidata.org/entity/Q9027>	25347	2145	14	23	54	8	2191
<http://www.wikidata.org/entity/Q9237>	<http://www.wikidata.org/entity/Q5287>	5311	1552	7	21	0	122	1673
<http://www.wikidata.org/entity/Q9027>	<http://www.wikidata.org/entity/Q9056>	38988	1895	8	17	38	11	1942
<http://www.wikidata.org/entity/Q5287>	<http://www.wikidata.org/entity/Q9237>	34860	2059	10	33	0	174	2233
<http://www.wikidata.org/entity/Q9288>	<http://www.wikidata.org/entity/Q652>	7451	3870	4	13	3	12	3888
<http://www.wikidata.org/entity/Q652>	<http://www.wikidata.org/entity/Q9288>	26452	4260	5	13	3	17	4284
<http://www.wikidata.org/entity/Q5218>	<http://www.wikidata.org/entity/Q8765>	2046	2	0	0	0	0	2
<http://www.wikidata.org/entity/Q8765>	<http://www.wikidata.org/entity/Q5218>	33758	2	0	0	0	0	2
<http://www.wikidata.org/entity/Q33151>	<http://www.wikidata.org/entity/Q652>	1938	81	7	9	0	0	87
<http://www.wikidata.org/entity/Q33284>	<http://www.wikidata.org/entity/Q1412>	1711	9	0	0	0	0	9
<http://www.wikidata.org/entity/Q652>	<http://www.wikidata.org/entity/Q33151>	26452	116	7	13	0	0	125
<http://www.wikidata.org/entity/Q1412>	<http://www.wikidata.org/entity/Q33284>	2495	9	0	0	0	0	9
<http://www.wikidata.org/entity/Q13349>	<http://www.wikidata.org/entity/Q9027>	6804	11	0	0	0	0	11
<http://www.wikidata.org/entity/Q5218>	<http://www.wikidata.org/entity/Q9610>	2046	9	0	0	0	0	9
<http://www.wikidata.org/entity/Q9027>	<http://www.wikidata.org/entity/Q13349>	38988	16	0	0	0	0	16
<http://www.wikidata.org/entity/Q9610>	<http://www.wikidata.org/entity/Q5218>	14501	14	0	2	0	0	14
<http://www.wikidata.org/entity/Q11051>	<http://www.wikidata.org/entity/Q36790>	3900	562	0	2	0	48	610
<http://www.wikidata.org/entity/Q36790>	<http://www.wikidata.org/entity/Q11051>	17051	1828	0	1	0	92	1920
<http://www.wikidata.org/entity/Q33284>	<http://www.wikidata.org/entity/Q11059>	1711	14	0	0	0	0	14
<http://www.wikidata.org/entity/Q11059>	<http://www.wikidata.org/entity/Q33284>	1928	35	0	0	0	0	35
<http://www.wikidata.org/entity/Q1321>	<http://www.wikidata.org/entity/Q652>	20953	3702	161	203	228	30	3978
<http://www.wikidata.org/entity/Q652>	<http://www.wikidata.org/entity/Q1321>	26452	3370	153	198	220	34	3651
<http://www.wikidata.org/entity/Q9072>	<http://www.wikidata.org/entity/Q9035>	4943	1544	2	8	1	19	1566
<http://www.wikidata.org/entity/Q9035>	<http://www.wikidata.org/entity/Q9072>	19363	1545	2	9	1	22	1571
<http://www.wikidata.org/entity/Q11059>	<http://www.wikidata.org/entity/Q36790>	1928	311	0	3	0	37	348
<http://www.wikidata.org/entity/Q36790>	<http://www.wikidata.org/entity/Q11059>	17051	798	0	1	0	110	908
<http://www.wikidata.org/entity/Q36495>	<http://www.wikidata.org/entity/Q9072>	1973	455	0	0	0	13	468
<http://www.wikidata.org/entity/Q33284>	<http://www.wikidata.org/entity/Q11051>	1711	12	0	0	0	0	12
<http://www.wikidata.org/entity/Q9072>	<http://www.wikidata.org/entity/Q36495>	4943	411	0	0	0	10	421
<http://www.wikidata.org/entity/Q11051>	<http://www.wikidata.org/entity/Q33284>	3900	32	0	0	0	0	32
<http://www.wikidata.org/entity/Q1412>	<http://www.wikidata.org/entity/Q36790>	2495	257	1	1	0	17	274
<http://www.wikidata.org/entity/Q36790>	<http://www.wikidata.org/entity/Q1412>	17051	1485	1	1	0	52	1537
<http://www.wikidata.org/entity/Q13349>	<http://www.wikidata.org/entity/Q9035>	6804	9	0	0	0	0	9
<http://www.wikidata.org/entity/Q9035>	<http://www.wikidata.org/entity/Q13349>	19363	18	0	0	0	0	18
<http://www.wikidata.org/entity/Q36236>	<http://www.wikidata.org/entity/Q1321>	12554	1620	33	67	0	13	1637
<http://www.wikidata.org/entity/Q1321>	<http://www.wikidata.org/entity/Q36236>	20953	1764	34	67	0	13	1780
<http://www.wikidata.org/entity/Q36495>	<http://www.wikidata.org/entity/Q13349>	1973	13	0	0	0	0	13
<http://www.wikidata.org/entity/Q13349>	<http://www.wikidata.org/entity/Q36495>	6804	6	0	0	0	0	6
<http://www.wikidata.org/entity/Q5218>	<http://www.wikidata.org/entity/Q8752>	2046	9	0	1	0	0	9
<http://www.wikidata.org/entity/Q8752>	<http://www.wikidata.org/entity/Q5218>	30759	10	0	2	0	0	10
<http://www.wikidata.org/entity/Q33151>	<http://www.wikidata.org/entity/Q36236>	1938	64	5	9	0	0	66
<http://www.wikidata.org/entity/Q36236>	<http://www.wikidata.org/entity/Q33151>	12554	96	8	15	0	0	101
<http://www.wikidata.org/entity/Q397>	<http://www.wikidata.org/entity/Q33947>	2705	14	0	0	0	2	16
<http://www.wikidata.org/entity/Q33947>	<http://www.wikidata.org/entity/Q397>	10045	11	0	0	0	1	12
<http://www.wikidata.org/entity/Q56356571>	<http://www.wikidata.org/entity/Q1860>	11610	3515	62	67	5	99	3665
<http://www.wikidata.org/entity/Q1860>	<http://www.wikidata.org/entity/Q56356571>	59942	3408	68	74	7	105	3574
<http://www.wikidata.org/entity/Q9288>	<http://www.wikidata.org/entity/Q36236>	7451	1675	5	13	0	11	1688
<http://www.wikidata.org/entity/Q36236>	<http://www.wikidata.org/entity/Q9288>	12554	1771	5	14	0	10	1783
<http://www.wikidata.org/entity/Q56356571>	<http://www.wikidata.org/entity/Q150>	11610	2760	4	9	8	68	2837
<http://www.wikidata.org/entity/Q150>	<http://www.wikidata.org/entity/Q56356571>	33497	2166	4	10	20	58	2246
<http://www.wikidata.org/entity/Q9072>	<http://www.wikidata.org/entity/Q9027>	4943	2047	1	3	1	31	2079
<http://www.wikidata.org/entity/Q9027>	<http://www.wikidata.org/entity/Q9072>	38988	2150	1	4	1	34	2186
<http://www.wikidata.org/entity/Q397>	<http://www.wikidata.org/entity/Q9168>	2705	65	0	0	0	2	67
<http://www.wikidata.org/entity/Q9168>	<http://www.wikidata.org/entity/Q397>	18925	61	0	0	0	5	66
<http://www.wikidata.org/entity/Q33151>	<http://www.wikidata.org/entity/Q25164>	1938	81	0	3	0	0	81
<http://www.wikidata.org/entity/Q25164>	<http://www.wikidata.org/entity/Q33151>	32974	137	0	2	0	0	137
<http://www.wikidata.org/entity/Q11059>	<http://www.wikidata.org/entity/Q56356571>	1928	332	1	1	0	20	353
<http://www.wikidata.org/entity/Q56356571>	<http://www.wikidata.org/entity/Q11059>	11610	519	1	1	0	24	544
<http://www.wikidata.org/entity/Q9288>	<http://www.wikidata.org/entity/Q25164>	7451	2504	1	4	2	16	2522
<http://www.wikidata.org/entity/Q25164>	<http://www.wikidata.org/entity/Q9288>	32974	3217	1	5	2	26	3245
<http://www.wikidata.org/entity/Q1412>	<http://www.wikidata.org/entity/Q56356571>	2495	372	1	1	0	14	386
<http://www.wikidata.org/entity/Q56356571>	<http://www.wikidata.org/entity/Q1412>	11610	626	1	1	0	22	648
<http://www.wikidata.org/entity/Q1321>	<http://www.wikidata.org/entity/Q25164>	20953	2504	13	24	173	26	2663
<http://www.wikidata.org/entity/Q25164>	<http://www.wikidata.org/entity/Q1321>	32974	2593	13	30	200	33	2762
<http://www.wikidata.org/entity/Q33454>	<http://www.wikidata.org/entity/Q8752>	9001	36	0	0	0	0	36
<http://www.wikidata.org/entity/Q8752>	<http://www.wikidata.org/entity/Q33454>	30759	37	0	0	0	0	37
<http://www.wikidata.org/entity/Q1321>	<http://www.wikidata.org/entity/Q25167>	20953	3226	14	25	307	33	3527
<http://www.wikidata.org/entity/Q25167>	<http://www.wikidata.org/entity/Q1321>	50565	3451	15	35	373	50	3809
<http://www.wikidata.org/entity/Q9288>	<http://www.wikidata.org/entity/Q25167>	7451	3456	1	5	3	23	3482
<http://www.wikidata.org/entity/Q25167>	<http://www.wikidata.org/entity/Q9288>	50565	4514	1	8	3	34	4551
<http://www.wikidata.org/entity/Q11051>	<http://www.wikidata.org/entity/Q56356571>	3900	766	32	38	0	28	823
<http://www.wikidata.org/entity/Q56356571>	<http://www.wikidata.org/entity/Q11051>	11610	937	33	38	0	32	997
<http://www.wikidata.org/entity/Q36928>	<http://www.wikidata.org/entity/Q809>	3314	141	0	0	0	0	141
<http://www.wikidata.org/entity/Q809>	<http://www.wikidata.org/entity/Q36928>	4135	114	0	0	0	0	114
<http://www.wikidata.org/entity/Q33151>	<http://www.wikidata.org/entity/Q25167>	1938	90	0	0	0	0	90
<http://www.wikidata.org/entity/Q25167>	<http://www.wikidata.org/entity/Q33151>	50565	168	0	0	0	0	168
<http://www.wikidata.org/entity/Q33284>	<http://www.wikidata.org/entity/Q1860>	1711	31	1	1	0	0	32
<http://www.wikidata.org/entity/Q9237>	<http://www.wikidata.org/entity/Q1321>	5311	969	9	34	1	22	995
<http://www.wikidata.org/entity/Q1321>	<http://www.wikidata.org/entity/Q9237>	20953	1127	9	34	1	24	1157
<http://www.wikidata.org/entity/Q1860>	<http://www.wikidata.org/entity/Q33284>	59942	57	1	1	0	0	58
<http://www.wikidata.org/entity/Q9176>	<http://www.wikidata.org/entity/Q397>	1593	127	0	0	0	7	134
<http://www.wikidata.org/entity/Q397>	<http://www.wikidata.org/entity/Q9176>	2705	129	0	0	0	5	134
<http://www.wikidata.org/entity/Q36790>	<http://www.wikidata.org/entity/Q150>	17051	4323	1	1	0	297	4620
<http://www.wikidata.org/entity/Q10134>	<http://www.wikidata.org/entity/Q188>	2146	881	13	18	3	95	982
<http://www.wikidata.org/entity/Q150>	<http://www.wikidata.org/entity/Q36790>	33497	1514	2	2	0	161	1675
<http://www.wikidata.org/entity/Q188>	<http://www.wikidata.org/entity/Q10134>	20135	1479	11	25	7	150	1636
<http://www.wikidata.org/entity/Q33151>	<http://www.wikidata.org/entity/Q9237>	1938	72	24	24	0	0	79
<http://www.wikidata.org/entity/Q9237>	<http://www.wikidata.org/entity/Q33151>	5311	80	22	22	0	0	88
<http://www.wikidata.org/entity/Q397>	<http://www.wikidata.org/entity/Q12107>	2705	658	0	0	0	9	667
<http://www.wikidata.org/entity/Q12107>	<http://www.wikidata.org/entity/Q397>	5780	827	0	0	0	8	835
<http://www.wikidata.org/entity/Q33454>	<http://www.wikidata.org/entity/Q9610>	9001	65	0	0	0	2	67
<http://www.wikidata.org/entity/Q9610>	<http://www.wikidata.org/entity/Q33454>	14501	112	0	0	0	2	114
<http://www.wikidata.org/entity/Q9237>	<http://www.wikidata.org/entity/Q9288>	5311	1279	0	1	0	28	1307
<http://www.wikidata.org/entity/Q9288>	<http://www.wikidata.org/entity/Q9237>	7451	1245	0	1	0	24	1269
<http://www.wikidata.org/entity/Q33454>	<http://www.wikidata.org/entity/Q8765>	9001	4	0	0	0	1	5
<http://www.wikidata.org/entity/Q8765>	<http://www.wikidata.org/entity/Q33454>	33758	4	0	0	0	1	5
<http://www.wikidata.org/entity/Q7411>	<http://www.wikidata.org/entity/Q809>	2611	270	1	8	0	1	271
<http://www.wikidata.org/entity/Q809>	<http://www.wikidata.org/entity/Q7411>	4135	255	1	7	0	1	257
<http://www.wikidata.org/entity/Q36790>	<http://www.wikidata.org/entity/Q1860>	17051	5535	1	3	0	542	6077
<http://www.wikidata.org/entity/Q1860>	<http://www.wikidata.org/entity/Q36790>	59942	2430	2	6	0	413	2845
<http://www.wikidata.org/entity/Q33284>	<http://www.wikidata.org/entity/Q150>	1711	22	0	0	0	0	22
<http://www.wikidata.org/entity/Q150>	<http://www.wikidata.org/entity/Q33284>	33497	30	0	0	0	0	30
<http://www.wikidata.org/entity/Q809>	<http://www.wikidata.org/entity/Q8748>	4135	80	0	1	0	1	81
<http://www.wikidata.org/entity/Q8748>	<http://www.wikidata.org/entity/Q809>	8162	75	0	1	0	1	76
<http://www.wikidata.org/entity/Q652>	<http://www.wikidata.org/entity/Q5287>	26452	4967	10	45	5	65	5052
<http://www.wikidata.org/entity/Q5287>	<http://www.wikidata.org/entity/Q652>	34860	5233	9	46	5	104	5356
<http://www.wikidata.org/entity/Q56475>	<http://www.wikidata.org/entity/Q35518>	1897	303	0	0	0	78	381
<http://www.wikidata.org/entity/Q35518>	<http://www.wikidata.org/entity/Q56475>	15737	1061	0	0	0	158	1219
<http://www.wikidata.org/entity/Q35518>	<http://www.wikidata.org/entity/Q5146>	15737	1591	0	1	0	116	1707
<http://www.wikidata.org/entity/Q5146>	<http://www.wikidata.org/entity/Q35518>	176780	676	0	1	0	54	730
<http://www.wikidata.org/entity/Q256>	<http://www.wikidata.org/entity/Q652>	2630	833	4	8	1	37	871
<http://www.wikidata.org/entity/Q652>	<http://www.wikidata.org/entity/Q256>	26452	941	4	8	1	43	986
<http://www.wikidata.org/entity/Q56475>	<http://www.wikidata.org/entity/Q7737>	1897	432	0	0	0	16	448
<http://www.wikidata.org/entity/Q256>	<http://www.wikidata.org/entity/Q36236>	2630	482	0	6	0	20	503
<http://www.wikidata.org/entity/Q36236>	<http://www.wikidata.org/entity/Q256>	12554	570	0	11	0	22	594
<http://www.wikidata.org/entity/Q7737>	<http://www.wikidata.org/entity/Q56475>	18679	735	0	0	0	17	752
<http://www.wikidata.org/entity/Q7737>	<http://www.wikidata.org/entity/Q5146>	18679	2129	4	19	12	18	2158
<http://www.wikidata.org/entity/Q5146>	<http://www.wikidata.org/entity/Q7737>	176780	1533	3	19	3	17	1554
<http://www.wikidata.org/entity/Q397>	<http://www.wikidata.org/entity/Q50868>	2705	22	0	0	0	0	22
<http://www.wikidata.org/entity/Q50868>	<http://www.wikidata.org/entity/Q397>	18852	20	0	0	0	0	20
<http://www.wikidata.org/entity/Q36236>	<http://www.wikidata.org/entity/Q5287>	12554	1890	8	38	0	27	1926
<http://www.wikidata.org/entity/Q5287>	<http://www.wikidata.org/entity/Q36236>	34860	2305	9	46	0	39	2356
<http://www.wikidata.org/entity/Q5218>	<http://www.wikidata.org/entity/Q809>	2046	8	0	1	0	0	8
<http://www.wikidata.org/entity/Q809>	<http://www.wikidata.org/entity/Q5218>	4135	10	0	1	0	0	10
<http://www.wikidata.org/entity/Q9176>	<http://www.wikidata.org/entity/Q33947>	1593	20	0	0	0	1	21
<http://www.wikidata.org/entity/Q33947>	<http://www.wikidata.org/entity/Q9176>	10045	14	0	0	0	1	15
<http://www.wikidata.org/entity/Q33284>	<http://www.wikidata.org/entity/Q56356571>	1711	21	0	0	0	0	21
<http://www.wikidata.org/entity/Q56356571>	<http://www.wikidata.org/entity/Q33284>	11610	43	0	0	0	0	43
<http://www.wikidata.org/entity/Q12107>	<http://www.wikidata.org/entity/Q33947>	5780	24	0	1	0	1	25
<http://www.wikidata.org/entity/Q33947>	<http://www.wikidata.org/entity/Q12107>	10045	15	0	1	0	1	16
<http://www.wikidata.org/entity/Q58635>	<http://www.wikidata.org/entity/Q35518>	8319	1247	0	0	0	111	1358
<http://www.wikidata.org/entity/Q9237>	<http://www.wikidata.org/entity/Q36236>	5311	1190	3	17	0	21	1212
<http://www.wikidata.org/entity/Q35518>	<http://www.wikidata.org/entity/Q58635>	15737	1739	0	0	0	147	1886
<http://www.wikidata.org/entity/Q36236>	<http://www.wikidata.org/entity/Q9237>	12554	1280	3	26	0	20	1301
<http://www.wikidata.org/entity/Q652>	<http://www.wikidata.org/entity/Q25164>	26452	5387	8	22	126	21	5545
<http://www.wikidata.org/entity/Q25164>	<http://www.wikidata.org/entity/Q652>	32974	6228	8	25	155	30	6424
<http://www.wikidata.org/entity/Q652>	<http://www.wikidata.org/entity/Q25167>	26452	7423	20	34	222	38	7693
<http://www.wikidata.org/entity/Q25167>	<http://www.wikidata.org/entity/Q652>	50565	8780	25	49	282	49	9126
<http://www.wikidata.org/entity/Q56356571>	<http://www.wikidata.org/entity/Q36790>	11610	1078	0	0	0	70	1148
<http://www.wikidata.org/entity/Q36790>	<http://www.wikidata.org/entity/Q56356571>	17051	2572	0	0	0	112	2684
<http://www.wikidata.org/entity/Q36236>	<http://www.wikidata.org/entity/Q25164>	12554	1998	2	10	0	11	2009
<http://www.wikidata.org/entity/Q25164>	<http://www.wikidata.org/entity/Q36236>	32974	2453	1	10	0	12	2465
<http://www.wikidata.org/entity/Q11059>	<http://www.wikidata.org/entity/Q1860>	1928	560	14	22	0	48	616
<http://www.wikidata.org/entity/Q1860>	<http://www.wikidata.org/entity/Q11059>	59942	710	12	19	0	76	792
<http://www.wikidata.org/entity/Q33947>	<http://www.wikidata.org/entity/Q9168>	10045	0	0	0	0	0	0
<http://www.wikidata.org/entity/Q9168>	<http://www.wikidata.org/entity/Q33947>	18925	0	0	0	0	0	0
<http://www.wikidata.org/entity/Q5218>	<http://www.wikidata.org/entity/Q33454>	2046	4	0	0	0	0	4
<http://www.wikidata.org/entity/Q33454>	<http://www.wikidata.org/entity/Q5218>	9001	4	0	0	0	0	4
<http://www.wikidata.org/entity/Q11051>	<http://www.wikidata.org/entity/Q150>	3900	1046	3	9	2	39	1089
<http://www.wikidata.org/entity/Q150>	<http://www.wikidata.org/entity/Q11051>	33497	971	3	7	4	43	1020
<http://www.wikidata.org/entity/Q9237>	<http://www.wikidata.org/entity/Q652>	5311	2042	4	17	1	33	2080
<http://www.wikidata.org/entity/Q652>	<http://www.wikidata.org/entity/Q9237>	26452	2208	3	21	1	39	2253
<http://www.wikidata.org/entity/Q58635>	<http://www.wikidata.org/entity/Q7737>	8319	2114	0	3	3	36	2154
<http://www.wikidata.org/entity/Q7737>	<http://www.wikidata.org/entity/Q58635>	18679	2046	0	1	4	29	2077
<http://www.wikidata.org/entity/Q1412>	<http://www.wikidata.org/entity/Q1860>	2495	743	25	39	0	33	784
<http://www.wikidata.org/entity/Q1860>	<http://www.wikidata.org/entity/Q1412>	59942	1060	26	41	0	49	1118
<http://www.wikidata.org/entity/Q1412>	<http://www.wikidata.org/entity/Q150>	2495	678	5	18	1	19	699
<http://www.wikidata.org/entity/Q150>	<http://www.wikidata.org/entity/Q1412>	33497	800	5	20	3	23	827
<http://www.wikidata.org/entity/Q11051>	<http://www.wikidata.org/entity/Q1860>	3900	1224	85	130	0	75	1336
<http://www.wikidata.org/entity/Q1860>	<http://www.wikidata.org/entity/Q11051>	59942	1397	73	107	0	100	1530
<http://www.wikidata.org/entity/Q36236>	<http://www.wikidata.org/entity/Q25167>	12554	2829	2	10	0	16	2845
<http://www.wikidata.org/entity/Q11059>	<http://www.wikidata.org/entity/Q150>	1928	427	0	1	0	30	457
<http://www.wikidata.org/entity/Q25167>	<http://www.wikidata.org/entity/Q36236>	50565	3562	3	11	0	22	3584
<http://www.wikidata.org/entity/Q150>	<http://www.wikidata.org/entity/Q11059>	33497	437	0	1	0	28	464
<http://www.wikidata.org/entity/Q256>	<http://www.wikidata.org/entity/Q9288>	2630	557	1	1	0	27	585
<http://www.wikidata.org/entity/Q9288>	<http://www.wikidata.org/entity/Q256>	7451	570	1	1	0	26	597
<http://www.wikidata.org/entity/Q1321>	<http://www.wikidata.org/entity/Q5287>	20953	2042	4	36	9	34	2090
<http://www.wikidata.org/entity/Q5287>	<http://www.wikidata.org/entity/Q1321>	34860	2133	6	42	7	57	2203
<http://www.wikidata.org/entity/Q33151>	<http://www.wikidata.org/entity/Q256>	1938	32	0	1	0	0	32
<http://www.wikidata.org/entity/Q256>	<http://www.wikidata.org/entity/Q33151>	2630	38	0	0	0	0	38
<http://www.wikidata.org/entity/Q36928>	<http://www.wikidata.org/entity/Q33454>	3314	98	0	0	0	0	98
<http://www.wikidata.org/entity/Q33454>	<http://www.wikidata.org/entity/Q36928>	9001	61	0	0	0	0	61
<http://www.wikidata.org/entity/Q9288>	<http://www.wikidata.org/entity/Q5287>	7451	2280	0	3	0	31	2313
<http://www.wikidata.org/entity/Q33947>	<http://www.wikidata.org/entity/Q50868>	10045	2	0	0	0	0	2
<http://www.wikidata.org/entity/Q50868>	<http://www.wikidata.org/entity/Q33947>	18852	2	0	0	0	0	2
<http://www.wikidata.org/entity/Q5287>	<http://www.wikidata.org/entity/Q9288>	34860	2867	0	6	0	47	2916
<http://www.wikidata.org/entity/Q33151>	<http://www.wikidata.org/entity/Q5287>	1938	69	13	15	0	0	73
<http://www.wikidata.org/entity/Q5287>	<http://www.wikidata.org/entity/Q33151>	34860	128	15	19	0	0	136
<http://www.wikidata.org/entity/Q256>	<http://www.wikidata.org/entity/Q1321>	2630	448	0	6	2	28	476
<http://www.wikidata.org/entity/Q1321>	<http://www.wikidata.org/entity/Q256>	20953	540	0	8	4	29	572
<http://www.wikidata.org/entity/Q809>	<http://www.wikidata.org/entity/Q8752>	4135	196	3	5	0	0	196
<http://www.wikidata.org/entity/Q8752>	<http://www.wikidata.org/entity/Q809>	30759	197	2	4	0	0	198
<http://www.wikidata.org/entity/Q10134>	<http://www.wikidata.org/entity/Q727694>	2146	233	1	5	0	27	262
<http://www.wikidata.org/entity/Q727694>	<http://www.wikidata.org/entity/Q10134>	4417	345	1	8	0	48	397
<http://www.wikidata.org/entity/Q8748>	<http://www.wikidata.org/entity/Q33454>	8162	23	0	0	0	0	23
<http://www.wikidata.org/entity/Q33454>	<http://www.wikidata.org/entity/Q8748>	9001	24	0	0	0	0	24
<http://www.wikidata.org/entity/Q7411>	<http://www.wikidata.org/entity/Q33454>	2611	50	0	0	0	0	50
<http://www.wikidata.org/entity/Q33454>	<http://www.wikidata.org/entity/Q7411>	9001	48	0	0	0	0	48
<http://www.wikidata.org/entity/Q809>	<http://www.wikidata.org/entity/Q8765>	4135	23	0	0	0	0	23
<http://www.wikidata.org/entity/Q8765>	<http://www.wikidata.org/entity/Q809>	33758	23	0	0	0	0	23
<http://www.wikidata.org/entity/Q809>	<http://www.wikidata.org/entity/Q9610>	4135	207	0	0	0	0	207
<http://www.wikidata.org/entity/Q9610>	<http://www.wikidata.org/entity/Q809>	14501	333	0	2	0	0	333
<http://www.wikidata.org/entity/Q9237>	<http://www.wikidata.org/entity/Q32238>	5311	533	0	2	0	11	545
<http://www.wikidata.org/entity/Q32238>	<http://www.wikidata.org/entity/Q9237>	14153	704	0	3	0	9	712
<http://www.wikidata.org/entity/Q58635>	<http://www.wikidata.org/entity/Q9027>	8319	2137	3	5	10	96	2245
<http://www.wikidata.org/entity/Q9027>	<http://www.wikidata.org/entity/Q58635>	38988	1512	1	2	11	77	1601
<http://www.wikidata.org/entity/Q9610>	<http://www.wikidata.org/entity/Q50868>	14501	30	0	0	0	1	31
<http://www.wikidata.org/entity/Q50868>	<http://www.wikidata.org/entity/Q9610>	18852	18	0	0	0	1	19
<http://www.wikidata.org/entity/Q11059>	<http://www.wikidata.org/entity/Q188>	1928	417	0	3	0	26	443
<http://www.wikidata.org/entity/Q188>	<http://www.wikidata.org/entity/Q11059>	20135	531	0	3	0	37	568
<http://www.wikidata.org/entity/Q50868>	<http://www.wikidata.org/entity/Q8765>	18852	1	0	0	0	0	1
<http://www.wikidata.org/entity/Q8765>	<http://www.wikidata.org/entity/Q50868>	33758	1	0	0	0	0	1
<http://www.wikidata.org/entity/Q9237>	<http://www.wikidata.org/entity/Q13955>	5311	511	4	8	0	30	543
<http://www.wikidata.org/entity/Q13955>	<http://www.wikidata.org/entity/Q9237>	14706	455	4	9	0	28	485
<http://www.wikidata.org/entity/Q1412>	<http://www.wikidata.org/entity/Q188>	2495	668	8	20	1	22	693
<http://www.wikidata.org/entity/Q188>	<http://www.wikidata.org/entity/Q1412>	20135	1038	8	19	3	33	1076
<http://www.wikidata.org/entity/Q11051>	<http://www.wikidata.org/entity/Q188>	3900	1029	8	23	2	49	1089
<http://www.wikidata.org/entity/Q188>	<http://www.wikidata.org/entity/Q11051>	20135	1198	6	17	6	58	1268
<http://www.wikidata.org/entity/Q58635>	<http://www.wikidata.org/entity/Q9035>	8319	1903	0	2	9	48	1961
<http://www.wikidata.org/entity/Q9035>	<http://www.wikidata.org/entity/Q58635>	19363	1296	0	3	8	42	1347
<http://www.wikidata.org/entity/Q50868>	<http://www.wikidata.org/entity/Q8752>	18852	11	0	0	0	0	11
<http://www.wikidata.org/entity/Q8752>	<http://www.wikidata.org/entity/Q50868>	30759	12	0	0	0	0	12
<http://www.wikidata.org/entity/Q10134>	<http://www.wikidata.org/entity/Q56356571>	2146	489	0	1	0	18	508
<http://www.wikidata.org/entity/Q56356571>	<http://www.wikidata.org/entity/Q10134>	11610	815	0	2	0	27	844
<http://www.wikidata.org/entity/Q36495>	<http://www.wikidata.org/entity/Q58635>	1973	571	0	0	0	25	596
<http://www.wikidata.org/entity/Q58635>	<http://www.wikidata.org/entity/Q36495>	8319	799	0	0	0	25	824
<http://www.wikidata.org/entity/Q56475>	<http://www.wikidata.org/entity/Q9056>	1897	240	0	0	1	6	246
<http://www.wikidata.org/entity/Q9056>	<http://www.wikidata.org/entity/Q56475>	25347	377	1	1	2	6	383
<http://www.wikidata.org/entity/Q9056>	<http://www.wikidata.org/entity/Q5146>	25347	838	5	13	25	7	862
<http://www.wikidata.org/entity/Q32238>	<http://www.wikidata.org/entity/Q25164>	14153	942	1	7	0	10	952
<http://www.wikidata.org/entity/Q5146>	<http://www.wikidata.org/entity/Q9056>	176780	627	2	10	14	9	647
<http://www.wikidata.org/entity/Q25164>	<http://www.wikidata.org/entity/Q32238>	32974	991	1	4	0	11	1002
<http://www.wikidata.org/entity/Q13955>	<http://www.wikidata.org/entity/Q25164>	14706	451	0	2	0	10	461
<http://www.wikidata.org/entity/Q25164>	<http://www.wikidata.org/entity/Q13955>	32974	594	0	4	0	15	609
<http://www.wikidata.org/entity/Q13955>	<http://www.wikidata.org/entity/Q25167>	14706	607	1	3	2	12	621
<http://www.wikidata.org/entity/Q25167>	<http://www.wikidata.org/entity/Q13955>	50565	884	2	9	2	25	911
<http://www.wikidata.org/entity/Q32238>	<http://www.wikidata.org/entity/Q25167>	14153	1210	3	4	0	10	1217
<http://www.wikidata.org/entity/Q25167>	<http://www.wikidata.org/entity/Q32238>	50565	1381	3	5	0	14	1395
<http://www.wikidata.org/entity/Q809>	<http://www.wikidata.org/entity/Q33947>	4135	16	0	2	0	0	16
<http://www.wikidata.org/entity/Q33947>	<http://www.wikidata.org/entity/Q809>	10045	14	0	2	0	0	14
<http://www.wikidata.org/entity/Q13349>	<http://www.wikidata.org/entity/Q5146>	6804	9	0	0	0	0	9
<http://www.wikidata.org/entity/Q397>	<http://www.wikidata.org/entity/Q33454>	2705	75	0	0	0	2	77
<http://www.wikidata.org/entity/Q5146>	<http://www.wikidata.org/entity/Q13349>	176780	12	0	0	0	0	12
<http://www.wikidata.org/entity/Q33454>	<http://www.wikidata.org/entity/Q397>	9001	67	0	0	0	2	69
<http://www.wikidata.org/entity/Q56475>	<http://www.wikidata.org/entity/Q13349>	1897	4	0	0	0	0	4
<http://www.wikidata.org/entity/Q33284>	<http://www.wikidata.org/entity/Q727694>	1711	15	0	0	0	0	15
<http://www.wikidata.org/entity/Q13349>	<http://www.wikidata.org/entity/Q56475>	6804	4	0	0	0	0	4
<http://www.wikidata.org/entity/Q727694>	<http://www.wikidata.org/entity/Q33284>	4417	27	0	0	0	0	27
<http://www.wikidata.org/entity/Q12107>	<http://www.wikidata.org/entity/Q9610>	5780	658	0	1	0	44	702
<http://www.wikidata.org/entity/Q9610>	<http://www.wikidata.org/entity/Q12107>	14501	821	0	2	0	46	867
<http://www.wikidata.org/entity/Q12107>	<http://www.wikidata.org/entity/Q8765>	5780	43	0	0	0	2	45
<http://www.wikidata.org/entity/Q8765>	<http://www.wikidata.org/entity/Q12107>	33758	33	0	0	0	2	35
<http://www.wikidata.org/entity/Q33578>	<http://www.wikidata.org/entity/Q25164>	5759	1014	0	0	0	37	1048
<http://www.wikidata.org/entity/Q25164>	<http://www.wikidata.org/entity/Q33578>	32974	1202	0	0	0	49	1249
<http://www.wikidata.org/entity/Q9176>	<http://www.wikidata.org/entity/Q9610>	1593	166	3	4	0	24	193
<http://www.wikidata.org/entity/Q9610>	<http://www.wikidata.org/entity/Q9176>	14501	181	5	6	0	27	213
<http://www.wikidata.org/entity/Q9168>	<http://www.wikidata.org/entity/Q8752>	18925	106	0	0	0	1	107
<http://www.wikidata.org/entity/Q8752>	<http://www.wikidata.org/entity/Q9168>	30759	109	0	0	0	1	110
<http://www.wikidata.org/entity/Q9176>	<http://www.wikidata.org/entity/Q8765>	1593	13	0	0	0	5	18
<http://www.wikidata.org/entity/Q8765>	<http://www.wikidata.org/entity/Q9176>	33758	12	0	0	0	2	14
<http://www.wikidata.org/entity/Q33578>	<http://www.wikidata.org/entity/Q25167>	5759	1328	0	1	0	50	1375
<http://www.wikidata.org/entity/Q25167>	<http://www.wikidata.org/entity/Q33578>	50565	1709	0	1	0	76	1783
<http://www.wikidata.org/entity/Q727694>	<http://www.wikidata.org/entity/Q36790>	4417	439	6	6	0	97	536
<http://www.wikidata.org/entity/Q36790>	<http://www.wikidata.org/entity/Q727694>	17051	1342	1	1	0	167	1509
<http://www.wikidata.org/entity/Q9237>	<http://www.wikidata.org/entity/Q33578>	5311	685	0	1	0	48	733
<http://www.wikidata.org/entity/Q33578>	<http://www.wikidata.org/entity/Q9237>	5759	782	0	1	0	52	832
<http://www.wikidata.org/entity/Q12107>	<http://www.wikidata.org/entity/Q8752>	5780	641	1	2	0	1	642
<http://www.wikidata.org/entity/Q8752>	<http://www.wikidata.org/entity/Q12107>	30759	527	1	2	0	1	528
<http://www.wikidata.org/entity/Q9168>	<http://www.wikidata.org/entity/Q8765>	18925	4	0	0	0	0	4
<http://www.wikidata.org/entity/Q8765>	<http://www.wikidata.org/entity/Q9168>	33758	4	0	0	0	0	4
<http://www.wikidata.org/entity/Q9176>	<http://www.wikidata.org/entity/Q8752>	1593	150	2	3	0	0	150
<http://www.wikidata.org/entity/Q8752>	<http://www.wikidata.org/entity/Q9176>	30759	143	2	3	0	0	143
<http://www.wikidata.org/entity/Q9610>	<http://www.wikidata.org/entity/Q9168>	14501	42	1	1	0	12	55
<http://www.wikidata.org/entity/Q9168>	<http://www.wikidata.org/entity/Q9610>	18925	30	1	1	0	15	46
<http://www.wikidata.org/entity/Q56475>	<http://www.wikidata.org/entity/Q9072>	1897	317	0	0	0	18	335
<http://www.wikidata.org/entity/Q9072>	<http://www.wikidata.org/entity/Q56475>	4943	343	0	0	0	16	359
<http://www.wikidata.org/entity/Q9072>	<http://www.wikidata.org/entity/Q5146>	4943	904	0	1	0	19	923
<http://www.wikidata.org/entity/Q5146>	<http://www.wikidata.org/entity/Q9072>	176780	867	0	1	0	28	895
<http://www.wikidata.org/entity/Q10134>	<http://www.wikidata.org/entity/Q1860>	2146	1003	37	41	3	124	1147
<http://www.wikidata.org/entity/Q1860>	<http://www.wikidata.org/entity/Q10134>	59942	1356	34	38	6	199	1573
<http://www.wikidata.org/entity/Q33578>	<http://www.wikidata.org/entity/Q5287>	5759	1084	0	0	0	79	1160
<http://www.wikidata.org/entity/Q9176>	<http://www.wikidata.org/entity/Q8748>	1593	50	0	0	0	0	50
<http://www.wikidata.org/entity/Q5287>	<http://www.wikidata.org/entity/Q33578>	34860	1349	0	1	0	103	1450
<http://www.wikidata.org/entity/Q8748>	<http://www.wikidata.org/entity/Q9176>	8162	42	0	0	0	0	42
<http://www.wikidata.org/entity/Q33284>	<http://www.wikidata.org/entity/Q188>	1711	27	0	0	0	0	27
<http://www.wikidata.org/entity/Q36928>	<http://www.wikidata.org/entity/Q9168>	3314	16	0	0	0	0	16
<http://www.wikidata.org/entity/Q9168>	<http://www.wikidata.org/entity/Q36928>	18925	16	0	0	0	0	16
<http://www.wikidata.org/entity/Q188>	<http://www.wikidata.org/entity/Q33284>	20135	57	0	0	0	0	57
<http://www.wikidata.org/entity/Q7411>	<http://www.wikidata.org/entity/Q12107>	2611	401	0	1	4	3	407
<http://www.wikidata.org/entity/Q12107>	<http://www.wikidata.org/entity/Q7411>	5780	496	0	1	9	2	506
<http://www.wikidata.org/entity/Q5218>	<http://www.wikidata.org/entity/Q50868>	2046	3	0	0	0	0	3
<http://www.wikidata.org/entity/Q50868>	<http://www.wikidata.org/entity/Q5218>	18852	3	0	0	0	0	3
<http://www.wikidata.org/entity/Q13349>	<http://www.wikidata.org/entity/Q58635>	6804	9	0	0	0	0	9
<http://www.wikidata.org/entity/Q12107>	<http://www.wikidata.org/entity/Q8748>	5780	268	0	1	0	1	269
<http://www.wikidata.org/entity/Q58635>	<http://www.wikidata.org/entity/Q13349>	8319	21	0	0	0	0	21
<http://www.wikidata.org/entity/Q8748>	<http://www.wikidata.org/entity/Q12107>	8162	191	0	1	0	2	193
<http://www.wikidata.org/entity/Q9176>	<http://www.wikidata.org/entity/Q7411>	1593	157	0	6	0	0	157
<http://www.wikidata.org/entity/Q7411>	<http://www.wikidata.org/entity/Q9176>	2611	165	0	10	0	0	165
<http://www.wikidata.org/entity/Q256>	<http://www.wikidata.org/entity/Q33578>	2630	329	0	0	0	38	367
<http://www.wikidata.org/entity/Q33578>	<http://www.wikidata.org/entity/Q256>	5759	403	0	0	0	53	456
<http://www.wikidata.org/entity/Q397>	<http://www.wikidata.org/entity/Q809>	2705	296	5	12	0	1	300
<http://www.wikidata.org/entity/Q809>	<http://www.wikidata.org/entity/Q397>	4135	267	5	10	0	1	271
<http://www.wikidata.org/entity/Q10134>	<http://www.wikidata.org/entity/Q150>	2146	840	1	5	2	64	909
<http://www.wikidata.org/entity/Q36790>	<http://www.wikidata.org/entity/Q188>	17051	4366	0	1	0	306	4672
<http://www.wikidata.org/entity/Q188>	<http://www.wikidata.org/entity/Q36790>	20135	1819	0	1	0	193	2012
<http://www.wikidata.org/entity/Q150>	<http://www.wikidata.org/entity/Q10134>	33497	1020	1	2	7	87	1114
<http://www.wikidata.org/entity/Q9176>	<http://www.wikidata.org/entity/Q36928>	1593	78	0	0	0	0	78
<http://www.wikidata.org/entity/Q36928>	<http://www.wikidata.org/entity/Q9176>	3314	74	0	0	0	0	74
<http://www.wikidata.org/entity/Q8748>	<http://www.wikidata.org/entity/Q9168>	8162	10	0	0	0	2	12
<http://www.wikidata.org/entity/Q9168>	<http://www.wikidata.org/entity/Q8748>	18925	12	0	0	0	4	16
<http://www.wikidata.org/entity/Q7411>	<http://www.wikidata.org/entity/Q9168>	2611	42	0	0	0	1	43
<http://www.wikidata.org/entity/Q9168>	<http://www.wikidata.org/entity/Q7411>	18925	40	0	0	0	1	41
<http://www.wikidata.org/entity/Q36928>	<http://www.wikidata.org/entity/Q12107>	3314	608	0	0	0	0	608
<http://www.wikidata.org/entity/Q12107>	<http://www.wikidata.org/entity/Q36928>	5780	632	0	0	0	0	632
<http://www.wikidata.org/entity/Q9072>	<http://www.wikidata.org/entity/Q58635>	4943	794	0	2	1	24	821
<http://www.wikidata.org/entity/Q58635>	<http://www.wikidata.org/entity/Q9072>	8319	1285	0	1	1	35	1321
<http://www.wikidata.org/entity/Q11059>	<http://www.wikidata.org/entity/Q727694>	1928	194	0	0	0	20	214
<http://www.wikidata.org/entity/Q727694>	<http://www.wikidata.org/entity/Q11059>	4417	255	0	0	0	29	284
<http://www.wikidata.org/entity/Q9176>	<http://www.wikidata.org/entity/Q5218>	1593	6	0	0	0	0	6
<http://www.wikidata.org/entity/Q5218>	<http://www.wikidata.org/entity/Q9176>	2046	5	0	0	0	0	5
<http://www.wikidata.org/entity/Q7411>	<http://www.wikidata.org/entity/Q50868>	2611	15	0	0	0	0	15
<http://www.wikidata.org/entity/Q50868>	<http://www.wikidata.org/entity/Q7411>	18852	13	0	0	0	0	13
<http://www.wikidata.org/entity/Q5218>	<http://www.wikidata.org/entity/Q12107>	2046	13	0	0	0	1	14
<http://www.wikidata.org/entity/Q12107>	<http://www.wikidata.org/entity/Q5218>	5780	21	0	1	0	2	24
<http://www.wikidata.org/entity/Q56475>	<http://www.wikidata.org/entity/Q9027>	1897	491	0	0	1	39	530
<http://www.wikidata.org/entity/Q8748>	<http://www.wikidata.org/entity/Q50868>	8162	15	0	0	0	0	15
<http://www.wikidata.org/entity/Q50868>	<http://www.wikidata.org/entity/Q8748>	18852	13	0	0	0	0	13
<http://www.wikidata.org/entity/Q9027>	<http://www.wikidata.org/entity/Q56475>	38988	577	0	0	1	46	623
<http://www.wikidata.org/entity/Q9027>	<http://www.wikidata.org/entity/Q5146>	38988	1887	2	13	45	61	1990
<http://www.wikidata.org/entity/Q5146>	<http://www.wikidata.org/entity/Q9027>	176780	1680	4	19	38	62	1777
<http://www.wikidata.org/entity/Q1412>	<http://www.wikidata.org/entity/Q727694>	2495	208	0	1	0	11	219
<http://www.wikidata.org/entity/Q727694>	<http://www.wikidata.org/entity/Q1412>	4417	304	0	6	0	17	321
<http://www.wikidata.org/entity/Q11051>	<http://www.wikidata.org/entity/Q727694>	3900	418	1	12	0	31	451
<http://www.wikidata.org/entity/Q727694>	<http://www.wikidata.org/entity/Q11051>	4417	409	6	21	0	32	447
<http://www.wikidata.org/entity/Q5218>	<http://www.wikidata.org/entity/Q9168>	2046	0	0	0	0	0	0
<http://www.wikidata.org/entity/Q33454>	<http://www.wikidata.org/entity/Q33947>	9001	4	0	0	0	0	4
<http://www.wikidata.org/entity/Q33947>	<http://www.wikidata.org/entity/Q33454>	10045	4	0	0	0	0	4
<http://www.wikidata.org/entity/Q9168>	<http://www.wikidata.org/entity/Q5218>	18925	0	0	0	0	0	0
<http://www.wikidata.org/entity/Q13955>	<http://www.wikidata.org/entity/Q5287>	14706	504	0	8	0	32	539
<http://www.wikidata.org/entity/Q5287>	<http://www.wikidata.org/entity/Q13955>	34860	837	0	10	0	56	895
<http://www.wikidata.org/entity/Q32238>	<http://www.wikidata.org/entity/Q5287>	14153	1036	0	9	0	11	1045
<http://www.wikidata.org/entity/Q5287>	<http://www.wikidata.org/entity/Q32238>	34860	1195	0	4	0	21	1217
<http://www.wikidata.org/entity/Q58635>	<http://www.wikidata.org/entity/Q9056>	8319	910	0	0	2	17	927
<http://www.wikidata.org/entity/Q9056>	<http://www.wikidata.org/entity/Q58635>	25347	765	1	1	5	6	773
<http://www.wikidata.org/entity/Q36495>	<http://www.wikidata.org/entity/Q5146>	1973	435	3	22	0	21	460
<http://www.wikidata.org/entity/Q256>	<http://www.wikidata.org/entity/Q13955>	2630	306	8	9	0	24	336
<http://www.wikidata.org/entity/Q13955>	<http://www.wikidata.org/entity/Q256>	14706	282	7	8	0	25	312
<http://www.wikidata.org/entity/Q5146>	<http://www.wikidata.org/entity/Q36495>	176780	353	2	19	0	20	379
<http://www.wikidata.org/entity/Q56475>	<http://www.wikidata.org/entity/Q36495>	1897	161	0	0	0	17	178
<http://www.wikidata.org/entity/Q36495>	<http://www.wikidata.org/entity/Q56475>	1973	217	0	0	0	19	236
<http://www.wikidata.org/entity/Q9035>	<http://www.wikidata.org/entity/Q5146>	19363	1414	0	9	23	32	1469
<http://www.wikidata.org/entity/Q5146>	<http://www.wikidata.org/entity/Q9035>	176780	1355	0	10	26	34	1416
<http://www.wikidata.org/entity/Q56475>	<http://www.wikidata.org/entity/Q9035>	1897	426	0	0	1	24	451
<http://www.wikidata.org/entity/Q9035>	<http://www.wikidata.org/entity/Q56475>	19363	467	0	0	1	24	492
<http://www.wikidata.org/entity/Q256>	<http://www.wikidata.org/entity/Q32238>	2630	267	0	0	0	11	278
<http://www.wikidata.org/entity/Q32238>	<http://www.wikidata.org/entity/Q256>	14153	388	0	0	0	10	398
<http://www.wikidata.org/entity/Q36928>	<http://www.wikidata.org/entity/Q50868>	3314	27	0	0	0	0	27
<http://www.wikidata.org/entity/Q50868>	<http://www.wikidata.org/entity/Q36928>	18852	17	0	0	0	0	17
<http://www.wikidata.org/entity/Q33151>	<http://www.wikidata.org/entity/Q33578>	1938	52	0	0	0	0	52
<http://www.wikidata.org/entity/Q33578>	<http://www.wikidata.org/entity/Q33151>	5759	83	0	0	0	0	83
<http://www.wikidata.org/entity/Q7737>	<http://www.wikidata.org/entity/Q9056>	18679	1892	31	50	8	2	1898
<http://www.wikidata.org/entity/Q9056>	<http://www.wikidata.org/entity/Q7737>	25347	1777	36	53	6	2	1784
<http://www.wikidata.org/entity/Q33578>	<http://www.wikidata.org/entity/Q9288>	5759	878	1	2	0	21	899
<http://www.wikidata.org/entity/Q9288>	<http://www.wikidata.org/entity/Q33578>	7451	741	1	2	0	16	757
<http://www.wikidata.org/entity/Q397>	<http://www.wikidata.org/entity/Q8752>	2705	352	0	3	0	1	353
<http://www.wikidata.org/entity/Q8752>	<http://www.wikidata.org/entity/Q397>	30759	350	0	3	0	1	351
<http://www.wikidata.org/entity/Q33578>	<http://www.wikidata.org/entity/Q1321>	5759	619	0	2	0	31	651
<http://www.wikidata.org/entity/Q1321>	<http://www.wikidata.org/entity/Q33578>	20953	626	0	2	0	26	653
<http://www.wikidata.org/entity/Q33454>	<http://www.wikidata.org/entity/Q9168>	9001	4	0	0	0	0	4
<http://www.wikidata.org/entity/Q5218>	<http://www.wikidata.org/entity/Q33947>	2046	3	0	0	0	0	3
<http://www.wikidata.org/entity/Q9168>	<http://www.wikidata.org/entity/Q33454>	18925	4	0	0	0	0	4
<http://www.wikidata.org/entity/Q33947>	<http://www.wikidata.org/entity/Q5218>	10045	3	0	0	0	0	3
<http://www.wikidata.org/entity/Q12107>	<http://www.wikidata.org/entity/Q33454>	5780	149	0	0	0	2	151
<http://www.wikidata.org/entity/Q33454>	<http://www.wikidata.org/entity/Q12107>	9001	108	0	0	0	2	110
<http://www.wikidata.org/entity/Q397>	<http://www.wikidata.org/entity/Q8765>	2705	34	2	2	0	3	39
<http://www.wikidata.org/entity/Q35518>	<http://www.wikidata.org/entity/Q9056>	15737	1163	0	1	0	19	1182
<http://www.wikidata.org/entity/Q9056>	<http://www.wikidata.org/entity/Q35518>	25347	674	1	2	0	10	684
<http://www.wikidata.org/entity/Q8765>	<http://www.wikidata.org/entity/Q397>	33758	29	2	2	0	2	33
<http://www.wikidata.org/entity/Q397>	<http://www.wikidata.org/entity/Q9610>	2705	324	0	6	0	13	338
<http://www.wikidata.org/entity/Q9610>	<http://www.wikidata.org/entity/Q397>	14501	420	0	4	0	12	433
<http://www.wikidata.org/entity/Q9176>	<http://www.wikidata.org/entity/Q33454>	1593	26	0	0	0	5	31
<http://www.wikidata.org/entity/Q33454>	<http://www.wikidata.org/entity/Q9176>	9001	25	0	0	0	2	27
<http://www.wikidata.org/entity/Q727694>	<http://www.wikidata.org/entity/Q1860>	4417	1068	146	162	0	167	1288
<http://www.wikidata.org/entity/Q1860>	<http://www.wikidata.org/entity/Q727694>	59942	1238	95	105	0	173	1437
<http://www.wikidata.org/entity/Q727694>	<http://www.wikidata.org/entity/Q150>	4417	947	7	39	0	93	1044
<http://www.wikidata.org/entity/Q150>	<http://www.wikidata.org/entity/Q727694>	33497	859	6	23	0	71	933
<http://www.wikidata.org/entity/Q7411>	<http://www.wikidata.org/entity/Q33947>	2611	10	0	1	0	0	10
<http://www.wikidata.org/entity/Q33947>	<http://www.wikidata.org/entity/Q7411>	10045	9	0	1	0	0	9
<http://www.wikidata.org/entity/Q56356571>	<http://www.wikidata.org/entity/Q188>	11610	2705	3	9	8	66	2777
<http://www.wikidata.org/entity/Q188>	<http://www.wikidata.org/entity/Q56356571>	20135	2621	4	11	19	69	2709
<http://www.wikidata.org/entity/Q8748>	<http://www.wikidata.org/entity/Q33947>	8162	6	0	1	0	0	6
<http://www.wikidata.org/entity/Q33947>	<http://www.wikidata.org/entity/Q8748>	10045	6	0	1	0	0	6
<http://www.wikidata.org/entity/Q13349>	<http://www.wikidata.org/entity/Q35518>	6804	7	0	0	0	0	7
<http://www.wikidata.org/entity/Q35518>	<http://www.wikidata.org/entity/Q13349>	15737	13	0	0	0	0	13
<http://www.wikidata.org/entity/Q9072>	<http://www.wikidata.org/entity/Q7737>	4943	1656	2	6	1	11	1668
<http://www.wikidata.org/entity/Q7737>	<http://www.wikidata.org/entity/Q9072>	18679	2144	2	7	2	14	2160
<http://www.wikidata.org/entity/Q33454>	<http://www.wikidata.org/entity/Q50868>	9001	5	0	0	0	0	5
<http://www.wikidata.org/entity/Q50868>	<http://www.wikidata.org/entity/Q33454>	18852	5	0	0	0	0	5
<http://www.wikidata.org/entity/Q9288>	<http://www.wikidata.org/entity/Q13955>	7451	451	7	9	0	7	462
<http://www.wikidata.org/entity/Q33151>	<http://www.wikidata.org/entity/Q32238>	1938	54	0	1	0	0	54
<http://www.wikidata.org/entity/Q13955>	<http://www.wikidata.org/entity/Q9288>	14706	433	7	9	0	10	447
<http://www.wikidata.org/entity/Q32238>	<http://www.wikidata.org/entity/Q33151>	14153	95	0	2	0	0	96
<http://www.wikidata.org/entity/Q10134>	<http://www.wikidata.org/entity/Q1412>	2146	203	0	0	0	14	217
<http://www.wikidata.org/entity/Q1412>	<http://www.wikidata.org/entity/Q10134>	2495	215	0	0	0	15	230
<http://www.wikidata.org/entity/Q33151>	<http://www.wikidata.org/entity/Q13955>	1938	28	0	1	0	0	28
<http://www.wikidata.org/entity/Q9288>	<http://www.wikidata.org/entity/Q32238>	7451	640	0	0	0	5	645
<http://www.wikidata.org/entity/Q32238>	<http://www.wikidata.org/entity/Q9288>	14153	835	0	0	0	6	838
<http://www.wikidata.org/entity/Q13955>	<http://www.wikidata.org/entity/Q33151>	14706	29	0	1	0	0	29
<http://www.wikidata.org/entity/Q11059>	<http://www.wikidata.org/entity/Q10134>	1928	200	0	0	0	17	217
<http://www.wikidata.org/entity/Q10134>	<http://www.wikidata.org/entity/Q11059>	2146	151	0	0	0	13	164
<http://www.wikidata.org/entity/Q32238>	<http://www.wikidata.org/entity/Q1321>	14153	666	1	18	0	8	676
<http://www.wikidata.org/entity/Q1321>	<http://www.wikidata.org/entity/Q32238>	20953	602	5	16	0	6	617
<http://www.wikidata.org/entity/Q13955>	<http://www.wikidata.org/entity/Q1321>	14706	337	3	10	2	11	348
<http://www.wikidata.org/entity/Q1321>	<http://www.wikidata.org/entity/Q13955>	20953	384	3	10	3	12	399
<http://www.wikidata.org/entity/Q36928>	<http://www.wikidata.org/entity/Q33947>	3314	10	0	0	0	0	10
<http://www.wikidata.org/entity/Q33947>	<http://www.wikidata.org/entity/Q36928>	10045	9	0	0	0	0	9
<http://www.wikidata.org/entity/Q13349>	<http://www.wikidata.org/entity/Q7737>	6804	12	0	0	0	0	12
<http://www.wikidata.org/entity/Q7737>	<http://www.wikidata.org/entity/Q13349>	18679	35	0	0	0	0	35
<http://www.wikidata.org/entity/Q10134>	<http://www.wikidata.org/entity/Q11051>	2146	292	0	2	0	17	311
<http://www.wikidata.org/entity/Q11051>	<http://www.wikidata.org/entity/Q10134>	3900	447	0	4	0	21	472
<http://www.wikidata.org/entity/Q9072>	<http://www.wikidata.org/entity/Q35518>	4943	603	0	0	0	27	630
<http://www.wikidata.org/entity/Q35518>	<http://www.wikidata.org/entity/Q9072>	15737	1543	0	0	0	66	1609
<http://www.wikidata.org/entity/Q33947>	<http://www.wikidata.org/entity/Q9610>	10045	14	0	0	0	1	15
<http://www.wikidata.org/entity/Q9610>	<http://www.wikidata.org/entity/Q33947>	14501	23	0	0	0	1	24
<http://www.wikidata.org/entity/Q33947>	<http://www.wikidata.org/entity/Q8765>	10045	5	0	0	0	1	6
<http://www.wikidata.org/entity/Q8765>	<http://www.wikidata.org/entity/Q33947>	33758	5	0	0	0	1	6
<http://www.wikidata.org/entity/Q727694>	<http://www.wikidata.org/entity/Q56356571>	4417	652	0	5	0	39	691
<http://www.wikidata.org/entity/Q56356571>	<http://www.wikidata.org/entity/Q727694>	11610	808	0	5	0	30	838
<http://www.wikidata.org/entity/Q33578>	<http://www.wikidata.org/entity/Q652>	5759	1375	0	3	0	35	1413
<http://www.wikidata.org/entity/Q652>	<http://www.wikidata.org/entity/Q33578>	26452	1378	0	3	0	34	1415
<http://www.wikidata.org/entity/Q33578>	<http://www.wikidata.org/entity/Q36236>	5759	845	0	1	0	11	857
<http://www.wikidata.org/entity/Q36236>	<http://www.wikidata.org/entity/Q33578>	12554	853	0	2	0	9	862
<http://www.wikidata.org/entity/Q33947>	<http://www.wikidata.org/entity/Q8752>	10045	9	0	0	0	0	9
<http://www.wikidata.org/entity/Q8752>	<http://www.wikidata.org/entity/Q33947>	30759	12	0	0	0	0	12
<http://www.wikidata.org/entity/Q5218>	<http://www.wikidata.org/entity/Q397>	2046	14	0	2	0	0	14
<http://www.wikidata.org/entity/Q397>	<http://www.wikidata.org/entity/Q5218>	2705	23	0	3	0	0	23
<http://www.wikidata.org/entity/Q809>	<http://www.wikidata.org/entity/Q50868>	4135	13	0	0	0	0	13
<http://www.wikidata.org/entity/Q50868>	<http://www.wikidata.org/entity/Q809>	18852	12	0	0	0	0	12
<http://www.wikidata.org/entity/Q35518>	<http://www.wikidata.org/entity/Q9027>	15737	2635	0	0	0	193	2828
<http://www.wikidata.org/entity/Q9027>	<http://www.wikidata.org/entity/Q35518>	38988	1274	0	0	0	99	1373
<http://www.wikidata.org/entity/Q36236>	<http://www.wikidata.org/entity/Q32238>	12554	705	3	3	0	4	709
<http://www.wikidata.org/entity/Q32238>	<http://www.wikidata.org/entity/Q36236>	14153	777	2	5	0	4	781
<http://www.wikidata.org/entity/Q36236>	<http://www.wikidata.org/entity/Q13955>	12554	494	1	11	0	3	499
<http://www.wikidata.org/entity/Q13955>	<http://www.wikidata.org/entity/Q36236>	14706	410	1	7	0	3	414
<http://www.wikidata.org/entity/Q36495>	<http://www.wikidata.org/entity/Q7737>	1973	929	2	13	0	10	944
<http://www.wikidata.org/entity/Q7737>	<http://www.wikidata.org/entity/Q36495>	18679	1395	2	12	0	12	1409
<http://www.wikidata.org/entity/Q7737>	<http://www.wikidata.org/entity/Q9035>	18679	4028	17	34	31	19	4069
<http://www.wikidata.org/entity/Q9035>	<http://www.wikidata.org/entity/Q7737>	19363	3130	22	37	22	15	3162
<http://www.wikidata.org/entity/Q397>	<http://www.wikidata.org/entity/Q36928>	2705	324	0	0	0	0	324
<http://www.wikidata.org/entity/Q36928>	<http://www.wikidata.org/entity/Q397>	3314	421	0	0	0	0	421
<http://www.wikidata.org/entity/Q809>	<http://www.wikidata.org/entity/Q9168>	4135	23	0	0	0	0	23
<http://www.wikidata.org/entity/Q9168>	<http://www.wikidata.org/entity/Q809>	18925	23	0	0	0	0	23
<http://www.wikidata.org/entity/Q7737>	<http://www.wikidata.org/entity/Q9027>	18679	5223	3	16	35	39	5295
<http://www.wikidata.org/entity/Q9027>	<http://www.wikidata.org/entity/Q7737>	38988	4548	3	14	32	33	4612
<http://www.wikidata.org/entity/Q36495>	<http://www.wikidata.org/entity/Q35518>	1973	339	0	2	0	30	370
<http://www.wikidata.org/entity/Q7411>	<http://www.wikidata.org/entity/Q397>	2611	273	25	25	0	2	275
<http://www.wikidata.org/entity/Q397>	<http://www.wikidata.org/entity/Q7411>	2705	292	20	20	0	2	294
<http://www.wikidata.org/entity/Q35518>	<http://www.wikidata.org/entity/Q36495>	15737	663	0	1	0	52	715
<http://www.wikidata.org/entity/Q35518>	<http://www.wikidata.org/entity/Q9035>	15737	2275	0	1	0	112	2387
<http://www.wikidata.org/entity/Q9035>	<http://www.wikidata.org/entity/Q35518>	19363	990	1	1	0	56	1046
<http://www.wikidata.org/entity/Q13955>	<http://www.wikidata.org/entity/Q652>	14706	654	5	13	1	18	675
<http://www.wikidata.org/entity/Q652>	<http://www.wikidata.org/entity/Q13955>	26452	743	5	13	2	21	768
<http://www.wikidata.org/entity/Q33284>	<http://www.wikidata.org/entity/Q10134>	1711	13	0	0	0	0	13
<http://www.wikidata.org/entity/Q10134>	<http://www.wikidata.org/entity/Q33284>	2146	14	0	0	0	0	14
<http://www.wikidata.org/entity/Q188>	<http://www.wikidata.org/entity/Q1860>	20135	8891	423	509	153	508	9630
<http://www.wikidata.org/entity/Q1860>	<http://www.wikidata.org/entity/Q188>	59942	8571	402	479	88	531	9264
<http://www.wikidata.org/entity/Q32238>	<http://www.wikidata.org/entity/Q652>	14153	1340	1	14	0	4	1346
<http://www.wikidata.org/entity/Q652>	<http://www.wikidata.org/entity/Q32238>	26452	1247	3	8	0	5	1253
<http://www.wikidata.org/entity/Q397>	<http://www.wikidata.org/entity/Q8748>	2705	123	0	1	0	2	125
<http://www.wikidata.org/entity/Q8748>	<http://www.wikidata.org/entity/Q397>	8162	111	0	1	0	3	114
<http://www.wikidata.org/entity/Q188>	<http://www.wikidata.org/entity/Q150>	20135	6963	126	181	257	241	7426
<http://www.wikidata.org/entity/Q150>	<http://www.wikidata.org/entity/Q188>	33497	6053	113	168	247	206	6452
<http://www.wikidata.org/entity/Q10134>	<http://www.wikidata.org/entity/Q36790>	2146	404	0	0	0	53	457
<http://www.wikidata.org/entity/Q9176>	<http://www.wikidata.org/entity/Q809>	1593	143	0	1	0	0	143
<http://www.wikidata.org/entity/Q36790>	<http://www.wikidata.org/entity/Q10134>	17051	1900	0	0	0	137	2037
<http://www.wikidata.org/entity/Q809>	<http://www.wikidata.org/entity/Q9176>	4135	141	0	1	0	0	141
<http://www.wikidata.org/entity/Q809>	<http://www.wikidata.org/entity/Q12107>	4135	331	2	18	0	0	331
<http://www.wikidata.org/entity/Q12107>	<http://www.wikidata.org/entity/Q809>	5780	414	1	8	0	0	414
<http://www.wikidata.org/entity/Q50868>	<http://www.wikidata.org/entity/Q9056>	18852	18	0	0	0	0	18
<http://www.wikidata.org/entity/Q13349>	<http://www.wikidata.org/entity/Q9168>	6804	0	0	0	0	0	0
<http://www.wikidata.org/entity/Q9056>	<http://www.wikidata.org/entity/Q50868>	25347	37	0	0	0	0	37
<http://www.wikidata.org/entity/Q9168>	<http://www.wikidata.org/entity/Q13349>	18925	0	0	0	0	0	0
<http://www.wikidata.org/entity/Q36928>	<http://www.wikidata.org/entity/Q58635>	3314	593	0	0	0	0	593
<http://www.wikidata.org/entity/Q58635>	<http://www.wikidata.org/entity/Q36928>	8319	792	0	0	0	0	792
<http://www.wikidata.org/entity/Q56475>	<http://www.wikidata.org/entity/Q8752>	1897	147	0	0	0	1	148
<http://www.wikidata.org/entity/Q8752>	<http://www.wikidata.org/entity/Q56475>	30759	170	0	0	0	1	171
<http://www.wikidata.org/entity/Q8752>	<http://www.wikidata.org/entity/Q5146>	30759	532	1	6	0	2	534
<http://www.wikidata.org/entity/Q5146>	<http://www.wikidata.org/entity/Q8752>	176780	494	1	6	0	3	497
<http://www.wikidata.org/entity/Q9176>	<http://www.wikidata.org/entity/Q9072>	1593	195	0	0	0	16	211
<http://www.wikidata.org/entity/Q9072>	<http://www.wikidata.org/entity/Q9176>	4943	209	0	0	0	12	221
<http://www.wikidata.org/entity/Q9072>	<http://www.wikidata.org/entity/Q12107>	4943	865	0	1	0	14	879
<http://www.wikidata.org/entity/Q12107>	<http://www.wikidata.org/entity/Q9072>	5780	1049	0	1	0	14	1063
<http://www.wikidata.org/entity/Q7411>	<http://www.wikidata.org/entity/Q58635>	2611	386	0	0	10	7	400
<http://www.wikidata.org/entity/Q58635>	<http://www.wikidata.org/entity/Q7411>	8319	675	0	0	8	12	692
<http://www.wikidata.org/entity/Q9176>	<http://www.wikidata.org/entity/Q13349>	1593	5	0	0	0	0	5
<http://www.wikidata.org/entity/Q13349>	<http://www.wikidata.org/entity/Q9176>	6804	4	0	0	0	0	4
<http://www.wikidata.org/entity/Q56356571>	<http://www.wikidata.org/entity/Q5287>	11610	2103	2	4	2	58	2162
<http://www.wikidata.org/entity/Q5287>	<http://www.wikidata.org/entity/Q56356571>	34860	2128	2	4	2	68	2197
<http://www.wikidata.org/entity/Q256>	<http://www.wikidata.org/entity/Q56356571>	2630	603	20	22	0	42	659
<http://www.wikidata.org/entity/Q56356571>	<http://www.wikidata.org/entity/Q256>	11610	941	18	20	0	55	1009
<http://www.wikidata.org/entity/Q8748>	<http://www.wikidata.org/entity/Q58635>	8162	169	0	0	2	4	175
<http://www.wikidata.org/entity/Q58635>	<http://www.wikidata.org/entity/Q8748>	8319	317	0	0	1	4	321
<http://www.wikidata.org/entity/Q12107>	<http://www.wikidata.org/entity/Q13349>	5780	15	0	0	0	0	15
<http://www.wikidata.org/entity/Q13349>	<http://www.wikidata.org/entity/Q12107>	6804	8	0	0	0	0	8
<http://www.wikidata.org/entity/Q56475>	<http://www.wikidata.org/entity/Q9610>	1897	226	0	0	0	43	269
<http://www.wikidata.org/entity/Q9610>	<http://www.wikidata.org/entity/Q56475>	14501	383	0	0	0	54	437
<http://www.wikidata.org/entity/Q9610>	<http://www.wikidata.org/entity/Q5146>	14501	767	3	9	2	42	815
<http://www.wikidata.org/entity/Q5146>	<http://www.wikidata.org/entity/Q9610>	176780	480	4	8	2	44	531
<http://www.wikidata.org/entity/Q56475>	<http://www.wikidata.org/entity/Q8765>	1897	22	0	0	0	2	24
<http://www.wikidata.org/entity/Q8765>	<http://www.wikidata.org/entity/Q56475>	33758	22	0	0	0	2	24
<http://www.wikidata.org/entity/Q8765>	<http://www.wikidata.org/entity/Q5146>	33758	33	4	4	0	2	37
<http://www.wikidata.org/entity/Q5146>	<http://www.wikidata.org/entity/Q8765>	176780	33	3	3	0	2	37
<http://www.wikidata.org/entity/Q9072>	<http://www.wikidata.org/entity/Q9168>	4943	94	0	0	0	4	98
<http://www.wikidata.org/entity/Q9168>	<http://www.wikidata.org/entity/Q9072>	18925	84	0	0	0	4	88
<http://www.wikidata.org/entity/Q12107>	<http://www.wikidata.org/entity/Q9056>	5780	912	6	14	1	5	917
<http://www.wikidata.org/entity/Q9056>	<http://www.wikidata.org/entity/Q12107>	25347	983	8	16	2	5	988
<http://www.wikidata.org/entity/Q33454>	<http://www.wikidata.org/entity/Q35518>	9001	88	0	0	0	2	90
<http://www.wikidata.org/entity/Q35518>	<http://www.wikidata.org/entity/Q33454>	15737	242	0	0	0	5	247
<http://www.wikidata.org/entity/Q1412>	<http://www.wikidata.org/entity/Q36236>	2495	392	1	7	0	8	403
<http://www.wikidata.org/entity/Q36236>	<http://www.wikidata.org/entity/Q1412>	12554	493	1	10	0	8	504
<http://www.wikidata.org/entity/Q150>	<http://www.wikidata.org/entity/Q25167>	33497	6346	10	33	462	105	6860
<http://www.wikidata.org/entity/Q25167>	<http://www.wikidata.org/entity/Q150>	50565	7692	23	60	313	130	8088
<http://www.wikidata.org/entity/Q11059>	<http://www.wikidata.org/entity/Q36236>	1928	323	22	22	0	9	343
<http://www.wikidata.org/entity/Q36236>	<http://www.wikidata.org/entity/Q11059>	12554	369	27	28	0	12	392
<http://www.wikidata.org/entity/Q9176>	<http://www.wikidata.org/entity/Q9056>	1593	288	2	3	0	2	290
<http://www.wikidata.org/entity/Q9056>	<http://www.wikidata.org/entity/Q9176>	25347	305	3	4	0	2	307
<http://www.wikidata.org/entity/Q25164>	<http://www.wikidata.org/entity/Q1860>	32974	7300	65	104	101	156	7529
<http://www.wikidata.org/entity/Q1860>	<http://www.wikidata.org/entity/Q25164>	59942	6743	50	71	96	160	6959
<http://www.wikidata.org/entity/Q11051>	<http://www.wikidata.org/entity/Q36236>	3900	845	143	149	0	8	893
<http://www.wikidata.org/entity/Q36236>	<http://www.wikidata.org/entity/Q11051>	12554	819	152	156	0	10	870
<http://www.wikidata.org/entity/Q25164>	<http://www.wikidata.org/entity/Q150>	32974	5492	26	51	175	83	5707
<http://www.wikidata.org/entity/Q150>	<http://www.wikidata.org/entity/Q25164>	33497	4646	13	29	281	68	4941
<http://www.wikidata.org/entity/Q25167>	<http://www.wikidata.org/entity/Q1860>	50565	10387	97	126	180	263	10802
<http://www.wikidata.org/entity/Q1860>	<http://www.wikidata.org/entity/Q25167>	59942	9354	66	89	162	270	9758
<http://www.wikidata.org/entity/Q9072>	<http://www.wikidata.org/entity/Q50868>	4943	25	0	0	0	1	26
<http://www.wikidata.org/entity/Q50868>	<http://www.wikidata.org/entity/Q9072>	18852	22	0	0	0	1	23
<http://www.wikidata.org/entity/Q9237>	<http://www.wikidata.org/entity/Q1860>	5311	2659	100	125	1	206	2890
<http://www.wikidata.org/entity/Q33284>	<http://www.wikidata.org/entity/Q1321>	1711	13	0	0	0	0	13
<http://www.wikidata.org/entity/Q1860>	<http://www.wikidata.org/entity/Q9237>	59942	3260	105	131	1	291	3580
<http://www.wikidata.org/entity/Q1321>	<http://www.wikidata.org/entity/Q33284>	20953	16	0	0	0	0	16
<http://www.wikidata.org/entity/Q11059>	<http://www.wikidata.org/entity/Q652>	1928	444	3	3	0	18	462
<http://www.wikidata.org/entity/Q33454>	<http://www.wikidata.org/entity/Q7737>	9001	108	0	0	0	1	109
<http://www.wikidata.org/entity/Q7737>	<http://www.wikidata.org/entity/Q33454>	18679	206	0	0	0	2	208
<http://www.wikidata.org/entity/Q652>	<http://www.wikidata.org/entity/Q11059>	26452	444	3	3	0	20	464
<http://www.wikidata.org/entity/Q1412>	<http://www.wikidata.org/entity/Q652>	2495	635	4	12	1	10	648
<http://www.wikidata.org/entity/Q652>	<http://www.wikidata.org/entity/Q1412>	26452	754	5	13	1	15	772
<http://www.wikidata.org/entity/Q33284>	<http://www.wikidata.org/entity/Q33151>	1711	4	0	0	0	0	4
<http://www.wikidata.org/entity/Q33151>	<http://www.wikidata.org/entity/Q33284>	1938	5	0	0	0	0	5
<http://www.wikidata.org/entity/Q9168>	<http://www.wikidata.org/entity/Q9056>	18925	84	0	0	0	6	90
<http://www.wikidata.org/entity/Q9056>	<http://www.wikidata.org/entity/Q9168>	25347	94	0	0	0	3	97
<http://www.wikidata.org/entity/Q13349>	<http://www.wikidata.org/entity/Q50868>	6804	2	0	0	0	0	2
<http://www.wikidata.org/entity/Q50868>	<http://www.wikidata.org/entity/Q13349>	18852	2	0	0	0	0	2
<http://www.wikidata.org/entity/Q5218>	<http://www.wikidata.org/entity/Q58635>	2046	9	0	0	0	1	10
<http://www.wikidata.org/entity/Q33284>	<http://www.wikidata.org/entity/Q9288>	1711	16	0	0	0	0	16
<http://www.wikidata.org/entity/Q58635>	<http://www.wikidata.org/entity/Q5218>	8319	22	0	0	0	1	23
<http://www.wikidata.org/entity/Q9288>	<http://www.wikidata.org/entity/Q33284>	7451	20	0	0	0	0	20
<http://www.wikidata.org/entity/Q33151>	<http://www.wikidata.org/entity/Q36790>	1938	62	0	0	0	1	63
<http://www.wikidata.org/entity/Q36790>	<http://www.wikidata.org/entity/Q33151>	17051	176	0	0	0	4	180
<http://www.wikidata.org/entity/Q9288>	<http://www.wikidata.org/entity/Q36790>	7451	884	1	3	0	31	915
<http://www.wikidata.org/entity/Q36790>	<http://www.wikidata.org/entity/Q9288>	17051	3048	1	2	0	60	3108
<http://www.wikidata.org/entity/Q36790>	<http://www.wikidata.org/entity/Q1321>	17051	2220	0	1	0	68	2288
<http://www.wikidata.org/entity/Q1321>	<http://www.wikidata.org/entity/Q36790>	20953	686	0	1	0	32	718
<http://www.wikidata.org/entity/Q11051>	<http://www.wikidata.org/entity/Q652>	3900	1075	7	21	2	25	1107
<http://www.wikidata.org/entity/Q652>	<http://www.wikidata.org/entity/Q11051>	26452	997	4	16	2	28	1031
<http://www.wikidata.org/entity/Q9237>	<http://www.wikidata.org/entity/Q150>	5311	1955	12	32	1	105	2066
<http://www.wikidata.org/entity/Q150>	<http://www.wikidata.org/entity/Q9237>	33497	2048	11	30	3	116	2172
<http://www.wikidata.org/entity/Q36495>	<http://www.wikidata.org/entity/Q12107>	1973	816	2	4	0	33	849
<http://www.wikidata.org/entity/Q12107>	<http://www.wikidata.org/entity/Q36495>	5780	883	1	2	0	33	916
<http://www.wikidata.org/entity/Q12107>	<http://www.wikidata.org/entity/Q9035>	5780	1909	1	13	11	39	1959
<http://www.wikidata.org/entity/Q9035>	<http://www.wikidata.org/entity/Q12107>	19363	1586	1	15	5	39	1630
<http://www.wikidata.org/entity/Q10134>	<http://www.wikidata.org/entity/Q33578>	2146	361	0	0	0	24	385
<http://www.wikidata.org/entity/Q33578>	<http://www.wikidata.org/entity/Q10134>	5759	490	0	0	0	32	522
<http://www.wikidata.org/entity/Q5287>	<http://www.wikidata.org/entity/Q1860>	34860	8758	299	372	8	467	9364
<http://www.wikidata.org/entity/Q1860>	<http://www.wikidata.org/entity/Q5287>	59942	9019	240	295	13	499	9634
<http://www.wikidata.org/entity/Q9176>	<http://www.wikidata.org/entity/Q36495>	1593	106	0	0	0	15	121
<http://www.wikidata.org/entity/Q36495>	<http://www.wikidata.org/entity/Q9176>	1973	141	0	0	0	13	154
<http://www.wikidata.org/entity/Q9176>	<http://www.wikidata.org/entity/Q9035>	1593	409	0	1	0	20	429
<http://www.wikidata.org/entity/Q9035>	<http://www.wikidata.org/entity/Q9176>	19363	449	0	1	0	23	472
<http://www.wikidata.org/entity/Q256>	<http://www.wikidata.org/entity/Q1860>	2630	1013	38	40	1	148	1167
<http://www.wikidata.org/entity/Q9168>	<http://www.wikidata.org/entity/Q9027>	18925	300	0	0	0	16	316
<http://www.wikidata.org/entity/Q9027>	<http://www.wikidata.org/entity/Q9168>	38988	334	0	0	0	14	348
<http://www.wikidata.org/entity/Q1860>	<http://www.wikidata.org/entity/Q256>	59942	1354	37	42	1	235	1598
<http://www.wikidata.org/entity/Q256>	<http://www.wikidata.org/entity/Q150>	2630	823	5	9	1	100	927
<http://www.wikidata.org/entity/Q150>	<http://www.wikidata.org/entity/Q256>	33497	929	5	9	3	111	1045
<http://www.wikidata.org/entity/Q150>	<http://www.wikidata.org/entity/Q5287>	33497	4007	7	44	16	181	4207
<http://www.wikidata.org/entity/Q5287>	<http://www.wikidata.org/entity/Q150>	34860	4550	11	56	6	209	4770
<http://www.wikidata.org/entity/Q809>	<http://www.wikidata.org/entity/Q35518>	4135	198	0	0	0	1	199
<http://www.wikidata.org/entity/Q35518>	<http://www.wikidata.org/entity/Q809>	15737	482	0	0	0	2	484
<http://www.wikidata.org/entity/Q5218>	<http://www.wikidata.org/entity/Q5146>	2046	11	0	2	0	0	11
<http://www.wikidata.org/entity/Q5146>	<http://www.wikidata.org/entity/Q5218>	176780	15	0	3	0	0	15
<http://www.wikidata.org/entity/Q56475>	<http://www.wikidata.org/entity/Q5218>	1897	9	0	0	0	0	9
<http://www.wikidata.org/entity/Q5218>	<http://www.wikidata.org/entity/Q56475>	2046	6	0	0	0	0	6
<http://www.wikidata.org/entity/Q12107>	<http://www.wikidata.org/entity/Q9027>	5780	1973	2	4	9	50	2032
<http://www.wikidata.org/entity/Q9027>	<http://www.wikidata.org/entity/Q12107>	38988	1733	2	4	4	54	1791
<http://www.wikidata.org/entity/Q9168>	<http://www.wikidata.org/entity/Q9035>	18925	225	0	0	0	10	235
<http://www.wikidata.org/entity/Q9035>	<http://www.wikidata.org/entity/Q9168>	19363	234	0	0	0	11	245
<http://www.wikidata.org/entity/Q36495>	<http://www.wikidata.org/entity/Q9168>	1973	35	0	0	0	4	39
<http://www.wikidata.org/entity/Q9168>	<http://www.wikidata.org/entity/Q36495>	18925	27	0	0	0	3	30
<http://www.wikidata.org/entity/Q9176>	<http://www.wikidata.org/entity/Q9027>	1593	463	1	1	0	39	502
<http://www.wikidata.org/entity/Q9027>	<http://www.wikidata.org/entity/Q9176>	38988	492	1	1	0	41	533
<http://www.wikidata.org/entity/Q809>	<http://www.wikidata.org/entity/Q7737>	4135	600	43	48	2	0	601
<http://www.wikidata.org/entity/Q7737>	<http://www.wikidata.org/entity/Q809>	18679	845	29	35	3	0	847
<http://www.wikidata.org/entity/Q36495>	<http://www.wikidata.org/entity/Q50868>	1973	22	0	0	0	1	23
<http://www.wikidata.org/entity/Q50868>	<http://www.wikidata.org/entity/Q36495>	18852	14	0	0	0	1	15
<http://www.wikidata.org/entity/Q50868>	<http://www.wikidata.org/entity/Q9035>	18852	29	0	0	0	0	29
<http://www.wikidata.org/entity/Q9035>	<http://www.wikidata.org/entity/Q50868>	19363	39	0	0	0	0	39
<http://www.wikidata.org/entity/Q58635>	<http://www.wikidata.org/entity/Q8752>	8319	616	0	0	0	5	621
<http://www.wikidata.org/entity/Q8752>	<http://www.wikidata.org/entity/Q58635>	30759	395	0	0	0	2	397
<http://www.wikidata.org/entity/Q36928>	<http://www.wikidata.org/entity/Q5146>	3314	466	0	0	0	0	466
<http://www.wikidata.org/entity/Q5146>	<http://www.wikidata.org/entity/Q36928>	176780	350	0	0	0	0	350
<http://www.wikidata.org/entity/Q9237>	<http://www.wikidata.org/entity/Q56356571>	5311	1131	5	7	0	51	1186
<http://www.wikidata.org/entity/Q56356571>	<http://www.wikidata.org/entity/Q9237>	11610	1640	5	8	0	57	1701
<http://www.wikidata.org/entity/Q56475>	<http://www.wikidata.org/entity/Q36928>	1897	185	0	0	0	0	185
<http://www.wikidata.org/entity/Q36928>	<http://www.wikidata.org/entity/Q56475>	3314	296	0	0	0	0	296
<http://www.wikidata.org/entity/Q33284>	<http://www.wikidata.org/entity/Q36236>	1711	18	0	0	0	0	18
<http://www.wikidata.org/entity/Q36236>	<http://www.wikidata.org/entity/Q33284>	12554	33	0	0	0	0	33
<http://www.wikidata.org/entity/Q36236>	<http://www.wikidata.org/entity/Q36790>	12554	854	3	3	0	28	881
<http://www.wikidata.org/entity/Q36790>	<http://www.wikidata.org/entity/Q36236>	17051	2789	1	1	0	74	2863
<http://www.wikidata.org/entity/Q10134>	<http://www.wikidata.org/entity/Q32238>	2146	272	0	0	0	5	277
<http://www.wikidata.org/entity/Q32238>	<http://www.wikidata.org/entity/Q10134>	14153	398	0	0	0	7	403
<http://www.wikidata.org/entity/Q58635>	<http://www.wikidata.org/entity/Q8765>	8319	80	0	0	0	2	82
<http://www.wikidata.org/entity/Q8765>	<http://www.wikidata.org/entity/Q58635>	33758	45	0	0	0	2	47
<http://www.wikidata.org/entity/Q11059>	<http://www.wikidata.org/entity/Q1321>	1928	238	0	0	0	11	249
<http://www.wikidata.org/entity/Q1412>	<http://www.wikidata.org/entity/Q9288>	2495	433	0	4	0	6	439
<http://www.wikidata.org/entity/Q9288>	<http://www.wikidata.org/entity/Q1412>	7451	448	0	4	0	7	455
<http://www.wikidata.org/entity/Q1321>	<http://www.wikidata.org/entity/Q11059>	20953	256	0	0	0	8	264
<http://www.wikidata.org/entity/Q58635>	<http://www.wikidata.org/entity/Q9610>	8319	1076	43	54	3	83	1200
<http://www.wikidata.org/entity/Q9610>	<http://www.wikidata.org/entity/Q58635>	14501	908	40	46	1	67	1012
<http://www.wikidata.org/entity/Q8748>	<http://www.wikidata.org/entity/Q5146>	8162	172	0	1	0	3	175
<http://www.wikidata.org/entity/Q5146>	<http://www.wikidata.org/entity/Q8748>	176780	179	0	2	0	2	181
<http://www.wikidata.org/entity/Q50868>	<http://www.wikidata.org/entity/Q9027>	18852	33	0	0	0	3	36
<http://www.wikidata.org/entity/Q9027>	<http://www.wikidata.org/entity/Q50868>	38988	43	0	0	0	3	46
<http://www.wikidata.org/entity/Q10134>	<http://www.wikidata.org/entity/Q13955>	2146	205	0	2	0	16	223
<http://www.wikidata.org/entity/Q56475>	<http://www.wikidata.org/entity/Q8748>	1897	78	0	0	0	2	80
<http://www.wikidata.org/entity/Q13955>	<http://www.wikidata.org/entity/Q10134>	14706	211	0	1	0	18	230
<http://www.wikidata.org/entity/Q8748>	<http://www.wikidata.org/entity/Q56475>	8162	78	0	0	0	3	81
<http://www.wikidata.org/entity/Q33284>	<http://www.wikidata.org/entity/Q652>	1711	24	0	0	0	0	24
<http://www.wikidata.org/entity/Q33151>	<http://www.wikidata.org/entity/Q1412>	1938	31	0	0	0	0	31
<http://www.wikidata.org/entity/Q1412>	<http://www.wikidata.org/entity/Q33151>	2495	33	0	0	0	0	33
<http://www.wikidata.org/entity/Q652>	<http://www.wikidata.org/entity/Q33284>	26452	25	0	0	0	0	25
<http://www.wikidata.org/entity/Q11059>	<http://www.wikidata.org/entity/Q33151>	1928	35	1	1	0	0	35
<http://www.wikidata.org/entity/Q33151>	<http://www.wikidata.org/entity/Q11059>	1938	23	1	1	0	0	23
<http://www.wikidata.org/entity/Q56356571>	<http://www.wikidata.org/entity/Q25164>	11610	2039	1	3	6	27	2071
<http://www.wikidata.org/entity/Q25164>	<http://www.wikidata.org/entity/Q56356571>	32974	1937	2	3	7	28	1970
<http://www.wikidata.org/entity/Q7411>	<http://www.wikidata.org/entity/Q5146>	2611	443	0	6	26	8	475
<http://www.wikidata.org/entity/Q5146>	<http://www.wikidata.org/entity/Q7411>	176780	464	0	7	24	8	495
<http://www.wikidata.org/entity/Q1412>	<http://www.wikidata.org/entity/Q1321>	2495	312	3	15	1	10	324
<http://www.wikidata.org/entity/Q11059>	<http://www.wikidata.org/entity/Q9288>	1928	317	0	1	0	9	326
<http://www.wikidata.org/entity/Q56475>	<http://www.wikidata.org/entity/Q7411>	1897	171	0	0	1	2	173
<http://www.wikidata.org/entity/Q1321>	<http://www.wikidata.org/entity/Q1412>	20953	363	3	16	2	11	378
<http://www.wikidata.org/entity/Q9288>	<http://www.wikidata.org/entity/Q11059>	7451	278	0	1	0	7	285
<http://www.wikidata.org/entity/Q7411>	<http://www.wikidata.org/entity/Q56475>	2611	176	0	0	4	3	179
<http://www.wikidata.org/entity/Q56356571>	<http://www.wikidata.org/entity/Q25167>	11610	2804	2	5	10	50	2864
<http://www.wikidata.org/entity/Q25167>	<http://www.wikidata.org/entity/Q56356571>	50565	2754	4	6	12	58	2820
<http://www.wikidata.org/entity/Q33151>	<http://www.wikidata.org/entity/Q11051>	1938	32	3	6	0	0	33
<http://www.wikidata.org/entity/Q11051>	<http://www.wikidata.org/entity/Q33151>	3900	64	6	9	0	0	65
<http://www.wikidata.org/entity/Q11051>	<http://www.wikidata.org/entity/Q9288>	3900	701	0	1	0	11	713
<http://www.wikidata.org/entity/Q9288>	<http://www.wikidata.org/entity/Q11051>	7451	546	0	1	0	9	556
<http://www.wikidata.org/entity/Q11051>	<http://www.wikidata.org/entity/Q1321>	3900	576	1	4	3	12	589
<http://www.wikidata.org/entity/Q1321>	<http://www.wikidata.org/entity/Q11051>	20953	524	1	3	3	12	537
<http://www.wikidata.org/entity/Q36790>	<http://www.wikidata.org/entity/Q652>	17051	4709	1	2	0	115	4825
<http://www.wikidata.org/entity/Q652>	<http://www.wikidata.org/entity/Q36790>	26452	1783	1	3	0	58	1843
<http://www.wikidata.org/entity/Q33151>	<http://www.wikidata.org/entity/Q1860>	1938	97	77	77	0	1	119
<http://www.wikidata.org/entity/Q35518>	<http://www.wikidata.org/entity/Q8752>	15737	660	0	1	0	0	660
<http://www.wikidata.org/entity/Q9610>	<http://www.wikidata.org/entity/Q7737>	14501	1010	1	4	1	25	1037
<http://www.wikidata.org/entity/Q8752>	<http://www.wikidata.org/entity/Q35518>	30759	306	0	1	0	0	306
<http://www.wikidata.org/entity/Q7737>	<http://www.wikidata.org/entity/Q9610>	18679	1087	1	5	1	27	1116
<http://www.wikidata.org/entity/Q1860>	<http://www.wikidata.org/entity/Q33151>	59942	165	73	73	0	1	194
<http://www.wikidata.org/entity/Q7737>	<http://www.wikidata.org/entity/Q8765>	18679	107	0	1	0	2	109
<http://www.wikidata.org/entity/Q8765>	<http://www.wikidata.org/entity/Q7737>	33758	58	0	1	0	1	59
<http://www.wikidata.org/entity/Q56356571>	<http://www.wikidata.org/entity/Q36236>	11610	1771	2	6	0	13	1784
<http://www.wikidata.org/entity/Q36236>	<http://www.wikidata.org/entity/Q56356571>	12554	1350	1	5	0	11	1361
<http://www.wikidata.org/entity/Q9288>	<http://www.wikidata.org/entity/Q1860>	7451	4371	29	43	1	46	4431
<http://www.wikidata.org/entity/Q1860>	<http://www.wikidata.org/entity/Q9288>	59942	5251	32	46	1	75	5338
<http://www.wikidata.org/entity/Q1321>	<http://www.wikidata.org/entity/Q1860>	20953	4174	445	481	165	72	4466
<http://www.wikidata.org/entity/Q1860>	<http://www.wikidata.org/entity/Q1321>	59942	4142	404	437	170	106	4469
<http://www.wikidata.org/entity/Q33284>	<http://www.wikidata.org/entity/Q9237>	1711	18	0	1	0	0	18
<http://www.wikidata.org/entity/Q9237>	<http://www.wikidata.org/entity/Q33284>	5311	23	0	1	0	0	23
<http://www.wikidata.org/entity/Q9237>	<http://www.wikidata.org/entity/Q36790>	5311	674	1	2	0	108	782
<http://www.wikidata.org/entity/Q36790>	<http://www.wikidata.org/entity/Q9237>	17051	2581	1	2	0	234	2815
<http://www.wikidata.org/entity/Q1321>	<http://www.wikidata.org/entity/Q150>	20953	3436	147	205	254	51	3732
<http://www.wikidata.org/entity/Q150>	<http://www.wikidata.org/entity/Q1321>	33497	3191	134	172	459	55	3668
<http://www.wikidata.org/entity/Q9288>	<http://www.wikidata.org/entity/Q150>	7451	3122	4	16	3	37	3167
<http://www.wikidata.org/entity/Q150>	<http://www.wikidata.org/entity/Q9288>	33497	3324	4	14	6	43	3376
<http://www.wikidata.org/entity/Q33151>	<http://www.wikidata.org/entity/Q150>	1938	75	10	14	0	0	77
<http://www.wikidata.org/entity/Q150>	<http://www.wikidata.org/entity/Q33151>	33497	103	10	14	0	0	106
<http://www.wikidata.org/entity/Q7737>	<http://www.wikidata.org/entity/Q8752>	18679	1549	1	3	0	2	1550
<http://www.wikidata.org/entity/Q8752>	<http://www.wikidata.org/entity/Q7737>	30759	1210	1	3	0	1	1211
<http://www.wikidata.org/entity/Q9610>	<http://www.wikidata.org/entity/Q35518>	14501	666	0	0	0	94	760
<http://www.wikidata.org/entity/Q35518>	<http://www.wikidata.org/entity/Q9610>	15737	1093	0	0	0	165	1258
<http://www.wikidata.org/entity/Q35518>	<http://www.wikidata.org/entity/Q8765>	15737	29	0	0	0	6	35
<http://www.wikidata.org/entity/Q397>	<http://www.wikidata.org/entity/Q9056>	2705	490	4	14	0	3	497
<http://www.wikidata.org/entity/Q8765>	<http://www.wikidata.org/entity/Q35518>	33758	16	0	0	0	2	18
<http://www.wikidata.org/entity/Q9056>	<http://www.wikidata.org/entity/Q397>	25347	610	6	15	0	3	616
<http://www.wikidata.org/entity/Q33284>	<http://www.wikidata.org/entity/Q25164>	1711	22	0	0	0	0	22
<http://www.wikidata.org/entity/Q25164>	<http://www.wikidata.org/entity/Q33284>	32974	38	0	0	0	0	38
<http://www.wikidata.org/entity/Q36790>	<http://www.wikidata.org/entity/Q25167>	17051	4401	1	1	0	126	4527
<http://www.wikidata.org/entity/Q25167>	<http://www.wikidata.org/entity/Q36790>	50565	2033	4	4	0	85	2118
<http://www.wikidata.org/entity/Q56356571>	<http://www.wikidata.org/entity/Q652>	11610	2882	0	5	7	28	2918
<http://www.wikidata.org/entity/Q652>	<http://www.wikidata.org/entity/Q56356571>	26452	2388	0	4	7	31	2427
<http://www.wikidata.org/entity/Q727694>	<http://www.wikidata.org/entity/Q33578>	4417	403	0	0	0	49	452
<http://www.wikidata.org/entity/Q33578>	<http://www.wikidata.org/entity/Q727694>	5759	390	0	0	0	32	422
<http://www.wikidata.org/entity/Q36790>	<http://www.wikidata.org/entity/Q25164>	17051	3369	1	1	0	87	3456
<http://www.wikidata.org/entity/Q25164>	<http://www.wikidata.org/entity/Q36790>	32974	1344	2	2	0	47	1391
<http://www.wikidata.org/entity/Q33284>	<http://www.wikidata.org/entity/Q25167>	1711	23	0	0	0	0	23
<http://www.wikidata.org/entity/Q25167>	<http://www.wikidata.org/entity/Q33284>	50565	47	0	0	0	0	47
<http://www.wikidata.org/entity/Q36495>	<http://www.wikidata.org/entity/Q33947>	1973	14	0	0	0	2	16
<http://www.wikidata.org/entity/Q33947>	<http://www.wikidata.org/entity/Q36495>	10045	9	0	0	0	1	10
<http://www.wikidata.org/entity/Q33947>	<http://www.wikidata.org/entity/Q9035>	10045	18	1	2	0	1	19
<http://www.wikidata.org/entity/Q9035>	<http://www.wikidata.org/entity/Q33947>	19363	27	1	2	0	1	28
<http://www.wikidata.org/entity/Q56475>	<http://www.wikidata.org/entity/Q33454>	1897	60	0	0	0	3	63
<http://www.wikidata.org/entity/Q33454>	<http://www.wikidata.org/entity/Q56475>	9001	61	0	0	0	3	64
<http://www.wikidata.org/entity/Q33454>	<http://www.wikidata.org/entity/Q5146>	9001	87	0	0	0	2	89
<http://www.wikidata.org/entity/Q727694>	<http://www.wikidata.org/entity/Q32238>	4417	340	0	0	0	5	345
<http://www.wikidata.org/entity/Q5146>	<http://www.wikidata.org/entity/Q33454>	176780	91	0	0	0	2	93
<http://www.wikidata.org/entity/Q397>	<http://www.wikidata.org/entity/Q13349>	2705	9	0	0	0	0	9
<http://www.wikidata.org/entity/Q32238>	<http://www.wikidata.org/entity/Q727694>	14153	347	0	3	0	4	350
<http://www.wikidata.org/entity/Q13349>	<http://www.wikidata.org/entity/Q397>	6804	7	0	0	0	0	7
<http://www.wikidata.org/entity/Q727694>	<http://www.wikidata.org/entity/Q13955>	4417	346	0	11	0	18	366
<http://www.wikidata.org/entity/Q13955>	<http://www.wikidata.org/entity/Q727694>	14706	235	0	4	0	14	250
<http://www.wikidata.org/entity/Q809>	<http://www.wikidata.org/entity/Q58635>	4135	273	0	0	0	1	274
<http://www.wikidata.org/entity/Q58635>	<http://www.wikidata.org/entity/Q809>	8319	471	0	0	0	1	472
<http://www.wikidata.org/entity/Q1412>	<http://www.wikidata.org/entity/Q5287>	2495	512	0	4	0	21	533
<http://www.wikidata.org/entity/Q5287>	<http://www.wikidata.org/entity/Q1412>	34860	862	0	8	0	41	904
<http://www.wikidata.org/entity/Q11059>	<http://www.wikidata.org/entity/Q256>	1928	198	1	1	0	21	220
<http://www.wikidata.org/entity/Q256>	<http://www.wikidata.org/entity/Q11059>	2630	170	1	1	0	20	191
<http://www.wikidata.org/entity/Q33947>	<http://www.wikidata.org/entity/Q9027>	10045	23	0	3	0	1	24
<http://www.wikidata.org/entity/Q9027>	<http://www.wikidata.org/entity/Q33947>	38988	29	0	3	0	1	30
<http://www.wikidata.org/entity/Q1412>	<http://www.wikidata.org/entity/Q256>	2495	208	0	1	0	15	224
<http://www.wikidata.org/entity/Q256>	<http://www.wikidata.org/entity/Q1412>	2630	214	0	1	0	16	231
<http://www.wikidata.org/entity/Q11059>	<http://www.wikidata.org/entity/Q5287>	1928	362	0	0	0	30	392
<http://www.wikidata.org/entity/Q5287>	<http://www.wikidata.org/entity/Q11059>	34860	540	0	0	0	55	595
<http://www.wikidata.org/entity/Q11051>	<http://www.wikidata.org/entity/Q5287>	3900	838	2	11	0	46	886
<http://www.wikidata.org/entity/Q5287>	<http://www.wikidata.org/entity/Q11051>	34860	1069	3	17	0	77	1149
<http://www.wikidata.org/entity/Q397>	<http://www.wikidata.org/entity/Q9072>	2705	521	1	3	0	13	535
<http://www.wikidata.org/entity/Q9072>	<http://www.wikidata.org/entity/Q397>	4943	520	2	4	0	12	534
<http://www.wikidata.org/entity/Q256>	<http://www.wikidata.org/entity/Q11051>	2630	313	6	13	0	26	348
<http://www.wikidata.org/entity/Q11051>	<http://www.wikidata.org/entity/Q256>	3900	410	7	20	0	27	451
<http://www.wikidata.org/entity/Q33947>	<http://www.wikidata.org/entity/Q9056>	10045	15	0	2	0	0	15
<http://www.wikidata.org/entity/Q9056>	<http://www.wikidata.org/entity/Q33947>	25347	25	0	2	0	0	25
<http://www.wikidata.org/entity/Q1412>	<http://www.wikidata.org/entity/Q9237>	2495	385	0	1	0	18	403
<http://www.wikidata.org/entity/Q9237>	<http://www.wikidata.org/entity/Q1412>	5311	440	0	1	0	22	462
<http://www.wikidata.org/entity/Q58635>	<http://www.wikidata.org/entity/Q33454>	8319	213	0	0	0	3	216
<http://www.wikidata.org/entity/Q33454>	<http://www.wikidata.org/entity/Q58635>	9001	94	0	0	0	2	96
<http://www.wikidata.org/entity/Q13955>	<http://www.wikidata.org/entity/Q188>	14706	613	5	13	2	29	645
<http://www.wikidata.org/entity/Q188>	<http://www.wikidata.org/entity/Q13955>	20135	876	6	13	4	44	924
<http://www.wikidata.org/entity/Q11059>	<http://www.wikidata.org/entity/Q9237>	1928	297	2	3	0	30	328
<http://www.wikidata.org/entity/Q9237>	<http://www.wikidata.org/entity/Q11059>	5311	292	2	3	0	29	322
<http://www.wikidata.org/entity/Q652>	<http://www.wikidata.org/entity/Q1860>	26452	11337	737	772	122	150	11872
<http://www.wikidata.org/entity/Q1860>	<http://www.wikidata.org/entity/Q652>	59942	12036	535	568	134	177	12420
<http://www.wikidata.org/entity/Q32238>	<http://www.wikidata.org/entity/Q188>	14153	1208	2	16	0	11	1217
<http://www.wikidata.org/entity/Q5218>	<http://www.wikidata.org/entity/Q7737>	2046	15	0	2	0	0	15
<http://www.wikidata.org/entity/Q188>	<http://www.wikidata.org/entity/Q32238>	20135	1364	1	10	0	16	1382
<http://www.wikidata.org/entity/Q7737>	<http://www.wikidata.org/entity/Q5218>	18679	37	0	4	0	0	37
<http://www.wikidata.org/entity/Q652>	<http://www.wikidata.org/entity/Q150>	26452	7638	102	155	205	77	7938
<http://www.wikidata.org/entity/Q150>	<http://www.wikidata.org/entity/Q652>	33497	7381	106	158	400	77	7874
<http://www.wikidata.org/entity/Q56475>	<http://www.wikidata.org/entity/Q809>	1897	129	0	0	0	0	129
<http://www.wikidata.org/entity/Q809>	<http://www.wikidata.org/entity/Q56475>	4135	141	0	0	0	0	141
<http://www.wikidata.org/entity/Q809>	<http://www.wikidata.org/entity/Q5146>	4135	278	1	8	2	1	280
<http://www.wikidata.org/entity/Q11051>	<http://www.wikidata.org/entity/Q9237>	3900	685	2	11	0	44	730
<http://www.wikidata.org/entity/Q5146>	<http://www.wikidata.org/entity/Q809>	176780	273	1	8	1	1	276
<http://www.wikidata.org/entity/Q9237>	<http://www.wikidata.org/entity/Q11051>	5311	575	1	6	0	40	616
<http://www.wikidata.org/entity/Q11059>	<http://www.wikidata.org/entity/Q25164>	1928	333	0	0	0	13	346
<http://www.wikidata.org/entity/Q25164>	<http://www.wikidata.org/entity/Q11059>	32974	399	0	0	0	12	411
<http://www.wikidata.org/entity/Q36236>	<http://www.wikidata.org/entity/Q1860>	12554	3886	760	774	0	36	4027
<http://www.wikidata.org/entity/Q1860>	<http://www.wikidata.org/entity/Q36236>	59942	4487	693	708	0	57	4648
<http://www.wikidata.org/entity/Q9288>	<http://www.wikidata.org/entity/Q56356571>	7451	1344	1	5	1	17	1364
<http://www.wikidata.org/entity/Q56356571>	<http://www.wikidata.org/entity/Q9288>	11610	1862	1	7	1	22	1888
<http://www.wikidata.org/entity/Q11051>	<http://www.wikidata.org/entity/Q25167>	3900	987	8	9	3	28	1024
<http://www.wikidata.org/entity/Q25167>	<http://www.wikidata.org/entity/Q11051>	50565	1138	3	3	3	42	1183
<http://www.wikidata.org/entity/Q33151>	<http://www.wikidata.org/entity/Q56356571>	1938	53	0	1	0	0	53
<http://www.wikidata.org/entity/Q56356571>	<http://www.wikidata.org/entity/Q33151>	11610	105	0	0	0	0	105
<http://www.wikidata.org/entity/Q1412>	<http://www.wikidata.org/entity/Q25164>	2495	532	4	9	1	11	544
<http://www.wikidata.org/entity/Q25164>	<http://www.wikidata.org/entity/Q1412>	32974	715	4	13	3	15	733
<http://www.wikidata.org/entity/Q56356571>	<http://www.wikidata.org/entity/Q1321>	11610	1490	2	4	9	18	1514
<http://www.wikidata.org/entity/Q1321>	<http://www.wikidata.org/entity/Q56356571>	20953	1205	1	5	9	18	1230
<http://www.wikidata.org/entity/Q5218>	<http://www.wikidata.org/entity/Q35518>	2046	10	0	1	0	0	10
<http://www.wikidata.org/entity/Q35518>	<http://www.wikidata.org/entity/Q5218>	15737	26	0	1	0	0	26
<http://www.wikidata.org/entity/Q1412>	<http://www.wikidata.org/entity/Q25167>	2495	691	2	8	1	16	709
<http://www.wikidata.org/entity/Q25167>	<http://www.wikidata.org/entity/Q1412>	50565	1029	5	17	3	26	1059
<http://www.wikidata.org/entity/Q11051>	<http://www.wikidata.org/entity/Q25164>	3900	789	1	3	3	22	812
<http://www.wikidata.org/entity/Q25164>	<http://www.wikidata.org/entity/Q11051>	32974	801	1	2	3	27	829
<http://www.wikidata.org/entity/Q11059>	<http://www.wikidata.org/entity/Q25167>	1928	414	0	0	0	17	431
<http://www.wikidata.org/entity/Q36236>	<http://www.wikidata.org/entity/Q150>	12554	2990	246	284	0	25	3022
<http://www.wikidata.org/entity/Q150>	<http://www.wikidata.org/entity/Q36236>	33497	3044	252	286	0	31	3078
<http://www.wikidata.org/entity/Q25167>	<http://www.wikidata.org/entity/Q11059>	50565	571	0	0	0	21	592
<http://www.wikidata.org/entity/Q7411>	<http://www.wikidata.org/entity/Q7737>	2611	822	1	5	23	1	842
<http://www.wikidata.org/entity/Q7737>	<http://www.wikidata.org/entity/Q7411>	18679	1160	0	6	26	1	1181
<http://www.wikidata.org/entity/Q397>	<http://www.wikidata.org/entity/Q9027>	2705	1130	1	6	1	12	1144
<http://www.wikidata.org/entity/Q9027>	<http://www.wikidata.org/entity/Q397>	38988	1197	1	5	1	11	1209
<http://www.wikidata.org/entity/Q8748>	<http://www.wikidata.org/entity/Q7737>	8162	241	0	2	2	2	245
<http://www.wikidata.org/entity/Q7737>	<http://www.wikidata.org/entity/Q8748>	18679	381	0	3	2	1	384
<http://www.wikidata.org/entity/Q36928>	<http://www.wikidata.org/entity/Q35518>	3314	915	0	0	0	0	915
<http://www.wikidata.org/entity/Q35518>	<http://www.wikidata.org/entity/Q36928>	15737	1929	0	0	0	0	1929
<http://www.wikidata.org/entity/Q9072>	<http://www.wikidata.org/entity/Q33947>	4943	17	0	1	0	1	18
<http://www.wikidata.org/entity/Q33947>	<http://www.wikidata.org/entity/Q9072>	10045	14	0	1	0	1	15
<http://www.wikidata.org/entity/Q397>	<http://www.wikidata.org/entity/Q9035>	2705	843	3	14	0	11	859
<http://www.wikidata.org/entity/Q9035>	<http://www.wikidata.org/entity/Q397>	19363	828	3	11	0	10	842
<http://www.wikidata.org/entity/Q7411>	<http://www.wikidata.org/entity/Q35518>	2611	256	0	0	0	10	265
<http://www.wikidata.org/entity/Q36495>	<http://www.wikidata.org/entity/Q397>	1973	313	0	8	0	6	320
<http://www.wikidata.org/entity/Q35518>	<http://www.wikidata.org/entity/Q7411>	15737	580	0	0	0	28	608
<http://www.wikidata.org/entity/Q397>	<http://www.wikidata.org/entity/Q36495>	2705	250	0	8	0	6	256
<http://www.wikidata.org/entity/Q33284>	<http://www.wikidata.org/entity/Q256>	1711	11	0	0	0	0	11
<http://www.wikidata.org/entity/Q256>	<http://www.wikidata.org/entity/Q33284>	2630	15	0	0	0	0	15
<http://www.wikidata.org/entity/Q8748>	<http://www.wikidata.org/entity/Q35518>	8162	148	0	0	0	4	152
<http://www.wikidata.org/entity/Q35518>	<http://www.wikidata.org/entity/Q8748>	15737	383	0	0	0	8	391
<http://www.wikidata.org/entity/Q13349>	<http://www.wikidata.org/entity/Q33947>	6804	3	0	0	0	0	3
<http://www.wikidata.org/entity/Q33947>	<http://www.wikidata.org/entity/Q13349>	10045	3	0	0	0	0	3
<http://www.wikidata.org/entity/Q36928>	<http://www.wikidata.org/entity/Q7737>	3314	734	0	0	0	0	734
<http://www.wikidata.org/entity/Q7737>	<http://www.wikidata.org/entity/Q36928>	18679	814	0	0	0	0	814
<http://www.wikidata.org/entity/Q33284>	<http://www.wikidata.org/entity/Q5287>	1711	24	0	0	0	0	24
<http://www.wikidata.org/entity/Q5287>	<http://www.wikidata.org/entity/Q33284>	34860	48	0	0	0	0	48
<http://www.wikidata.org/entity/Q33578>	<http://www.wikidata.org/entity/Q188>	5759	1288	1	2	0	83	1368
<http://www.wikidata.org/entity/Q188>	<http://www.wikidata.org/entity/Q33578>	20135	1610	1	3	0	95	1704
<http://www.wikidata.org/entity/Q36790>	<http://www.wikidata.org/entity/Q5287>	17051	3496	2	2	0	301	3797
<http://www.wikidata.org/entity/Q5287>	<http://www.wikidata.org/entity/Q36790>	34860	1516	5	5	0	211	1727
<http://www.wikidata.org/entity/Q256>	<http://www.wikidata.org/entity/Q36790>	2630	374	0	0	0	95	469
<http://www.wikidata.org/entity/Q36790>	<http://www.wikidata.org/entity/Q256>	17051	1575	0	0	0	212	1787
<http://www.wikidata.org/entity/Q5218>	<http://www.wikidata.org/entity/Q9035>	2046	14	0	1	0	0	15
<http://www.wikidata.org/entity/Q9035>	<http://www.wikidata.org/entity/Q5218>	19363	25	0	1	0	0	26
<http://www.wikidata.org/entity/Q36495>	<http://www.wikidata.org/entity/Q5218>	1973	12	0	5	0	0	13
<http://www.wikidata.org/entity/Q5218>	<http://www.wikidata.org/entity/Q36495>	2046	7	0	3	0	0	7
<http://www.wikidata.org/entity/Q36236>	<http://www.wikidata.org/entity/Q188>	12554	2733	13	69	0	26	2764
<http://www.wikidata.org/entity/Q188>	<http://www.wikidata.org/entity/Q36236>	20135	3307	15	61	0	36	3346
<http://www.wikidata.org/entity/Q13349>	<http://www.wikidata.org/entity/Q8752>	6804	5	0	0	0	0	5
<http://www.wikidata.org/entity/Q8752>	<http://www.wikidata.org/entity/Q13349>	30759	9	0	0	0	0	9
<http://www.wikidata.org/entity/Q56475>	<http://www.wikidata.org/entity/Q9168>	1897	14	0	0	0	6	20
<http://www.wikidata.org/entity/Q9168>	<http://www.wikidata.org/entity/Q56475>	18925	13	0	0	0	9	22
<http://www.wikidata.org/entity/Q9168>	<http://www.wikidata.org/entity/Q5146>	18925	66	0	0	0	13	79
<http://www.wikidata.org/entity/Q5146>	<http://www.wikidata.org/entity/Q9168>	176780	67	0	0	0	15	82
<http://www.wikidata.org/entity/Q9072>	<http://www.wikidata.org/entity/Q8765>	4943	61	0	0	0	2	63
<http://www.wikidata.org/entity/Q8765>	<http://www.wikidata.org/entity/Q9072>	33758	50	0	0	0	2	52
<http://www.wikidata.org/entity/Q9072>	<http://www.wikidata.org/entity/Q9610>	4943	507	0	0	0	20	527
<http://www.wikidata.org/entity/Q9610>	<http://www.wikidata.org/entity/Q9072>	14501	761	0	0	0	26	787
<http://www.wikidata.org/entity/Q12107>	<http://www.wikidata.org/entity/Q5146>	5780	1072	0	4	5	39	1116
<http://www.wikidata.org/entity/Q5146>	<http://www.wikidata.org/entity/Q12107>	176780	851	0	5	2	41	894
<http://www.wikidata.org/entity/Q56475>	<http://www.wikidata.org/entity/Q12107>	1897	350	0	0	0	22	372
<http://www.wikidata.org/entity/Q12107>	<http://www.wikidata.org/entity/Q56475>	5780	477	0	0	0	26	503
<http://www.wikidata.org/entity/Q13349>	<http://www.wikidata.org/entity/Q8765>	6804	3	0	0	0	0	3
<http://www.wikidata.org/entity/Q8765>	<http://www.wikidata.org/entity/Q13349>	33758	3	0	0	0	0	3
<http://www.wikidata.org/entity/Q5218>	<http://www.wikidata.org/entity/Q9027>	2046	14	0	0	0	0	14
<http://www.wikidata.org/entity/Q13349>	<http://www.wikidata.org/entity/Q9610>	6804	5	0	0	0	0	5
<http://www.wikidata.org/entity/Q9610>	<http://www.wikidata.org/entity/Q13349>	14501	11	0	0	0	0	11
<http://www.wikidata.org/entity/Q9027>	<http://www.wikidata.org/entity/Q5218>	38988	24	0	1	0	0	25
<http://www.wikidata.org/entity/Q9176>	<http://www.wikidata.org/entity/Q5146>	1593	219	0	2	0	17	237
<http://www.wikidata.org/entity/Q5146>	<http://www.wikidata.org/entity/Q9176>	176780	211	0	2	0	15	227
<http://www.wikidata.org/entity/Q9176>	<http://www.wikidata.org/entity/Q56475>	1593	107	0	0	0	21	128
<http://www.wikidata.org/entity/Q56475>	<http://www.wikidata.org/entity/Q9176>	1897	96	0	0	0	21	117
<http://www.wikidata.org/entity/Q188>	<http://www.wikidata.org/entity/Q652>	20135	7174	139	170	252	80	7520
<http://www.wikidata.org/entity/Q652>	<http://www.wikidata.org/entity/Q188>	26452	6358	135	168	123	63	6554
<http://www.wikidata.org/entity/Q32238>	<http://www.wikidata.org/entity/Q1860>	14153	1600	134	141	0	14	1645
<http://www.wikidata.org/entity/Q1860>	<http://www.wikidata.org/entity/Q32238>	59942	1832	33	38	0	22	1868
<http://www.wikidata.org/entity/Q13955>	<http://www.wikidata.org/entity/Q1860>	14706	836	45	49	1	56	911
<http://www.wikidata.org/entity/Q1860>	<http://www.wikidata.org/entity/Q13955>	59942	1149	49	56	1	89	1259
<http://www.wikidata.org/entity/Q13955>	<http://www.wikidata.org/entity/Q150>	14706	622	9	14	2	31	656
<http://www.wikidata.org/entity/Q150>	<http://www.wikidata.org/entity/Q13955>	33497	714	9	16	3	37	756
<http://www.wikidata.org/entity/Q32238>	<http://www.wikidata.org/entity/Q150>	14153	1272	5	19	0	14	1284
<http://www.wikidata.org/entity/Q150>	<http://www.wikidata.org/entity/Q32238>	33497	1120	3	10	0	17	1139
<http://www.wikidata.org/entity/Q9072>	<http://www.wikidata.org/entity/Q8752>	4943	526	0	2	0	1	527
<http://www.wikidata.org/entity/Q8752>	<http://www.wikidata.org/entity/Q9072>	30759	504	0	2	0	1	505
<http://www.wikidata.org/entity/Q36928>	<http://www.wikidata.org/entity/Q9027>	3314	768	0	0	0	0	768
<http://www.wikidata.org/entity/Q9027>	<http://www.wikidata.org/entity/Q36928>	38988	620	0	0	0	0	620
<http://www.wikidata.org/entity/Q36495>	<http://www.wikidata.org/entity/Q8748>	1973	98	0	0	0	0	98
<http://www.wikidata.org/entity/Q8748>	<http://www.wikidata.org/entity/Q36495>	8162	73	0	0	0	0	73
<http://www.wikidata.org/entity/Q10134>	<http://www.wikidata.org/entity/Q256>	2146	277	0	2	0	38	316
<http://www.wikidata.org/entity/Q256>	<http://www.wikidata.org/entity/Q10134>	2630	294	0	3	0	39	335
<http://www.wikidata.org/entity/Q8748>	<http://www.wikidata.org/entity/Q9035>	8162	229	0	2	4	2	233
<http://www.wikidata.org/entity/Q9035>	<http://www.wikidata.org/entity/Q8748>	19363	251	0	2	2	2	254
<http://www.wikidata.org/entity/Q33578>	<http://www.wikidata.org/entity/Q1860>	5759	1612	18	22	0	141	1763
<http://www.wikidata.org/entity/Q1860>	<http://www.wikidata.org/entity/Q33578>	59942	1955	20	26	0	187	2155
<http://www.wikidata.org/entity/Q9610>	<http://www.wikidata.org/entity/Q9056>	14501	723	2	7	2	14	741
<http://www.wikidata.org/entity/Q7411>	<http://www.wikidata.org/entity/Q9035>	2611	791	8	13	132	5	926
<http://www.wikidata.org/entity/Q9056>	<http://www.wikidata.org/entity/Q9610>	25347	588	2	7	4	8	600
<http://www.wikidata.org/entity/Q9035>	<http://www.wikidata.org/entity/Q7411>	19363	857	8	15	132	4	990
<http://www.wikidata.org/entity/Q10134>	<http://www.wikidata.org/entity/Q5287>	2146	738	0	10	2	68	811
<http://www.wikidata.org/entity/Q9056>	<http://www.wikidata.org/entity/Q8765>	25347	31	1	2	0	0	32
<http://www.wikidata.org/entity/Q8765>	<http://www.wikidata.org/entity/Q9056>	33758	30	1	2	0	0	31
<http://www.wikidata.org/entity/Q397>	<http://www.wikidata.org/entity/Q35518>	2705	612	0	1	0	15	627
<http://www.wikidata.org/entity/Q35518>	<http://www.wikidata.org/entity/Q397>	15737	1507	0	1	0	38	1545
<http://www.wikidata.org/entity/Q36495>	<http://www.wikidata.org/entity/Q7411>	1973	272	0	1	0	1	273
<http://www.wikidata.org/entity/Q5287>	<http://www.wikidata.org/entity/Q10134>	34860	1168	0	10	2	115	1288
<http://www.wikidata.org/entity/Q7411>	<http://www.wikidata.org/entity/Q36495>	2611	207	0	1	0	1	208
<http://www.wikidata.org/entity/Q33578>	<http://www.wikidata.org/entity/Q150>	5759	1281	0	1	0	81	1359
<http://www.wikidata.org/entity/Q150>	<http://www.wikidata.org/entity/Q33578>	33497	1200	0	1	0	83	1282
<http://www.wikidata.org/entity/Q50868>	<http://www.wikidata.org/entity/Q5146>	18852	25	0	0	0	0	25
<http://www.wikidata.org/entity/Q5146>	<http://www.wikidata.org/entity/Q50868>	176780	34	0	0	0	0	34
<http://www.wikidata.org/entity/Q8748>	<http://www.wikidata.org/entity/Q9027>	8162	266	0	1	4	4	272
<http://www.wikidata.org/entity/Q56475>	<http://www.wikidata.org/entity/Q50868>	1897	13	0	0	0	1	14
<http://www.wikidata.org/entity/Q9027>	<http://www.wikidata.org/entity/Q8748>	38988	327	0	1	2	3	331
<http://www.wikidata.org/entity/Q50868>	<http://www.wikidata.org/entity/Q56475>	18852	13	0	0	0	1	14
<http://www.wikidata.org/entity/Q33151>	<http://www.wikidata.org/entity/Q727694>	1938	22	1	4	0	0	22
<http://www.wikidata.org/entity/Q727694>	<http://www.wikidata.org/entity/Q33151>	4417	46	1	7	0	0	46
<http://www.wikidata.org/entity/Q36928>	<http://www.wikidata.org/entity/Q9035>	3314	668	0	0	0	0	668
<http://www.wikidata.org/entity/Q9035>	<http://www.wikidata.org/entity/Q36928>	19363	512	0	0	0	0	512
<http://www.wikidata.org/entity/Q36495>	<http://www.wikidata.org/entity/Q36928>	1973	174	0	0	0	0	174
<http://www.wikidata.org/entity/Q36928>	<http://www.wikidata.org/entity/Q36495>	3314	192	0	0	0	0	192
<http://www.wikidata.org/entity/Q727694>	<http://www.wikidata.org/entity/Q9288>	4417	667	0	10	0	18	685
<http://www.wikidata.org/entity/Q9288>	<http://www.wikidata.org/entity/Q727694>	7451	549	0	5	0	14	563
<http://www.wikidata.org/entity/Q727694>	<http://www.wikidata.org/entity/Q1321>	4417	619	25	52	0	26	660
<http://www.wikidata.org/entity/Q1321>	<http://www.wikidata.org/entity/Q727694>	20953	584	20	38	0	19	614
<http://www.wikidata.org/entity/Q7411>	<http://www.wikidata.org/entity/Q9027>	2611	943	2	8	208	6	1146
<http://www.wikidata.org/entity/Q9027>	<http://www.wikidata.org/entity/Q7411>	38988	1051	2	7	300	8	1354
<http://www.wikidata.org/entity/Q9056>	<http://www.wikidata.org/entity/Q8752>	25347	588	7	12	0	0	588
<http://www.wikidata.org/entity/Q8752>	<http://www.wikidata.org/entity/Q9056>	30759	491	6	12	0	0	492
<http://www.wikidata.org/entity/Q397>	<http://www.wikidata.org/entity/Q7737>	2705	1076	2	10	0	5	1082
<http://www.wikidata.org/entity/Q7737>	<http://www.wikidata.org/entity/Q397>	18679	1470	2	13	0	7	1477
<http://www.wikidata.org/entity/Q10134>	<http://www.wikidata.org/entity/Q25164>	2146	672	0	0	1	26	699
<http://www.wikidata.org/entity/Q25164>	<http://www.wikidata.org/entity/Q10134>	32974	902	0	0	1	40	943
<http://www.wikidata.org/entity/Q8748>	<http://www.wikidata.org/entity/Q9056>	8162	144	0	2	2	3	149
<http://www.wikidata.org/entity/Q9056>	<http://www.wikidata.org/entity/Q8748>	25347	218	0	2	2	2	222
<http://www.wikidata.org/entity/Q8752>	<http://www.wikidata.org/entity/Q9027>	30759	1359	1	3	0	1	1360
<http://www.wikidata.org/entity/Q9027>	<http://www.wikidata.org/entity/Q8752>	38988	1461	1	3	0	1	1462
<http://www.wikidata.org/entity/Q56356571>	<http://www.wikidata.org/entity/Q13955>	11610	864	29	29	0	13	900
<http://www.wikidata.org/entity/Q13955>	<http://www.wikidata.org/entity/Q56356571>	14706	514	29	29	0	11	548
<http://www.wikidata.org/entity/Q9035>	<http://www.wikidata.org/entity/Q8765>	19363	61	0	2	0	2	63
<http://www.wikidata.org/entity/Q8765>	<http://www.wikidata.org/entity/Q9035>	33758	57	0	2	0	2	59
<http://www.wikidata.org/entity/Q36495>	<http://www.wikidata.org/entity/Q9610>	1973	304	0	2	0	18	323
<http://www.wikidata.org/entity/Q56356571>	<http://www.wikidata.org/entity/Q32238>	11610	793	0	0	0	8	801
<http://www.wikidata.org/entity/Q32238>	<http://www.wikidata.org/entity/Q56356571>	14153	720	0	1	0	8	725
<http://www.wikidata.org/entity/Q9610>	<http://www.wikidata.org/entity/Q36495>	14501	463	0	5	0	17	481
<http://www.wikidata.org/entity/Q36495>	<http://www.wikidata.org/entity/Q8765>	1973	41	0	0	0	3	44
<http://www.wikidata.org/entity/Q7411>	<http://www.wikidata.org/entity/Q9056>	2611	399	5	12	25	1	418
<http://www.wikidata.org/entity/Q9610>	<http://www.wikidata.org/entity/Q9035>	14501	1030	0	8	6	34	1072
<http://www.wikidata.org/entity/Q9035>	<http://www.wikidata.org/entity/Q9610>	19363	818	0	11	7	39	867
<http://www.wikidata.org/entity/Q9056>	<http://www.wikidata.org/entity/Q7411>	25347	496	5	12	34	1	524
<http://www.wikidata.org/entity/Q8765>	<http://www.wikidata.org/entity/Q36495>	33758	29	0	0	0	2	31
<http://www.wikidata.org/entity/Q5218>	<http://www.wikidata.org/entity/Q9072>	2046	9	0	1	0	0	10
<http://www.wikidata.org/entity/Q9072>	<http://www.wikidata.org/entity/Q5218>	4943	12	0	1	0	0	13
<http://www.wikidata.org/entity/Q10134>	<http://www.wikidata.org/entity/Q25167>	2146	839	0	2	2	35	876
<http://www.wikidata.org/entity/Q25167>	<http://www.wikidata.org/entity/Q10134>	50565	1256	0	2	2	59	1317
<http://www.wikidata.org/entity/Q9288>	<http://www.wikidata.org/entity/Q188>	7451	2945	6	16	3	33	2985
<http://www.wikidata.org/entity/Q188>	<http://www.wikidata.org/entity/Q9288>	20135	3771	6	16	8	46	3829
<http://www.wikidata.org/entity/Q33151>	<http://www.wikidata.org/entity/Q188>	1938	87	11	17	0	0	90
<http://www.wikidata.org/entity/Q188>	<http://www.wikidata.org/entity/Q33151>	20135	140	10	13	0	0	145
<http://www.wikidata.org/entity/Q36928>	<http://www.wikidata.org/entity/Q9056>	3314	331	0	0	0	0	331
<http://www.wikidata.org/entity/Q9056>	<http://www.wikidata.org/entity/Q36928>	25347	360	0	0	0	0	360
<http://www.wikidata.org/entity/Q9610>	<http://www.wikidata.org/entity/Q9027>	14501	1153	2	11	6	85	1248
<http://www.wikidata.org/entity/Q9027>	<http://www.wikidata.org/entity/Q9610>	38988	906	2	8	13	84	1004
<http://www.wikidata.org/entity/Q5218>	<http://www.wikidata.org/entity/Q13349>	2046	2	0	0	0	0	2
<http://www.wikidata.org/entity/Q13349>	<http://www.wikidata.org/entity/Q5218>	6804	2	0	0	0	0	2
<http://www.wikidata.org/entity/Q8765>	<http://www.wikidata.org/entity/Q9027>	33758	54	0	0	0	2	56
<http://www.wikidata.org/entity/Q9027>	<http://www.wikidata.org/entity/Q8765>	38988	59	0	0	0	2	61
<http://www.wikidata.org/entity/Q10134>	<http://www.wikidata.org/entity/Q9237>	2146	506	1	4	0	43	551
<http://www.wikidata.org/entity/Q9237>	<http://www.wikidata.org/entity/Q10134>	5311	567	1	5	0	46	615
<http://www.wikidata.org/entity/Q188>	<http://www.wikidata.org/entity/Q1321>	20135	3558	71	123	287	75	3909
<http://www.wikidata.org/entity/Q1321>	<http://www.wikidata.org/entity/Q188>	20953	3030	70	131	156	53	3213
<http://www.wikidata.org/entity/Q36495>	<http://www.wikidata.org/entity/Q8752>	1973	308	0	3	0	1	309
<http://www.wikidata.org/entity/Q8752>	<http://www.wikidata.org/entity/Q36495>	30759	268	0	1	0	1	269
<http://www.wikidata.org/entity/Q58635>	<http://www.wikidata.org/entity/Q50868>	8319	63	0	0	0	2	65
<http://www.wikidata.org/entity/Q50868>	<http://www.wikidata.org/entity/Q58635>	18852	29	0	0	0	2	31
<http://www.wikidata.org/entity/Q9035>	<http://www.wikidata.org/entity/Q8752>	19363	1041	1	7	0	1	1043
<http://www.wikidata.org/entity/Q8752>	<http://www.wikidata.org/entity/Q9035>	30759	994	1	7	0	1	996
<http://www.wikidata.org/entity/Q727694>	<http://www.wikidata.org/entity/Q36236>	4417	673	11	54	0	17	700
<http://www.wikidata.org/entity/Q36236>	<http://www.wikidata.org/entity/Q727694>	12554	637	4	41	0	12	654
<http://www.wikidata.org/entity/Q5218>	<http://www.wikidata.org/entity/Q9056>	2046	13	0	2	0	0	13
<http://www.wikidata.org/entity/Q9056>	<http://www.wikidata.org/entity/Q5218>	25347	35	0	2	0	0	35
<http://www.wikidata.org/entity/Q58635>	<http://www.wikidata.org/entity/Q9168>	8319	76	1	1	0	18	95
<http://www.wikidata.org/entity/Q9168>	<http://www.wikidata.org/entity/Q58635>	18925	52	1	1	0	17	70
<http://www.wikidata.org/entity/Q36928>	<http://www.wikidata.org/entity/Q13349>	3314	5	0	0	0	0	5
<http://www.wikidata.org/entity/Q13349>	<http://www.wikidata.org/entity/Q36928>	6804	4	0	0	0	0	4
<http://www.wikidata.org/entity/Q33947>	<http://www.wikidata.org/entity/Q7737>	10045	19	0	2	0	0	19
<http://www.wikidata.org/entity/Q7737>	<http://www.wikidata.org/entity/Q33947>	18679	27	0	3	0	0	27
<http://www.wikidata.org/entity/Q7411>	<http://www.wikidata.org/entity/Q9072>	2611	458	1	1	3	2	462
<http://www.wikidata.org/entity/Q9072>	<http://www.wikidata.org/entity/Q7411>	4943	500	1	1	1	2	503
<http://www.wikidata.org/entity/Q9072>	<http://www.wikidata.org/entity/Q8748>	4943	203	0	1	1	1	205
<http://www.wikidata.org/entity/Q8748>	<http://www.wikidata.org/entity/Q9072>	8162	185	0	1	2	1	188
<http://www.wikidata.org/entity/Q7411>	<http://www.wikidata.org/entity/Q13349>	2611	6	0	0	0	0	6
<http://www.wikidata.org/entity/Q13349>	<http://www.wikidata.org/entity/Q7411>	6804	6	0	0	0	0	6
<http://www.wikidata.org/entity/Q9176>	<http://www.wikidata.org/entity/Q58635>	1593	214	0	0	0	22	236
<http://www.wikidata.org/entity/Q58635>	<http://www.wikidata.org/entity/Q9176>	8319	338	0	0	0	31	369
<http://www.wikidata.org/entity/Q727694>	<http://www.wikidata.org/entity/Q652>	4417	980	11	41	0	46	1035
<http://www.wikidata.org/entity/Q652>	<http://www.wikidata.org/entity/Q727694>	26452	919	8	23	0	35	960
<http://www.wikidata.org/entity/Q33947>	<http://www.wikidata.org/entity/Q35518>	10045	13	0	0	0	1	14
<http://www.wikidata.org/entity/Q35518>	<http://www.wikidata.org/entity/Q33947>	15737	22	0	0	0	3	25
<http://www.wikidata.org/entity/Q12107>	<http://www.wikidata.org/entity/Q58635>	5780	1251	0	0	0	47	1298
<http://www.wikidata.org/entity/Q13349>	<http://www.wikidata.org/entity/Q8748>	6804	4	0	0	0	0	4
<http://www.wikidata.org/entity/Q8748>	<http://www.wikidata.org/entity/Q13349>	8162	4	0	0	0	0	4
<http://www.wikidata.org/entity/Q58635>	<http://www.wikidata.org/entity/Q12107>	8319	1657	0	0	0	67	1724
<http://www.wikidata.org/entity/Q33578>	<http://www.wikidata.org/entity/Q56356571>	5759	772	0	1	0	30	802
<http://www.wikidata.org/entity/Q56356571>	<http://www.wikidata.org/entity/Q33578>	11610	986	0	2	0	30	1016
<http://www.wikidata.org/entity/Q36928>	<http://www.wikidata.org/entity/Q9072>	3314	470	0	0	0	0	470
<http://www.wikidata.org/entity/Q9072>	<http://www.wikidata.org/entity/Q36928>	4943	348	0	0	0	0	348
<http://www.wikidata.org/entity/Q727694>	<http://www.wikidata.org/entity/Q9237>	4417	619	24	45	0	71	702
<http://www.wikidata.org/entity/Q9237>	<http://www.wikidata.org/entity/Q727694>	5311	523	9	21	0	50	577
<http://www.wikidata.org/entity/Q9176>	<http://www.wikidata.org/entity/Q7737>	1593	356	1	4	0	11	367
<http://www.wikidata.org/entity/Q7737>	<http://www.wikidata.org/entity/Q9176>	18679	487	1	4	0	10	497
<http://www.wikidata.org/entity/Q35518>	<http://www.wikidata.org/entity/Q9168>	15737	105	0	0	0	29	134
<http://www.wikidata.org/entity/Q9168>	<http://www.wikidata.org/entity/Q35518>	18925	50	0	0	0	18	68
<http://www.wikidata.org/entity/Q12107>	<http://www.wikidata.org/entity/Q7737>	5780	2065	16	19	11	22	2094
<http://www.wikidata.org/entity/Q7737>	<http://www.wikidata.org/entity/Q12107>	18679	2483	10	15	13	33	2522
<http://www.wikidata.org/entity/Q809>	<http://www.wikidata.org/entity/Q9027>	4135	744	7	16	2	1	748
<http://www.wikidata.org/entity/Q9027>	<http://www.wikidata.org/entity/Q809>	38988	793	4	10	2	1	797
<http://www.wikidata.org/entity/Q33284>	<http://www.wikidata.org/entity/Q33578>	1711	18	0	0	0	0	18
<http://www.wikidata.org/entity/Q33578>	<http://www.wikidata.org/entity/Q33284>	5759	32	0	0	0	0	32
<http://www.wikidata.org/entity/Q188>	<http://www.wikidata.org/entity/Q5287>	20135	4892	128	147	27	275	5222
<http://www.wikidata.org/entity/Q5287>	<http://www.wikidata.org/entity/Q188>	34860	4600	154	174	10	278	4922
<http://www.wikidata.org/entity/Q9176>	<http://www.wikidata.org/entity/Q35518>	1593	122	0	1	0	29	151
<http://www.wikidata.org/entity/Q35518>	<http://www.wikidata.org/entity/Q9176>	15737	229	0	1	0	68	297
<http://www.wikidata.org/entity/Q7737>	<http://www.wikidata.org/entity/Q9168>	18679	401	1	1	0	10	411
<http://www.wikidata.org/entity/Q9168>	<http://www.wikidata.org/entity/Q7737>	18925	357	1	1	0	11	368
<http://www.wikidata.org/entity/Q727694>	<http://www.wikidata.org/entity/Q25164>	4417	740	8	16	0	32	778
<http://www.wikidata.org/entity/Q33454>	<http://www.wikidata.org/entity/Q9056>	9001	66	0	0	0	0	66
<http://www.wikidata.org/entity/Q9056>	<http://www.wikidata.org/entity/Q33454>	25347	130	0	0	0	0	130
<http://www.wikidata.org/entity/Q25164>	<http://www.wikidata.org/entity/Q727694>	32974	747	8	12	0	26	779
<http://www.wikidata.org/entity/Q256>	<http://www.wikidata.org/entity/Q188>	2630	785	5	12	1	92	878
<http://www.wikidata.org/entity/Q188>	<http://www.wikidata.org/entity/Q256>	20135	1176	8	17	1	119	1301
<http://www.wikidata.org/entity/Q12107>	<http://www.wikidata.org/entity/Q35518>	5780	1131	0	0	0	54	1185
<http://www.wikidata.org/entity/Q35518>	<http://www.wikidata.org/entity/Q12107>	15737	2109	0	0	0	111	2220
<http://www.wikidata.org/entity/Q58635>	<http://www.wikidata.org/entity/Q33947>	8319	31	0	0	0	1	32
<http://www.wikidata.org/entity/Q33947>	<http://www.wikidata.org/entity/Q58635>	10045	16	0	0	0	1	17
<http://www.wikidata.org/entity/Q809>	<http://www.wikidata.org/entity/Q9035>	4135	598	10	31	0	1	601
<http://www.wikidata.org/entity/Q9035>	<http://www.wikidata.org/entity/Q809>	19363	649	6	24	0	1	652
<http://www.wikidata.org/entity/Q36495>	<http://www.wikidata.org/entity/Q809>	1973	186	0	4	0	0	187
<http://www.wikidata.org/entity/Q809>	<http://www.wikidata.org/entity/Q36495>	4135	136	0	3	0	0	137
<http://www.wikidata.org/entity/Q727694>	<http://www.wikidata.org/entity/Q25167>	4417	925	6	16	0	42	973
<http://www.wikidata.org/entity/Q25167>	<http://www.wikidata.org/entity/Q727694>	50565	1069	8	15	0	40	1117
<http://www.wikidata.org/entity/Q33578>	<http://www.wikidata.org/entity/Q36790>	5759	752	0	0	0	70	822
<http://www.wikidata.org/entity/Q36790>	<http://www.wikidata.org/entity/Q33578>	17051	2617	0	0	0	139	2756
<http://www.wikidata.org/entity/Q33284>	<http://www.wikidata.org/entity/Q32238>	1711	20	0	0	0	0	20
<http://www.wikidata.org/entity/Q56475>	<http://www.wikidata.org/entity/Q397>	1897	215	0	0	0	11	226
<http://www.wikidata.org/entity/Q397>	<http://www.wikidata.org/entity/Q56475>	2705	243	0	0	0	10	253
<http://www.wikidata.org/entity/Q32238>	<http://www.wikidata.org/entity/Q33284>	14153	35	0	0	0	0	35
<http://www.wikidata.org/entity/Q397>	<http://www.wikidata.org/entity/Q5146>	2705	532	7	18	1	15	551
<http://www.wikidata.org/entity/Q13349>	<http://www.wikidata.org/entity/Q33454>	6804	3	0	0	0	0	3
<http://www.wikidata.org/entity/Q33454>	<http://www.wikidata.org/entity/Q13349>	9001	3	0	0	0	0	3
<http://www.wikidata.org/entity/Q5146>	<http://www.wikidata.org/entity/Q397>	176780	506	7	16	1	17	526
<http://www.wikidata.org/entity/Q10134>	<http://www.wikidata.org/entity/Q652>	2146	856	0	3	2	23	883
<http://www.wikidata.org/entity/Q652>	<http://www.wikidata.org/entity/Q10134>	26452	997	0	2	2	31	1031
<http://www.wikidata.org/entity/Q33284>	<http://www.wikidata.org/entity/Q13955>	1711	11	0	0	0	0	11
<http://www.wikidata.org/entity/Q13955>	<http://www.wikidata.org/entity/Q33284>	14706	12	0	0	0	0	12
<http://www.wikidata.org/entity/Q7737>	<http://www.wikidata.org/entity/Q50868>	18679	81	0	0	0	1	82
<http://www.wikidata.org/entity/Q50868>	<http://www.wikidata.org/entity/Q7737>	18852	35	0	0	0	1	36
<http://www.wikidata.org/entity/Q32238>	<http://www.wikidata.org/entity/Q36790>	14153	788	1	1	0	15	800
<http://www.wikidata.org/entity/Q36790>	<http://www.wikidata.org/entity/Q32238>	17051	2479	1	1	0	29	2508
<http://www.wikidata.org/entity/Q13955>	<http://www.wikidata.org/entity/Q36790>	14706	296	1	2	0	30	326
<http://www.wikidata.org/entity/Q36790>	<http://www.wikidata.org/entity/Q13955>	17051	918	1	2	0	85	1003
<http://www.wikidata.org/entity/Q10134>	<http://www.wikidata.org/entity/Q36236>	2146	511	1	3	0	9	521
<http://www.wikidata.org/entity/Q36236>	<http://www.wikidata.org/entity/Q10134>	12554	641	1	2	0	10	651
<http://www.wikidata.org/entity/Q35518>	<http://www.wikidata.org/entity/Q50868>	15737	171	1	1	0	9	180
<http://www.wikidata.org/entity/Q50868>	<http://www.wikidata.org/entity/Q35518>	18852	39	1	1	0	5	44
<http://www.wikidata.org/entity/Q9072>	<http://www.wikidata.org/entity/Q33454>	4943	95	0	0	0	2	97
<http://www.wikidata.org/entity/Q33454>	<http://www.wikidata.org/entity/Q9072>	9001	85	0	0	0	2	87
<http://www.wikidata.org/entity/Q397>	<http://www.wikidata.org/entity/Q58635>	2705	533	1	3	0	9	545
<http://www.wikidata.org/entity/Q58635>	<http://www.wikidata.org/entity/Q397>	8319	843	1	5	0	13	861
<http://www.wikidata.org/entity/Q809>	<http://www.wikidata.org/entity/Q13349>	4135	4	0	0	0	0	4
<http://www.wikidata.org/entity/Q13349>	<http://www.wikidata.org/entity/Q809>	6804	3	0	0	0	0	3
<http://www.wikidata.org/entity/Q11059>	<http://www.wikidata.org/entity/Q33578>	1928	247	0	0	0	15	262
<http://www.wikidata.org/entity/Q33578>	<http://www.wikidata.org/entity/Q11059>	5759	275	0	0	0	13	288
<http://www.wikidata.org/entity/Q809>	<http://www.wikidata.org/entity/Q9072>	4135	312	0	7	0	0	313
<http://www.wikidata.org/entity/Q9072>	<http://www.wikidata.org/entity/Q809>	4943	326	0	4	0	0	327
<http://www.wikidata.org/entity/Q1412>	<http://www.wikidata.org/entity/Q33578>	2495	253	0	0	0	15	268
<http://www.wikidata.org/entity/Q33578>	<http://www.wikidata.org/entity/Q1412>	5759	343	0	0	0	18	361
<http://www.wikidata.org/entity/Q11051>	<http://www.wikidata.org/entity/Q33578>	3900	576	0	1	0	30	606
<http://www.wikidata.org/entity/Q33578>	<http://www.wikidata.org/entity/Q11051>	5759	513	0	1	0	24	538
<http://www.wikidata.org/entity/Q11059>	<http://www.wikidata.org/entity/Q32238>	1928	202	0	0	0	4	206
<http://www.wikidata.org/entity/Q32238>	<http://www.wikidata.org/entity/Q11059>	14153	269	0	0	0	5	273
<http://www.wikidata.org/entity/Q10134>	<http://www.wikidata.org/entity/Q1321>	2146	517	0	3	2	20	540
<http://www.wikidata.org/entity/Q1321>	<http://www.wikidata.org/entity/Q10134>	20953	644	0	2	3	22	669
<http://www.wikidata.org/entity/Q11059>	<http://www.wikidata.org/entity/Q13955>	1928	165	0	0	0	12	177
<http://www.wikidata.org/entity/Q13955>	<http://www.wikidata.org/entity/Q11059>	14706	143	0	0	0	10	153
<http://www.wikidata.org/entity/Q9237>	<http://www.wikidata.org/entity/Q188>	5311	1944	8	32	1	109	2055
<http://www.wikidata.org/entity/Q188>	<http://www.wikidata.org/entity/Q9237>	20135	2464	8	36	2	146	2616
<http://www.wikidata.org/entity/Q1412>	<http://www.wikidata.org/entity/Q13955>	2495	197	0	3	0	7	204
<http://www.wikidata.org/entity/Q13955>	<http://www.wikidata.org/entity/Q1412>	14706	195	0	3	0	7	202
<http://www.wikidata.org/entity/Q33151>	<http://www.wikidata.org/entity/Q10134>	1938	36	0	0	0	0	36
<http://www.wikidata.org/entity/Q10134>	<http://www.wikidata.org/entity/Q33151>	2146	36	0	0	0	0	36
<http://www.wikidata.org/entity/Q33454>	<http://www.wikidata.org/entity/Q9027>	9001	124	0	0	0	2	126
<http://www.wikidata.org/entity/Q1412>	<http://www.wikidata.org/entity/Q32238>	2495	179	0	3	0	3	182
<http://www.wikidata.org/entity/Q9027>	<http://www.wikidata.org/entity/Q33454>	38988	152	0	0	0	2	154
<http://www.wikidata.org/entity/Q32238>	<http://www.wikidata.org/entity/Q1412>	14153	268	0	3	0	3	271
<http://www.wikidata.org/entity/Q10134>	<http://www.wikidata.org/entity/Q9288>	2146	565	1	1	0	17	582
<http://www.wikidata.org/entity/Q9288>	<http://www.wikidata.org/entity/Q10134>	7451	596	1	1	0	18	614
<http://www.wikidata.org/entity/Q11051>	<http://www.wikidata.org/entity/Q32238>	3900	473	0	1	0	6	479
<http://www.wikidata.org/entity/Q32238>	<http://www.wikidata.org/entity/Q11051>	14153	481	0	1	0	6	487
<http://www.wikidata.org/entity/Q11051>	<http://www.wikidata.org/entity/Q13955>	3900	402	0	0	0	17	419
<http://www.wikidata.org/entity/Q13955>	<http://www.wikidata.org/entity/Q11051>	14706	281	0	0	0	17	298
<http://www.wikidata.org/entity/Q33947>	<http://www.wikidata.org/entity/Q5146>	10045	15	0	1	0	1	16
<http://www.wikidata.org/entity/Q5146>	<http://www.wikidata.org/entity/Q33947>	176780	19	0	2	0	1	20
<http://www.wikidata.org/entity/Q56475>	<http://www.wikidata.org/entity/Q33947>	1897	11	0	0	0	1	12
<http://www.wikidata.org/entity/Q33947>	<http://www.wikidata.org/entity/Q56475>	10045	9	0	0	0	1	10
<http://www.wikidata.org/entity/Q727694>	<http://www.wikidata.org/entity/Q5287>	4417	842	20	43	0	115	971
<http://www.wikidata.org/entity/Q5287>	<http://www.wikidata.org/entity/Q727694>	34860	1095	10	37	0	125	1228
<http://www.wikidata.org/entity/Q36495>	<http://www.wikidata.org/entity/Q33454>	1973	50	0	0	0	1	51
<http://www.wikidata.org/entity/Q33454>	<http://www.wikidata.org/entity/Q36495>	9001	40	0	0	0	1	41
<http://www.wikidata.org/entity/Q33454>	<http://www.wikidata.org/entity/Q9035>	9001	114	0	0	0	1	115
<http://www.wikidata.org/entity/Q9035>	<http://www.wikidata.org/entity/Q33454>	19363	127	0	0	0	1	128
<http://www.wikidata.org/entity/Q256>	<http://www.wikidata.org/entity/Q727694>	2630	265	0	6	0	36	300
<http://www.wikidata.org/entity/Q727694>	<http://www.wikidata.org/entity/Q256>	4417	351	0	9	0	63	414
<http://www.wikidata.org/entity/Q188>	<http://www.wikidata.org/entity/Q25164>	20135	5262	25	52	189	101	5520
<http://www.wikidata.org/entity/Q25164>	<http://www.wikidata.org/entity/Q188>	32974	5345	29	64	120	109	5531
<http://www.wikidata.org/entity/Q809>	<http://www.wikidata.org/entity/Q9056>	4135	535	44	62	0	1	537
<http://www.wikidata.org/entity/Q9056>	<http://www.wikidata.org/entity/Q809>	25347	674	42	51	0	1	675
<http://www.wikidata.org/entity/Q188>	<http://www.wikidata.org/entity/Q25167>	20135	7185	46	80	290	153	7608
<http://www.wikidata.org/entity/Q25167>	<http://www.wikidata.org/entity/Q188>	50565	7529	47	92	194	159	7839
<http://www.wikidata.org/entity/Q13349>	<http://www.wikidata.org/entity/Q9288>	6804	7	0	0	0	0	7
<http://www.wikidata.org/entity/Q9288>	<http://www.wikidata.org/entity/Q13349>	7451	8	0	0	0	0	8
<http://www.wikidata.org/entity/Q652>	<http://www.wikidata.org/entity/Q9027>	26452	6509	12	26	198	53	6765
<http://www.wikidata.org/entity/Q9027>	<http://www.wikidata.org/entity/Q652>	38988	6376	12	28	294	44	6720
<http://www.wikidata.org/entity/Q33151>	<http://www.wikidata.org/entity/Q13349>	1938	3	0	0	0	0	3
<http://www.wikidata.org/entity/Q13349>	<http://www.wikidata.org/entity/Q33151>	6804	2	0	0	0	0	2
<http://www.wikidata.org/entity/Q33284>	<http://www.wikidata.org/entity/Q50868>	1711	2	0	0	0	0	2
<http://www.wikidata.org/entity/Q50868>	<http://www.wikidata.org/entity/Q33284>	18852	2	0	0	0	0	2
<http://www.wikidata.org/entity/Q5218>	<http://www.wikidata.org/entity/Q188>	2046	19	1	3	0	1	21
<http://www.wikidata.org/entity/Q32238>	<http://www.wikidata.org/entity/Q7737>	14153	1073	0	8	0	3	1074
<http://www.wikidata.org/entity/Q7737>	<http://www.wikidata.org/entity/Q32238>	18679	1321	0	6	0	6	1327
<http://www.wikidata.org/entity/Q188>	<http://www.wikidata.org/entity/Q5218>	20135	52	1	2	0	1	54
<http://www.wikidata.org/entity/Q13955>	<http://www.wikidata.org/entity/Q7737>	14706	532	2	5	0	10	542
<http://www.wikidata.org/entity/Q7737>	<http://www.wikidata.org/entity/Q13955>	18679	820	2	7	0	14	834
<http://www.wikidata.org/entity/Q13349>	<http://www.wikidata.org/entity/Q1321>	6804	9	0	0	0	0	9
<http://www.wikidata.org/entity/Q36495>	<http://www.wikidata.org/entity/Q36236>	1973	560	1	36	0	4	567
<http://www.wikidata.org/entity/Q1321>	<http://www.wikidata.org/entity/Q13349>	20953	10	0	0	0	0	10
<http://www.wikidata.org/entity/Q36236>	<http://www.wikidata.org/entity/Q36495>	12554	560	1	38	0	3	565
<http://www.wikidata.org/entity/Q36236>	<http://www.wikidata.org/entity/Q9035>	12554	2114	5	20	0	14	2129
<http://www.wikidata.org/entity/Q9035>	<http://www.wikidata.org/entity/Q36236>	19363	2099	6	23	0	11	2112
<http://www.wikidata.org/entity/Q36790>	<http://www.wikidata.org/entity/Q50868>	17051	398	0	1	0	12	410
<http://www.wikidata.org/entity/Q50868>	<http://www.wikidata.org/entity/Q36790>	18852	38	0	1	0	4	42
<http://www.wikidata.org/entity/Q36495>	<http://www.wikidata.org/entity/Q652>	1973	968	12	31	0	17	991
<http://www.wikidata.org/entity/Q652>	<http://www.wikidata.org/entity/Q36495>	26452	941	10	29	0	21	970
<http://www.wikidata.org/entity/Q9035>	<http://www.wikidata.org/entity/Q652>	19363	4267	19	51	136	23	4435
<http://www.wikidata.org/entity/Q652>	<http://www.wikidata.org/entity/Q9035>	26452	4507	19	53	138	24	4677
<http://www.wikidata.org/entity/Q36236>	<http://www.wikidata.org/entity/Q9027>	12554	2678	2	9	0	25	2702
<http://www.wikidata.org/entity/Q9027>	<http://www.wikidata.org/entity/Q36236>	38988	2742	2	8	0	23	2765
<http://www.wikidata.org/entity/Q32238>	<http://www.wikidata.org/entity/Q35518>	14153	778	0	1	0	13	789
<http://www.wikidata.org/entity/Q35518>	<http://www.wikidata.org/entity/Q32238>	15737	1514	0	1	0	25	1539
<http://www.wikidata.org/entity/Q13955>	<http://www.wikidata.org/entity/Q35518>	14706	292	2	3	0	28	321
<http://www.wikidata.org/entity/Q35518>	<http://www.wikidata.org/entity/Q13955>	15737	695	2	3	0	68	763
<http://www.wikidata.org/entity/Q9072>	<http://www.wikidata.org/entity/Q9288>	4943	1209	0	0	0	13	1222
<http://www.wikidata.org/entity/Q9288>	<http://www.wikidata.org/entity/Q9072>	7451	1167	0	0	0	14	1181
<http://www.wikidata.org/entity/Q33151>	<http://www.wikidata.org/entity/Q9072>	1938	53	0	1	0	0	54
<http://www.wikidata.org/entity/Q9072>	<http://www.wikidata.org/entity/Q33151>	4943	60	0	1	0	0	61
<http://www.wikidata.org/entity/Q9072>	<http://www.wikidata.org/entity/Q1321>	4943	899	2	7	1	16	918
<http://www.wikidata.org/entity/Q1321>	<http://www.wikidata.org/entity/Q9072>	20953	1020	2	9	1	18	1041
<http://www.wikidata.org/entity/Q727694>	<http://www.wikidata.org/entity/Q9610>	4417	386	0	7	0	66	454
<http://www.wikidata.org/entity/Q9610>	<http://www.wikidata.org/entity/Q727694>	14501	539	0	6	0	48	588
<http://www.wikidata.org/entity/Q727694>	<http://www.wikidata.org/entity/Q8765>	4417	40	0	0	0	2	42
<http://www.wikidata.org/entity/Q8765>	<http://www.wikidata.org/entity/Q727694>	33758	22	0	0	0	2	24
<http://www.wikidata.org/entity/Q7411>	<http://www.wikidata.org/entity/Q188>	2611	953	23	29	119	7	1073
<http://www.wikidata.org/entity/Q188>	<http://www.wikidata.org/entity/Q7411>	20135	1338	19	25	240	9	1591
<http://www.wikidata.org/entity/Q33284>	<http://www.wikidata.org/entity/Q12107>	1711	16	0	0	0	0	16
<http://www.wikidata.org/entity/Q12107>	<http://www.wikidata.org/entity/Q33284>	5780	25	0	0	0	0	25
<http://www.wikidata.org/entity/Q33947>	<http://www.wikidata.org/entity/Q56356571>	10045	17	0	0	0	1	18
<http://www.wikidata.org/entity/Q56356571>	<http://www.wikidata.org/entity/Q33947>	11610	45	0	0	0	2	47
<http://www.wikidata.org/entity/Q33578>	<http://www.wikidata.org/entity/Q35518>	5759	742	0	0	0	72	814
<http://www.wikidata.org/entity/Q35518>	<http://www.wikidata.org/entity/Q33578>	15737	1624	0	0	0	124	1748
<http://www.wikidata.org/entity/Q397>	<http://www.wikidata.org/entity/Q1860>	2705	1696	111	144	0	31	1797
<http://www.wikidata.org/entity/Q1860>	<http://www.wikidata.org/entity/Q397>	59942	2062	106	137	0	43	2173
<http://www.wikidata.org/entity/Q9176>	<http://www.wikidata.org/entity/Q33284>	1593	7	0	0	0	0	7
<http://www.wikidata.org/entity/Q33284>	<http://www.wikidata.org/entity/Q9176>	1711	5	0	0	0	0	5
<http://www.wikidata.org/entity/Q8748>	<http://www.wikidata.org/entity/Q188>	8162	289	2	5	4	4	295
<http://www.wikidata.org/entity/Q188>	<http://www.wikidata.org/entity/Q8748>	20135	458	2	5	7	8	473
<http://www.wikidata.org/entity/Q397>	<http://www.wikidata.org/entity/Q150>	2705	1234	21	41	0	19	1259
<http://www.wikidata.org/entity/Q150>	<http://www.wikidata.org/entity/Q397>	33497	1314	20	37	0	21	1339
<http://www.wikidata.org/entity/Q9176>	<http://www.wikidata.org/entity/Q36790>	1593	141	1	1	0	34	175
<http://www.wikidata.org/entity/Q10134>	<http://www.wikidata.org/entity/Q809>	2146	147	0	0	1	0	148
<http://www.wikidata.org/entity/Q809>	<http://www.wikidata.org/entity/Q10134>	4135	155	0	0	2	0	157
<http://www.wikidata.org/entity/Q36790>	<http://www.wikidata.org/entity/Q9176>	17051	301	1	1	0	78	379
<http://www.wikidata.org/entity/Q12107>	<http://www.wikidata.org/entity/Q36790>	5780	1160	0	0	0	62	1222
<http://www.wikidata.org/entity/Q36790>	<http://www.wikidata.org/entity/Q12107>	17051	3308	0	0	0	132	3440
<http://www.wikidata.org/entity/Q727694>	<http://www.wikidata.org/entity/Q8752>	4417	247	3	6	0	7	254
<http://www.wikidata.org/entity/Q8752>	<http://www.wikidata.org/entity/Q727694>	30759	204	3	6	0	1	205
<http://www.wikidata.org/entity/Q1321>	<http://www.wikidata.org/entity/Q9056>	20953	1498	29	59	27	7	1526
<http://www.wikidata.org/entity/Q9056>	<http://www.wikidata.org/entity/Q1321>	25347	1506	32	62	54	6	1543
<http://www.wikidata.org/entity/Q9288>	<http://www.wikidata.org/entity/Q9056>	7451	1169	11	20	0	3	1172
<http://www.wikidata.org/entity/Q33578>	<http://www.wikidata.org/entity/Q7737>	5759	1104	0	0	0	19	1123
<http://www.wikidata.org/entity/Q9056>	<http://www.wikidata.org/entity/Q9288>	25347	1412	14	25	0	3	1416
<http://www.wikidata.org/entity/Q7737>	<http://www.wikidata.org/entity/Q33578>	18679	1431	0	1	0	18	1449
<http://www.wikidata.org/entity/Q36928>	<http://www.wikidata.org/entity/Q188>	3314	816	0	0	0	0	816
<http://www.wikidata.org/entity/Q33284>	<http://www.wikidata.org/entity/Q9168>	1711	0	0	0	0	0	0
<http://www.wikidata.org/entity/Q188>	<http://www.wikidata.org/entity/Q36928>	20135	846	0	0	0	0	846
<http://www.wikidata.org/entity/Q9168>	<http://www.wikidata.org/entity/Q33284>	18925	0	0	0	0	0	0
<http://www.wikidata.org/entity/Q33151>	<http://www.wikidata.org/entity/Q9056>	1938	47	2	6	0	0	47
<http://www.wikidata.org/entity/Q9056>	<http://www.wikidata.org/entity/Q33151>	25347	100	3	6	0	0	100
<http://www.wikidata.org/entity/Q36790>	<http://www.wikidata.org/entity/Q9168>	17051	132	0	0	0	48	180
<http://www.wikidata.org/entity/Q9168>	<http://www.wikidata.org/entity/Q36790>	18925	56	0	0	0	20	76
<http://www.wikidata.org/entity/Q1321>	<http://www.wikidata.org/entity/Q9027>	20953	2890	23	33	276	43	3202
<http://www.wikidata.org/entity/Q9027>	<http://www.wikidata.org/entity/Q1321>	38988	2635	21	32	380	39	3046
<http://www.wikidata.org/entity/Q7411>	<http://www.wikidata.org/entity/Q727694>	2611	259	0	11	0	4	264
<http://www.wikidata.org/entity/Q727694>	<http://www.wikidata.org/entity/Q7411>	4417	323	0	8	0	10	336
<http://www.wikidata.org/entity/Q188>	<http://www.wikidata.org/entity/Q8765>	20135	91	2	3	0	7	99
<http://www.wikidata.org/entity/Q8765>	<http://www.wikidata.org/entity/Q188>	33758	64	2	3	0	2	67
<http://www.wikidata.org/entity/Q11059>	<http://www.wikidata.org/entity/Q50868>	1928	19	0	0	0	3	22
<http://www.wikidata.org/entity/Q50868>	<http://www.wikidata.org/entity/Q11059>	18852	15	0	0	0	3	18
<http://www.wikidata.org/entity/Q9610>	<http://www.wikidata.org/entity/Q188>	14501	1278	18	24	6	94	1387
<http://www.wikidata.org/entity/Q188>	<http://www.wikidata.org/entity/Q9610>	20135	1341	16	21	12	132	1493
<http://www.wikidata.org/entity/Q1412>	<http://www.wikidata.org/entity/Q50868>	2495	18	0	0	0	0	18
<http://www.wikidata.org/entity/Q50868>	<http://www.wikidata.org/entity/Q1412>	18852	16	0	0	0	0	16
<http://www.wikidata.org/entity/Q727694>	<http://www.wikidata.org/entity/Q8748>	4417	130	0	0	0	3	133
<http://www.wikidata.org/entity/Q8748>	<http://www.wikidata.org/entity/Q727694>	8162	89	0	0	0	3	92
<http://www.wikidata.org/entity/Q33151>	<http://www.wikidata.org/entity/Q9027>	1938	89	2	2	0	1	90
<http://www.wikidata.org/entity/Q9027>	<http://www.wikidata.org/entity/Q33151>	38988	114	2	2	0	1	115
<http://www.wikidata.org/entity/Q13349>	<http://www.wikidata.org/entity/Q652>	6804	11	0	0	0	0	11
<http://www.wikidata.org/entity/Q652>	<http://www.wikidata.org/entity/Q13349>	26452	13	0	0	0	0	13
<http://www.wikidata.org/entity/Q10134>	<http://www.wikidata.org/entity/Q33454>	2146	71	0	0	0	2	73
<http://www.wikidata.org/entity/Q33454>	<http://www.wikidata.org/entity/Q10134>	9001	69	0	0	0	2	71
<http://www.wikidata.org/entity/Q9288>	<http://www.wikidata.org/entity/Q9027>	7451	3014	0	5	3	25	3045
<http://www.wikidata.org/entity/Q9027>	<http://www.wikidata.org/entity/Q9288>	38988	3236	0	3	7	23	3267
<http://www.wikidata.org/entity/Q9072>	<http://www.wikidata.org/entity/Q36236>	4943	1013	0	1	0	7	1020
<http://www.wikidata.org/entity/Q36236>	<http://www.wikidata.org/entity/Q9072>	12554	1118	0	1	0	8	1126
<http://www.wikidata.org/entity/Q11051>	<http://www.wikidata.org/entity/Q50868>	3900	38	0	0	0	2	40
<http://www.wikidata.org/entity/Q50868>	<http://www.wikidata.org/entity/Q11051>	18852	25	0	0	0	2	27
<http://www.wikidata.org/entity/Q9035>	<http://www.wikidata.org/entity/Q1321>	19363	2176	22	44	160	31	2352
<http://www.wikidata.org/entity/Q1321>	<http://www.wikidata.org/entity/Q9035>	20953	2508	22	43	180	25	2703
<http://www.wikidata.org/entity/Q188>	<http://www.wikidata.org/entity/Q8752>	20135	1691	5	8	0	4	1695
<http://www.wikidata.org/entity/Q8752>	<http://www.wikidata.org/entity/Q188>	30759	1250	5	8	0	3	1253
<http://www.wikidata.org/entity/Q36495>	<http://www.wikidata.org/entity/Q1321>	1973	871	4	31	0	10	885
<http://www.wikidata.org/entity/Q13349>	<http://www.wikidata.org/entity/Q36236>	6804	10	0	0	0	0	10
<http://www.wikidata.org/entity/Q36236>	<http://www.wikidata.org/entity/Q13349>	12554	20	0	0	0	0	20
<http://www.wikidata.org/entity/Q1321>	<http://www.wikidata.org/entity/Q36495>	20953	926	3	26	0	10	940
<http://www.wikidata.org/entity/Q9288>	<http://www.wikidata.org/entity/Q9035>	7451	2311	1	6	3	17	2332
<http://www.wikidata.org/entity/Q9035>	<http://www.wikidata.org/entity/Q9288>	19363	2391	1	7	3	20	2415
<http://www.wikidata.org/entity/Q36495>	<http://www.wikidata.org/entity/Q9288>	1973	588	0	4	0	7	597
<http://www.wikidata.org/entity/Q9288>	<http://www.wikidata.org/entity/Q36495>	7451	493	0	4	0	6	500
<http://www.wikidata.org/entity/Q36928>	<http://www.wikidata.org/entity/Q727694>	3314	280	0	0	0	0	280
<http://www.wikidata.org/entity/Q727694>	<http://www.wikidata.org/entity/Q36928>	4417	281	0	0	0	0	281
<http://www.wikidata.org/entity/Q33151>	<http://www.wikidata.org/entity/Q9035>	1938	79	2	4	0	0	79
<http://www.wikidata.org/entity/Q9035>	<http://www.wikidata.org/entity/Q33151>	19363	94	2	3	0	0	94
<http://www.wikidata.org/entity/Q33151>	<http://www.wikidata.org/entity/Q36495>	1938	26	1	8	0	0	28
<http://www.wikidata.org/entity/Q36495>	<http://www.wikidata.org/entity/Q33151>	1973	28	3	8	0	0	31
<http://www.wikidata.org/entity/Q9072>	<http://www.wikidata.org/entity/Q652>	4943	1987	1	7	1	11	2001
<http://www.wikidata.org/entity/Q652>	<http://www.wikidata.org/entity/Q9072>	26452	2129	1	8	1	18	2151
<http://www.wikidata.org/entity/Q9176>	<http://www.wikidata.org/entity/Q1412>	1593	131	2	3	0	13	144
<http://www.wikidata.org/entity/Q1412>	<http://www.wikidata.org/entity/Q9176>	2495	120	1	2	0	10	130
<http://www.wikidata.org/entity/Q11059>	<http://www.wikidata.org/entity/Q12107>	1928	329	0	0	0	18	347
<http://www.wikidata.org/entity/Q12107>	<http://www.wikidata.org/entity/Q11059>	5780	359	0	0	0	17	376
<http://www.wikidata.org/entity/Q1412>	<http://www.wikidata.org/entity/Q12107>	2495	350	1	8	0	13	363
<http://www.wikidata.org/entity/Q12107>	<http://www.wikidata.org/entity/Q1412>	5780	464	1	7	0	14	478
<http://www.wikidata.org/entity/Q36236>	<http://www.wikidata.org/entity/Q9056>	12554	1186	6	55	0	2	1192
<http://www.wikidata.org/entity/Q9056>	<http://www.wikidata.org/entity/Q36236>	25347	1275	8	56	0	2	1279
<http://www.wikidata.org/entity/Q9176>	<http://www.wikidata.org/entity/Q11059>	1593	68	0	0	0	9	77
<http://www.wikidata.org/entity/Q11059>	<http://www.wikidata.org/entity/Q9176>	1928	61	0	0	0	12	73
<http://www.wikidata.org/entity/Q5218>	<http://www.wikidata.org/entity/Q727694>	2046	9	8	11	0	0	16
<http://www.wikidata.org/entity/Q727694>	<http://www.wikidata.org/entity/Q5218>	4417	16	1	10	0	0	17
<http://www.wikidata.org/entity/Q9176>	<http://www.wikidata.org/entity/Q11051>	1593	158	0	0	0	12	170
<http://www.wikidata.org/entity/Q11051>	<http://www.wikidata.org/entity/Q9176>	3900	184	0	0	0	11	195
<http://www.wikidata.org/entity/Q11051>	<http://www.wikidata.org/entity/Q12107>	3900	681	0	0	0	16	697
<http://www.wikidata.org/entity/Q12107>	<http://www.wikidata.org/entity/Q11051>	5780	641	0	0	0	12	653
<http://www.wikidata.org/entity/Q9056>	<http://www.wikidata.org/entity/Q652>	25347	2351	32	56	46	6	2404
<http://www.wikidata.org/entity/Q652>	<http://www.wikidata.org/entity/Q9056>	26452	2097	22	48	23	11	2135
<http://www.wikidata.org/entity/Q1412>	<http://www.wikidata.org/entity/Q9168>	2495	17	0	0	0	3	20
<http://www.wikidata.org/entity/Q9168>	<http://www.wikidata.org/entity/Q1412>	18925	15	0	0	0	3	18
<http://www.wikidata.org/entity/Q397>	<http://www.wikidata.org/entity/Q56356571>	2705	588	0	3	0	9	598
<http://www.wikidata.org/entity/Q56356571>	<http://www.wikidata.org/entity/Q397>	11610	828	0	3	0	12	841
<http://www.wikidata.org/entity/Q11059>	<http://www.wikidata.org/entity/Q9168>	1928	9	0	0	0	3	12
<http://www.wikidata.org/entity/Q9168>	<http://www.wikidata.org/entity/Q11059>	18925	9	0	0	0	3	12
<http://www.wikidata.org/entity/Q33947>	<http://www.wikidata.org/entity/Q1860>	10045	20	0	2	0	1	21
<http://www.wikidata.org/entity/Q1860>	<http://www.wikidata.org/entity/Q33947>	59942	30	0	3	0	1	31
<http://www.wikidata.org/entity/Q33947>	<http://www.wikidata.org/entity/Q150>	10045	18	0	2	0	1	19
<http://www.wikidata.org/entity/Q150>	<http://www.wikidata.org/entity/Q33947>	33497	25	0	2	0	1	26
<http://www.wikidata.org/entity/Q11051>	<http://www.wikidata.org/entity/Q9168>	3900	32	1	1	0	8	41
<http://www.wikidata.org/entity/Q9168>	<http://www.wikidata.org/entity/Q11051>	18925	30	1	1	0	7	38
<http://www.wikidata.org/entity/Q10134>	<http://www.wikidata.org/entity/Q36928>	2146	259	0	0	0	0	259
<http://www.wikidata.org/entity/Q36928>	<http://www.wikidata.org/entity/Q10134>	3314	383	0	0	0	0	383
<http://www.wikidata.org/entity/Q9168>	<http://www.wikidata.org/entity/Q1860>	18925	661	14	14	0	23	698
<http://www.wikidata.org/entity/Q256>	<http://www.wikidata.org/entity/Q9027>	2630	754	0	3	1	60	814
<http://www.wikidata.org/entity/Q1860>	<http://www.wikidata.org/entity/Q9168>	59942	760	13	13	0	39	812
<http://www.wikidata.org/entity/Q9027>	<http://www.wikidata.org/entity/Q256>	38988	825	0	2	2	64	892
<http://www.wikidata.org/entity/Q11059>	<http://www.wikidata.org/entity/Q33947>	1928	23	0	0	0	1	24
<http://www.wikidata.org/entity/Q33947>	<http://www.wikidata.org/entity/Q11059>	10045	11	0	0	0	1	12
<http://www.wikidata.org/entity/Q1412>	<http://www.wikidata.org/entity/Q33947>	2495	12	2	2	0	1	13
<http://www.wikidata.org/entity/Q33947>	<http://www.wikidata.org/entity/Q1412>	10045	11	2	2	0	1	12
<http://www.wikidata.org/entity/Q5287>	<http://www.wikidata.org/entity/Q9027>	34860	4287	0	12	8	162	4457
<http://www.wikidata.org/entity/Q9027>	<http://www.wikidata.org/entity/Q5287>	38988	3881	0	6	12	101	3993
<http://www.wikidata.org/entity/Q9237>	<http://www.wikidata.org/entity/Q9056>	5311	773	3	16	1	5	779
<http://www.wikidata.org/entity/Q9056>	<http://www.wikidata.org/entity/Q9237>	25347	928	6	20	2	6	935
<http://www.wikidata.org/entity/Q9168>	<http://www.wikidata.org/entity/Q150>	18925	388	2	2	0	23	413
<http://www.wikidata.org/entity/Q150>	<http://www.wikidata.org/entity/Q9168>	33497	407	2	2	0	31	440
<http://www.wikidata.org/entity/Q11051>	<http://www.wikidata.org/entity/Q33947>	3900	28	0	0	0	1	29
<http://www.wikidata.org/entity/Q33947>	<http://www.wikidata.org/entity/Q11051>	10045	14	0	0	0	1	15
<http://www.wikidata.org/entity/Q56475>	<http://www.wikidata.org/entity/Q13955>	1897	178	0	0	0	24	202
<http://www.wikidata.org/entity/Q10134>	<http://www.wikidata.org/entity/Q8748>	2146	110	0	0	0	1	111
<http://www.wikidata.org/entity/Q8748>	<http://www.wikidata.org/entity/Q10134>	8162	113	0	0	0	1	114
<http://www.wikidata.org/entity/Q13955>	<http://www.wikidata.org/entity/Q56475>	14706	183	0	0	0	25	208
<http://www.wikidata.org/entity/Q13955>	<http://www.wikidata.org/entity/Q5146>	14706	347	0	7	0	19	368
<http://www.wikidata.org/entity/Q5146>	<http://www.wikidata.org/entity/Q13955>	176780	363	0	7	0	19	383
<http://www.wikidata.org/entity/Q36495>	<http://www.wikidata.org/entity/Q256>	1973	312	0	5	0	12	324
<http://www.wikidata.org/entity/Q256>	<http://www.wikidata.org/entity/Q36495>	2630	255	0	4	0	11	266
<http://www.wikidata.org/entity/Q256>	<http://www.wikidata.org/entity/Q9035>	2630	654	0	6	1	33	690
<http://www.wikidata.org/entity/Q9035>	<http://www.wikidata.org/entity/Q256>	19363	690	0	9	2	36	733
<http://www.wikidata.org/entity/Q32238>	<http://www.wikidata.org/entity/Q5146>	14153	686	0	5	0	10	693
<http://www.wikidata.org/entity/Q9056>	<http://www.wikidata.org/entity/Q25164>	25347	1649	13	25	48	4	1668
<http://www.wikidata.org/entity/Q25164>	<http://www.wikidata.org/entity/Q9056>	32974	1685	8	25	29	5	1705
<http://www.wikidata.org/entity/Q5146>	<http://www.wikidata.org/entity/Q32238>	176780	506	0	5	0	11	517
<http://www.wikidata.org/entity/Q727694>	<http://www.wikidata.org/entity/Q33454>	4417	99	0	0	0	2	101
<http://www.wikidata.org/entity/Q33454>	<http://www.wikidata.org/entity/Q727694>	9001	54	0	0	0	2	56
<http://www.wikidata.org/entity/Q56475>	<http://www.wikidata.org/entity/Q32238>	1897	273	1	1	0	8	282
<http://www.wikidata.org/entity/Q33284>	<http://www.wikidata.org/entity/Q397>	1711	11	0	0	0	0	11
<http://www.wikidata.org/entity/Q32238>	<http://www.wikidata.org/entity/Q56475>	14153	419	1	1	0	6	425
<http://www.wikidata.org/entity/Q397>	<http://www.wikidata.org/entity/Q33284>	2705	14	0	0	0	0	14
<http://www.wikidata.org/entity/Q9176>	<http://www.wikidata.org/entity/Q1860>	1593	600	16	22	0	81	683
<http://www.wikidata.org/entity/Q1860>	<http://www.wikidata.org/entity/Q9176>	59942	750	16	22	0	115	869
<http://www.wikidata.org/entity/Q9035>	<http://www.wikidata.org/entity/Q5287>	19363	2818	3	14	7	55	2882
<http://www.wikidata.org/entity/Q5287>	<http://www.wikidata.org/entity/Q9035>	34860	3371	3	22	7	82	3461
<http://www.wikidata.org/entity/Q36495>	<http://www.wikidata.org/entity/Q5287>	1973	865	7	18	0	47	915
<http://www.wikidata.org/entity/Q10134>	<http://www.wikidata.org/entity/Q7411>	2146	231	1	2	1	2	234
<http://www.wikidata.org/entity/Q7411>	<http://www.wikidata.org/entity/Q10134>	2611	240	1	3	2	3	245
<http://www.wikidata.org/entity/Q5287>	<http://www.wikidata.org/entity/Q36495>	34860	1037	6	24	0	59	1099
<http://www.wikidata.org/entity/Q12107>	<http://www.wikidata.org/entity/Q1860>	5780	2781	2	21	7	113	2903
<http://www.wikidata.org/entity/Q1860>	<http://www.wikidata.org/entity/Q12107>	59942	2856	2	20	6	160	3022
<http://www.wikidata.org/entity/Q12107>	<http://www.wikidata.org/entity/Q150>	5780	2401	11	23	11	81	2492
<http://www.wikidata.org/entity/Q150>	<http://www.wikidata.org/entity/Q12107>	33497	2127	11	24	11	93	2232
<http://www.wikidata.org/entity/Q9176>	<http://www.wikidata.org/entity/Q150>	1593	468	3	6	0	42	510
<http://www.wikidata.org/entity/Q809>	<http://www.wikidata.org/entity/Q188>	4135	749	30	47	2	3	762
<http://www.wikidata.org/entity/Q188>	<http://www.wikidata.org/entity/Q809>	20135	1052	23	37	2	2	1062
<http://www.wikidata.org/entity/Q150>	<http://www.wikidata.org/entity/Q9176>	33497	512	3	6	0	45	557
<http://www.wikidata.org/entity/Q9056>	<http://www.wikidata.org/entity/Q25167>	25347	2350	9	26	54	7	2378
<http://www.wikidata.org/entity/Q25167>	<http://www.wikidata.org/entity/Q9056>	50565	2509	4	30	35	13	2541
<http://www.wikidata.org/entity/Q397>	<http://www.wikidata.org/entity/Q36790>	2705	625	1	3	0	14	639
<http://www.wikidata.org/entity/Q36790>	<http://www.wikidata.org/entity/Q397>	17051	2411	1	2	0	38	2449
<http://www.wikidata.org/entity/Q33578>	<http://www.wikidata.org/entity/Q5146>	5759	794	1	1	0	48	839
<http://www.wikidata.org/entity/Q5146>	<http://www.wikidata.org/entity/Q33578>	176780	676	2	2	0	47	723
<http://www.wikidata.org/entity/Q56475>	<http://www.wikidata.org/entity/Q33578>	1897	319	0	0	0	37	356
<http://www.wikidata.org/entity/Q33578>	<http://www.wikidata.org/entity/Q56475>	5759	432	0	0	0	38	470
<http://www.wikidata.org/entity/Q13349>	<http://www.wikidata.org/entity/Q25164>	6804	10	0	0	0	0	10
<http://www.wikidata.org/entity/Q25164>	<http://www.wikidata.org/entity/Q13349>	32974	18	0	0	0	0	18
<http://www.wikidata.org/entity/Q13349>	<http://www.wikidata.org/entity/Q25167>	6804	12	0	0	0	0	12
<http://www.wikidata.org/entity/Q25167>	<http://www.wikidata.org/entity/Q13349>	50565	23	0	0	0	0	23
<http://www.wikidata.org/entity/Q9072>	<http://www.wikidata.org/entity/Q9237>	4943	980	0	0	0	34	1014
<http://www.wikidata.org/entity/Q9237>	<http://www.wikidata.org/entity/Q9072>	5311	1008	0	0	0	41	1049
<http://www.wikidata.org/entity/Q9072>	<http://www.wikidata.org/entity/Q25167>	4943	2072	4	5	1	24	2099
<http://www.wikidata.org/entity/Q25167>	<http://www.wikidata.org/entity/Q9072>	50565	2723	4	5	1	44	2770
<http://www.wikidata.org/entity/Q9237>	<http://www.wikidata.org/entity/Q13349>	5311	10	0	0	0	0	10
<http://www.wikidata.org/entity/Q13349>	<http://www.wikidata.org/entity/Q9237>	6804	7	0	0	0	0	7
<http://www.wikidata.org/entity/Q5218>	<http://www.wikidata.org/entity/Q10134>	2046	10	0	0	0	1	11
<http://www.wikidata.org/entity/Q10134>	<http://www.wikidata.org/entity/Q5218>	2146	10	0	0	0	1	11
<http://www.wikidata.org/entity/Q50868>	<http://www.wikidata.org/entity/Q1860>	18852	53	0	0	0	4	57
<http://www.wikidata.org/entity/Q1860>	<http://www.wikidata.org/entity/Q50868>	59942	71	0	0	0	6	77
<http://www.wikidata.org/entity/Q50868>	<http://www.wikidata.org/entity/Q150>	18852	37	0	0	0	2	39
<http://www.wikidata.org/entity/Q150>	<http://www.wikidata.org/entity/Q50868>	33497	47	0	0	0	2	49
<http://www.wikidata.org/entity/Q9072>	<http://www.wikidata.org/entity/Q25164>	4943	1563	1	4	1	17	1582
<http://www.wikidata.org/entity/Q25164>	<http://www.wikidata.org/entity/Q9072>	32974	1954	1	4	2	30	1987
<http://www.wikidata.org/entity/Q13349>	<http://www.wikidata.org/entity/Q5287>	6804	12	0	0	0	0	12
<http://www.wikidata.org/entity/Q5287>	<http://www.wikidata.org/entity/Q13349>	34860	25	0	0	0	0	25
<http://www.wikidata.org/entity/Q9176>	<http://www.wikidata.org/entity/Q56356571>	1593	286	0	0	0	24	310
<http://www.wikidata.org/entity/Q56356571>	<http://www.wikidata.org/entity/Q9176>	11610	455	0	0	0	30	485
<http://www.wikidata.org/entity/Q33284>	<http://www.wikidata.org/entity/Q33947>	1711	2	0	0	0	0	2
<http://www.wikidata.org/entity/Q33947>	<http://www.wikidata.org/entity/Q33284>	10045	2	0	0	0	0	2
<http://www.wikidata.org/entity/Q33578>	<http://www.wikidata.org/entity/Q58635>	5759	782	0	0	0	45	827
<http://www.wikidata.org/entity/Q58635>	<http://www.wikidata.org/entity/Q33578>	8319	1143	0	0	0	51	1194
<http://www.wikidata.org/entity/Q12107>	<http://www.wikidata.org/entity/Q56356571>	5780	1151	0	0	0	30	1181
<http://www.wikidata.org/entity/Q56356571>	<http://www.wikidata.org/entity/Q12107>	11610	1339	0	0	0	36	1375
<http://www.wikidata.org/entity/Q256>	<http://www.wikidata.org/entity/Q13349>	2630	10	0	0	0	0	10
<http://www.wikidata.org/entity/Q13349>	<http://www.wikidata.org/entity/Q256>	6804	7	0	0	0	0	7
<http://www.wikidata.org/entity/Q33947>	<http://www.wikidata.org/entity/Q36790>	10045	12	0	0	0	1	13
<http://www.wikidata.org/entity/Q36790>	<http://www.wikidata.org/entity/Q33947>	17051	34	0	0	0	2	36
<http://www.wikidata.org/entity/Q56356571>	<http://www.wikidata.org/entity/Q9168>	11610	67	0	0	0	4	71
<http://www.wikidata.org/entity/Q9168>	<http://www.wikidata.org/entity/Q56356571>	18925	54	0	0	0	2	56
<http://www.wikidata.org/entity/Q11059>	<http://www.wikidata.org/entity/Q397>	1928	196	1	4	0	6	202
<http://www.wikidata.org/entity/Q397>	<http://www.wikidata.org/entity/Q11059>	2705	198	2	4	0	5	203
<http://www.wikidata.org/entity/Q1412>	<http://www.wikidata.org/entity/Q397>	2495	203	0	6	0	6	210
<http://www.wikidata.org/entity/Q397>	<http://www.wikidata.org/entity/Q1412>	2705	231	0	7	0	6	239
<http://www.wikidata.org/entity/Q9072>	<http://www.wikidata.org/entity/Q5287>	4943	1414	0	2	1	37	1452
<http://www.wikidata.org/entity/Q5287>	<http://www.wikidata.org/entity/Q9072>	34860	1884	0	2	1	64	1949
<http://www.wikidata.org/entity/Q256>	<http://www.wikidata.org/entity/Q9072>	2630	469	0	1	0	34	503
<http://www.wikidata.org/entity/Q9072>	<http://www.wikidata.org/entity/Q256>	4943	482	0	1	0	31	513
<http://www.wikidata.org/entity/Q397>	<http://www.wikidata.org/entity/Q11051>	2705	332	0	2	0	6	338
<http://www.wikidata.org/entity/Q11051>	<http://www.wikidata.org/entity/Q397>	3900	414	0	1	0	7	422
<http://www.wikidata.org/entity/Q25164>	<http://www.wikidata.org/entity/Q9027>	32974	6195	59	88	207	86	6495
<http://www.wikidata.org/entity/Q9027>	<http://www.wikidata.org/entity/Q25164>	38988	5259	51	74	240	65	5581
<http://www.wikidata.org/entity/Q10134>	<http://www.wikidata.org/entity/Q8752>	2146	272	0	0	0	0	272
<http://www.wikidata.org/entity/Q56356571>	<http://www.wikidata.org/entity/Q50868>	11610	64	0	0	0	4	68
<http://www.wikidata.org/entity/Q50868>	<http://www.wikidata.org/entity/Q56356571>	18852	33	0	0	0	3	36
<http://www.wikidata.org/entity/Q8752>	<http://www.wikidata.org/entity/Q10134>	30759	282	0	0	0	0	282
<http://www.wikidata.org/entity/Q9237>	<http://www.wikidata.org/entity/Q9035>	5311	1572	2	13	1	39	1613
<http://www.wikidata.org/entity/Q9035>	<http://www.wikidata.org/entity/Q9237>	19363	1571	2	13	1	40	1613
<http://www.wikidata.org/entity/Q36495>	<http://www.wikidata.org/entity/Q9237>	1973	437	12	22	0	20	461
<http://www.wikidata.org/entity/Q9237>	<http://www.wikidata.org/entity/Q36495>	5311	383	8	17	0	18	404
<http://www.wikidata.org/entity/Q9027>	<http://www.wikidata.org/entity/Q25167>	38988	7220	86	102	469	102	7830
<http://www.wikidata.org/entity/Q25167>	<http://www.wikidata.org/entity/Q9027>	50565	8739	114	134	409	138	9323
<http://www.wikidata.org/entity/Q256>	<http://www.wikidata.org/entity/Q9056>	2630	305	0	5	1	3	308
<http://www.wikidata.org/entity/Q9056>	<http://www.wikidata.org/entity/Q256>	25347	413	1	7	3	3	417
<http://www.wikidata.org/entity/Q33454>	<http://www.wikidata.org/entity/Q188>	9001	123	0	0	0	2	125
<http://www.wikidata.org/entity/Q188>	<http://www.wikidata.org/entity/Q33454>	20135	231	0	0	0	6	237
<http://www.wikidata.org/entity/Q36495>	<http://www.wikidata.org/entity/Q25164>	1973	850	2	7	0	20	873
<http://www.wikidata.org/entity/Q25164>	<http://www.wikidata.org/entity/Q36495>	32974	937	2	11	0	19	962
<http://www.wikidata.org/entity/Q9035>	<http://www.wikidata.org/entity/Q25164>	19363	3756	114	142	123	44	3985
<http://www.wikidata.org/entity/Q25164>	<http://www.wikidata.org/entity/Q9035>	32974	4773	126	152	150	60	5043
<http://www.wikidata.org/entity/Q10134>	<http://www.wikidata.org/entity/Q9610>	2146	301	0	2	0	36	338
<http://www.wikidata.org/entity/Q9610>	<http://www.wikidata.org/entity/Q10134>	14501	508	0	2	0	41	550
<http://www.wikidata.org/entity/Q58635>	<http://www.wikidata.org/entity/Q32238>	8319	994	0	0	0	15	1009
<http://www.wikidata.org/entity/Q32238>	<http://www.wikidata.org/entity/Q58635>	14153	743	0	0	0	9	750
<http://www.wikidata.org/entity/Q9237>	<http://www.wikidata.org/entity/Q9027>	5311	1875	1	5	1	78	1953
<http://www.wikidata.org/entity/Q9056>	<http://www.wikidata.org/entity/Q5287>	25347	1483	3	26	8	7	1496
<http://www.wikidata.org/entity/Q10134>	<http://www.wikidata.org/entity/Q8765>	2146	20	0	0	0	2	22
<http://www.wikidata.org/entity/Q5287>	<http://www.wikidata.org/entity/Q9056>	34860	1545	2	33	4	26	1576
<http://www.wikidata.org/entity/Q9027>	<http://www.wikidata.org/entity/Q9237>	38988	1996	1	4	1	80	2076
<http://www.wikidata.org/entity/Q8765>	<http://www.wikidata.org/entity/Q10134>	33758	21	0	0	0	2	23
<http://www.wikidata.org/entity/Q58635>	<http://www.wikidata.org/entity/Q13955>	8319	805	5	8	0	24	835
<http://www.wikidata.org/entity/Q13955>	<http://www.wikidata.org/entity/Q58635>	14706	437	4	7	0	18	461
<http://www.wikidata.org/entity/Q36495>	<http://www.wikidata.org/entity/Q25167>	1973	1009	0	7	0	24	1037
<http://www.wikidata.org/entity/Q25167>	<http://www.wikidata.org/entity/Q36495>	50565	1160	0	14	0	28	1196
<http://www.wikidata.org/entity/Q9035>	<http://www.wikidata.org/entity/Q25167>	19363	4986	163	175	188	72	5333
<http://www.wikidata.org/entity/Q25167>	<http://www.wikidata.org/entity/Q9035>	50565	6476	192	204	243	91	6906
<http://www.wikidata.org/entity/Q809>	<http://www.wikidata.org/entity/Q727694>	4135	264	1	4	0	1	266
<http://www.wikidata.org/entity/Q727694>	<http://www.wikidata.org/entity/Q809>	4417	337	1	4	0	2	340
<http://www.wikidata.org/entity/Q11059>	<http://www.wikidata.org/entity/Q8748>	1928	96	0	0	0	1	97
<http://www.wikidata.org/entity/Q8748>	<http://www.wikidata.org/entity/Q11059>	8162	67	0	0	0	1	68
<http://www.wikidata.org/entity/Q56475>	<http://www.wikidata.org/entity/Q1321>	1897	283	0	0	1	14	298
<http://www.wikidata.org/entity/Q1412>	<http://www.wikidata.org/entity/Q7411>	2495	201	0	1	1	1	203
<http://www.wikidata.org/entity/Q7411>	<http://www.wikidata.org/entity/Q1412>	2611	210	0	1	1	1	211
<http://www.wikidata.org/entity/Q1321>	<http://www.wikidata.org/entity/Q56475>	20953	356	0	0	1	16	373
<http://www.wikidata.org/entity/Q1321>	<http://www.wikidata.org/entity/Q5146>	20953	955	40	68	36	34	1038
<http://www.wikidata.org/entity/Q5146>	<http://www.wikidata.org/entity/Q1321>	176780	808	41	66	39	35	894
<http://www.wikidata.org/entity/Q9288>	<http://www.wikidata.org/entity/Q5146>	7451	1215	0	6	0	17	1234
<http://www.wikidata.org/entity/Q5146>	<http://www.wikidata.org/entity/Q9288>	176780	1203	0	6	0	22	1227
<http://www.wikidata.org/entity/Q56475>	<http://www.wikidata.org/entity/Q9288>	1897	355	0	0	0	12	367
<http://www.wikidata.org/entity/Q11059>	<http://www.wikidata.org/entity/Q7411>	1928	106	0	0	0	1	107
<http://www.wikidata.org/entity/Q7411>	<http://www.wikidata.org/entity/Q11059>	2611	101	0	0	0	1	102
<http://www.wikidata.org/entity/Q9288>	<http://www.wikidata.org/entity/Q56475>	7451	369	0	0	0	11	380
<http://www.wikidata.org/entity/Q1412>	<http://www.wikidata.org/entity/Q8748>	2495	78	0	0	0	0	78
<http://www.wikidata.org/entity/Q8748>	<http://www.wikidata.org/entity/Q1412>	8162	81	0	0	0	0	81
<http://www.wikidata.org/entity/Q727694>	<http://www.wikidata.org/entity/Q50868>	4417	21	0	0	0	0	21
<http://www.wikidata.org/entity/Q50868>	<http://www.wikidata.org/entity/Q727694>	18852	16	0	0	0	0	16
<http://www.wikidata.org/entity/Q56475>	<http://www.wikidata.org/entity/Q33151>	1897	39	0	0	0	0	39
<http://www.wikidata.org/entity/Q33151>	<http://www.wikidata.org/entity/Q56475>	1938	35	0	0	0	0	35
<http://www.wikidata.org/entity/Q33151>	<http://www.wikidata.org/entity/Q5146>	1938	47	1	4	0	0	49
<http://www.wikidata.org/entity/Q5146>	<http://www.wikidata.org/entity/Q33151>	176780	49	1	5	0	0	51
<http://www.wikidata.org/entity/Q7411>	<http://www.wikidata.org/entity/Q11051>	2611	241	0	0	2	1	244
<http://www.wikidata.org/entity/Q11051>	<http://www.wikidata.org/entity/Q7411>	3900	319	0	0	2	1	322
<http://www.wikidata.org/entity/Q11051>	<http://www.wikidata.org/entity/Q8748>	3900	165	0	0	0	2	167
<http://www.wikidata.org/entity/Q8748>	<http://www.wikidata.org/entity/Q11051>	8162	107	0	0	0	2	109
<http://www.wikidata.org/entity/Q11059>	<http://www.wikidata.org/entity/Q36928>	1928	190	0	0	0	0	190
<http://www.wikidata.org/entity/Q36928>	<http://www.wikidata.org/entity/Q11059>	3314	210	0	0	0	0	210
<http://www.wikidata.org/entity/Q10134>	<http://www.wikidata.org/entity/Q33947>	2146	10	0	0	0	1	11
<http://www.wikidata.org/entity/Q33947>	<http://www.wikidata.org/entity/Q10134>	10045	10	0	0	0	1	11
<http://www.wikidata.org/entity/Q1412>	<http://www.wikidata.org/entity/Q36928>	2495	148	0	0	0	0	148
<http://www.wikidata.org/entity/Q36928>	<http://www.wikidata.org/entity/Q1412>	3314	219	0	0	0	0	219
<http://www.wikidata.org/entity/Q809>	<http://www.wikidata.org/entity/Q56356571>	4135	348	1	3	0	0	348
<http://www.wikidata.org/entity/Q56356571>	<http://www.wikidata.org/entity/Q809>	11610	590	3	6	0	0	590
<http://www.wikidata.org/entity/Q36928>	<http://www.wikidata.org/entity/Q11051>	3314	358	0	0	0	0	358
<http://www.wikidata.org/entity/Q11051>	<http://www.wikidata.org/entity/Q36928>	3900	339	0	0	0	0	339
<http://www.wikidata.org/entity/Q9237>	<http://www.wikidata.org/entity/Q7737>	5311	1569	2	16	0	27	1598
<http://www.wikidata.org/entity/Q7737>	<http://www.wikidata.org/entity/Q9237>	18679	2049	4	18	0	35	2084
<http://www.wikidata.org/entity/Q9176>	<http://www.wikidata.org/entity/Q727694>	1593	185	2	3	0	16	201
<http://www.wikidata.org/entity/Q727694>	<http://www.wikidata.org/entity/Q9176>	4417	231	2	3	0	18	249
<http://www.wikidata.org/entity/Q33454>	<http://www.wikidata.org/entity/Q1860>	9001	161	1	1	0	3	165
<http://www.wikidata.org/entity/Q1860>	<http://www.wikidata.org/entity/Q33454>	59942	255	1	1	0	6	262
<http://www.wikidata.org/entity/Q11059>	<http://www.wikidata.org/entity/Q5218>	1928	11	0	0	0	0	11
<http://www.wikidata.org/entity/Q5218>	<http://www.wikidata.org/entity/Q11059>	2046	5	0	0	0	0	5
<http://www.wikidata.org/entity/Q35518>	<http://www.wikidata.org/entity/Q25164>	15737	2209	0	1	0	72	2281
<http://www.wikidata.org/entity/Q25164>	<http://www.wikidata.org/entity/Q35518>	32974	1291	0	2	0	65	1356
<http://www.wikidata.org/entity/Q33284>	<http://www.wikidata.org/entity/Q8765>	1711	1	0	0	0	0	1
<http://www.wikidata.org/entity/Q8765>	<http://www.wikidata.org/entity/Q33284>	33758	1	0	0	0	0	1
<http://www.wikidata.org/entity/Q5218>	<http://www.wikidata.org/entity/Q1412>	2046	8	0	1	0	0	8
<http://www.wikidata.org/entity/Q1412>	<http://www.wikidata.org/entity/Q5218>	2495	9	0	1	0	0	9
<http://www.wikidata.org/entity/Q33284>	<http://www.wikidata.org/entity/Q9610>	1711	16	0	0	0	0	16
<http://www.wikidata.org/entity/Q9610>	<http://www.wikidata.org/entity/Q33284>	14501	119	0	0	0	0	119
<http://www.wikidata.org/entity/Q727694>	<http://www.wikidata.org/entity/Q12107>	4417	549	0	1	0	54	604
<http://www.wikidata.org/entity/Q12107>	<http://www.wikidata.org/entity/Q727694>	5780	526	0	1	0	29	556
<http://www.wikidata.org/entity/Q58635>	<http://www.wikidata.org/entity/Q652>	8319	2471	0	4	8	62	2542
<http://www.wikidata.org/entity/Q652>	<http://www.wikidata.org/entity/Q58635>	26452	1834	0	2	6	44	1885
<http://www.wikidata.org/entity/Q36790>	<http://www.wikidata.org/entity/Q8765>	17051	69	0	0	0	5	74
<http://www.wikidata.org/entity/Q8765>	<http://www.wikidata.org/entity/Q36790>	33758	17	0	0	0	2	19
<http://www.wikidata.org/entity/Q9610>	<http://www.wikidata.org/entity/Q36790>	14501	721	0	0	0	98	819
<http://www.wikidata.org/entity/Q36790>	<http://www.wikidata.org/entity/Q9610>	17051	1880	0	0	0	230	2110
<http://www.wikidata.org/entity/Q35518>	<http://www.wikidata.org/entity/Q25167>	15737	3003	0	1	0	104	3107
<http://www.wikidata.org/entity/Q25167>	<http://www.wikidata.org/entity/Q35518>	50565	1954	0	4	0	90	2044
<http://www.wikidata.org/entity/Q33454>	<http://www.wikidata.org/entity/Q150>	9001	127	0	1	0	2	130
<http://www.wikidata.org/entity/Q150>	<http://www.wikidata.org/entity/Q33454>	33497	156	0	1	0	3	160
<http://www.wikidata.org/entity/Q5218>	<http://www.wikidata.org/entity/Q11051>	2046	8	0	0	0	0	8
<http://www.wikidata.org/entity/Q11051>	<http://www.wikidata.org/entity/Q5218>	3900	12	0	0	0	0	12
<http://www.wikidata.org/entity/Q9237>	<http://www.wikidata.org/entity/Q35518>	5311	668	0	1	0	94	762
<http://www.wikidata.org/entity/Q58635>	<http://www.wikidata.org/entity/Q36236>	8319	1481	0	17	0	22	1509
<http://www.wikidata.org/entity/Q36236>	<http://www.wikidata.org/entity/Q58635>	12554	1072	0	16	0	18	1091
<http://www.wikidata.org/entity/Q35518>	<http://www.wikidata.org/entity/Q9237>	15737	1600	0	1	0	183	1783
<http://www.wikidata.org/entity/Q727694>	<http://www.wikidata.org/entity/Q9168>	4417	29	0	0	0	17	46
<http://www.wikidata.org/entity/Q9168>	<http://www.wikidata.org/entity/Q727694>	18925	24	0	0	0	13	37
<http://www.wikidata.org/entity/Q7737>	<http://www.wikidata.org/entity/Q25164>	18679	4610	5	14	27	17	4645
<http://www.wikidata.org/entity/Q25164>	<http://www.wikidata.org/entity/Q7737>	32974	4573	4	17	20	17	4605
<http://www.wikidata.org/entity/Q33284>	<http://www.wikidata.org/entity/Q8752>	1711	6	0	0	0	0	6
<http://www.wikidata.org/entity/Q8752>	<http://www.wikidata.org/entity/Q33284>	30759	8	0	0	0	0	8
<http://www.wikidata.org/entity/Q36790>	<http://www.wikidata.org/entity/Q8752>	17051	1035	1	1	0	6	1041
<http://www.wikidata.org/entity/Q8752>	<http://www.wikidata.org/entity/Q36790>	30759	314	1	1	0	2	316
<http://www.wikidata.org/entity/Q7737>	<http://www.wikidata.org/entity/Q25167>	18679	6035	4	11	42	26	6094
<http://www.wikidata.org/entity/Q25167>	<http://www.wikidata.org/entity/Q7737>	50565	6303	2	15	32	32	6359
<http://www.wikidata.org/entity/Q56475>	<http://www.wikidata.org/entity/Q652>	1897	523	0	0	0	28	551
<http://www.wikidata.org/entity/Q652>	<http://www.wikidata.org/entity/Q56475>	26452	634	0	0	0	32	666
<http://www.wikidata.org/entity/Q652>	<http://www.wikidata.org/entity/Q5146>	26452	2266	12	39	23	40	2340
<http://www.wikidata.org/entity/Q5146>	<http://www.wikidata.org/entity/Q652>	176780	2016	12	43	27	29	2085
<http://www.wikidata.org/entity/Q33284>	<http://www.wikidata.org/entity/Q8748>	1711	6	0	0	0	0	6
<http://www.wikidata.org/entity/Q8748>	<http://www.wikidata.org/entity/Q33284>	8162	6	0	0	0	0	6
<http://www.wikidata.org/entity/Q809>	<http://www.wikidata.org/entity/Q150>	4135	671	26	55	2	1	679
<http://www.wikidata.org/entity/Q9176>	<http://www.wikidata.org/entity/Q188>	1593	482	2	8	0	37	521
<http://www.wikidata.org/entity/Q150>	<http://www.wikidata.org/entity/Q809>	33497	746	20	39	4	1	752
<http://www.wikidata.org/entity/Q188>	<http://www.wikidata.org/entity/Q9176>	20135	686	2	6	0	54	742
<http://www.wikidata.org/entity/Q35518>	<http://www.wikidata.org/entity/Q5287>	15737	2295	0	2	0	222	2517
<http://www.wikidata.org/entity/Q5287>	<http://www.wikidata.org/entity/Q35518>	34860	1433	0	5	0	188	1621
<http://www.wikidata.org/entity/Q10134>	<http://www.wikidata.org/entity/Q397>	2146	293	0	2	0	7	300
<http://www.wikidata.org/entity/Q397>	<http://www.wikidata.org/entity/Q10134>	2705	328	0	3	0	8	336
<http://www.wikidata.org/entity/Q33284>	<http://www.wikidata.org/entity/Q7411>	1711	9	0	0	0	0	9
<http://www.wikidata.org/entity/Q7411>	<http://www.wikidata.org/entity/Q33284>	2611	9	0	0	0	0	9
<http://www.wikidata.org/entity/Q12107>	<http://www.wikidata.org/entity/Q188>	5780	2247	3	17	11	83	2337
<http://www.wikidata.org/entity/Q188>	<http://www.wikidata.org/entity/Q12107>	20135	2677	6	19	12	110	2799
<http://www.wikidata.org/entity/Q256>	<http://www.wikidata.org/entity/Q35518>	2630	356	0	0	0	97	453
<http://www.wikidata.org/entity/Q35518>	<http://www.wikidata.org/entity/Q256>	15737	905	0	0	0	188	1093
<http://www.wikidata.org/entity/Q7411>	<http://www.wikidata.org/entity/Q36790>	2611	258	0	0	0	9	266
<http://www.wikidata.org/entity/Q36790>	<http://www.wikidata.org/entity/Q7411>	17051	969	0	0	0	40	1009
<http://www.wikidata.org/entity/Q8748>	<http://www.wikidata.org/entity/Q36790>	8162	155	0	0	0	5	160
<http://www.wikidata.org/entity/Q36790>	<http://www.wikidata.org/entity/Q8748>	17051	695	0	0	0	12	707
<http://www.wikidata.org/entity/Q809>	<http://www.wikidata.org/entity/Q1860>	4135	819	76	105	2	4	842
<http://www.wikidata.org/entity/Q1860>	<http://www.wikidata.org/entity/Q809>	59942	1014	51	72	2	4	1031
<http://www.wikidata.org/entity/Q9168>	<http://www.wikidata.org/entity/Q188>	18925	268	0	0	0	23	291
<http://www.wikidata.org/entity/Q188>	<http://www.wikidata.org/entity/Q9168>	20135	327	0	0	0	34	361
<http://www.wikidata.org/entity/Q33284>	<http://www.wikidata.org/entity/Q36928>	1711	14	0	0	0	0	14
<http://www.wikidata.org/entity/Q36928>	<http://www.wikidata.org/entity/Q33284>	3314	18	0	0	0	0	18
<http://www.wikidata.org/entity/Q7737>	<http://www.wikidata.org/entity/Q5287>	18679	4184	9	30	15	57	4262
<http://www.wikidata.org/entity/Q5287>	<http://www.wikidata.org/entity/Q7737>	34860	3874	7	32	5	88	3975
<http://www.wikidata.org/entity/Q256>	<http://www.wikidata.org/entity/Q7737>	2630	694	3	7	0	23	718
<http://www.wikidata.org/entity/Q56475>	<http://www.wikidata.org/entity/Q36236>	1897	335	0	0	0	11	346
<http://www.wikidata.org/entity/Q7737>	<http://www.wikidata.org/entity/Q256>	18679	1081	3	8	0	28	1110
<http://www.wikidata.org/entity/Q36236>	<http://www.wikidata.org/entity/Q56475>	12554	426	0	0	0	13	439
<http://www.wikidata.org/entity/Q36236>	<http://www.wikidata.org/entity/Q5146>	12554	1101	2	27	0	13	1117
<http://www.wikidata.org/entity/Q5146>	<http://www.wikidata.org/entity/Q36236>	176780	961	2	23	0	17	979
<http://www.wikidata.org/entity/Q36928>	<http://www.wikidata.org/entity/Q36790>	3314	910	0	0	0	0	910
<http://www.wikidata.org/entity/Q36790>	<http://www.wikidata.org/entity/Q36928>	17051	2991	0	0	0	0	2991
<http://www.wikidata.org/entity/Q33151>	<http://www.wikidata.org/entity/Q58635>	1938	54	0	0	0	0	54
<http://www.wikidata.org/entity/Q58635>	<http://www.wikidata.org/entity/Q33151>	8319	140	0	0	0	0	140
<http://www.wikidata.org/entity/Q9288>	<http://www.wikidata.org/entity/Q58635>	7451	935	0	0	1	21	957
<http://www.wikidata.org/entity/Q58635>	<http://www.wikidata.org/entity/Q9288>	8319	1540	0	0	3	29	1572
<http://www.wikidata.org/entity/Q33284>	<http://www.wikidata.org/entity/Q5218>	1711	2	0	0	0	0	2
<http://www.wikidata.org/entity/Q5218>	<http://www.wikidata.org/entity/Q33284>	2046	2	0	0	0	0	2
<http://www.wikidata.org/entity/Q1412>	<http://www.wikidata.org/entity/Q9610>	2495	241	0	1	0	16	258
<http://www.wikidata.org/entity/Q9610>	<http://www.wikidata.org/entity/Q1412>	14501	334	0	1	0	17	352
<http://www.wikidata.org/entity/Q1412>	<http://www.wikidata.org/entity/Q8765>	2495	18	0	0	0	2	20
<http://www.wikidata.org/entity/Q8765>	<http://www.wikidata.org/entity/Q1412>	33758	18	0	0	0	2	20
<http://www.wikidata.org/entity/Q11059>	<http://www.wikidata.org/entity/Q9610>	1928	283	18	19	0	27	323
<http://www.wikidata.org/entity/Q9610>	<http://www.wikidata.org/entity/Q11059>	14501	540	18	21	0	27	581
<http://www.wikidata.org/entity/Q58635>	<http://www.wikidata.org/entity/Q1321>	8319	1260	0	3	9	34	1299
<http://www.wikidata.org/entity/Q1321>	<http://www.wikidata.org/entity/Q58635>	20953	976	0	1	9	28	1010
<http://www.wikidata.org/entity/Q11059>	<http://www.wikidata.org/entity/Q8765>	1928	29	0	0	0	1	30
<http://www.wikidata.org/entity/Q8765>	<http://www.wikidata.org/entity/Q11059>	33758	17	0	0	0	1	18
<http://www.wikidata.org/entity/Q50868>	<http://www.wikidata.org/entity/Q188>	18852	40	0	0	0	3	43
<http://www.wikidata.org/entity/Q188>	<http://www.wikidata.org/entity/Q50868>	20135	73	0	0	0	5	78
<http://www.wikidata.org/entity/Q11051>	<http://www.wikidata.org/entity/Q9610>	3900	682	46	58	0	41	762
<http://www.wikidata.org/entity/Q9610>	<http://www.wikidata.org/entity/Q11051>	14501	839	51	57	0	42	923
<http://www.wikidata.org/entity/Q11051>	<http://www.wikidata.org/entity/Q8765>	3900	41	0	0	0	2	43
<http://www.wikidata.org/entity/Q8765>	<http://www.wikidata.org/entity/Q11051>	33758	23	0	0	0	2	25
<http://www.wikidata.org/entity/Q5218>	<http://www.wikidata.org/entity/Q36790>	2046	10	1	1	0	0	10
<http://www.wikidata.org/entity/Q36790>	<http://www.wikidata.org/entity/Q5218>	17051	27	1	1	0	0	27
<http://www.wikidata.org/entity/Q33454>	<http://www.wikidata.org/entity/Q56356571>	9001	88	0	0	0	2	90
<http://www.wikidata.org/entity/Q56356571>	<http://www.wikidata.org/entity/Q33454>	11610	160	0	0	0	2	162
<http://www.wikidata.org/entity/Q1412>	<http://www.wikidata.org/entity/Q8752>	2495	159	1	1	0	0	159
<http://www.wikidata.org/entity/Q8752>	<http://www.wikidata.org/entity/Q1412>	30759	175	1	1	0	0	175
<http://www.wikidata.org/entity/Q11059>	<http://www.wikidata.org/entity/Q8752>	1928	95	0	0	0	3	98
<http://www.wikidata.org/entity/Q8752>	<http://www.wikidata.org/entity/Q11059>	30759	92	0	0	0	1	93
<http://www.wikidata.org/entity/Q11051>	<http://www.wikidata.org/entity/Q8752>	3900	278	0	0	0	3	281
<http://www.wikidata.org/entity/Q8752>	<http://www.wikidata.org/entity/Q11051>	30759	227	0	0	0	1	228
<http://www.wikidata.org/entity/Q8752>	<http://www.wikidata.org/entity/Q1860>	30759	1927	14	27	0	3	1933
<http://www.wikidata.org/entity/Q1860>	<http://www.wikidata.org/entity/Q8752>	59942	2228	17	30	0	4	2235
<http://www.wikidata.org/entity/Q33151>	<http://www.wikidata.org/entity/Q35518>	1938	66	0	0	0	1	67
<http://www.wikidata.org/entity/Q35518>	<http://www.wikidata.org/entity/Q33151>	15737	169	0	0	0	5	174
<http://www.wikidata.org/entity/Q9288>	<http://www.wikidata.org/entity/Q35518>	7451	830	1	2	0	30	860
<http://www.wikidata.org/entity/Q35518>	<http://www.wikidata.org/entity/Q9288>	15737	1943	1	2	0	67	2010
<http://www.wikidata.org/entity/Q35518>	<http://www.wikidata.org/entity/Q1321>	15737	1304	0	0	0	65	1369
<http://www.wikidata.org/entity/Q1321>	<http://www.wikidata.org/entity/Q35518>	20953	595	0	0	0	32	627
<http://www.wikidata.org/entity/Q5218>	<http://www.wikidata.org/entity/Q56356571>	2046	10	0	0	0	0	10
<http://www.wikidata.org/entity/Q56356571>	<http://www.wikidata.org/entity/Q5218>	11610	38	0	0	0	0	38
<http://www.wikidata.org/entity/Q9072>	<http://www.wikidata.org/entity/Q13955>	4943	371	0	0	0	8	379
<http://www.wikidata.org/entity/Q13955>	<http://www.wikidata.org/entity/Q9072>	14706	336	0	0	0	11	347
<http://www.wikidata.org/entity/Q8752>	<http://www.wikidata.org/entity/Q150>	30759	1501	3	13	0	3	1504
<http://www.wikidata.org/entity/Q150>	<http://www.wikidata.org/entity/Q8752>	33497	1544	4	13	0	4	1548
<http://www.wikidata.org/entity/Q9072>	<http://www.wikidata.org/entity/Q32238>	4943	492	0	1	0	5	497
<http://www.wikidata.org/entity/Q32238>	<http://www.wikidata.org/entity/Q9072>	14153	663	0	1	0	5	668
<http://www.wikidata.org/entity/Q8765>	<http://www.wikidata.org/entity/Q1860>	33758	76	13	14	0	2	86
<http://www.wikidata.org/entity/Q1860>	<http://www.wikidata.org/entity/Q8765>	59942	105	13	14	0	2	114
<http://www.wikidata.org/entity/Q9610>	<http://www.wikidata.org/entity/Q1860>	14501	1484	54	64	5	168	1673
<http://www.wikidata.org/entity/Q33151>	<http://www.wikidata.org/entity/Q7737>	1938	67	1	4	0	0	69
<http://www.wikidata.org/entity/Q1860>	<http://www.wikidata.org/entity/Q9610>	59942	1469	36	45	7	240	1732
<http://www.wikidata.org/entity/Q7737>	<http://www.wikidata.org/entity/Q33151>	18679	114	1	5	0	0	115
<http://www.wikidata.org/entity/Q33578>	<http://www.wikidata.org/entity/Q9056>	5759	526	0	0	0	4	530
<http://www.wikidata.org/entity/Q9288>	<http://www.wikidata.org/entity/Q7737>	7451	2733	2	8	0	6	2740
<http://www.wikidata.org/entity/Q7737>	<http://www.wikidata.org/entity/Q9288>	18679	3582	2	9	0	7	3590
<http://www.wikidata.org/entity/Q9056>	<http://www.wikidata.org/entity/Q33578>	25347	604	1	1	0	4	608
<http://www.wikidata.org/entity/Q7737>	<http://www.wikidata.org/entity/Q1321>	18679	2977	21	39	35	27	3027
<http://www.wikidata.org/entity/Q1321>	<http://www.wikidata.org/entity/Q7737>	20953	2577	29	47	27	18	2617
<http://www.wikidata.org/entity/Q13349>	<http://www.wikidata.org/entity/Q13955>	6804	10	0	0	0	0	10
<http://www.wikidata.org/entity/Q13955>	<http://www.wikidata.org/entity/Q13349>	14706	11	0	0	0	0	11
<http://www.wikidata.org/entity/Q13349>	<http://www.wikidata.org/entity/Q32238>	6804	6	0	0	0	0	6
<http://www.wikidata.org/entity/Q32238>	<http://www.wikidata.org/entity/Q13349>	14153	15	0	0	0	0	15
<http://www.wikidata.org/entity/Q397>	<http://www.wikidata.org/entity/Q727694>	2705	354	1	3	0	9	363
<http://www.wikidata.org/entity/Q727694>	<http://www.wikidata.org/entity/Q397>	4417	417	1	9	0	17	434
<http://www.wikidata.org/entity/Q33284>	<http://www.wikidata.org/entity/Q33454>	1711	8	0	0	0	0	8
<http://www.wikidata.org/entity/Q33454>	<http://www.wikidata.org/entity/Q33284>	9001	11	0	0	0	0	11
<http://www.wikidata.org/entity/Q33454>	<http://www.wikidata.org/entity/Q36790>	9001	93	0	0	0	2	95
<http://www.wikidata.org/entity/Q36790>	<http://www.wikidata.org/entity/Q33454>	17051	448	0	0	0	5	453
<http://www.wikidata.org/entity/Q9610>	<http://www.wikidata.org/entity/Q150>	14501	1317	3	12	4	92	1412
<http://www.wikidata.org/entity/Q150>	<http://www.wikidata.org/entity/Q9610>	33497	1108	2	9	9	101	1215
<http://www.wikidata.org/entity/Q150>	<http://www.wikidata.org/entity/Q8765>	33497	72	1	2	0	3	76
<http://www.wikidata.org/entity/Q8765>	<http://www.wikidata.org/entity/Q150>	33758	64	1	2	0	2	67
<http://www.wikidata.org/entity/Q13955>	<http://www.wikidata.org/entity/Q9056>	14706	282	3	5	0	4	286
<http://www.wikidata.org/entity/Q9056>	<http://www.wikidata.org/entity/Q13955>	25347	395	4	7	0	3	398
<http://www.wikidata.org/entity/Q58635>	<http://www.wikidata.org/entity/Q5287>	8319	1967	0	1	1	117	2084
<http://www.wikidata.org/entity/Q56475>	<http://www.wikidata.org/entity/Q25164>	1897	381	0	0	0	17	398
<http://www.wikidata.org/entity/Q5287>	<http://www.wikidata.org/entity/Q58635>	34860	1803	0	2	1	139	1943
<http://www.wikidata.org/entity/Q25164>	<http://www.wikidata.org/entity/Q56475>	32974	523	0	0	0	25	548
<http://www.wikidata.org/entity/Q25164>	<http://www.wikidata.org/entity/Q5146>	32974	1752	1	14	27	54	1826
<http://www.wikidata.org/entity/Q5146>	<http://www.wikidata.org/entity/Q25164>	176780	1342	1	8	30	40	1407
<http://www.wikidata.org/entity/Q32238>	<http://www.wikidata.org/entity/Q9056>	14153	486	0	5	0	0	487
<http://www.wikidata.org/entity/Q9056>	<http://www.wikidata.org/entity/Q32238>	25347	534	1	5	0	0	534
<http://www.wikidata.org/entity/Q7411>	<http://www.wikidata.org/entity/Q56356571>	2611	482	0	0	12	2	492
<http://www.wikidata.org/entity/Q56356571>	<http://www.wikidata.org/entity/Q7411>	11610	754	0	0	7	3	762
<http://www.wikidata.org/entity/Q33947>	<http://www.wikidata.org/entity/Q188>	10045	18	1	2	0	1	19
<http://www.wikidata.org/entity/Q188>	<http://www.wikidata.org/entity/Q33947>	20135	39	1	2	0	2	41
<http://www.wikidata.org/entity/Q33578>	<http://www.wikidata.org/entity/Q13349>	5759	14	0	0	0	0	14
<http://www.wikidata.org/entity/Q13349>	<http://www.wikidata.org/entity/Q33578>	6804	9	0	0	0	0	9
<http://www.wikidata.org/entity/Q8748>	<http://www.wikidata.org/entity/Q56356571>	8162	186	1	1	2	0	189
<http://www.wikidata.org/entity/Q56356571>	<http://www.wikidata.org/entity/Q8748>	11610	312	1	1	1	0	313
<http://www.wikidata.org/entity/Q256>	<http://www.wikidata.org/entity/Q58635>	2630	499	6	13	1	69	577
<http://www.wikidata.org/entity/Q58635>	<http://www.wikidata.org/entity/Q256>	8319	839	6	14	1	91	942
<http://www.wikidata.org/entity/Q25167>	<http://www.wikidata.org/entity/Q5146>	50565	2497	1	18	42	68	2603
<http://www.wikidata.org/entity/Q5146>	<http://www.wikidata.org/entity/Q25167>	176780	1809	1	8	39	50	1894
<http://www.wikidata.org/entity/Q56475>	<http://www.wikidata.org/entity/Q25167>	1897	496	0	0	1	32	529
<http://www.wikidata.org/entity/Q25167>	<http://www.wikidata.org/entity/Q56475>	50565	750	0	0	1	49	800
<http://www.wikidata.org/entity/Q9237>	<http://www.wikidata.org/entity/Q5146>	5311	1053	4	15	1	51	1103
<http://www.wikidata.org/entity/Q5146>	<http://www.wikidata.org/entity/Q9237>	176780	989	4	18	2	59	1047
<http://www.wikidata.org/entity/Q11051>	<http://www.wikidata.org/entity/Q809>	3900	252	0	0	0	0	252
<http://www.wikidata.org/entity/Q809>	<http://www.wikidata.org/entity/Q11051>	4135	167	0	1	0	0	167
<http://www.wikidata.org/entity/Q36928>	<http://www.wikidata.org/entity/Q56356571>	3314	569	0	0	0	0	569
<http://www.wikidata.org/entity/Q56475>	<http://www.wikidata.org/entity/Q9237>	1897	344	0	0	0	54	398
<http://www.wikidata.org/entity/Q56356571>	<http://www.wikidata.org/entity/Q36928>	11610	652	0	0	0	0	652
<http://www.wikidata.org/entity/Q9237>	<http://www.wikidata.org/entity/Q56475>	5311	392	0	0	0	59	451
<http://www.wikidata.org/entity/Q11059>	<http://www.wikidata.org/entity/Q809>	1928	100	0	0	0	0	100
<http://www.wikidata.org/entity/Q809>	<http://www.wikidata.org/entity/Q11059>	4135	82	0	0	0	0	82
<http://www.wikidata.org/entity/Q1412>	<http://www.wikidata.org/entity/Q809>	2495	149	2	9	0	0	149
<http://www.wikidata.org/entity/Q809>	<http://www.wikidata.org/entity/Q1412>	4135	163	5	19	0	0	163
<http://www.wikidata.org/entity/Q9072>	<http://www.wikidata.org/entity/Q33578>	4943	621	0	0	0	15	636
<http://www.wikidata.org/entity/Q33578>	<http://www.wikidata.org/entity/Q9072>	5759	730	0	0	0	20	750
<http://www.wikidata.org/entity/Q36236>	<http://www.wikidata.org/entity/Q7737>	12554	2089	13	35	0	4	2096
<http://www.wikidata.org/entity/Q7737>	<http://www.wikidata.org/entity/Q36236>	18679	2640	6	21	0	5	2647
<http://www.wikidata.org/entity/Q56475>	<http://www.wikidata.org/entity/Q256>	1897	217	0	0	0	56	273
<http://www.wikidata.org/entity/Q256>	<http://www.wikidata.org/entity/Q56475>	2630	234	0	0	0	55	289
<http://www.wikidata.org/entity/Q256>	<http://www.wikidata.org/entity/Q5146>	2630	456	0	1	1	44	499
<http://www.wikidata.org/entity/Q36495>	<http://www.wikidata.org/entity/Q13955>	1973	191	0	7	0	3	197
<http://www.wikidata.org/entity/Q5146>	<http://www.wikidata.org/entity/Q256>	176780	459	0	1	4	52	513
<http://www.wikidata.org/entity/Q13955>	<http://www.wikidata.org/entity/Q36495>	14706	141	0	5	0	4	147
<http://www.wikidata.org/entity/Q13955>	<http://www.wikidata.org/entity/Q9035>	14706	500	1	5	2	10	512
<http://www.wikidata.org/entity/Q9035>	<http://www.wikidata.org/entity/Q13955>	19363	539	1	6	2	12	554
<http://www.wikidata.org/entity/Q56356571>	<http://www.wikidata.org/entity/Q9610>	11610	902	6	10	2	47	956
<http://www.wikidata.org/entity/Q36495>	<http://www.wikidata.org/entity/Q32238>	1973	351	0	2	0	6	357
<http://www.wikidata.org/entity/Q9610>	<http://www.wikidata.org/entity/Q56356571>	14501	868	8	10	2	36	911
<http://www.wikidata.org/entity/Q32238>	<http://www.wikidata.org/entity/Q36495>	14153	384	0	5	0	3	389
<http://www.wikidata.org/entity/Q56356571>	<http://www.wikidata.org/entity/Q8765>	11610	80	0	0	0	3	83
<http://www.wikidata.org/entity/Q32238>	<http://www.wikidata.org/entity/Q9035>	14153	1035	1	8	0	4	1040
<http://www.wikidata.org/entity/Q9035>	<http://www.wikidata.org/entity/Q32238>	19363	832	0	4	0	4	836
<http://www.wikidata.org/entity/Q8765>	<http://www.wikidata.org/entity/Q56356571>	33758	45	0	0	0	2	47
<http://www.wikidata.org/entity/Q5287>	<http://www.wikidata.org/entity/Q5146>	34860	1937	2	25	4	127	2071
<http://www.wikidata.org/entity/Q5146>	<http://www.wikidata.org/entity/Q5287>	176780	1424	2	20	4	74	1506
<http://www.wikidata.org/entity/Q56475>	<http://www.wikidata.org/entity/Q5287>	1897	438	0	0	0	70	508
<http://www.wikidata.org/entity/Q58635>	<http://www.wikidata.org/entity/Q25164>	8319	1850	0	0	6	48	1901
<http://www.wikidata.org/entity/Q25164>	<http://www.wikidata.org/entity/Q58635>	32974	1528	0	0	8	51	1585
<http://www.wikidata.org/entity/Q5287>	<http://www.wikidata.org/entity/Q56475>	34860	752	0	0	0	109	861
<http://www.wikidata.org/entity/Q35518>	<http://www.wikidata.org/entity/Q652>	15737	3251	1	2	0	93	3344
<http://www.wikidata.org/entity/Q652>	<http://www.wikidata.org/entity/Q35518>	26452	1745	1	2	0	59	1804
<http://www.wikidata.org/entity/Q727694>	<http://www.wikidata.org/entity/Q33947>	4417	26	0	0	0	1	27
<http://www.wikidata.org/entity/Q33947>	<http://www.wikidata.org/entity/Q727694>	10045	13	0	0	0	1	14
<http://www.wikidata.org/entity/Q58635>	<http://www.wikidata.org/entity/Q25167>	8319	2364	6	7	12	73	2453
<http://www.wikidata.org/entity/Q25167>	<http://www.wikidata.org/entity/Q58635>	50565	2172	3	4	12	90	2276
<http://www.wikidata.org/entity/Q36236>	<http://www.wikidata.org/entity/Q35518>	12554	816	0	3	0	24	840
<http://www.wikidata.org/entity/Q35518>	<http://www.wikidata.org/entity/Q36236>	15737	1782	0	1	0	49	1831
<http://www.wikidata.org/entity/Q9237>	<http://www.wikidata.org/entity/Q58635>	5311	916	2	3	0	72	990
<http://www.wikidata.org/entity/Q58635>	<http://www.wikidata.org/entity/Q9237>	8319	1424	2	3	0	92	1518
<http://www.wikidata.org/entity/Q32238>	<http://www.wikidata.org/entity/Q9027>	14153	1147	0	6	0	10	1155
<http://www.wikidata.org/entity/Q9027>	<http://www.wikidata.org/entity/Q32238>	38988	1010	0	4	0	9	1019
<http://www.wikidata.org/entity/Q1412>	<http://www.wikidata.org/entity/Q33454>	2495	53	0	0	0	2	55
<http://www.wikidata.org/entity/Q33454>	<http://www.wikidata.org/entity/Q1412>	9001	54	0	0	0	2	56
<http://www.wikidata.org/entity/Q13955>	<http://www.wikidata.org/entity/Q9027>	14706	585	1	3	2	13	599
<http://www.wikidata.org/entity/Q56356571>	<http://www.wikidata.org/entity/Q8752>	11610	743	0	2	0	4	747
<http://www.wikidata.org/entity/Q10134>	<http://www.wikidata.org/entity/Q50868>	2146	15	0	0	0	1	16
<http://www.wikidata.org/entity/Q9027>	<http://www.wikidata.org/entity/Q13955>	38988	659	1	3	3	14	675
<http://www.wikidata.org/entity/Q8752>	<http://www.wikidata.org/entity/Q56356571>	30759	545	0	1	0	2	547
<http://www.wikidata.org/entity/Q50868>	<http://www.wikidata.org/entity/Q10134>	18852	14	0	0	0	1	15
<http://www.wikidata.org/entity/Q7737>	<http://www.wikidata.org/entity/Q652>	18679	7043	9	43	31	23	7102
<http://www.wikidata.org/entity/Q652>	<http://www.wikidata.org/entity/Q7737>	26452	6393	9	39	21	23	6437
<http://www.wikidata.org/entity/Q11059>	<http://www.wikidata.org/entity/Q33454>	1928	61	0	0	0	0	61
<http://www.wikidata.org/entity/Q33454>	<http://www.wikidata.org/entity/Q11059>	9001	44	0	0	0	0	44
<http://www.wikidata.org/entity/Q5218>	<http://www.wikidata.org/entity/Q1860>	2046	19	11	12	0	1	21
<http://www.wikidata.org/entity/Q1860>	<http://www.wikidata.org/entity/Q5218>	59942	38	4	6	0	3	42
<http://www.wikidata.org/entity/Q5218>	<http://www.wikidata.org/entity/Q150>	2046	16	0	3	0	0	17
<http://www.wikidata.org/entity/Q150>	<http://www.wikidata.org/entity/Q5218>	33497	29	1	4	0	0	30
<http://www.wikidata.org/entity/Q11051>	<http://www.wikidata.org/entity/Q33454>	3900	121	0	0	0	2	123
<http://www.wikidata.org/entity/Q33454>	<http://www.wikidata.org/entity/Q11051>	9001	72	0	0	0	2	74
<http://www.wikidata.org/entity/Q33578>	<http://www.wikidata.org/entity/Q9027>	5759	1242	0	1	0	56	1296
<http://www.wikidata.org/entity/Q9027>	<http://www.wikidata.org/entity/Q33578>	38988	1197	0	1	0	51	1248
<http://www.wikidata.org/entity/Q36928>	<http://www.wikidata.org/entity/Q1860>	3314	1156	0	0	0	0	1156
<http://www.wikidata.org/entity/Q1860>	<http://www.wikidata.org/entity/Q36928>	59942	1104	0	0	0	0	1104
<http://www.wikidata.org/entity/Q10134>	<http://www.wikidata.org/entity/Q9168>	2146	33	0	0	0	8	41
<http://www.wikidata.org/entity/Q9168>	<http://www.wikidata.org/entity/Q10134>	18925	29	0	0	0	9	38
<http://www.wikidata.org/entity/Q36928>	<http://www.wikidata.org/entity/Q150>	3314	864	0	0	0	0	864
<http://www.wikidata.org/entity/Q150>	<http://www.wikidata.org/entity/Q36928>	33497	727	0	0	0	0	727
<http://www.wikidata.org/entity/Q7411>	<http://www.wikidata.org/entity/Q1860>	2611	1243	124	133	134	15	1386
<http://www.wikidata.org/entity/Q1860>	<http://www.wikidata.org/entity/Q7411>	59942	1599	102	112	130	25	1747
<http://www.wikidata.org/entity/Q33578>	<http://www.wikidata.org/entity/Q9035>	5759	1085	0	0	0	29	1114
<http://www.wikidata.org/entity/Q10134>	<http://www.wikidata.org/entity/Q12107>	2146	530	0	1	1	37	569
<http://www.wikidata.org/entity/Q9035>	<http://www.wikidata.org/entity/Q33578>	19363	994	0	0	0	32	1026
<http://www.wikidata.org/entity/Q12107>	<http://www.wikidata.org/entity/Q10134>	5780	730	0	1	1	50	782
<http://www.wikidata.org/entity/Q36495>	<http://www.wikidata.org/entity/Q33578>	1973	339	0	0	0	22	361
<http://www.wikidata.org/entity/Q33578>	<http://www.wikidata.org/entity/Q36495>	5759	360	0	0	0	18	378
<http://www.wikidata.org/entity/Q397>	<http://www.wikidata.org/entity/Q188>	2705	1143	24	33	0	19	1168
<http://www.wikidata.org/entity/Q188>	<http://www.wikidata.org/entity/Q397>	20135	1537	23	33	0	26	1567
<http://www.wikidata.org/entity/Q8748>	<http://www.wikidata.org/entity/Q1860>	8162	356	3	4	4	5	365
<http://www.wikidata.org/entity/Q1860>	<http://www.wikidata.org/entity/Q8748>	59942	495	3	4	6	11	509
<http://www.wikidata.org/entity/Q809>	<http://www.wikidata.org/entity/Q36790>	4135	214	0	1	0	1	215
<http://www.wikidata.org/entity/Q36790>	<http://www.wikidata.org/entity/Q809>	17051	864	0	1	0	1	865
<http://www.wikidata.org/entity/Q9176>	<http://www.wikidata.org/entity/Q10134>	1593	107	1	1	0	21	128
<http://www.wikidata.org/entity/Q10134>	<http://www.wikidata.org/entity/Q9176>	2146	92	1	1	0	17	109
<http://www.wikidata.org/entity/Q8748>	<http://www.wikidata.org/entity/Q150>	8162	274	0	2	4	3	279
<http://www.wikidata.org/entity/Q150>	<http://www.wikidata.org/entity/Q8748>	33497	336	0	2	5	4	344
<http://www.wikidata.org/entity/Q33284>	<http://www.wikidata.org/entity/Q809>	1711	7	0	0	0	0	7
<http://www.wikidata.org/entity/Q809>	<http://www.wikidata.org/entity/Q33284>	4135	9	0	0	0	0	9
<http://www.wikidata.org/entity/Q7411>	<http://www.wikidata.org/entity/Q150>	2611	979	27	39	199	10	1182
<http://www.wikidata.org/entity/Q150>	<http://www.wikidata.org/entity/Q7411>	33497	1065	24	35	394	10	1468
