?lang	?targ	?nSense	?nsIFTS	?nsTransToL2	?nsTrans2ToL2	?nsDemonym	?nsPredicateFor	?nsMeetsGlossTag	?nsAny
<http://www.wikidata.org/entity/Q36495>	<http://www.wikidata.org/entity/Q1412>	1973	200	1	4	0	7	0	208
<http://www.wikidata.org/entity/Q1412>	<http://www.wikidata.org/entity/Q36495>	2495	154	1	3	0	7	0	161
<http://www.wikidata.org/entity/Q1412>	<http://www.wikidata.org/entity/Q9035>	2495	542	6	14	1	11	1	555
<http://www.wikidata.org/entity/Q9035>	<http://www.wikidata.org/entity/Q1412>	19363	598	6	14	2	15	9	625
<http://www.wikidata.org/entity/Q9072>	<http://www.wikidata.org/entity/Q36790>	4943	650	0	0	0	26	0	676
<http://www.wikidata.org/entity/Q36790>	<http://www.wikidata.org/entity/Q9072>	17051	2649	0	0	0	70	0	2719
<http://www.wikidata.org/entity/Q11059>	<http://www.wikidata.org/entity/Q36495>	1928	159	0	2	0	11	0	170
<http://www.wikidata.org/entity/Q36495>	<http://www.wikidata.org/entity/Q11059>	1973	172	0	2	0	12	0	184
<http://www.wikidata.org/entity/Q11059>	<http://www.wikidata.org/entity/Q9035>	1928	349	0	1	0	14	0	363
<http://www.wikidata.org/entity/Q9035>	<http://www.wikidata.org/entity/Q11059>	19363	314	0	1	0	13	0	327
<http://www.wikidata.org/entity/Q33284>	<http://www.wikidata.org/entity/Q9072>	1711	16	0	0	0	0	0	16
<http://www.wikidata.org/entity/Q36495>	<http://www.wikidata.org/entity/Q11051>	1973	294	1	5	0	6	0	301
<http://www.wikidata.org/entity/Q11051>	<http://www.wikidata.org/entity/Q36495>	3900	324	1	6	0	8	0	333
<http://www.wikidata.org/entity/Q9072>	<http://www.wikidata.org/entity/Q33284>	4943	18	0	0	0	0	0	18
<http://www.wikidata.org/entity/Q11051>	<http://www.wikidata.org/entity/Q9035>	3900	851	0	8	2	15	0	871
<http://www.wikidata.org/entity/Q9035>	<http://www.wikidata.org/entity/Q11051>	19363	729	0	7	2	15	0	749
<http://www.wikidata.org/entity/Q33454>	<http://www.wikidata.org/entity/Q13955>	9001	51	0	0	0	2	0	53
<http://www.wikidata.org/entity/Q13955>	<http://www.wikidata.org/entity/Q33454>	14706	52	0	0	0	2	0	54
<http://www.wikidata.org/entity/Q33947>	<http://www.wikidata.org/entity/Q5287>	10045	19	0	0	0	1	0	20
<http://www.wikidata.org/entity/Q9288>	<http://www.wikidata.org/entity/Q50868>	7451	31	0	1	0	1	0	32
<http://www.wikidata.org/entity/Q5287>	<http://www.wikidata.org/entity/Q33947>	34860	45	0	0	0	1	0	46
<http://www.wikidata.org/entity/Q50868>	<http://www.wikidata.org/entity/Q9288>	18852	26	0	1	0	1	0	27
<http://www.wikidata.org/entity/Q33284>	<http://www.wikidata.org/entity/Q13349>	1711	2	0	0	0	0	0	2
<http://www.wikidata.org/entity/Q56475>	<http://www.wikidata.org/entity/Q727694>	1897	154	0	0	0	30	0	184
<http://www.wikidata.org/entity/Q727694>	<http://www.wikidata.org/entity/Q56475>	4417	229	0	0	0	38	0	267
<http://www.wikidata.org/entity/Q13349>	<http://www.wikidata.org/entity/Q33284>	6804	2	0	0	0	0	0	2
<http://www.wikidata.org/entity/Q727694>	<http://www.wikidata.org/entity/Q5146>	4417	511	5	20	0	53	13	577
<http://www.wikidata.org/entity/Q1412>	<http://www.wikidata.org/entity/Q9027>	2495	1352	41	44	1	19	1153	1532
<http://www.wikidata.org/entity/Q33454>	<http://www.wikidata.org/entity/Q32238>	9001	86	0	0	0	2	0	88
<http://www.wikidata.org/entity/Q32238>	<http://www.wikidata.org/entity/Q33454>	14153	160	2	2	0	2	0	164
<http://www.wikidata.org/entity/Q5146>	<http://www.wikidata.org/entity/Q727694>	176780	402	5	18	0	40	0	445
<http://www.wikidata.org/entity/Q9027>	<http://www.wikidata.org/entity/Q1412>	38988	1864	40	43	2	21	1090	1991
<http://www.wikidata.org/entity/Q33151>	<http://www.wikidata.org/entity/Q50868>	1938	5	0	0	0	0	0	5
<http://www.wikidata.org/entity/Q50868>	<http://www.wikidata.org/entity/Q33151>	18852	4	0	0	0	0	0	4
<http://www.wikidata.org/entity/Q11059>	<http://www.wikidata.org/entity/Q9027>	1928	377	0	0	0	28	0	405
<http://www.wikidata.org/entity/Q9027>	<http://www.wikidata.org/entity/Q11059>	38988	384	0	0	0	25	0	409
<http://www.wikidata.org/entity/Q256>	<http://www.wikidata.org/entity/Q33947>	2630	12	0	0	0	1	0	13
<http://www.wikidata.org/entity/Q33947>	<http://www.wikidata.org/entity/Q256>	10045	11	0	0	0	1	0	12
<http://www.wikidata.org/entity/Q58635>	<http://www.wikidata.org/entity/Q188>	8319	2362	6	9	7	120	1	2491
<http://www.wikidata.org/entity/Q188>	<http://www.wikidata.org/entity/Q58635>	20135	2215	5	7	14	131	0	2362
<http://www.wikidata.org/entity/Q50868>	<http://www.wikidata.org/entity/Q1321>	18852	26	0	0	0	0	0	26
<http://www.wikidata.org/entity/Q1321>	<http://www.wikidata.org/entity/Q50868>	20953	28	0	0	0	0	0	28
<http://www.wikidata.org/entity/Q11051>	<http://www.wikidata.org/entity/Q9027>	3900	897	0	5	1	31	0	932
<http://www.wikidata.org/entity/Q9027>	<http://www.wikidata.org/entity/Q11051>	38988	799	0	2	2	30	0	832
<http://www.wikidata.org/entity/Q13349>	<http://www.wikidata.org/entity/Q36790>	6804	5	0	0	0	0	0	5
<http://www.wikidata.org/entity/Q36790>	<http://www.wikidata.org/entity/Q13349>	17051	11	0	0	0	0	0	11
<http://www.wikidata.org/entity/Q9168>	<http://www.wikidata.org/entity/Q1321>	18925	126	0	0	0	7	0	133
<http://www.wikidata.org/entity/Q1321>	<http://www.wikidata.org/entity/Q9168>	20953	145	0	0	0	5	1	151
<http://www.wikidata.org/entity/Q33578>	<http://www.wikidata.org/entity/Q33454>	5759	117	0	0	0	2	0	119
<http://www.wikidata.org/entity/Q33454>	<http://www.wikidata.org/entity/Q33578>	9001	76	0	0	0	2	0	78
<http://www.wikidata.org/entity/Q9288>	<http://www.wikidata.org/entity/Q9168>	7451	211	0	0	0	6	0	217
<http://www.wikidata.org/entity/Q9168>	<http://www.wikidata.org/entity/Q9288>	18925	208	0	0	0	5	0	213
<http://www.wikidata.org/entity/Q33151>	<http://www.wikidata.org/entity/Q9168>	1938	6	0	0	0	0	0	6
<http://www.wikidata.org/entity/Q9168>	<http://www.wikidata.org/entity/Q33151>	18925	7	0	0	0	0	0	7
<http://www.wikidata.org/entity/Q397>	<http://www.wikidata.org/entity/Q25164>	2705	947	0	6	0	12	1	961
<http://www.wikidata.org/entity/Q25164>	<http://www.wikidata.org/entity/Q397>	32974	1172	0	6	0	11	0	1184
<http://www.wikidata.org/entity/Q33284>	<http://www.wikidata.org/entity/Q9056>	1711	15	0	0	0	0	1	16
<http://www.wikidata.org/entity/Q9056>	<http://www.wikidata.org/entity/Q33284>	25347	41	0	0	0	0	0	41
<http://www.wikidata.org/entity/Q397>	<http://www.wikidata.org/entity/Q25167>	2705	1260	0	7	0	12	0	1274
<http://www.wikidata.org/entity/Q25167>	<http://www.wikidata.org/entity/Q397>	50565	1653	0	8	0	13	0	1667
<http://www.wikidata.org/entity/Q36790>	<http://www.wikidata.org/entity/Q9056>	17051	1697	1	1	0	23	1	1720
<http://www.wikidata.org/entity/Q9056>	<http://www.wikidata.org/entity/Q36790>	25347	677	1	1	0	10	0	687
<http://www.wikidata.org/entity/Q12107>	<http://www.wikidata.org/entity/Q9288>	5780	1474	0	1	0	14	0	1488
<http://www.wikidata.org/entity/Q9288>	<http://www.wikidata.org/entity/Q12107>	7451	1160	0	1	0	14	0	1174
<http://www.wikidata.org/entity/Q397>	<http://www.wikidata.org/entity/Q9237>	2705	534	1	8	0	9	2	544
<http://www.wikidata.org/entity/Q9237>	<http://www.wikidata.org/entity/Q397>	5311	536	1	7	0	11	4	552
<http://www.wikidata.org/entity/Q9176>	<http://www.wikidata.org/entity/Q1321>	1593	326	4	7	0	19	4	348
<http://www.wikidata.org/entity/Q33151>	<http://www.wikidata.org/entity/Q12107>	1938	64	0	0	0	0	0	64
<http://www.wikidata.org/entity/Q12107>	<http://www.wikidata.org/entity/Q33151>	5780	91	0	0	0	0	0	91
<http://www.wikidata.org/entity/Q1321>	<http://www.wikidata.org/entity/Q9176>	20953	357	4	7	0	14	4	372
<http://www.wikidata.org/entity/Q9176>	<http://www.wikidata.org/entity/Q9288>	1593	322	0	1	0	13	0	335
<http://www.wikidata.org/entity/Q9288>	<http://www.wikidata.org/entity/Q9176>	7451	347	0	1	0	12	0	359
<http://www.wikidata.org/entity/Q12107>	<http://www.wikidata.org/entity/Q1321>	5780	1402	3	16	11	30	11	1439
<http://www.wikidata.org/entity/Q1321>	<http://www.wikidata.org/entity/Q12107>	20953	1344	3	15	5	31	0	1377
<http://www.wikidata.org/entity/Q9176>	<http://www.wikidata.org/entity/Q33151>	1593	7	0	0	0	0	0	7
<http://www.wikidata.org/entity/Q33151>	<http://www.wikidata.org/entity/Q9176>	1938	8	0	0	0	0	0	8
<http://www.wikidata.org/entity/Q397>	<http://www.wikidata.org/entity/Q5287>	2705	900	0	11	0	19	8	925
<http://www.wikidata.org/entity/Q10134>	<http://www.wikidata.org/entity/Q35518>	2146	371	0	0	0	55	0	426
<http://www.wikidata.org/entity/Q5287>	<http://www.wikidata.org/entity/Q397>	34860	1099	0	11	0	29	0	1130
<http://www.wikidata.org/entity/Q35518>	<http://www.wikidata.org/entity/Q10134>	15737	1196	0	0	0	120	0	1316
<http://www.wikidata.org/entity/Q36236>	<http://www.wikidata.org/entity/Q50868>	12554	52	0	0	0	2	0	54
<http://www.wikidata.org/entity/Q50868>	<http://www.wikidata.org/entity/Q36236>	18852	32	0	0	0	2	0	34
<http://www.wikidata.org/entity/Q256>	<http://www.wikidata.org/entity/Q397>	2630	285	0	1	0	15	0	300
<http://www.wikidata.org/entity/Q397>	<http://www.wikidata.org/entity/Q256>	2705	304	0	1	0	15	0	319
<http://www.wikidata.org/entity/Q33284>	<http://www.wikidata.org/entity/Q9035>	1711	18	0	0	0	0	3	21
<http://www.wikidata.org/entity/Q9035>	<http://www.wikidata.org/entity/Q33284>	19363	29	0	0	0	0	0	29
<http://www.wikidata.org/entity/Q11051>	<http://www.wikidata.org/entity/Q9072>	3900	620	0	0	0	15	1	636
<http://www.wikidata.org/entity/Q9072>	<http://www.wikidata.org/entity/Q11051>	4943	470	0	0	0	14	0	484
<http://www.wikidata.org/entity/Q33284>	<http://www.wikidata.org/entity/Q36495>	1711	12	0	0	0	0	0	12
<http://www.wikidata.org/entity/Q36495>	<http://www.wikidata.org/entity/Q33284>	1973	16	0	0	0	0	0	16
<http://www.wikidata.org/entity/Q36790>	<http://www.wikidata.org/entity/Q9035>	17051	3496	0	0	0	114	1	3610
<http://www.wikidata.org/entity/Q9035>	<http://www.wikidata.org/entity/Q36790>	19363	1018	0	1	0	55	0	1074
<http://www.wikidata.org/entity/Q11059>	<http://www.wikidata.org/entity/Q9072>	1928	273	0	0	0	10	1	284
<http://www.wikidata.org/entity/Q9072>	<http://www.wikidata.org/entity/Q11059>	4943	238	0	0	0	10	0	248
<http://www.wikidata.org/entity/Q36495>	<http://www.wikidata.org/entity/Q36790>	1973	360	2	3	0	37	0	398
<http://www.wikidata.org/entity/Q36790>	<http://www.wikidata.org/entity/Q36495>	17051	1184	1	2	0	76	1	1260
<http://www.wikidata.org/entity/Q1412>	<http://www.wikidata.org/entity/Q9072>	2495	392	4	7	0	10	1	403
<http://www.wikidata.org/entity/Q9072>	<http://www.wikidata.org/entity/Q1412>	4943	438	5	8	0	9	25	468
<http://www.wikidata.org/entity/Q809>	<http://www.wikidata.org/entity/Q33578>	4135	231	0	0	0	1	0	232
<http://www.wikidata.org/entity/Q33578>	<http://www.wikidata.org/entity/Q809>	5759	301	0	0	0	1	0	302
<http://www.wikidata.org/entity/Q10134>	<http://www.wikidata.org/entity/Q7737>	2146	725	1	3	2	16	1	746
<http://www.wikidata.org/entity/Q7737>	<http://www.wikidata.org/entity/Q10134>	18679	1198	1	4	8	25	0	1233
<http://www.wikidata.org/entity/Q11059>	<http://www.wikidata.org/entity/Q13349>	1928	10	0	0	0	0	0	10
<http://www.wikidata.org/entity/Q13349>	<http://www.wikidata.org/entity/Q11059>	6804	5	0	0	0	0	0	5
<http://www.wikidata.org/entity/Q50868>	<http://www.wikidata.org/entity/Q652>	18852	48	0	0	0	1	0	49
<http://www.wikidata.org/entity/Q652>	<http://www.wikidata.org/entity/Q50868>	26452	58	0	0	0	1	0	59
<http://www.wikidata.org/entity/Q1412>	<http://www.wikidata.org/entity/Q13349>	2495	7	0	0	0	0	0	7
<http://www.wikidata.org/entity/Q13349>	<http://www.wikidata.org/entity/Q1412>	6804	7	0	0	0	0	0	7
<http://www.wikidata.org/entity/Q33284>	<http://www.wikidata.org/entity/Q9027>	1711	29	0	0	0	0	3	32
<http://www.wikidata.org/entity/Q9027>	<http://www.wikidata.org/entity/Q33284>	38988	35	0	0	0	0	0	35
<http://www.wikidata.org/entity/Q36790>	<http://www.wikidata.org/entity/Q9027>	17051	3986	0	0	0	234	1	4220
<http://www.wikidata.org/entity/Q9027>	<http://www.wikidata.org/entity/Q36790>	38988	1365	0	0	0	102	0	1467
<http://www.wikidata.org/entity/Q11051>	<http://www.wikidata.org/entity/Q13349>	3900	14	0	0	0	0	0	14
<http://www.wikidata.org/entity/Q13349>	<http://www.wikidata.org/entity/Q11051>	6804	7	0	0	0	0	0	7
<http://www.wikidata.org/entity/Q1412>	<http://www.wikidata.org/entity/Q9056>	2495	275	5	12	0	1	3	276
<http://www.wikidata.org/entity/Q9056>	<http://www.wikidata.org/entity/Q1412>	25347	431	5	13	0	2	1	434
<http://www.wikidata.org/entity/Q9168>	<http://www.wikidata.org/entity/Q652>	18925	542	0	0	0	9	0	551
<http://www.wikidata.org/entity/Q652>	<http://www.wikidata.org/entity/Q9168>	26452	595	0	0	0	6	1	602
<http://www.wikidata.org/entity/Q12107>	<http://www.wikidata.org/entity/Q36236>	5780	1254	0	2	0	15	0	1269
<http://www.wikidata.org/entity/Q36236>	<http://www.wikidata.org/entity/Q12107>	12554	1113	0	2	0	16	0	1129
<http://www.wikidata.org/entity/Q9237>	<http://www.wikidata.org/entity/Q33947>	5311	24	1	2	0	1	1	25
<http://www.wikidata.org/entity/Q33947>	<http://www.wikidata.org/entity/Q9237>	10045	18	1	2	0	1	1	19
<http://www.wikidata.org/entity/Q11059>	<http://www.wikidata.org/entity/Q9056>	1928	212	0	1	0	2	0	214
<http://www.wikidata.org/entity/Q9056>	<http://www.wikidata.org/entity/Q11059>	25347	252	0	2	0	2	0	254
<http://www.wikidata.org/entity/Q9176>	<http://www.wikidata.org/entity/Q36236>	1593	375	0	0	0	8	0	383
<http://www.wikidata.org/entity/Q36236>	<http://www.wikidata.org/entity/Q9176>	12554	401	0	0	0	4	0	405
<http://www.wikidata.org/entity/Q11051>	<http://www.wikidata.org/entity/Q9056>	3900	459	1	4	1	12	0	472
<http://www.wikidata.org/entity/Q9056>	<http://www.wikidata.org/entity/Q11051>	25347	478	2	6	1	5	0	484
<http://www.wikidata.org/entity/Q9176>	<http://www.wikidata.org/entity/Q652>	1593	487	1	4	0	17	1	505
<http://www.wikidata.org/entity/Q652>	<http://www.wikidata.org/entity/Q9176>	26452	525	1	4	0	17	1	542
<http://www.wikidata.org/entity/Q56475>	<http://www.wikidata.org/entity/Q188>	1897	484	2	2	1	63	8	552
<http://www.wikidata.org/entity/Q188>	<http://www.wikidata.org/entity/Q56475>	20135	769	2	2	1	88	1	860
<http://www.wikidata.org/entity/Q188>	<http://www.wikidata.org/entity/Q5146>	20135	2388	11	34	40	99	28	2547
<http://www.wikidata.org/entity/Q5146>	<http://www.wikidata.org/entity/Q188>	176780	1762	10	33	24	75	25	1858
<http://www.wikidata.org/entity/Q12107>	<http://www.wikidata.org/entity/Q652>	5780	2438	5	12	11	34	7	2487
<http://www.wikidata.org/entity/Q652>	<http://www.wikidata.org/entity/Q12107>	26452	2200	5	11	4	36	2	2241
<http://www.wikidata.org/entity/Q727694>	<http://www.wikidata.org/entity/Q58635>	4417	588	0	0	0	75	0	663
<http://www.wikidata.org/entity/Q58635>	<http://www.wikidata.org/entity/Q727694>	8319	822	0	0	0	83	0	905
<http://www.wikidata.org/entity/Q33947>	<http://www.wikidata.org/entity/Q25164>	10045	17	1	2	0	1	10005	10022
<http://www.wikidata.org/entity/Q25164>	<http://www.wikidata.org/entity/Q33947>	32974	22	2	5	0	1	0	23
<http://www.wikidata.org/entity/Q36236>	<http://www.wikidata.org/entity/Q9168>	12554	189	0	0	0	6	0	195
<http://www.wikidata.org/entity/Q9168>	<http://www.wikidata.org/entity/Q36236>	18925	185	0	0	0	9	0	194
<http://www.wikidata.org/entity/Q33947>	<http://www.wikidata.org/entity/Q25167>	10045	24	1	2	0	1	10014	10034
<http://www.wikidata.org/entity/Q25167>	<http://www.wikidata.org/entity/Q33947>	50565	31	2	5	0	1	2	33
<http://www.wikidata.org/entity/Q809>	<http://www.wikidata.org/entity/Q13955>	4135	163	3	5	0	0	0	164
<http://www.wikidata.org/entity/Q13955>	<http://www.wikidata.org/entity/Q809>	14706	162	3	5	0	0	1	162
<http://www.wikidata.org/entity/Q809>	<http://www.wikidata.org/entity/Q32238>	4135	199	0	5	0	0	0	200
<http://www.wikidata.org/entity/Q32238>	<http://www.wikidata.org/entity/Q809>	14153	272	0	5	0	0	2	272
<http://www.wikidata.org/entity/Q397>	<http://www.wikidata.org/entity/Q9288>	2705	827	1	4	0	11	3	839
<http://www.wikidata.org/entity/Q9288>	<http://www.wikidata.org/entity/Q397>	7451	817	1	4	0	10	4	829
<http://www.wikidata.org/entity/Q33578>	<http://www.wikidata.org/entity/Q8752>	5759	356	0	0	0	2	0	358
<http://www.wikidata.org/entity/Q8752>	<http://www.wikidata.org/entity/Q33578>	30759	320	0	0	0	2	0	322
<http://www.wikidata.org/entity/Q33151>	<http://www.wikidata.org/entity/Q397>	1938	34	1	1	0	0	0	35
<http://www.wikidata.org/entity/Q397>	<http://www.wikidata.org/entity/Q33151>	2705	45	1	1	0	0	0	46
<http://www.wikidata.org/entity/Q33947>	<http://www.wikidata.org/entity/Q36236>	10045	19	0	1	0	1	0	20
<http://www.wikidata.org/entity/Q36236>	<http://www.wikidata.org/entity/Q33947>	12554	30	0	1	0	1	0	31
<http://www.wikidata.org/entity/Q9168>	<http://www.wikidata.org/entity/Q25164>	18925	334	0	0	0	7	0	341
<http://www.wikidata.org/entity/Q25164>	<http://www.wikidata.org/entity/Q9168>	32974	453	0	0	0	10	0	463
<http://www.wikidata.org/entity/Q9237>	<http://www.wikidata.org/entity/Q12107>	5311	883	0	2	0	39	0	922
<http://www.wikidata.org/entity/Q12107>	<http://www.wikidata.org/entity/Q9237>	5780	1043	0	2	0	35	0	1078
<http://www.wikidata.org/entity/Q727694>	<http://www.wikidata.org/entity/Q7737>	4417	817	3	11	0	32	87	897
<http://www.wikidata.org/entity/Q7737>	<http://www.wikidata.org/entity/Q727694>	18679	1000	1	9	0	27	0	1028
<http://www.wikidata.org/entity/Q397>	<http://www.wikidata.org/entity/Q1321>	2705	657	21	42	2	18	21	693
<http://www.wikidata.org/entity/Q1321>	<http://www.wikidata.org/entity/Q397>	20953	742	21	42	2	19	4	774
<http://www.wikidata.org/entity/Q9176>	<http://www.wikidata.org/entity/Q9237>	1593	275	0	0	0	32	0	307
<http://www.wikidata.org/entity/Q9237>	<http://www.wikidata.org/entity/Q9176>	5311	281	0	0	0	32	22	331
<http://www.wikidata.org/entity/Q9168>	<http://www.wikidata.org/entity/Q25167>	18925	409	0	0	0	11	0	420
<http://www.wikidata.org/entity/Q25167>	<http://www.wikidata.org/entity/Q9168>	50565	549	0	0	0	16	0	565
<http://www.wikidata.org/entity/Q33578>	<http://www.wikidata.org/entity/Q8765>	5759	35	0	0	0	2	0	37
<http://www.wikidata.org/entity/Q8765>	<http://www.wikidata.org/entity/Q33578>	33758	26	0	0	0	2	0	28
<http://www.wikidata.org/entity/Q33578>	<http://www.wikidata.org/entity/Q9610>	5759	485	0	0	0	55	2	540
<http://www.wikidata.org/entity/Q9610>	<http://www.wikidata.org/entity/Q33578>	14501	665	0	0	0	54	0	719
<http://www.wikidata.org/entity/Q9176>	<http://www.wikidata.org/entity/Q25164>	1593	313	1	1	0	16	0	329
<http://www.wikidata.org/entity/Q25164>	<http://www.wikidata.org/entity/Q9176>	32974	377	1	1	0	16	1	393
<http://www.wikidata.org/entity/Q9056>	<http://www.wikidata.org/entity/Q1860>	25347	2690	141	181	33	13	656	3175
<http://www.wikidata.org/entity/Q1860>	<http://www.wikidata.org/entity/Q9056>	59942	2667	106	149	21	18	71	2733
<http://www.wikidata.org/entity/Q727694>	<http://www.wikidata.org/entity/Q35518>	4417	424	0	1	0	64	0	488
<http://www.wikidata.org/entity/Q35518>	<http://www.wikidata.org/entity/Q727694>	15737	848	0	1	0	115	0	963
<http://www.wikidata.org/entity/Q33947>	<http://www.wikidata.org/entity/Q652>	10045	18	0	0	0	0	1	19
<http://www.wikidata.org/entity/Q652>	<http://www.wikidata.org/entity/Q33947>	26452	20	0	0	0	0	0	20
<http://www.wikidata.org/entity/Q12107>	<http://www.wikidata.org/entity/Q25164>	5780	1826	1	5	8	36	0	1865
<http://www.wikidata.org/entity/Q9237>	<http://www.wikidata.org/entity/Q9168>	5311	74	0	0	0	16	0	90
<http://www.wikidata.org/entity/Q25164>	<http://www.wikidata.org/entity/Q12107>	32974	1903	1	6	6	43	0	1949
<http://www.wikidata.org/entity/Q9168>	<http://www.wikidata.org/entity/Q9237>	18925	73	0	0	0	14	0	87
<http://www.wikidata.org/entity/Q12107>	<http://www.wikidata.org/entity/Q25167>	5780	2351	1	3	12	48	0	2406
<http://www.wikidata.org/entity/Q25167>	<http://www.wikidata.org/entity/Q12107>	50565	2597	1	4	9	59	0	2661
<http://www.wikidata.org/entity/Q9176>	<http://www.wikidata.org/entity/Q25167>	1593	494	0	0	0	27	0	521
<http://www.wikidata.org/entity/Q25167>	<http://www.wikidata.org/entity/Q9176>	50565	599	0	0	0	36	0	635
<http://www.wikidata.org/entity/Q9056>	<http://www.wikidata.org/entity/Q150>	25347	2210	56	84	46	10	19	2249
<http://www.wikidata.org/entity/Q150>	<http://www.wikidata.org/entity/Q9056>	33497	1969	49	78	50	14	64	2031
<http://www.wikidata.org/entity/Q32238>	<http://www.wikidata.org/entity/Q9610>	14153	495	0	1	0	8	6	504
<http://www.wikidata.org/entity/Q9610>	<http://www.wikidata.org/entity/Q32238>	14501	502	0	0	0	8	0	510
<http://www.wikidata.org/entity/Q36495>	<http://www.wikidata.org/entity/Q56356571>	1973	484	1	1	0	11	0	495
<http://www.wikidata.org/entity/Q56356571>	<http://www.wikidata.org/entity/Q36495>	11610	621	1	1	0	11	0	632
<http://www.wikidata.org/entity/Q10134>	<http://www.wikidata.org/entity/Q58635>	2146	477	0	0	0	33	0	510
<http://www.wikidata.org/entity/Q58635>	<http://www.wikidata.org/entity/Q10134>	8319	921	0	0	0	51	0	972
<http://www.wikidata.org/entity/Q32238>	<http://www.wikidata.org/entity/Q8765>	14153	33	0	0	0	2	0	35
<http://www.wikidata.org/entity/Q56356571>	<http://www.wikidata.org/entity/Q9035>	11610	2187	0	4	7	26	0	2219
<http://www.wikidata.org/entity/Q8765>	<http://www.wikidata.org/entity/Q32238>	33758	20	0	0	0	2	0	22
<http://www.wikidata.org/entity/Q9035>	<http://www.wikidata.org/entity/Q56356571>	19363	1624	0	4	7	24	0	1653
<http://www.wikidata.org/entity/Q9610>	<http://www.wikidata.org/entity/Q13955>	14501	417	2	3	0	26	1	444
<http://www.wikidata.org/entity/Q13955>	<http://www.wikidata.org/entity/Q9610>	14706	270	1	1	0	20	429	661
<http://www.wikidata.org/entity/Q13955>	<http://www.wikidata.org/entity/Q8765>	14706	32	0	0	0	1	0	33
<http://www.wikidata.org/entity/Q9237>	<http://www.wikidata.org/entity/Q50868>	5311	32	0	0	0	3	0	35
<http://www.wikidata.org/entity/Q8765>	<http://www.wikidata.org/entity/Q13955>	33758	31	0	0	0	1	1	33
<http://www.wikidata.org/entity/Q50868>	<http://www.wikidata.org/entity/Q9237>	18852	27	0	0	0	2	0	29
<http://www.wikidata.org/entity/Q13349>	<http://www.wikidata.org/entity/Q1860>	6804	14	0	0	0	0	6719	6719
<http://www.wikidata.org/entity/Q1860>	<http://www.wikidata.org/entity/Q13349>	59942	27	0	0	0	0	0	27
<http://www.wikidata.org/entity/Q13349>	<http://www.wikidata.org/entity/Q150>	6804	12	0	0	0	0	0	12
<http://www.wikidata.org/entity/Q150>	<http://www.wikidata.org/entity/Q13349>	33497	23	0	0	0	0	0	23
<http://www.wikidata.org/entity/Q32238>	<http://www.wikidata.org/entity/Q8752>	14153	334	0	2	0	0	0	334
<http://www.wikidata.org/entity/Q8752>	<http://www.wikidata.org/entity/Q32238>	30759	276	0	2	0	0	0	276
<http://www.wikidata.org/entity/Q9072>	<http://www.wikidata.org/entity/Q150>	4943	1962	2	6	1	37	26	2022
<http://www.wikidata.org/entity/Q150>	<http://www.wikidata.org/entity/Q9072>	33497	2041	2	7	2	45	7	2095
<http://www.wikidata.org/entity/Q56356571>	<http://www.wikidata.org/entity/Q9027>	11610	2585	0	3	9	50	0	2643
<http://www.wikidata.org/entity/Q13955>	<http://www.wikidata.org/entity/Q8752>	14706	187	0	0	0	0	0	187
<http://www.wikidata.org/entity/Q8752>	<http://www.wikidata.org/entity/Q13955>	30759	197	0	0	0	0	0	197
<http://www.wikidata.org/entity/Q9027>	<http://www.wikidata.org/entity/Q56356571>	38988	2034	0	2	17	40	0	2090
<http://www.wikidata.org/entity/Q50868>	<http://www.wikidata.org/entity/Q25164>	18852	31	0	0	0	0	0	31
<http://www.wikidata.org/entity/Q25164>	<http://www.wikidata.org/entity/Q50868>	32974	45	0	0	0	0	0	45
<http://www.wikidata.org/entity/Q50868>	<http://www.wikidata.org/entity/Q25167>	18852	43	0	0	0	0	0	43
<http://www.wikidata.org/entity/Q25167>	<http://www.wikidata.org/entity/Q50868>	50565	65	0	0	0	0	0	65
<http://www.wikidata.org/entity/Q9072>	<http://www.wikidata.org/entity/Q1860>	4943	2291	12	17	1	56	4843	4886
<http://www.wikidata.org/entity/Q1860>	<http://www.wikidata.org/entity/Q9072>	59942	2773	14	20	3	92	17	2887
<http://www.wikidata.org/entity/Q56356571>	<http://www.wikidata.org/entity/Q9056>	11610	1200	3	6	5	5	0	1207
<http://www.wikidata.org/entity/Q9056>	<http://www.wikidata.org/entity/Q56356571>	25347	1014	3	5	13	4	0	1023
<http://www.wikidata.org/entity/Q7411>	<http://www.wikidata.org/entity/Q32238>	2611	239	0	1	0	0	0	240
<http://www.wikidata.org/entity/Q32238>	<http://www.wikidata.org/entity/Q7411>	14153	335	0	1	0	0	0	336
<http://www.wikidata.org/entity/Q7411>	<http://www.wikidata.org/entity/Q13955>	2611	198	0	1	2	3	0	203
<http://www.wikidata.org/entity/Q13955>	<http://www.wikidata.org/entity/Q7411>	14706	200	0	2	2	3	1	207
<http://www.wikidata.org/entity/Q8748>	<http://www.wikidata.org/entity/Q32238>	8162	114	0	0	0	0	0	114
<http://www.wikidata.org/entity/Q32238>	<http://www.wikidata.org/entity/Q8748>	14153	165	0	0	0	0	0	165
<http://www.wikidata.org/entity/Q397>	<http://www.wikidata.org/entity/Q652>	2705	1452	21	41	0	10	16	1480
<http://www.wikidata.org/entity/Q652>	<http://www.wikidata.org/entity/Q397>	26452	1579	22	39	0	10	4	1602
<http://www.wikidata.org/entity/Q10134>	<http://www.wikidata.org/entity/Q5146>	2146	480	0	1	2	31	0	514
<http://www.wikidata.org/entity/Q5146>	<http://www.wikidata.org/entity/Q10134>	176780	508	0	0	2	37	0	547
<http://www.wikidata.org/entity/Q8748>	<http://www.wikidata.org/entity/Q13955>	8162	83	0	0	0	2	0	85
<http://www.wikidata.org/entity/Q13955>	<http://www.wikidata.org/entity/Q8748>	14706	88	0	0	0	1	0	89
<http://www.wikidata.org/entity/Q56475>	<http://www.wikidata.org/entity/Q10134>	1897	206	0	0	0	23	0	229
<http://www.wikidata.org/entity/Q10134>	<http://www.wikidata.org/entity/Q56475>	2146	206	0	0	0	22	0	228
<http://www.wikidata.org/entity/Q50868>	<http://www.wikidata.org/entity/Q5287>	18852	36	0	0	0	5	0	41
<http://www.wikidata.org/entity/Q5287>	<http://www.wikidata.org/entity/Q50868>	34860	51	0	0	0	5	0	56
<http://www.wikidata.org/entity/Q9288>	<http://www.wikidata.org/entity/Q33947>	7451	18	0	0	0	1	0	19
<http://www.wikidata.org/entity/Q33947>	<http://www.wikidata.org/entity/Q9288>	10045	17	0	0	0	1	0	18
<http://www.wikidata.org/entity/Q397>	<http://www.wikidata.org/entity/Q36236>	2705	705	0	6	0	7	0	713
<http://www.wikidata.org/entity/Q36236>	<http://www.wikidata.org/entity/Q397>	12554	755	0	7	0	6	0	763
<http://www.wikidata.org/entity/Q33151>	<http://www.wikidata.org/entity/Q33947>	1938	4	0	0	0	0	0	4
<http://www.wikidata.org/entity/Q33947>	<http://www.wikidata.org/entity/Q33151>	10045	3	0	0	0	0	0	3
<http://www.wikidata.org/entity/Q256>	<http://www.wikidata.org/entity/Q50868>	2630	25	0	0	0	1	0	26
<http://www.wikidata.org/entity/Q50868>	<http://www.wikidata.org/entity/Q256>	18852	22	0	0	0	1	0	23
<http://www.wikidata.org/entity/Q36928>	<http://www.wikidata.org/entity/Q32238>	3314	410	0	0	0	0	0	410
<http://www.wikidata.org/entity/Q32238>	<http://www.wikidata.org/entity/Q36928>	14153	405	0	0	0	0	0	405
<http://www.wikidata.org/entity/Q5218>	<http://www.wikidata.org/entity/Q33578>	2046	6	0	0	0	0	0	6
<http://www.wikidata.org/entity/Q33578>	<http://www.wikidata.org/entity/Q5218>	5759	12	0	0	0	0	0	12
<http://www.wikidata.org/entity/Q33947>	<http://www.wikidata.org/entity/Q1321>	10045	15	1	1	0	1	1	16
<http://www.wikidata.org/entity/Q36928>	<http://www.wikidata.org/entity/Q13955>	3314	242	0	0	0	0	0	242
<http://www.wikidata.org/entity/Q1321>	<http://www.wikidata.org/entity/Q33947>	20953	16	1	1	0	1	0	17
<http://www.wikidata.org/entity/Q13955>	<http://www.wikidata.org/entity/Q36928>	14706	172	0	0	0	0	0	172
<http://www.wikidata.org/entity/Q9027>	<http://www.wikidata.org/entity/Q1860>	38988	7626	97	125	205	250	813	8663
<http://www.wikidata.org/entity/Q1860>	<http://www.wikidata.org/entity/Q9027>	59942	8394	90	122	156	334	18	8897
<http://www.wikidata.org/entity/Q256>	<http://www.wikidata.org/entity/Q9168>	2630	21	0	0	0	11	7	39
<http://www.wikidata.org/entity/Q9168>	<http://www.wikidata.org/entity/Q256>	18925	21	0	0	0	10	0	31
<http://www.wikidata.org/entity/Q36928>	<http://www.wikidata.org/entity/Q33578>	3314	477	0	0	0	0	0	477
<http://www.wikidata.org/entity/Q33578>	<http://www.wikidata.org/entity/Q36928>	5759	410	0	0	0	0	0	410
<http://www.wikidata.org/entity/Q9168>	<http://www.wikidata.org/entity/Q5287>	18925	237	0	0	0	19	0	256
<http://www.wikidata.org/entity/Q5287>	<http://www.wikidata.org/entity/Q9168>	34860	253	0	0	0	24	3	280
<http://www.wikidata.org/entity/Q5218>	<http://www.wikidata.org/entity/Q13955>	2046	8	0	2	0	0	0	8
<http://www.wikidata.org/entity/Q13955>	<http://www.wikidata.org/entity/Q5218>	14706	8	0	2	0	0	0	8
<http://www.wikidata.org/entity/Q7737>	<http://www.wikidata.org/entity/Q188>	18679	5423	26	51	32	67	27	5510
<http://www.wikidata.org/entity/Q188>	<http://www.wikidata.org/entity/Q7737>	20135	5528	30	56	48	67	254	5762
<http://www.wikidata.org/entity/Q5218>	<http://www.wikidata.org/entity/Q32238>	2046	7	0	1	0	0	0	7
<http://www.wikidata.org/entity/Q32238>	<http://www.wikidata.org/entity/Q5218>	14153	17	0	1	0	0	0	17
<http://www.wikidata.org/entity/Q9072>	<http://www.wikidata.org/entity/Q56356571>	4943	968	0	2	1	19	0	989
<http://www.wikidata.org/entity/Q56356571>	<http://www.wikidata.org/entity/Q9072>	11610	1396	0	2	1	24	0	1421
<http://www.wikidata.org/entity/Q150>	<http://www.wikidata.org/entity/Q9027>	33497	6656	24	44	475	143	4	7225
<http://www.wikidata.org/entity/Q9027>	<http://www.wikidata.org/entity/Q150>	38988	6543	23	42	359	130	16	7010
<http://www.wikidata.org/entity/Q7411>	<http://www.wikidata.org/entity/Q33578>	2611	293	0	0	0	6	0	299
<http://www.wikidata.org/entity/Q33578>	<http://www.wikidata.org/entity/Q7411>	5759	344	0	0	0	7	1	352
<http://www.wikidata.org/entity/Q9176>	<http://www.wikidata.org/entity/Q256>	1593	129	0	0	0	29	0	158
<http://www.wikidata.org/entity/Q256>	<http://www.wikidata.org/entity/Q9176>	2630	126	0	0	0	27	0	153
<http://www.wikidata.org/entity/Q12107>	<http://www.wikidata.org/entity/Q5287>	5780	1723	0	2	5	62	0	1790
<http://www.wikidata.org/entity/Q5287>	<http://www.wikidata.org/entity/Q12107>	34860	1835	0	2	2	82	0	1919
<http://www.wikidata.org/entity/Q9035>	<http://www.wikidata.org/entity/Q1860>	19363	5156	135	183	90	133	13545	15042
<http://www.wikidata.org/entity/Q1860>	<http://www.wikidata.org/entity/Q9035>	59942	5971	127	174	97	178	108	6330
<http://www.wikidata.org/entity/Q36495>	<http://www.wikidata.org/entity/Q1860>	1973	1059	122	134	0	79	1482	1588
<http://www.wikidata.org/entity/Q1860>	<http://www.wikidata.org/entity/Q36495>	59942	1180	113	127	0	94	47	1325
<http://www.wikidata.org/entity/Q256>	<http://www.wikidata.org/entity/Q12107>	2630	474	0	0	0	40	0	513
<http://www.wikidata.org/entity/Q12107>	<http://www.wikidata.org/entity/Q256>	5780	632	0	0	0	42	0	674
<http://www.wikidata.org/entity/Q9176>	<http://www.wikidata.org/entity/Q5287>	1593	372	9	11	0	40	2	415
<http://www.wikidata.org/entity/Q33578>	<http://www.wikidata.org/entity/Q8748>	5759	177	0	0	0	1	0	178
<http://www.wikidata.org/entity/Q8748>	<http://www.wikidata.org/entity/Q33578>	8162	138	0	0	0	2	0	140
<http://www.wikidata.org/entity/Q5287>	<http://www.wikidata.org/entity/Q9176>	34860	509	9	11	0	51	16	568
<http://www.wikidata.org/entity/Q13349>	<http://www.wikidata.org/entity/Q56356571>	6804	10	0	0	0	0	0	10
<http://www.wikidata.org/entity/Q56356571>	<http://www.wikidata.org/entity/Q13349>	11610	23	0	0	0	0	0	23
<http://www.wikidata.org/entity/Q35518>	<http://www.wikidata.org/entity/Q188>	15737	2897	0	0	0	249	1809	4323
<http://www.wikidata.org/entity/Q188>	<http://www.wikidata.org/entity/Q35518>	20135	1701	0	0	0	175	0	1876
<http://www.wikidata.org/entity/Q36495>	<http://www.wikidata.org/entity/Q150>	1973	1013	4	24	0	47	2	1064
<http://www.wikidata.org/entity/Q150>	<http://www.wikidata.org/entity/Q36495>	33497	988	3	17	0	42	11	1039
<http://www.wikidata.org/entity/Q9035>	<http://www.wikidata.org/entity/Q150>	19363	4226	30	59	146	82	76	4491
<http://www.wikidata.org/entity/Q150>	<http://www.wikidata.org/entity/Q9035>	33497	4429	30	58	291	90	18	4797
<http://www.wikidata.org/entity/Q8748>	<http://www.wikidata.org/entity/Q36236>	8162	185	0	0	0	3	0	188
<http://www.wikidata.org/entity/Q36236>	<http://www.wikidata.org/entity/Q8748>	12554	233	0	0	0	3	1	237
<http://www.wikidata.org/entity/Q7411>	<http://www.wikidata.org/entity/Q36236>	2611	537	0	7	0	1	1	540
<http://www.wikidata.org/entity/Q36236>	<http://www.wikidata.org/entity/Q7411>	12554	584	0	7	0	1	9	587
<http://www.wikidata.org/entity/Q36928>	<http://www.wikidata.org/entity/Q652>	3314	933	0	0	0	0	0	933
<http://www.wikidata.org/entity/Q652>	<http://www.wikidata.org/entity/Q36928>	26452	812	0	0	0	0	0	812
<http://www.wikidata.org/entity/Q727694>	<http://www.wikidata.org/entity/Q9072>	4417	503	0	1	0	18	0	522
<http://www.wikidata.org/entity/Q9072>	<http://www.wikidata.org/entity/Q727694>	4943	419	0	1	0	14	0	434
<http://www.wikidata.org/entity/Q36928>	<http://www.wikidata.org/entity/Q36236>	3314	499	0	0	0	0	0	499
<http://www.wikidata.org/entity/Q36236>	<http://www.wikidata.org/entity/Q36928>	12554	424	0	0	0	0	0	424
<http://www.wikidata.org/entity/Q7411>	<http://www.wikidata.org/entity/Q652>	2611	1000	3	6	170	5	6	1176
<http://www.wikidata.org/entity/Q652>	<http://www.wikidata.org/entity/Q7411>	26452	1109	3	7	177	6	1	1294
<http://www.wikidata.org/entity/Q397>	<http://www.wikidata.org/entity/Q13955>	2705	271	1	7	0	3	0	278
<http://www.wikidata.org/entity/Q13955>	<http://www.wikidata.org/entity/Q397>	14706	245	1	6	0	3	2	252
<http://www.wikidata.org/entity/Q8748>	<http://www.wikidata.org/entity/Q652>	8162	289	2	3	4	4	0	297
<http://www.wikidata.org/entity/Q652>	<http://www.wikidata.org/entity/Q8748>	26452	325	2	3	2	3	1	331
<http://www.wikidata.org/entity/Q33284>	<http://www.wikidata.org/entity/Q5146>	1711	15	0	0	0	0	25	40
<http://www.wikidata.org/entity/Q5146>	<http://www.wikidata.org/entity/Q33284>	176780	18	0	0	0	0	0	18
<http://www.wikidata.org/entity/Q397>	<http://www.wikidata.org/entity/Q32238>	2705	390	0	2	0	4	0	395
<http://www.wikidata.org/entity/Q727694>	<http://www.wikidata.org/entity/Q13349>	4417	14	0	0	0	0	0	14
<http://www.wikidata.org/entity/Q13349>	<http://www.wikidata.org/entity/Q727694>	6804	8	0	0	0	0	0	8
<http://www.wikidata.org/entity/Q32238>	<http://www.wikidata.org/entity/Q397>	14153	507	0	4	0	3	0	513
<http://www.wikidata.org/entity/Q33284>	<http://www.wikidata.org/entity/Q56475>	1711	11	0	0	0	0	0	11
<http://www.wikidata.org/entity/Q56475>	<http://www.wikidata.org/entity/Q33284>	1897	12	0	0	0	0	0	12
<http://www.wikidata.org/entity/Q56475>	<http://www.wikidata.org/entity/Q36790>	1897	310	0	0	0	74	0	384
<http://www.wikidata.org/entity/Q36790>	<http://www.wikidata.org/entity/Q56475>	17051	1793	0	0	0	194	0	1987
<http://www.wikidata.org/entity/Q36790>	<http://www.wikidata.org/entity/Q5146>	17051	2559	3	3	0	158	1	2717
<http://www.wikidata.org/entity/Q5146>	<http://www.wikidata.org/entity/Q36790>	176780	688	3	3	0	57	0	745
<http://www.wikidata.org/entity/Q9035>	<http://www.wikidata.org/entity/Q188>	19363	4428	87	114	116	78	128	4679
<http://www.wikidata.org/entity/Q188>	<http://www.wikidata.org/entity/Q9035>	20135	5451	91	117	236	116	31	5823
<http://www.wikidata.org/entity/Q1321>	<http://www.wikidata.org/entity/Q8752>	20953	855	17	20	0	0	8	856
<http://www.wikidata.org/entity/Q8752>	<http://www.wikidata.org/entity/Q1321>	30759	732	17	20	0	0	25	734
<http://www.wikidata.org/entity/Q36495>	<http://www.wikidata.org/entity/Q188>	1973	1025	5	21	0	49	5	1078
<http://www.wikidata.org/entity/Q188>	<http://www.wikidata.org/entity/Q36495>	20135	1454	5	19	0	67	2	1523
<http://www.wikidata.org/entity/Q33454>	<http://www.wikidata.org/entity/Q25164>	9001	98	0	0	0	2	0	100
<http://www.wikidata.org/entity/Q727694>	<http://www.wikidata.org/entity/Q9056>	4417	499	2	16	0	9	12	511
<http://www.wikidata.org/entity/Q25164>	<http://www.wikidata.org/entity/Q33454>	32974	131	0	0	0	2	0	133
<http://www.wikidata.org/entity/Q9056>	<http://www.wikidata.org/entity/Q727694>	25347	491	5	19	0	6	0	499
<http://www.wikidata.org/entity/Q5218>	<http://www.wikidata.org/entity/Q36236>	2046	14	0	2	0	0	0	14
<http://www.wikidata.org/entity/Q36236>	<http://www.wikidata.org/entity/Q5218>	12554	24	0	2	0	0	1	26
<http://www.wikidata.org/entity/Q35518>	<http://www.wikidata.org/entity/Q1860>	15737	3942	1	2	0	454	15725	15727
<http://www.wikidata.org/entity/Q33151>	<http://www.wikidata.org/entity/Q8752>	1938	21	0	1	0	0	0	21
<http://www.wikidata.org/entity/Q1860>	<http://www.wikidata.org/entity/Q35518>	59942	2451	1	2	0	388	0	2838
<http://www.wikidata.org/entity/Q8752>	<http://www.wikidata.org/entity/Q33151>	30759	25	0	1	0	0	0	25
<http://www.wikidata.org/entity/Q397>	<http://www.wikidata.org/entity/Q33578>	2705	425	0	1	0	11	0	436
<http://www.wikidata.org/entity/Q33578>	<http://www.wikidata.org/entity/Q397>	5759	491	0	1	0	11	0	502
<http://www.wikidata.org/entity/Q9288>	<http://www.wikidata.org/entity/Q8752>	7451	953	0	3	0	1	0	954
<http://www.wikidata.org/entity/Q8752>	<http://www.wikidata.org/entity/Q9288>	30759	964	0	3	0	1	0	965
<http://www.wikidata.org/entity/Q809>	<http://www.wikidata.org/entity/Q5287>	4135	481	0	7	2	0	0	484
<http://www.wikidata.org/entity/Q5287>	<http://www.wikidata.org/entity/Q809>	34860	668	0	9	1	0	11	671
<http://www.wikidata.org/entity/Q35518>	<http://www.wikidata.org/entity/Q150>	15737	2965	0	1	0	248	117	3285
<http://www.wikidata.org/entity/Q150>	<http://www.wikidata.org/entity/Q35518>	33497	1483	0	1	0	156	0	1639
<http://www.wikidata.org/entity/Q33454>	<http://www.wikidata.org/entity/Q25167>	9001	129	0	0	0	2	0	131
<http://www.wikidata.org/entity/Q25167>	<http://www.wikidata.org/entity/Q33454>	50565	196	0	0	0	4	0	200
<http://www.wikidata.org/entity/Q256>	<http://www.wikidata.org/entity/Q809>	2630	183	0	1	0	0	0	183
<http://www.wikidata.org/entity/Q809>	<http://www.wikidata.org/entity/Q256>	4135	191	0	1	0	0	0	191
<http://www.wikidata.org/entity/Q1321>	<http://www.wikidata.org/entity/Q8765>	20953	98	32	34	0	2	116	220
<http://www.wikidata.org/entity/Q8765>	<http://www.wikidata.org/entity/Q1321>	33758	70	31	33	0	2	32480	32536
<http://www.wikidata.org/entity/Q9610>	<http://www.wikidata.org/entity/Q1321>	14501	726	1	8	6	30	15	763
<http://www.wikidata.org/entity/Q1321>	<http://www.wikidata.org/entity/Q9610>	20953	635	1	8	8	33	23	691
<http://www.wikidata.org/entity/Q11059>	<http://www.wikidata.org/entity/Q58635>	1928	382	20	20	0	30	374	653
<http://www.wikidata.org/entity/Q58635>	<http://www.wikidata.org/entity/Q11059>	8319	692	22	22	0	51	0	759
<http://www.wikidata.org/entity/Q188>	<http://www.wikidata.org/entity/Q9027>	20135	7104	52	80	271	181	34	7559
<http://www.wikidata.org/entity/Q9027>	<http://www.wikidata.org/entity/Q188>	38988	6202	47	77	204	137	179	6656
<http://www.wikidata.org/entity/Q33151>	<http://www.wikidata.org/entity/Q8765>	1938	1	0	0	0	0	0	1
<http://www.wikidata.org/entity/Q8765>	<http://www.wikidata.org/entity/Q33151>	33758	1	0	0	0	0	0	1
<http://www.wikidata.org/entity/Q7737>	<http://www.wikidata.org/entity/Q1860>	18679	8023	104	128	32	87	422	8334
<http://www.wikidata.org/entity/Q1860>	<http://www.wikidata.org/entity/Q7737>	59942	7823	111	136	26	97	268	8095
<http://www.wikidata.org/entity/Q33151>	<http://www.wikidata.org/entity/Q9610>	1938	34	0	0	0	1	2	35
<http://www.wikidata.org/entity/Q9610>	<http://www.wikidata.org/entity/Q33151>	14501	65	0	1	0	1	0	66
<http://www.wikidata.org/entity/Q5218>	<http://www.wikidata.org/entity/Q652>	2046	18	1	4	0	0	601	620
<http://www.wikidata.org/entity/Q652>	<http://www.wikidata.org/entity/Q5218>	26452	23	1	5	0	0	1	26
<http://www.wikidata.org/entity/Q9288>	<http://www.wikidata.org/entity/Q8765>	7451	48	0	0	0	2	0	50
<http://www.wikidata.org/entity/Q8765>	<http://www.wikidata.org/entity/Q9288>	33758	44	0	0	0	2	2	47
<http://www.wikidata.org/entity/Q1412>	<http://www.wikidata.org/entity/Q58635>	2495	348	0	1	0	13	0	362
<http://www.wikidata.org/entity/Q58635>	<http://www.wikidata.org/entity/Q1412>	8319	641	0	1	0	20	0	662
<http://www.wikidata.org/entity/Q9288>	<http://www.wikidata.org/entity/Q9610>	7451	570	0	1	2	16	9	591
<http://www.wikidata.org/entity/Q9237>	<http://www.wikidata.org/entity/Q33454>	5311	103	0	0	0	4	0	107
<http://www.wikidata.org/entity/Q9610>	<http://www.wikidata.org/entity/Q9288>	14501	874	0	1	2	18	1	894
<http://www.wikidata.org/entity/Q33454>	<http://www.wikidata.org/entity/Q9237>	9001	87	0	0	0	2	0	89
<http://www.wikidata.org/entity/Q7737>	<http://www.wikidata.org/entity/Q150>	18679	5815	24	46	31	52	12	5884
<http://www.wikidata.org/entity/Q150>	<http://www.wikidata.org/entity/Q7737>	33497	5026	27	49	46	50	79	5141
<http://www.wikidata.org/entity/Q11051>	<http://www.wikidata.org/entity/Q58635>	3900	965	333	336	3	53	242	1387
<http://www.wikidata.org/entity/Q58635>	<http://www.wikidata.org/entity/Q11051>	8319	1447	336	341	3	68	0	1791
<http://www.wikidata.org/entity/Q256>	<http://www.wikidata.org/entity/Q33454>	2630	55	0	0	0	2	0	57
<http://www.wikidata.org/entity/Q33454>	<http://www.wikidata.org/entity/Q256>	9001	48	0	0	0	2	1	51
<http://www.wikidata.org/entity/Q33151>	<http://www.wikidata.org/entity/Q36928>	1938	38	0	0	0	0	0	38
<http://www.wikidata.org/entity/Q36928>	<http://www.wikidata.org/entity/Q33151>	3314	56	0	0	0	0	0	56
<http://www.wikidata.org/entity/Q188>	<http://www.wikidata.org/entity/Q9056>	20135	2490	92	112	50	16	103	2615
<http://www.wikidata.org/entity/Q9056>	<http://www.wikidata.org/entity/Q188>	25347	2323	99	121	49	10	106	2408
<http://www.wikidata.org/entity/Q809>	<http://www.wikidata.org/entity/Q25167>	4135	689	2	9	2	1	8	693
<http://www.wikidata.org/entity/Q25167>	<http://www.wikidata.org/entity/Q809>	50565	866	2	12	1	1	12	870
<http://www.wikidata.org/entity/Q36928>	<http://www.wikidata.org/entity/Q9288>	3314	593	0	0	0	0	0	593
<http://www.wikidata.org/entity/Q9288>	<http://www.wikidata.org/entity/Q36928>	7451	430	0	0	0	0	0	430
<http://www.wikidata.org/entity/Q36495>	<http://www.wikidata.org/entity/Q727694>	1973	255	49	57	0	30	0	295
<http://www.wikidata.org/entity/Q727694>	<http://www.wikidata.org/entity/Q36495>	4417	269	45	52	0	41	19	324
<http://www.wikidata.org/entity/Q727694>	<http://www.wikidata.org/entity/Q9035>	4417	726	3	10	0	29	13	757
<http://www.wikidata.org/entity/Q9035>	<http://www.wikidata.org/entity/Q727694>	19363	656	2	11	0	26	0	684
<http://www.wikidata.org/entity/Q36928>	<http://www.wikidata.org/entity/Q1321>	3314	378	0	0	0	0	0	378
<http://www.wikidata.org/entity/Q33947>	<http://www.wikidata.org/entity/Q13955>	10045	12	0	0	0	0	0	12
<http://www.wikidata.org/entity/Q13955>	<http://www.wikidata.org/entity/Q33947>	14706	14	0	0	0	0	0	14
<http://www.wikidata.org/entity/Q1321>	<http://www.wikidata.org/entity/Q36928>	20953	325	0	0	0	0	0	325
<http://www.wikidata.org/entity/Q33454>	<http://www.wikidata.org/entity/Q5287>	9001	121	0	0	0	2	0	123
<http://www.wikidata.org/entity/Q5287>	<http://www.wikidata.org/entity/Q33454>	34860	211	0	0	0	5	0	216
<http://www.wikidata.org/entity/Q33947>	<http://www.wikidata.org/entity/Q32238>	10045	11	0	0	0	1	0	12
<http://www.wikidata.org/entity/Q32238>	<http://www.wikidata.org/entity/Q33947>	14153	23	0	0	0	1	0	24
<http://www.wikidata.org/entity/Q809>	<http://www.wikidata.org/entity/Q25164>	4135	512	3	9	0	0	0	512
<http://www.wikidata.org/entity/Q25164>	<http://www.wikidata.org/entity/Q809>	32974	634	3	11	0	0	7	635
<http://www.wikidata.org/entity/Q1412>	<http://www.wikidata.org/entity/Q5146>	2495	379	0	5	0	15	0	395
<http://www.wikidata.org/entity/Q727694>	<http://www.wikidata.org/entity/Q9027>	4417	895	1	5	0	68	0	963
<http://www.wikidata.org/entity/Q9027>	<http://www.wikidata.org/entity/Q727694>	38988	825	1	5	0	54	0	880
<http://www.wikidata.org/entity/Q5146>	<http://www.wikidata.org/entity/Q1412>	176780	416	0	5	0	21	2	439
<http://www.wikidata.org/entity/Q7411>	<http://www.wikidata.org/entity/Q1321>	2611	524	2	13	198	3	10	722
<http://www.wikidata.org/entity/Q1321>	<http://www.wikidata.org/entity/Q7411>	20953	620	2	13	216	3	9	836
<http://www.wikidata.org/entity/Q56475>	<http://www.wikidata.org/entity/Q1412>	1897	166	0	0	0	11	0	177
<http://www.wikidata.org/entity/Q1412>	<http://www.wikidata.org/entity/Q56475>	2495	163	0	0	0	11	0	174
<http://www.wikidata.org/entity/Q33151>	<http://www.wikidata.org/entity/Q8748>	1938	15	0	0	0	0	0	15
<http://www.wikidata.org/entity/Q8748>	<http://www.wikidata.org/entity/Q33151>	8162	16	0	0	0	0	0	16
<http://www.wikidata.org/entity/Q9288>	<http://www.wikidata.org/entity/Q8748>	7451	204	0	0	0	1	0	205
<http://www.wikidata.org/entity/Q8748>	<http://www.wikidata.org/entity/Q9288>	8162	191	0	0	0	1	0	192
<http://www.wikidata.org/entity/Q33151>	<http://www.wikidata.org/entity/Q7411>	1938	26	1	2	0	0	0	26
<http://www.wikidata.org/entity/Q7411>	<http://www.wikidata.org/entity/Q33151>	2611	29	1	1	0	0	1	29
<http://www.wikidata.org/entity/Q8748>	<http://www.wikidata.org/entity/Q1321>	8162	157	0	1	4	3	0	162
<http://www.wikidata.org/entity/Q1321>	<http://www.wikidata.org/entity/Q8748>	20953	187	0	1	3	3	0	193
<http://www.wikidata.org/entity/Q7411>	<http://www.wikidata.org/entity/Q9288>	2611	617	0	1	3	1	0	621
<http://www.wikidata.org/entity/Q9288>	<http://www.wikidata.org/entity/Q7411>	7451	627	0	1	3	1	5	631
<http://www.wikidata.org/entity/Q56475>	<http://www.wikidata.org/entity/Q11059>	1897	121	0	0	0	16	0	137
<http://www.wikidata.org/entity/Q11059>	<http://www.wikidata.org/entity/Q56475>	1928	145	0	0	0	16	0	161
<http://www.wikidata.org/entity/Q11059>	<http://www.wikidata.org/entity/Q5146>	1928	264	0	0	0	16	0	280
<http://www.wikidata.org/entity/Q5146>	<http://www.wikidata.org/entity/Q11059>	176780	222	0	0	0	13	1	236
<http://www.wikidata.org/entity/Q56475>	<http://www.wikidata.org/entity/Q11051>	1897	200	2	2	0	21	0	223
<http://www.wikidata.org/entity/Q11051>	<http://www.wikidata.org/entity/Q56475>	3900	306	2	2	0	25	0	333
<http://www.wikidata.org/entity/Q11051>	<http://www.wikidata.org/entity/Q5146>	3900	624	4	9	0	27	0	657
<http://www.wikidata.org/entity/Q809>	<http://www.wikidata.org/entity/Q9237>	4135	340	1	6	0	0	2	340
<http://www.wikidata.org/entity/Q9237>	<http://www.wikidata.org/entity/Q809>	5311	368	1	5	0	0	12	368
<http://www.wikidata.org/entity/Q5146>	<http://www.wikidata.org/entity/Q11051>	176780	486	4	6	0	25	0	516
<http://www.wikidata.org/entity/Q652>	<http://www.wikidata.org/entity/Q8752>	26452	1915	5	10	0	1	1	1916
<http://www.wikidata.org/entity/Q8752>	<http://www.wikidata.org/entity/Q652>	30759	1788	4	9	0	1	0	1789
<http://www.wikidata.org/entity/Q36236>	<http://www.wikidata.org/entity/Q9610>	12554	905	4	18	0	19	8	932
<http://www.wikidata.org/entity/Q9610>	<http://www.wikidata.org/entity/Q36236>	14501	1060	4	21	0	18	0	1083
<http://www.wikidata.org/entity/Q36236>	<http://www.wikidata.org/entity/Q8765>	12554	50	0	3	0	2	0	52
<http://www.wikidata.org/entity/Q8765>	<http://www.wikidata.org/entity/Q36236>	33758	37	0	2	0	2	0	39
<http://www.wikidata.org/entity/Q56356571>	<http://www.wikidata.org/entity/Q7737>	11610	2371	27	31	2	16	1491	3374
<http://www.wikidata.org/entity/Q7737>	<http://www.wikidata.org/entity/Q56356571>	18679	2386	24	27	3	16	0	2404
<http://www.wikidata.org/entity/Q9072>	<http://www.wikidata.org/entity/Q188>	4943	1994	16	17	1	35	55	2049
<http://www.wikidata.org/entity/Q188>	<http://www.wikidata.org/entity/Q9072>	20135	2581	20	21	4	56	7	2649
<http://www.wikidata.org/entity/Q33284>	<http://www.wikidata.org/entity/Q58635>	1711	18	0	0	0	0	0	18
<http://www.wikidata.org/entity/Q5218>	<http://www.wikidata.org/entity/Q9288>	2046	16	0	1	0	0	0	16
<http://www.wikidata.org/entity/Q9288>	<http://www.wikidata.org/entity/Q5218>	7451	19	0	1	0	0	0	19
<http://www.wikidata.org/entity/Q58635>	<http://www.wikidata.org/entity/Q33284>	8319	54	0	0	0	0	0	54
<http://www.wikidata.org/entity/Q9610>	<http://www.wikidata.org/entity/Q652>	14501	1299	1	7	5	42	1	1348
<http://www.wikidata.org/entity/Q652>	<http://www.wikidata.org/entity/Q9610>	26452	1034	1	8	5	43	16	1093
<http://www.wikidata.org/entity/Q33151>	<http://www.wikidata.org/entity/Q5218>	1938	4	0	2	0	0	0	4
<http://www.wikidata.org/entity/Q5218>	<http://www.wikidata.org/entity/Q33151>	2046	3	0	1	0	0	0	3
<http://www.wikidata.org/entity/Q652>	<http://www.wikidata.org/entity/Q8765>	26452	86	3	4	0	1	0	88
<http://www.wikidata.org/entity/Q8765>	<http://www.wikidata.org/entity/Q652>	33758	70	3	4	0	1	3	72
<http://www.wikidata.org/entity/Q36236>	<http://www.wikidata.org/entity/Q8752>	12554	768	0	1	0	0	0	768
<http://www.wikidata.org/entity/Q8752>	<http://www.wikidata.org/entity/Q36236>	30759	726	0	1	0	0	0	726
<http://www.wikidata.org/entity/Q13349>	<http://www.wikidata.org/entity/Q188>	6804	10	0	0	0	0	0	10
<http://www.wikidata.org/entity/Q188>	<http://www.wikidata.org/entity/Q13349>	20135	29	0	0	0	0	0	29
<http://www.wikidata.org/entity/Q56356571>	<http://www.wikidata.org/entity/Q35518>	11610	1046	0	0	0	65	0	1111
<http://www.wikidata.org/entity/Q35518>	<http://www.wikidata.org/entity/Q56356571>	15737	1758	0	0	0	104	0	1862
<http://www.wikidata.org/entity/Q5218>	<http://www.wikidata.org/entity/Q1321>	2046	17	10	10	0	0	2028	2043
<http://www.wikidata.org/entity/Q1321>	<http://www.wikidata.org/entity/Q5218>	20953	24	3	3	0	0	1	26
<http://www.wikidata.org/entity/Q33578>	<http://www.wikidata.org/entity/Q33947>	5759	20	0	0	0	1	0	21
<http://www.wikidata.org/entity/Q33947>	<http://www.wikidata.org/entity/Q33578>	10045	10	0	0	0	1	0	11
<http://www.wikidata.org/entity/Q58635>	<http://www.wikidata.org/entity/Q36790>	8319	1297	0	0	0	125	0	1422
<http://www.wikidata.org/entity/Q36790>	<http://www.wikidata.org/entity/Q58635>	17051	2653	0	0	0	199	2	2852
<http://www.wikidata.org/entity/Q8752>	<http://www.wikidata.org/entity/Q25164>	30759	1171	2	6	0	0	0	1172
<http://www.wikidata.org/entity/Q25164>	<http://www.wikidata.org/entity/Q8752>	32974	1517	2	6	0	0	0	1518
<http://www.wikidata.org/entity/Q33284>	<http://www.wikidata.org/entity/Q7737>	1711	25	0	0	0	0	17	41
<http://www.wikidata.org/entity/Q7737>	<http://www.wikidata.org/entity/Q33284>	18679	55	0	0	0	0	0	55
<http://www.wikidata.org/entity/Q36928>	<http://www.wikidata.org/entity/Q5287>	3314	670	0	0	0	0	0	670
<http://www.wikidata.org/entity/Q5287>	<http://www.wikidata.org/entity/Q36928>	34860	695	0	0	0	0	0	695
<http://www.wikidata.org/entity/Q33578>	<http://www.wikidata.org/entity/Q9168>	5759	41	0	0	0	8	0	49
<http://www.wikidata.org/entity/Q9168>	<http://www.wikidata.org/entity/Q33578>	18925	33	0	0	0	9	0	42
<http://www.wikidata.org/entity/Q33454>	<http://www.wikidata.org/entity/Q1321>	9001	63	0	0	0	2	0	65
<http://www.wikidata.org/entity/Q1321>	<http://www.wikidata.org/entity/Q33454>	20953	78	0	0	0	2	0	80
<http://www.wikidata.org/entity/Q10134>	<http://www.wikidata.org/entity/Q9027>	2146	780	1	3	2	43	1	827
<http://www.wikidata.org/entity/Q9237>	<http://www.wikidata.org/entity/Q8765>	5311	50	0	0	0	3	0	53
<http://www.wikidata.org/entity/Q13955>	<http://www.wikidata.org/entity/Q50868>	14706	13	0	1	0	0	0	13
<http://www.wikidata.org/entity/Q50868>	<http://www.wikidata.org/entity/Q13955>	18852	14	0	1	0	0	1	15
<http://www.wikidata.org/entity/Q8765>	<http://www.wikidata.org/entity/Q9237>	33758	43	0	0	0	2	0	45
<http://www.wikidata.org/entity/Q9027>	<http://www.wikidata.org/entity/Q10134>	38988	894	1	2	4	51	0	950
<http://www.wikidata.org/entity/Q9237>	<http://www.wikidata.org/entity/Q9610>	5311	597	1	6	0	71	33	692
<http://www.wikidata.org/entity/Q9288>	<http://www.wikidata.org/entity/Q33454>	7451	108	0	0	0	2	0	110
<http://www.wikidata.org/entity/Q33454>	<http://www.wikidata.org/entity/Q9288>	9001	99	0	0	0	2	0	101
<http://www.wikidata.org/entity/Q9610>	<http://www.wikidata.org/entity/Q9237>	14501	846	1	7	0	76	0	924
<http://www.wikidata.org/entity/Q32238>	<http://www.wikidata.org/entity/Q50868>	14153	40	0	0	0	0	0	40
<http://www.wikidata.org/entity/Q50868>	<http://www.wikidata.org/entity/Q32238>	18852	18	0	0	0	0	0	18
<http://www.wikidata.org/entity/Q33151>	<http://www.wikidata.org/entity/Q33454>	1938	16	0	0	0	0	0	16
<http://www.wikidata.org/entity/Q33454>	<http://www.wikidata.org/entity/Q33151>	9001	16	0	0	0	0	0	16
<http://www.wikidata.org/entity/Q256>	<http://www.wikidata.org/entity/Q36928>	2630	201	0	0	0	0	0	201
<http://www.wikidata.org/entity/Q36928>	<http://www.wikidata.org/entity/Q256>	3314	282	0	0	0	0	0	282
<http://www.wikidata.org/entity/Q36790>	<http://www.wikidata.org/entity/Q7737>	17051	3803	1	1	0	63	1	3866
<http://www.wikidata.org/entity/Q7737>	<http://www.wikidata.org/entity/Q36790>	18679	1702	1	1	0	39	0	1740
<http://www.wikidata.org/entity/Q8752>	<http://www.wikidata.org/entity/Q25167>	30759	1585	1	3	0	1	0	1587
<http://www.wikidata.org/entity/Q25167>	<http://www.wikidata.org/entity/Q8752>	50565	2030	1	3	0	1	0	2032
<http://www.wikidata.org/entity/Q9610>	<http://www.wikidata.org/entity/Q25164>	14501	908	1	4	3	32	0	944
<http://www.wikidata.org/entity/Q25164>	<http://www.wikidata.org/entity/Q9610>	32974	857	1	6	3	42	11	913
<http://www.wikidata.org/entity/Q25164>	<http://www.wikidata.org/entity/Q8765>	32974	72	0	0	0	2	0	74
<http://www.wikidata.org/entity/Q8765>	<http://www.wikidata.org/entity/Q25164>	33758	53	0	0	0	2	0	55
<http://www.wikidata.org/entity/Q33284>	<http://www.wikidata.org/entity/Q35518>	1711	18	0	0	0	0	0	18
<http://www.wikidata.org/entity/Q35518>	<http://www.wikidata.org/entity/Q33284>	15737	42	0	0	0	0	0	42
<http://www.wikidata.org/entity/Q8748>	<http://www.wikidata.org/entity/Q5287>	8162	225	0	1	2	4	0	231
<http://www.wikidata.org/entity/Q5287>	<http://www.wikidata.org/entity/Q8748>	34860	335	0	1	1	8	0	344
<http://www.wikidata.org/entity/Q9176>	<http://www.wikidata.org/entity/Q33578>	1593	153	0	0	0	25	0	178
<http://www.wikidata.org/entity/Q33578>	<http://www.wikidata.org/entity/Q9176>	5759	175	0	0	0	30	0	205
<http://www.wikidata.org/entity/Q7411>	<http://www.wikidata.org/entity/Q256>	2611	221	0	2	2	6	0	227
<http://www.wikidata.org/entity/Q256>	<http://www.wikidata.org/entity/Q7411>	2630	228	0	2	1	5	0	233
<http://www.wikidata.org/entity/Q9237>	<http://www.wikidata.org/entity/Q8752>	5311	550	0	1	0	5	0	555
<http://www.wikidata.org/entity/Q8752>	<http://www.wikidata.org/entity/Q9237>	30759	541	0	1	0	3	0	544
<http://www.wikidata.org/entity/Q7411>	<http://www.wikidata.org/entity/Q5287>	2611	757	0	6	8	6	1	772
<http://www.wikidata.org/entity/Q5287>	<http://www.wikidata.org/entity/Q7411>	34860	1010	0	7	5	9	8	1027
<http://www.wikidata.org/entity/Q36495>	<http://www.wikidata.org/entity/Q10134>	1973	392	0	1	0	27	0	419
<http://www.wikidata.org/entity/Q10134>	<http://www.wikidata.org/entity/Q36495>	2146	303	0	2	0	21	0	325
<http://www.wikidata.org/entity/Q256>	<http://www.wikidata.org/entity/Q8748>	2630	159	23	24	0	2	3	172
<http://www.wikidata.org/entity/Q8748>	<http://www.wikidata.org/entity/Q256>	8162	149	22	23	0	1	3	161
<http://www.wikidata.org/entity/Q10134>	<http://www.wikidata.org/entity/Q9035>	2146	683	1	5	1	26	0	712
<http://www.wikidata.org/entity/Q33578>	<http://www.wikidata.org/entity/Q12107>	5759	788	0	0	0	50	0	838
<http://www.wikidata.org/entity/Q12107>	<http://www.wikidata.org/entity/Q33578>	5780	856	0	0	0	37	0	893
<http://www.wikidata.org/entity/Q9035>	<http://www.wikidata.org/entity/Q10134>	19363	743	1	5	1	35	0	781
<http://www.wikidata.org/entity/Q58635>	<http://www.wikidata.org/entity/Q56356571>	8319	1699	94	98	5	72	0	1860
<http://www.wikidata.org/entity/Q56356571>	<http://www.wikidata.org/entity/Q58635>	11610	1506	91	92	3	54	10	1648
<http://www.wikidata.org/entity/Q35518>	<http://www.wikidata.org/entity/Q36790>	15737	3561	2101	2101	0	440	0	4862
<http://www.wikidata.org/entity/Q36790>	<http://www.wikidata.org/entity/Q35518>	17051	5077	2521	2521	0	516	0	6430
<http://www.wikidata.org/entity/Q9610>	<http://www.wikidata.org/entity/Q25167>	14501	1209	3	6	6	52	1	1270
<http://www.wikidata.org/entity/Q25167>	<http://www.wikidata.org/entity/Q9610>	50565	1159	3	6	8	75	12	1255
<http://www.wikidata.org/entity/Q8765>	<http://www.wikidata.org/entity/Q25167>	33758	62	0	0	0	2	0	64
<http://www.wikidata.org/entity/Q25167>	<http://www.wikidata.org/entity/Q8765>	50565	87	0	0	0	4	0	91
<http://www.wikidata.org/entity/Q9176>	<http://www.wikidata.org/entity/Q13955>	1593	129	0	0	0	12	0	141
<http://www.wikidata.org/entity/Q13955>	<http://www.wikidata.org/entity/Q9176>	14706	120	0	0	0	10	0	130
<http://www.wikidata.org/entity/Q9176>	<http://www.wikidata.org/entity/Q32238>	1593	119	0	1	0	8	0	127
<http://www.wikidata.org/entity/Q32238>	<http://www.wikidata.org/entity/Q9176>	14153	148	0	1	0	6	0	153
<http://www.wikidata.org/entity/Q56475>	<http://www.wikidata.org/entity/Q1860>	1897	625	0	1	1	124	1864	1872
<http://www.wikidata.org/entity/Q1860>	<http://www.wikidata.org/entity/Q56475>	59942	923	0	1	1	184	84	1175
<http://www.wikidata.org/entity/Q1860>	<http://www.wikidata.org/entity/Q5146>	59942	2972	94	124	29	153	62	3185
<http://www.wikidata.org/entity/Q5146>	<http://www.wikidata.org/entity/Q1860>	176780	2329	92	123	31	118	579	2745
<http://www.wikidata.org/entity/Q12107>	<http://www.wikidata.org/entity/Q13955>	5780	473	1	1	0	14	0	487
<http://www.wikidata.org/entity/Q13955>	<http://www.wikidata.org/entity/Q12107>	14706	368	1	1	0	13	0	381
<http://www.wikidata.org/entity/Q12107>	<http://www.wikidata.org/entity/Q32238>	5780	823	1	1	0	12	0	835
<http://www.wikidata.org/entity/Q32238>	<http://www.wikidata.org/entity/Q12107>	14153	821	1	1	0	10	0	828
<http://www.wikidata.org/entity/Q150>	<http://www.wikidata.org/entity/Q5146>	33497	1887	16	52	54	79	21	2020
<http://www.wikidata.org/entity/Q5146>	<http://www.wikidata.org/entity/Q150>	176780	1742	14	49	29	70	18	1837
<http://www.wikidata.org/entity/Q56475>	<http://www.wikidata.org/entity/Q150>	1897	502	0	0	1	59	8	565
<http://www.wikidata.org/entity/Q150>	<http://www.wikidata.org/entity/Q56475>	33497	594	0	0	4	68	0	665
<http://www.wikidata.org/entity/Q809>	<http://www.wikidata.org/entity/Q652>	4135	730	10	21	2	1	12	738
<http://www.wikidata.org/entity/Q652>	<http://www.wikidata.org/entity/Q809>	26452	799	10	17	1	1	11	804
<http://www.wikidata.org/entity/Q5218>	<http://www.wikidata.org/entity/Q5287>	2046	11	0	2	0	0	0	11
<http://www.wikidata.org/entity/Q5287>	<http://www.wikidata.org/entity/Q5218>	34860	28	0	3	0	0	0	28
<http://www.wikidata.org/entity/Q13955>	<http://www.wikidata.org/entity/Q9168>	14706	26	2	2	0	3	27	58
<http://www.wikidata.org/entity/Q9168>	<http://www.wikidata.org/entity/Q13955>	18925	26	2	2	0	7	0	35
<http://www.wikidata.org/entity/Q32238>	<http://www.wikidata.org/entity/Q9168>	14153	50	0	0	0	1	0	50
<http://www.wikidata.org/entity/Q9168>	<http://www.wikidata.org/entity/Q32238>	18925	42	0	0	0	1	0	43
<http://www.wikidata.org/entity/Q5218>	<http://www.wikidata.org/entity/Q256>	2046	10	0	1	0	0	0	10
<http://www.wikidata.org/entity/Q256>	<http://www.wikidata.org/entity/Q5218>	2630	13	0	1	0	0	0	13
<http://www.wikidata.org/entity/Q33578>	<http://www.wikidata.org/entity/Q50868>	5759	32	0	0	0	0	0	32
<http://www.wikidata.org/entity/Q50868>	<http://www.wikidata.org/entity/Q33578>	18852	21	0	0	0	0	0	21
<http://www.wikidata.org/entity/Q809>	<http://www.wikidata.org/entity/Q36236>	4135	460	1	16	0	0	4	463
<http://www.wikidata.org/entity/Q36236>	<http://www.wikidata.org/entity/Q809>	12554	529	1	13	0	0	18	537
<http://www.wikidata.org/entity/Q33454>	<http://www.wikidata.org/entity/Q652>	9001	146	0	0	0	2	4	150
<http://www.wikidata.org/entity/Q11059>	<http://www.wikidata.org/entity/Q7737>	1928	358	0	1	0	15	2	373
<http://www.wikidata.org/entity/Q652>	<http://www.wikidata.org/entity/Q33454>	26452	180	0	0	0	2	0	182
<http://www.wikidata.org/entity/Q7737>	<http://www.wikidata.org/entity/Q11059>	18679	577	0	2	0	13	0	589
<http://www.wikidata.org/entity/Q5218>	<http://www.wikidata.org/entity/Q9237>	2046	8	0	2	0	0	0	8
<http://www.wikidata.org/entity/Q9237>	<http://www.wikidata.org/entity/Q5218>	5311	11	0	2	0	0	0	11
<http://www.wikidata.org/entity/Q10134>	<http://www.wikidata.org/entity/Q13349>	2146	7	0	0	0	0	0	7
<http://www.wikidata.org/entity/Q13349>	<http://www.wikidata.org/entity/Q10134>	6804	7	0	0	0	0	0	7
<http://www.wikidata.org/entity/Q58635>	<http://www.wikidata.org/entity/Q1860>	8319	3030	40	44	6	220	1735	4062
<http://www.wikidata.org/entity/Q1860>	<http://www.wikidata.org/entity/Q58635>	59942	2713	39	42	8	235	34	2994
<http://www.wikidata.org/entity/Q1412>	<http://www.wikidata.org/entity/Q7737>	2495	516	9	14	0	5	13	522
<http://www.wikidata.org/entity/Q7737>	<http://www.wikidata.org/entity/Q1412>	18679	801	9	15	0	6	3	811
<http://www.wikidata.org/entity/Q58635>	<http://www.wikidata.org/entity/Q150>	8319	2372	0	0	8	119	1	2494
<http://www.wikidata.org/entity/Q150>	<http://www.wikidata.org/entity/Q58635>	33497	1691	0	0	15	97	1	1798
<http://www.wikidata.org/entity/Q11051>	<http://www.wikidata.org/entity/Q7737>	3900	841	1	8	1	12	1	857
<http://www.wikidata.org/entity/Q7737>	<http://www.wikidata.org/entity/Q11051>	18679	1061	1	4	1	13	0	1075
<http://www.wikidata.org/entity/Q11059>	<http://www.wikidata.org/entity/Q35518>	1928	292	0	0	0	38	0	330
<http://www.wikidata.org/entity/Q35518>	<http://www.wikidata.org/entity/Q11059>	15737	619	0	0	0	86	0	705
<http://www.wikidata.org/entity/Q33454>	<http://www.wikidata.org/entity/Q36236>	9001	96	0	0	0	1	0	97
<http://www.wikidata.org/entity/Q36236>	<http://www.wikidata.org/entity/Q33454>	12554	131	0	0	0	1	0	132
<http://www.wikidata.org/entity/Q1412>	<http://www.wikidata.org/entity/Q35518>	2495	253	0	1	0	19	0	272
<http://www.wikidata.org/entity/Q35518>	<http://www.wikidata.org/entity/Q1412>	15737	796	0	1	0	43	0	839
<http://www.wikidata.org/entity/Q5218>	<http://www.wikidata.org/entity/Q25164>	2046	11	0	1	0	0	0	11
<http://www.wikidata.org/entity/Q25164>	<http://www.wikidata.org/entity/Q5218>	32974	18	0	1	0	0	0	18
<http://www.wikidata.org/entity/Q5218>	<http://www.wikidata.org/entity/Q25167>	2046	17	0	1	0	0	0	17
<http://www.wikidata.org/entity/Q25167>	<http://www.wikidata.org/entity/Q5218>	50565	28	0	1	0	0	0	28
<http://www.wikidata.org/entity/Q10134>	<http://www.wikidata.org/entity/Q9072>	2146	438	0	0	0	16	0	454
<http://www.wikidata.org/entity/Q9072>	<http://www.wikidata.org/entity/Q10134>	4943	472	0	0	0	15	0	487
<http://www.wikidata.org/entity/Q11051>	<http://www.wikidata.org/entity/Q35518>	3900	557	0	0	0	38	0	595
<http://www.wikidata.org/entity/Q35518>	<http://www.wikidata.org/entity/Q11051>	15737	1161	0	0	0	72	0	1233
<http://www.wikidata.org/entity/Q9237>	<http://www.wikidata.org/entity/Q8748>	5311	218	0	1	0	1	1	219
<http://www.wikidata.org/entity/Q8748>	<http://www.wikidata.org/entity/Q9237>	8162	183	0	1	0	1	0	184
<http://www.wikidata.org/entity/Q256>	<http://www.wikidata.org/entity/Q8752>	2630	227	0	1	0	3	0	230
<http://www.wikidata.org/entity/Q8752>	<http://www.wikidata.org/entity/Q256>	30759	232	0	1	0	2	0	234
<http://www.wikidata.org/entity/Q7411>	<http://www.wikidata.org/entity/Q9237>	2611	805	23	28	1	6	436	917
<http://www.wikidata.org/entity/Q9237>	<http://www.wikidata.org/entity/Q7411>	5311	878	24	29	1	5	25	907
<http://www.wikidata.org/entity/Q36928>	<http://www.wikidata.org/entity/Q25164>	3314	629	0	0	0	0	0	629
<http://www.wikidata.org/entity/Q25164>	<http://www.wikidata.org/entity/Q36928>	32974	645	0	0	0	0	0	645
<http://www.wikidata.org/entity/Q8752>	<http://www.wikidata.org/entity/Q5287>	30759	936	0	3	0	2	0	938
<http://www.wikidata.org/entity/Q5287>	<http://www.wikidata.org/entity/Q8752>	34860	1105	0	3	0	3	0	1108
<http://www.wikidata.org/entity/Q809>	<http://www.wikidata.org/entity/Q9288>	4135	496	1	5	0	0	0	496
<http://www.wikidata.org/entity/Q9288>	<http://www.wikidata.org/entity/Q809>	7451	500	1	5	0	0	12	503
<http://www.wikidata.org/entity/Q33151>	<http://www.wikidata.org/entity/Q809>	1938	24	0	1	0	0	0	24
<http://www.wikidata.org/entity/Q809>	<http://www.wikidata.org/entity/Q33151>	4135	23	0	1	0	0	0	24
<http://www.wikidata.org/entity/Q36928>	<http://www.wikidata.org/entity/Q25167>	3314	869	0	0	0	0	0	869
<http://www.wikidata.org/entity/Q25167>	<http://www.wikidata.org/entity/Q36928>	50565	929	0	0	0	0	0	929
<http://www.wikidata.org/entity/Q809>	<http://www.wikidata.org/entity/Q1321>	4135	491	9	25	2	1	19	497
<http://www.wikidata.org/entity/Q1321>	<http://www.wikidata.org/entity/Q809>	20953	579	9	19	2	1	29	590
<http://www.wikidata.org/entity/Q56475>	<http://www.wikidata.org/entity/Q56356571>	1897	353	0	0	1	30	0	383
<http://www.wikidata.org/entity/Q36928>	<http://www.wikidata.org/entity/Q9237>	3314	486	0	0	0	0	0	486
<http://www.wikidata.org/entity/Q9237>	<http://www.wikidata.org/entity/Q36928>	5311	381	0	0	0	0	0	381
<http://www.wikidata.org/entity/Q56356571>	<http://www.wikidata.org/entity/Q56475>	11610	595	0	0	1	38	0	633
<http://www.wikidata.org/entity/Q56356571>	<http://www.wikidata.org/entity/Q5146>	11610	1341	0	2	5	31	0	1377
<http://www.wikidata.org/entity/Q5146>	<http://www.wikidata.org/entity/Q56356571>	176780	899	0	2	5	23	0	927
<http://www.wikidata.org/entity/Q7411>	<http://www.wikidata.org/entity/Q25164>	2611	739	0	5	121	4	0	862
<http://www.wikidata.org/entity/Q25164>	<http://www.wikidata.org/entity/Q7411>	32974	901	0	6	149	7	1	1057
<http://www.wikidata.org/entity/Q256>	<http://www.wikidata.org/entity/Q9610>	2630	309	1	3	0	58	10	372
<http://www.wikidata.org/entity/Q9610>	<http://www.wikidata.org/entity/Q256>	14501	481	1	4	0	64	1	548
<http://www.wikidata.org/entity/Q256>	<http://www.wikidata.org/entity/Q8765>	2630	46	0	0	0	2	0	48
<http://www.wikidata.org/entity/Q8765>	<http://www.wikidata.org/entity/Q256>	33758	36	0	0	0	2	0	38
<http://www.wikidata.org/entity/Q8748>	<http://www.wikidata.org/entity/Q25164>	8162	221	0	1	4	1	0	224
<http://www.wikidata.org/entity/Q25164>	<http://www.wikidata.org/entity/Q8748>	32974	309	0	2	4	1	0	313
<http://www.wikidata.org/entity/Q8765>	<http://www.wikidata.org/entity/Q5287>	33758	55	0	1	0	2	0	57
<http://www.wikidata.org/entity/Q5287>	<http://www.wikidata.org/entity/Q8765>	34860	77	0	1	0	4	0	81
<http://www.wikidata.org/entity/Q10134>	<http://www.wikidata.org/entity/Q9056>	2146	394	1	4	1	5	0	400
<http://www.wikidata.org/entity/Q9056>	<http://www.wikidata.org/entity/Q10134>	25347	589	2	6	2	6	0	597
<http://www.wikidata.org/entity/Q9610>	<http://www.wikidata.org/entity/Q5287>	14501	1040	0	8	0	97	0	1139
<http://www.wikidata.org/entity/Q5287>	<http://www.wikidata.org/entity/Q9610>	34860	1022	0	5	0	113	2	1137
<http://www.wikidata.org/entity/Q8748>	<http://www.wikidata.org/entity/Q25167>	8162	292	0	1	4	2	0	296
<http://www.wikidata.org/entity/Q25167>	<http://www.wikidata.org/entity/Q8748>	50565	416	0	2	3	2	0	420
<http://www.wikidata.org/entity/Q7411>	<http://www.wikidata.org/entity/Q25167>	2611	985	2	3	205	8	5	1195
<http://www.wikidata.org/entity/Q25167>	<http://www.wikidata.org/entity/Q7411>	50565	1267	2	4	266	9	9	1543
<http://www.wikidata.org/entity/Q9176>	<http://www.wikidata.org/entity/Q50868>	1593	13	0	0	0	1	0	14
<http://www.wikidata.org/entity/Q50868>	<http://www.wikidata.org/entity/Q9176>	18852	10	0	0	0	1	0	11
<http://www.wikidata.org/entity/Q5218>	<http://www.wikidata.org/entity/Q7411>	2046	7	0	1	0	0	0	7
<http://www.wikidata.org/entity/Q7411>	<http://www.wikidata.org/entity/Q5218>	2611	9	0	1	0	0	0	9
<http://www.wikidata.org/entity/Q12107>	<http://www.wikidata.org/entity/Q50868>	5780	50	0	0	0	2	0	52
<http://www.wikidata.org/entity/Q50868>	<http://www.wikidata.org/entity/Q12107>	18852	31	0	0	0	2	0	33
<http://www.wikidata.org/entity/Q5218>	<http://www.wikidata.org/entity/Q8748>	2046	5	0	0	0	0	0	5
<http://www.wikidata.org/entity/Q8748>	<http://www.wikidata.org/entity/Q5218>	8162	5	0	0	0	0	0	5
<http://www.wikidata.org/entity/Q9072>	<http://www.wikidata.org/entity/Q9056>	4943	676	0	3	1	2	1	681
<http://www.wikidata.org/entity/Q9056>	<http://www.wikidata.org/entity/Q9072>	25347	841	0	4	2	2	1	848
<http://www.wikidata.org/entity/Q13349>	<http://www.wikidata.org/entity/Q9056>	6804	7	0	0	0	0	0	7
<http://www.wikidata.org/entity/Q50868>	<http://www.wikidata.org/entity/Q9168>	18852	2	0	0	0	0	0	2
<http://www.wikidata.org/entity/Q9168>	<http://www.wikidata.org/entity/Q50868>	18925	2	0	0	0	0	0	2
<http://www.wikidata.org/entity/Q9056>	<http://www.wikidata.org/entity/Q13349>	25347	20	0	0	0	0	0	20
<http://www.wikidata.org/entity/Q33578>	<http://www.wikidata.org/entity/Q32238>	5759	644	5	5	0	9	2	659
<http://www.wikidata.org/entity/Q32238>	<http://www.wikidata.org/entity/Q33578>	14153	734	7	9	0	9	1	746
<http://www.wikidata.org/entity/Q5218>	<http://www.wikidata.org/entity/Q36928>	2046	5	0	0	0	0	0	5
<http://www.wikidata.org/entity/Q36928>	<http://www.wikidata.org/entity/Q5218>	3314	6	0	0	0	0	0	6
<http://www.wikidata.org/entity/Q33578>	<http://www.wikidata.org/entity/Q13955>	5759	359	0	0	0	20	0	379
<http://www.wikidata.org/entity/Q13955>	<http://www.wikidata.org/entity/Q33578>	14706	275	0	0	0	18	0	293
<http://www.wikidata.org/entity/Q33151>	<http://www.wikidata.org/entity/Q1321>	1938	44	2	8	0	0	2	47
<http://www.wikidata.org/entity/Q9176>	<http://www.wikidata.org/entity/Q12107>	1593	207	0	0	0	27	0	234
<http://www.wikidata.org/entity/Q1321>	<http://www.wikidata.org/entity/Q33151>	20953	59	2	8	0	0	1	63
<http://www.wikidata.org/entity/Q12107>	<http://www.wikidata.org/entity/Q9176>	5780	226	0	0	0	24	0	250
<http://www.wikidata.org/entity/Q7411>	<http://www.wikidata.org/entity/Q8748>	2611	98	0	1	4	1	0	103
<http://www.wikidata.org/entity/Q8748>	<http://www.wikidata.org/entity/Q7411>	8162	95	0	1	4	1	0	98
<http://www.wikidata.org/entity/Q256>	<http://www.wikidata.org/entity/Q5287>	2630	663	1	7	0	88	0	751
<http://www.wikidata.org/entity/Q5287>	<http://www.wikidata.org/entity/Q256>	34860	937	1	7	0	118	2	1057
<http://www.wikidata.org/entity/Q9288>	<http://www.wikidata.org/entity/Q1321>	7451	1533	1	8	3	14	8	1553
<http://www.wikidata.org/entity/Q1321>	<http://www.wikidata.org/entity/Q9288>	20953	1810	1	7	3	14	3	1831
<http://www.wikidata.org/entity/Q11059>	<http://www.wikidata.org/entity/Q1412>	1928	132	0	1	0	5	0	137
<http://www.wikidata.org/entity/Q1412>	<http://www.wikidata.org/entity/Q11059>	2495	110	0	1	0	6	0	116
<http://www.wikidata.org/entity/Q1321>	<http://www.wikidata.org/entity/Q1321>	20953	6330	4	653	806	88	20429	20794
<http://www.wikidata.org/entity/Q1860>	<http://www.wikidata.org/entity/Q1860>	59942	33041	5	3546	365	2818	59397	59683
<http://www.wikidata.org/entity/Q5146>	<http://www.wikidata.org/entity/Q5146>	176780	3006	0	166	48	141	176620	176694
<http://www.wikidata.org/entity/Q9072>	<http://www.wikidata.org/entity/Q9072>	4943	3992	0	35	1	68	38	4081
<http://www.wikidata.org/entity/Q256>	<http://www.wikidata.org/entity/Q256>	2630	1232	0	197	2	213	1403	2379
<http://www.wikidata.org/entity/Q13955>	<http://www.wikidata.org/entity/Q13955>	14706	1073	0	130	2	69	12597	13555
<http://www.wikidata.org/entity/Q1412>	<http://www.wikidata.org/entity/Q1412>	2495	1521	0	81	2	35	750	1890
<http://www.wikidata.org/entity/Q25167>	<http://www.wikidata.org/entity/Q25167>	50565	18726	0	32679	674	321	1630	38410
<http://www.wikidata.org/entity/Q25164>	<http://www.wikidata.org/entity/Q25164>	32974	13907	7	32179	354	181	280	32481
<http://www.wikidata.org/entity/Q8752>	<http://www.wikidata.org/entity/Q8752>	30759	2184	0	43	0	3	30745	30757
<http://www.wikidata.org/entity/Q35518>	<http://www.wikidata.org/entity/Q35518>	15737	4657	0	2092	0	645	0	6074
<http://www.wikidata.org/entity/Q11051>	<http://www.wikidata.org/entity/Q11051>	3900	1570	7	559	4	93	0	2039
<http://www.wikidata.org/entity/Q9237>	<http://www.wikidata.org/entity/Q9237>	5311	3414	0	260	1	273	487	3929
<http://www.wikidata.org/entity/Q809>	<http://www.wikidata.org/entity/Q809>	4135	2671	0	126	2	4	4020	4115
<http://www.wikidata.org/entity/Q9610>	<http://www.wikidata.org/entity/Q9610>	14501	2469	0	162	10	222	14222	14282
<http://www.wikidata.org/entity/Q36236>	<http://www.wikidata.org/entity/Q36236>	12554	10436	13	1013	0	41	1131	11241
<http://www.wikidata.org/entity/Q58635>	<http://www.wikidata.org/entity/Q58635>	8319	3930	0	593	31	319	7322	8081
<http://www.wikidata.org/entity/Q11059>	<http://www.wikidata.org/entity/Q11059>	1928	733	0	113	0	66	82	940
<http://www.wikidata.org/entity/Q13349>	<http://www.wikidata.org/entity/Q13349>	6804	21	0	0	0	0	19	40
<http://www.wikidata.org/entity/Q9168>	<http://www.wikidata.org/entity/Q9168>	18925	1805	0	20	0	29	18921	18922
<http://www.wikidata.org/entity/Q9056>	<http://www.wikidata.org/entity/Q9056>	25347	22222	0	241	56	13	25162	25334
<http://www.wikidata.org/entity/Q33578>	<http://www.wikidata.org/entity/Q33578>	5759	2040	0	29	0	158	814	2605
<http://www.wikidata.org/entity/Q9027>	<http://www.wikidata.org/entity/Q9027>	38988	18065	0	300	732	348	37403	38631
<http://www.wikidata.org/entity/Q652>	<http://www.wikidata.org/entity/Q652>	26452	21996	0	815	456	187	25769	26396
<http://www.wikidata.org/entity/Q8748>	<http://www.wikidata.org/entity/Q8748>	8162	415	0	32	4	5	80	450
<http://www.wikidata.org/entity/Q5218>	<http://www.wikidata.org/entity/Q5218>	2046	19	0	6	0	1	2	21
<http://www.wikidata.org/entity/Q12107>	<http://www.wikidata.org/entity/Q12107>	5780	3546	0	37	16	163	492	3764
<http://www.wikidata.org/entity/Q727694>	<http://www.wikidata.org/entity/Q727694>	4417	1639	0	134	0	251	0	1932
<http://www.wikidata.org/entity/Q33947>	<http://www.wikidata.org/entity/Q33947>	10045	10039	0	4	0	1	483	10040
<http://www.wikidata.org/entity/Q33284>	<http://www.wikidata.org/entity/Q33284>	1711	37	0	2	0	0	225	251
<http://www.wikidata.org/entity/Q9176>	<http://www.wikidata.org/entity/Q9176>	1593	814	0	31	0	136	705	1333
<http://www.wikidata.org/entity/Q56475>	<http://www.wikidata.org/entity/Q56475>	1897	730	0	7	1	170	48	915
<http://www.wikidata.org/entity/Q36928>	<http://www.wikidata.org/entity/Q36928>	3314	1305	0	0	0	0	0	1305
<http://www.wikidata.org/entity/Q36495>	<http://www.wikidata.org/entity/Q36495>	1973	1310	0	159	0	189	175	1578
<http://www.wikidata.org/entity/Q188>	<http://www.wikidata.org/entity/Q188>	20135	16474	5	773	401	627	11811	19038
<http://www.wikidata.org/entity/Q50868>	<http://www.wikidata.org/entity/Q50868>	18852	307	0	1	0	7	0	314
<http://www.wikidata.org/entity/Q56356571>	<http://www.wikidata.org/entity/Q56356571>	11610	5440	16	497	15	166	0	5833
<http://www.wikidata.org/entity/Q397>	<http://www.wikidata.org/entity/Q397>	2705	2273	0	180	2	31	212	2444
<http://www.wikidata.org/entity/Q7737>	<http://www.wikidata.org/entity/Q7737>	18679	14467	0	195	52	132	18437	18604
<http://www.wikidata.org/entity/Q10134>	<http://www.wikidata.org/entity/Q10134>	2146	1184	0	37	5	181	0	1379
<http://www.wikidata.org/entity/Q7411>	<http://www.wikidata.org/entity/Q7411>	2611	1750	0	171	363	22	1584	2408
<http://www.wikidata.org/entity/Q32238>	<http://www.wikidata.org/entity/Q32238>	14153	2091	0	52	0	16	10340	10681
<http://www.wikidata.org/entity/Q5287>	<http://www.wikidata.org/entity/Q5287>	34860	11523	0	347	13	640	32753	34620
<http://www.wikidata.org/entity/Q8765>	<http://www.wikidata.org/entity/Q8765>	33758	83	0	38	0	2	33671	33747
<http://www.wikidata.org/entity/Q33454>	<http://www.wikidata.org/entity/Q33454>	9001	176	0	1	0	3	4	183
<http://www.wikidata.org/entity/Q36790>	<http://www.wikidata.org/entity/Q36790>	17051	7049	0	2526	0	826	0	8473
<http://www.wikidata.org/entity/Q9288>	<http://www.wikidata.org/entity/Q9288>	7451	6573	0	73	3	58	6172	7066
<http://www.wikidata.org/entity/Q33151>	<http://www.wikidata.org/entity/Q33151>	1938	135	0	81	0	1	1887	1902
<http://www.wikidata.org/entity/Q150>	<http://www.wikidata.org/entity/Q150>	33497	21099	0	1108	699	612	7105	24336
<http://www.wikidata.org/entity/Q9035>	<http://www.wikidata.org/entity/Q9035>	19363	10543	0	415	279	176	11239	15354
<http://www.wikidata.org/entity/Q56475>	<http://www.wikidata.org/entity/Q5146>	1897	296	0	0	1	25	0	322
<http://www.wikidata.org/entity/Q5146>	<http://www.wikidata.org/entity/Q56475>	176780	310	0	0	1	26	2	338
<http://www.wikidata.org/entity/Q9610>	<http://www.wikidata.org/entity/Q8765>	14501	36	0	0	0	2	0	38
<http://www.wikidata.org/entity/Q36495>	<http://www.wikidata.org/entity/Q9035>	1973	971	0	7	0	18	0	990
<http://www.wikidata.org/entity/Q8765>	<http://www.wikidata.org/entity/Q9610>	33758	29	0	0	0	2	3	34
<http://www.wikidata.org/entity/Q9035>	<http://www.wikidata.org/entity/Q36495>	19363	878	0	6	0	18	1	898
<http://www.wikidata.org/entity/Q32238>	<http://www.wikidata.org/entity/Q13955>	14153	318	0	3	0	4	5	324
<http://www.wikidata.org/entity/Q13955>	<http://www.wikidata.org/entity/Q32238>	14706	229	0	2	0	4	0	233
<http://www.wikidata.org/entity/Q33151>	<http://www.wikidata.org/entity/Q9288>	1938	70	0	0	0	0	0	70
<http://www.wikidata.org/entity/Q9288>	<http://www.wikidata.org/entity/Q33151>	7451	73	0	0	0	0	0	73
<http://www.wikidata.org/entity/Q11059>	<http://www.wikidata.org/entity/Q11051>	1928	316	26	31	0	18	0	347
<http://www.wikidata.org/entity/Q11051>	<http://www.wikidata.org/entity/Q11059>	3900	386	27	32	0	24	5	424
<http://www.wikidata.org/entity/Q33284>	<http://www.wikidata.org/entity/Q36790>	1711	18	0	0	0	0	0	18
<http://www.wikidata.org/entity/Q36790>	<http://www.wikidata.org/entity/Q33284>	17051	69	0	0	0	0	1	70
<http://www.wikidata.org/entity/Q25164>	<http://www.wikidata.org/entity/Q25167>	32974	13780	32177	32180	354	180	737	32360
<http://www.wikidata.org/entity/Q25167>	<http://www.wikidata.org/entity/Q25164>	50565	14299	32595	32597	382	191	7	33175
<http://www.wikidata.org/entity/Q150>	<http://www.wikidata.org/entity/Q1860>	33497	9191	585	772	272	416	27289	30004
<http://www.wikidata.org/entity/Q1860>	<http://www.wikidata.org/entity/Q150>	59942	10174	597	781	142	513	282	11055
<http://www.wikidata.org/entity/Q1412>	<http://www.wikidata.org/entity/Q11051>	2495	229	0	0	0	7	0	236
<http://www.wikidata.org/entity/Q11051>	<http://www.wikidata.org/entity/Q1412>	3900	341	0	0	0	7	1	349
<http://www.wikidata.org/entity/Q7411>	<http://www.wikidata.org/entity/Q36928>	2611	138	0	0	0	0	0	138
<http://www.wikidata.org/entity/Q36928>	<http://www.wikidata.org/entity/Q7411>	3314	185	0	0	0	0	0	185
<http://www.wikidata.org/entity/Q9237>	<http://www.wikidata.org/entity/Q25164>	5311	1389	1	4	1	37	0	1425
<http://www.wikidata.org/entity/Q12107>	<http://www.wikidata.org/entity/Q9168>	5780	112	0	0	0	9	0	121
<http://www.wikidata.org/entity/Q9168>	<http://www.wikidata.org/entity/Q12107>	18925	78	0	0	0	11	0	89
<http://www.wikidata.org/entity/Q25164>	<http://www.wikidata.org/entity/Q9237>	32974	1708	2	5	2	53	2	1761
<http://www.wikidata.org/entity/Q36236>	<http://www.wikidata.org/entity/Q652>	12554	3076	30	56	0	9	10	3098
<http://www.wikidata.org/entity/Q652>	<http://www.wikidata.org/entity/Q36236>	26452	3210	30	59	0	9	4	3229
<http://www.wikidata.org/entity/Q9610>	<http://www.wikidata.org/entity/Q8752>	14501	333	0	0	0	3	0	336
<http://www.wikidata.org/entity/Q35518>	<http://www.wikidata.org/entity/Q7737>	15737	2503	0	1	0	38	0	2541
<http://www.wikidata.org/entity/Q7737>	<http://www.wikidata.org/entity/Q35518>	18679	1646	0	1	0	34	0	1680
<http://www.wikidata.org/entity/Q8752>	<http://www.wikidata.org/entity/Q9610>	30759	274	0	0	0	3	2	279
<http://www.wikidata.org/entity/Q8752>	<http://www.wikidata.org/entity/Q8765>	30759	33	0	0	0	0	0	33
<http://www.wikidata.org/entity/Q8765>	<http://www.wikidata.org/entity/Q8752>	33758	31	0	0	0	0	1	31
<http://www.wikidata.org/entity/Q36928>	<http://www.wikidata.org/entity/Q8748>	3314	107	0	0	0	0	0	107
<http://www.wikidata.org/entity/Q8748>	<http://www.wikidata.org/entity/Q36928>	8162	86	0	0	0	0	0	86
<http://www.wikidata.org/entity/Q9176>	<http://www.wikidata.org/entity/Q9168>	1593	19	0	0	0	1	0	20
<http://www.wikidata.org/entity/Q9168>	<http://www.wikidata.org/entity/Q9176>	18925	18	0	0	0	1	0	19
<http://www.wikidata.org/entity/Q36495>	<http://www.wikidata.org/entity/Q9027>	1973	869	0	0	0	27	0	896
<http://www.wikidata.org/entity/Q9027>	<http://www.wikidata.org/entity/Q36495>	38988	819	0	0	0	24	0	843
<http://www.wikidata.org/entity/Q9035>	<http://www.wikidata.org/entity/Q9027>	19363	4871	120	132	175	62	87	5204
<http://www.wikidata.org/entity/Q9027>	<http://www.wikidata.org/entity/Q9035>	38988	5101	121	132	260	58	65	5496
<http://www.wikidata.org/entity/Q9072>	<http://www.wikidata.org/entity/Q13349>	4943	12	0	0	0	0	0	12
<http://www.wikidata.org/entity/Q13349>	<http://www.wikidata.org/entity/Q9072>	6804	11	0	0	0	0	0	11
<http://www.wikidata.org/entity/Q9237>	<http://www.wikidata.org/entity/Q25167>	5311	1934	0	6	1	52	8	1984
<http://www.wikidata.org/entity/Q25167>	<http://www.wikidata.org/entity/Q9237>	50565	2484	0	7	2	74	1	2558
<http://www.wikidata.org/entity/Q8748>	<http://www.wikidata.org/entity/Q9610>	8162	119	0	0	0	3	2	124
<http://www.wikidata.org/entity/Q9610>	<http://www.wikidata.org/entity/Q8748>	14501	337	0	0	0	2	0	339
<http://www.wikidata.org/entity/Q8748>	<http://www.wikidata.org/entity/Q8765>	8162	14	0	0	0	0	0	14
<http://www.wikidata.org/entity/Q36928>	<http://www.wikidata.org/entity/Q8752>	3314	191	0	0	0	0	0	191
<http://www.wikidata.org/entity/Q8765>	<http://www.wikidata.org/entity/Q8748>	33758	14	0	0	0	0	0	14
<http://www.wikidata.org/entity/Q8752>	<http://www.wikidata.org/entity/Q36928>	30759	162	0	0	0	0	0	162
<http://www.wikidata.org/entity/Q58635>	<http://www.wikidata.org/entity/Q5146>	8319	1283	1	4	1	56	0	1343
<http://www.wikidata.org/entity/Q5146>	<http://www.wikidata.org/entity/Q58635>	176780	794	1	3	3	49	2	850
<http://www.wikidata.org/entity/Q25164>	<http://www.wikidata.org/entity/Q5287>	32974	3712	0	11	7	65	0	3779
<http://www.wikidata.org/entity/Q5287>	<http://www.wikidata.org/entity/Q25164>	34860	3323	0	10	6	69	0	3396
<http://www.wikidata.org/entity/Q56475>	<http://www.wikidata.org/entity/Q58635>	1897	337	0	1	0	41	0	379
<http://www.wikidata.org/entity/Q58635>	<http://www.wikidata.org/entity/Q56475>	8319	639	0	1	0	56	0	696
<http://www.wikidata.org/entity/Q7411>	<http://www.wikidata.org/entity/Q8765>	2611	28	1	1	0	0	0	28
<http://www.wikidata.org/entity/Q36495>	<http://www.wikidata.org/entity/Q9056>	1973	347	3	13	0	3	0	352
<http://www.wikidata.org/entity/Q8765>	<http://www.wikidata.org/entity/Q7411>	33758	28	1	1	0	0	0	28
<http://www.wikidata.org/entity/Q9056>	<http://www.wikidata.org/entity/Q36495>	25347	405	4	12	0	4	1	410
<http://www.wikidata.org/entity/Q9035>	<http://www.wikidata.org/entity/Q9056>	19363	1626	17	46	25	5	16	1656
<http://www.wikidata.org/entity/Q9056>	<http://www.wikidata.org/entity/Q9035>	25347	1905	21	51	51	4	10	1948
<http://www.wikidata.org/entity/Q7411>	<http://www.wikidata.org/entity/Q9610>	2611	245	0	0	6	5	4	258
<http://www.wikidata.org/entity/Q9610>	<http://www.wikidata.org/entity/Q7411>	14501	314	0	3	5	5	1	324
<http://www.wikidata.org/entity/Q256>	<http://www.wikidata.org/entity/Q25164>	2630	641	0	0	1	28	0	669
<http://www.wikidata.org/entity/Q25164>	<http://www.wikidata.org/entity/Q256>	32974	813	0	1	1	39	2	854
<http://www.wikidata.org/entity/Q727694>	<http://www.wikidata.org/entity/Q188>	4417	929	12	28	0	77	20	1013
<http://www.wikidata.org/entity/Q188>	<http://www.wikidata.org/entity/Q727694>	20135	1116	11	24	0	84	0	1203
<http://www.wikidata.org/entity/Q256>	<http://www.wikidata.org/entity/Q25167>	2630	788	1	2	1	42	0	831
<http://www.wikidata.org/entity/Q25167>	<http://www.wikidata.org/entity/Q256>	50565	1068	1	2	2	55	4	1130
<http://www.wikidata.org/entity/Q809>	<http://www.wikidata.org/entity/Q33454>	4135	38	0	0	0	0	0	38
<http://www.wikidata.org/entity/Q33454>	<http://www.wikidata.org/entity/Q809>	9001	36	0	0	0	0	0	36
<http://www.wikidata.org/entity/Q5287>	<http://www.wikidata.org/entity/Q25167>	34860	4477	0	8	7	101	2	4584
<http://www.wikidata.org/entity/Q25167>	<http://www.wikidata.org/entity/Q5287>	50565	5178	0	10	8	95	0	5276
<http://www.wikidata.org/entity/Q36928>	<http://www.wikidata.org/entity/Q8765>	3314	16	0	0	0	0	0	16
<http://www.wikidata.org/entity/Q8748>	<http://www.wikidata.org/entity/Q8752>	8162	106	0	1	0	0	0	106
<http://www.wikidata.org/entity/Q8752>	<http://www.wikidata.org/entity/Q8748>	30759	117	0	1	0	0	0	117
<http://www.wikidata.org/entity/Q8765>	<http://www.wikidata.org/entity/Q36928>	33758	10	0	0	0	0	0	10
<http://www.wikidata.org/entity/Q36928>	<http://www.wikidata.org/entity/Q9610>	3314	343	0	0	0	0	0	343
<http://www.wikidata.org/entity/Q9610>	<http://www.wikidata.org/entity/Q36928>	14501	488	0	0	0	0	0	488
<http://www.wikidata.org/entity/Q256>	<http://www.wikidata.org/entity/Q9237>	2630	540	2	6	0	66	2	609
<http://www.wikidata.org/entity/Q9237>	<http://www.wikidata.org/entity/Q256>	5311	583	2	7	0	68	3	654
<http://www.wikidata.org/entity/Q7411>	<http://www.wikidata.org/entity/Q8752>	2611	344	0	5	0	0	0	344
<http://www.wikidata.org/entity/Q8752>	<http://www.wikidata.org/entity/Q7411>	30759	341	0	5	0	0	0	341
<http://www.wikidata.org/entity/Q9056>	<http://www.wikidata.org/entity/Q9027>	25347	2139	13	22	53	8	1	2185
<http://www.wikidata.org/entity/Q9237>	<http://www.wikidata.org/entity/Q5287>	5311	1551	7	19	0	122	33	1675
<http://www.wikidata.org/entity/Q9027>	<http://www.wikidata.org/entity/Q9056>	38988	1894	7	16	38	11	6	1941
<http://www.wikidata.org/entity/Q5287>	<http://www.wikidata.org/entity/Q9237>	34860	1942	9	23	0	155	7	2102
<http://www.wikidata.org/entity/Q9288>	<http://www.wikidata.org/entity/Q652>	7451	3870	4	13	3	12	7	3890
<http://www.wikidata.org/entity/Q652>	<http://www.wikidata.org/entity/Q9288>	26452	4251	5	13	3	15	2	4274
<http://www.wikidata.org/entity/Q5218>	<http://www.wikidata.org/entity/Q8765>	2046	2	0	0	0	0	0	2
<http://www.wikidata.org/entity/Q8765>	<http://www.wikidata.org/entity/Q5218>	33758	2	0	0	0	0	0	2
<http://www.wikidata.org/entity/Q33151>	<http://www.wikidata.org/entity/Q652>	1938	81	6	8	0	0	0	86
<http://www.wikidata.org/entity/Q33284>	<http://www.wikidata.org/entity/Q1412>	1711	9	0	0	0	0	8	17
<http://www.wikidata.org/entity/Q652>	<http://www.wikidata.org/entity/Q33151>	26452	114	7	13	0	0	0	123
<http://www.wikidata.org/entity/Q1412>	<http://www.wikidata.org/entity/Q33284>	2495	9	0	0	0	0	0	9
<http://www.wikidata.org/entity/Q13349>	<http://www.wikidata.org/entity/Q9027>	6804	11	0	0	0	0	0	11
<http://www.wikidata.org/entity/Q5218>	<http://www.wikidata.org/entity/Q9610>	2046	9	0	0	0	0	0	9
<http://www.wikidata.org/entity/Q9027>	<http://www.wikidata.org/entity/Q13349>	38988	16	0	0	0	0	0	16
<http://www.wikidata.org/entity/Q9610>	<http://www.wikidata.org/entity/Q5218>	14501	13	0	1	0	0	0	13
<http://www.wikidata.org/entity/Q11051>	<http://www.wikidata.org/entity/Q36790>	3900	559	0	2	0	48	0	607
<http://www.wikidata.org/entity/Q36790>	<http://www.wikidata.org/entity/Q11051>	17051	1828	0	1	0	92	0	1920
<http://www.wikidata.org/entity/Q33284>	<http://www.wikidata.org/entity/Q11059>	1711	14	0	0	0	0	0	14
<http://www.wikidata.org/entity/Q11059>	<http://www.wikidata.org/entity/Q33284>	1928	34	0	0	0	0	0	34
<http://www.wikidata.org/entity/Q1321>	<http://www.wikidata.org/entity/Q652>	20953	3697	150	189	228	29	65	3979
<http://www.wikidata.org/entity/Q652>	<http://www.wikidata.org/entity/Q1321>	26452	3366	151	194	219	32	86	3648
<http://www.wikidata.org/entity/Q9072>	<http://www.wikidata.org/entity/Q9035>	4943	1544	2	8	1	19	2	1567
<http://www.wikidata.org/entity/Q9035>	<http://www.wikidata.org/entity/Q9072>	19363	1541	2	8	1	22	2	1567
<http://www.wikidata.org/entity/Q11059>	<http://www.wikidata.org/entity/Q36790>	1928	311	0	1	0	37	0	348
<http://www.wikidata.org/entity/Q36790>	<http://www.wikidata.org/entity/Q11059>	17051	798	0	1	0	110	0	908
<http://www.wikidata.org/entity/Q36495>	<http://www.wikidata.org/entity/Q9072>	1973	455	0	0	0	13	0	468
<http://www.wikidata.org/entity/Q33284>	<http://www.wikidata.org/entity/Q11051>	1711	12	0	0	0	0	0	12
<http://www.wikidata.org/entity/Q9072>	<http://www.wikidata.org/entity/Q36495>	4943	411	0	0	0	10	0	421
<http://www.wikidata.org/entity/Q11051>	<http://www.wikidata.org/entity/Q33284>	3900	30	0	0	0	0	0	30
<http://www.wikidata.org/entity/Q1412>	<http://www.wikidata.org/entity/Q36790>	2495	255	1	1	0	17	0	272
<http://www.wikidata.org/entity/Q36790>	<http://www.wikidata.org/entity/Q1412>	17051	1485	1	1	0	52	1	1537
<http://www.wikidata.org/entity/Q13349>	<http://www.wikidata.org/entity/Q9035>	6804	9	0	0	0	0	0	9
<http://www.wikidata.org/entity/Q9035>	<http://www.wikidata.org/entity/Q13349>	19363	18	0	0	0	0	0	18
<http://www.wikidata.org/entity/Q36236>	<http://www.wikidata.org/entity/Q1321>	12554	1606	33	66	0	13	40	1625
<http://www.wikidata.org/entity/Q1321>	<http://www.wikidata.org/entity/Q36236>	20953	1760	33	65	0	13	1	1776
<http://www.wikidata.org/entity/Q36495>	<http://www.wikidata.org/entity/Q13349>	1973	13	0	0	0	0	0	13
<http://www.wikidata.org/entity/Q13349>	<http://www.wikidata.org/entity/Q36495>	6804	6	0	0	0	0	0	6
<http://www.wikidata.org/entity/Q5218>	<http://www.wikidata.org/entity/Q8752>	2046	9	0	1	0	0	0	9
<http://www.wikidata.org/entity/Q8752>	<http://www.wikidata.org/entity/Q5218>	30759	10	0	1	0	0	0	10
<http://www.wikidata.org/entity/Q33151>	<http://www.wikidata.org/entity/Q36236>	1938	64	4	9	0	0	0	66
<http://www.wikidata.org/entity/Q36236>	<http://www.wikidata.org/entity/Q33151>	12554	94	4	9	0	0	0	98
<http://www.wikidata.org/entity/Q397>	<http://www.wikidata.org/entity/Q33947>	2705	14	0	0	0	2	0	16
<http://www.wikidata.org/entity/Q33947>	<http://www.wikidata.org/entity/Q397>	10045	11	0	0	0	1	0	12
<http://www.wikidata.org/entity/Q56356571>	<http://www.wikidata.org/entity/Q1860>	11610	3505	61	67	5	99	3019	5552
<http://www.wikidata.org/entity/Q1860>	<http://www.wikidata.org/entity/Q56356571>	59942	3392	63	69	7	104	0	3553
<http://www.wikidata.org/entity/Q9288>	<http://www.wikidata.org/entity/Q36236>	7451	1675	5	13	0	11	0	1688
<http://www.wikidata.org/entity/Q36236>	<http://www.wikidata.org/entity/Q9288>	12554	1761	5	12	0	10	1	1774
<http://www.wikidata.org/entity/Q56356571>	<http://www.wikidata.org/entity/Q150>	11610	2750	4	8	8	68	6	2828
<http://www.wikidata.org/entity/Q150>	<http://www.wikidata.org/entity/Q56356571>	33497	2163	4	9	20	58	0	2243
<http://www.wikidata.org/entity/Q9072>	<http://www.wikidata.org/entity/Q9027>	4943	2047	1	3	1	31	2	2081
<http://www.wikidata.org/entity/Q9027>	<http://www.wikidata.org/entity/Q9072>	38988	2145	1	4	1	34	3	2182
<http://www.wikidata.org/entity/Q397>	<http://www.wikidata.org/entity/Q9168>	2705	65	0	0	0	2	0	67
<http://www.wikidata.org/entity/Q9168>	<http://www.wikidata.org/entity/Q397>	18925	61	0	0	0	5	0	66
<http://www.wikidata.org/entity/Q33151>	<http://www.wikidata.org/entity/Q25164>	1938	81	0	2	0	0	0	81
<http://www.wikidata.org/entity/Q25164>	<http://www.wikidata.org/entity/Q33151>	32974	136	0	2	0	0	0	136
<http://www.wikidata.org/entity/Q11059>	<http://www.wikidata.org/entity/Q56356571>	1928	332	1	1	0	20	0	353
<http://www.wikidata.org/entity/Q56356571>	<http://www.wikidata.org/entity/Q11059>	11610	516	1	1	0	24	0	541
<http://www.wikidata.org/entity/Q9288>	<http://www.wikidata.org/entity/Q25164>	7451	2504	1	4	2	16	0	2522
<http://www.wikidata.org/entity/Q25164>	<http://www.wikidata.org/entity/Q9288>	32974	3196	1	4	2	23	0	3221
<http://www.wikidata.org/entity/Q1412>	<http://www.wikidata.org/entity/Q56356571>	2495	369	1	1	0	14	0	383
<http://www.wikidata.org/entity/Q56356571>	<http://www.wikidata.org/entity/Q1412>	11610	623	1	1	0	22	0	645
<http://www.wikidata.org/entity/Q1321>	<http://www.wikidata.org/entity/Q25164>	20953	2501	12	23	173	25	0	2659
<http://www.wikidata.org/entity/Q25164>	<http://www.wikidata.org/entity/Q1321>	32974	2577	13	26	199	31	12	2742
<http://www.wikidata.org/entity/Q33454>	<http://www.wikidata.org/entity/Q8752>	9001	36	0	0	0	0	0	36
<http://www.wikidata.org/entity/Q8752>	<http://www.wikidata.org/entity/Q33454>	30759	37	0	0	0	0	0	37
<http://www.wikidata.org/entity/Q1321>	<http://www.wikidata.org/entity/Q25167>	20953	3220	14	25	307	32	2	3520
<http://www.wikidata.org/entity/Q25167>	<http://www.wikidata.org/entity/Q1321>	50565	3394	14	29	370	41	17	3750
<http://www.wikidata.org/entity/Q9288>	<http://www.wikidata.org/entity/Q25167>	7451	3456	1	5	3	23	1	3482
<http://www.wikidata.org/entity/Q25167>	<http://www.wikidata.org/entity/Q9288>	50565	4435	1	5	3	29	0	4467
<http://www.wikidata.org/entity/Q11051>	<http://www.wikidata.org/entity/Q56356571>	3900	763	30	36	0	28	0	821
<http://www.wikidata.org/entity/Q56356571>	<http://www.wikidata.org/entity/Q11051>	11610	933	29	32	0	32	0	992
<http://www.wikidata.org/entity/Q36928>	<http://www.wikidata.org/entity/Q809>	3314	141	0	0	0	0	7	146
<http://www.wikidata.org/entity/Q809>	<http://www.wikidata.org/entity/Q36928>	4135	113	0	0	0	0	0	113
<http://www.wikidata.org/entity/Q33151>	<http://www.wikidata.org/entity/Q25167>	1938	90	0	0	0	0	0	90
<http://www.wikidata.org/entity/Q25167>	<http://www.wikidata.org/entity/Q33151>	50565	162	0	0	0	0	1	163
<http://www.wikidata.org/entity/Q33284>	<http://www.wikidata.org/entity/Q1860>	1711	31	1	1	0	0	1535	1537
<http://www.wikidata.org/entity/Q9237>	<http://www.wikidata.org/entity/Q1321>	5311	969	9	34	1	22	18	995
<http://www.wikidata.org/entity/Q1321>	<http://www.wikidata.org/entity/Q9237>	20953	1124	8	31	1	23	1	1151
<http://www.wikidata.org/entity/Q1860>	<http://www.wikidata.org/entity/Q33284>	59942	57	1	1	0	0	1	59
<http://www.wikidata.org/entity/Q9176>	<http://www.wikidata.org/entity/Q397>	1593	127	0	0	0	7	0	134
<http://www.wikidata.org/entity/Q397>	<http://www.wikidata.org/entity/Q9176>	2705	129	0	0	0	5	0	134
<http://www.wikidata.org/entity/Q36790>	<http://www.wikidata.org/entity/Q150>	17051	4323	1	1	0	297	282	4744
<http://www.wikidata.org/entity/Q10134>	<http://www.wikidata.org/entity/Q188>	2146	881	12	17	3	95	1353	1903
<http://www.wikidata.org/entity/Q150>	<http://www.wikidata.org/entity/Q36790>	33497	1512	1	1	0	161	0	1673
<http://www.wikidata.org/entity/Q188>	<http://www.wikidata.org/entity/Q10134>	20135	1476	9	20	7	149	0	1633
<http://www.wikidata.org/entity/Q33151>	<http://www.wikidata.org/entity/Q9237>	1938	72	23	24	0	0	2	80
<http://www.wikidata.org/entity/Q9237>	<http://www.wikidata.org/entity/Q33151>	5311	80	21	21	0	0	9	94
<http://www.wikidata.org/entity/Q397>	<http://www.wikidata.org/entity/Q12107>	2705	658	0	0	0	9	0	667
<http://www.wikidata.org/entity/Q12107>	<http://www.wikidata.org/entity/Q397>	5780	827	0	0	0	8	0	835
<http://www.wikidata.org/entity/Q33454>	<http://www.wikidata.org/entity/Q9610>	9001	65	0	0	0	2	1	67
<http://www.wikidata.org/entity/Q9610>	<http://www.wikidata.org/entity/Q33454>	14501	111	0	0	0	2	0	113
<http://www.wikidata.org/entity/Q9237>	<http://www.wikidata.org/entity/Q9288>	5311	1279	0	1	0	28	1	1307
<http://www.wikidata.org/entity/Q9288>	<http://www.wikidata.org/entity/Q9237>	7451	1245	0	1	0	24	2	1270
<http://www.wikidata.org/entity/Q33454>	<http://www.wikidata.org/entity/Q8765>	9001	4	0	0	0	1	0	5
<http://www.wikidata.org/entity/Q8765>	<http://www.wikidata.org/entity/Q33454>	33758	4	0	0	0	1	0	5
<http://www.wikidata.org/entity/Q7411>	<http://www.wikidata.org/entity/Q809>	2611	270	1	7	0	1	5	271
<http://www.wikidata.org/entity/Q809>	<http://www.wikidata.org/entity/Q7411>	4135	255	1	7	0	1	9	257
<http://www.wikidata.org/entity/Q36790>	<http://www.wikidata.org/entity/Q1860>	17051	5535	1	3	0	542	17050	17050
<http://www.wikidata.org/entity/Q1860>	<http://www.wikidata.org/entity/Q36790>	59942	2425	1	5	0	403	0	2830
<http://www.wikidata.org/entity/Q33284>	<http://www.wikidata.org/entity/Q150>	1711	22	0	0	0	0	16	38
<http://www.wikidata.org/entity/Q150>	<http://www.wikidata.org/entity/Q33284>	33497	30	0	0	0	0	0	30
<http://www.wikidata.org/entity/Q809>	<http://www.wikidata.org/entity/Q8748>	4135	80	0	1	0	1	0	81
<http://www.wikidata.org/entity/Q8748>	<http://www.wikidata.org/entity/Q809>	8162	75	0	1	0	1	0	76
<http://www.wikidata.org/entity/Q652>	<http://www.wikidata.org/entity/Q5287>	26452	4950	10	45	5	63	3	5038
<http://www.wikidata.org/entity/Q5287>	<http://www.wikidata.org/entity/Q652>	34860	5026	9	37	5	80	9	5127
<http://www.wikidata.org/entity/Q56475>	<http://www.wikidata.org/entity/Q35518>	1897	303	0	0	0	78	0	381
<http://www.wikidata.org/entity/Q35518>	<http://www.wikidata.org/entity/Q56475>	15737	1061	0	0	0	158	0	1219
<http://www.wikidata.org/entity/Q35518>	<http://www.wikidata.org/entity/Q5146>	15737	1591	0	1	0	116	0	1707
<http://www.wikidata.org/entity/Q5146>	<http://www.wikidata.org/entity/Q35518>	176780	674	0	1	0	54	0	728
<http://www.wikidata.org/entity/Q256>	<http://www.wikidata.org/entity/Q652>	2630	833	4	7	1	37	1	871
<http://www.wikidata.org/entity/Q652>	<http://www.wikidata.org/entity/Q256>	26452	939	4	8	1	42	1	983
<http://www.wikidata.org/entity/Q56475>	<http://www.wikidata.org/entity/Q7737>	1897	432	0	0	0	16	0	448
<http://www.wikidata.org/entity/Q256>	<http://www.wikidata.org/entity/Q36236>	2630	482	0	6	0	20	0	503
<http://www.wikidata.org/entity/Q36236>	<http://www.wikidata.org/entity/Q256>	12554	559	0	8	0	21	1	582
<http://www.wikidata.org/entity/Q7737>	<http://www.wikidata.org/entity/Q56475>	18679	734	0	0	0	17	0	751
<http://www.wikidata.org/entity/Q7737>	<http://www.wikidata.org/entity/Q5146>	18679	2127	3	16	12	18	12	2164
<http://www.wikidata.org/entity/Q5146>	<http://www.wikidata.org/entity/Q7737>	176780	1532	3	17	3	17	10	1557
<http://www.wikidata.org/entity/Q397>	<http://www.wikidata.org/entity/Q50868>	2705	22	0	0	0	0	0	22
<http://www.wikidata.org/entity/Q50868>	<http://www.wikidata.org/entity/Q397>	18852	20	0	0	0	0	0	20
<http://www.wikidata.org/entity/Q36236>	<http://www.wikidata.org/entity/Q5287>	12554	1876	7	34	0	26	2	1912
<http://www.wikidata.org/entity/Q5287>	<http://www.wikidata.org/entity/Q36236>	34860	2182	8	36	0	32	1	2225
<http://www.wikidata.org/entity/Q5218>	<http://www.wikidata.org/entity/Q809>	2046	8	0	1	0	0	0	8
<http://www.wikidata.org/entity/Q809>	<http://www.wikidata.org/entity/Q5218>	4135	10	0	1	0	0	0	10
<http://www.wikidata.org/entity/Q9176>	<http://www.wikidata.org/entity/Q33947>	1593	20	0	0	0	1	0	21
<http://www.wikidata.org/entity/Q33947>	<http://www.wikidata.org/entity/Q9176>	10045	14	0	0	0	1	0	15
<http://www.wikidata.org/entity/Q33284>	<http://www.wikidata.org/entity/Q56356571>	1711	21	0	0	0	0	0	21
<http://www.wikidata.org/entity/Q56356571>	<http://www.wikidata.org/entity/Q33284>	11610	42	0	0	0	0	0	42
<http://www.wikidata.org/entity/Q12107>	<http://www.wikidata.org/entity/Q33947>	5780	24	0	1	0	1	0	25
<http://www.wikidata.org/entity/Q33947>	<http://www.wikidata.org/entity/Q12107>	10045	15	0	1	0	1	0	16
<http://www.wikidata.org/entity/Q58635>	<http://www.wikidata.org/entity/Q35518>	8319	1245	0	0	0	111	0	1356
<http://www.wikidata.org/entity/Q9237>	<http://www.wikidata.org/entity/Q36236>	5311	1190	3	17	0	21	2	1212
<http://www.wikidata.org/entity/Q35518>	<http://www.wikidata.org/entity/Q58635>	15737	1739	0	0	0	147	0	1886
<http://www.wikidata.org/entity/Q36236>	<http://www.wikidata.org/entity/Q9237>	12554	1266	3	18	0	20	2	1288
<http://www.wikidata.org/entity/Q652>	<http://www.wikidata.org/entity/Q25164>	26452	5376	8	21	125	19	0	5530
<http://www.wikidata.org/entity/Q25164>	<http://www.wikidata.org/entity/Q652>	32974	6201	8	21	154	28	2	6391
<http://www.wikidata.org/entity/Q652>	<http://www.wikidata.org/entity/Q25167>	26452	7408	20	33	221	36	0	7674
<http://www.wikidata.org/entity/Q25167>	<http://www.wikidata.org/entity/Q652>	50565	8686	22	37	279	42	10	9020
<http://www.wikidata.org/entity/Q56356571>	<http://www.wikidata.org/entity/Q36790>	11610	1070	0	0	0	70	0	1140
<http://www.wikidata.org/entity/Q36790>	<http://www.wikidata.org/entity/Q56356571>	17051	2572	0	0	0	112	0	2684
<http://www.wikidata.org/entity/Q36236>	<http://www.wikidata.org/entity/Q25164>	12554	1986	2	8	0	11	1	1997
<http://www.wikidata.org/entity/Q25164>	<http://www.wikidata.org/entity/Q36236>	32974	2429	1	8	0	12	1	2441
<http://www.wikidata.org/entity/Q11059>	<http://www.wikidata.org/entity/Q1860>	1928	559	14	20	0	48	1483	1639
<http://www.wikidata.org/entity/Q1860>	<http://www.wikidata.org/entity/Q11059>	59942	703	12	18	0	71	1	780
<http://www.wikidata.org/entity/Q33947>	<http://www.wikidata.org/entity/Q9168>	10045	0	0	0	0	0	0	0
<http://www.wikidata.org/entity/Q9168>	<http://www.wikidata.org/entity/Q33947>	18925	0	0	0	0	0	0	0
<http://www.wikidata.org/entity/Q5218>	<http://www.wikidata.org/entity/Q33454>	2046	4	0	0	0	0	0	4
<http://www.wikidata.org/entity/Q33454>	<http://www.wikidata.org/entity/Q5218>	9001	4	0	0	0	0	0	4
<http://www.wikidata.org/entity/Q11051>	<http://www.wikidata.org/entity/Q150>	3900	1043	3	8	2	39	0	1086
<http://www.wikidata.org/entity/Q150>	<http://www.wikidata.org/entity/Q11051>	33497	969	3	7	4	43	0	1018
<http://www.wikidata.org/entity/Q9237>	<http://www.wikidata.org/entity/Q652>	5311	2041	4	17	1	33	10	2081
<http://www.wikidata.org/entity/Q652>	<http://www.wikidata.org/entity/Q9237>	26452	2201	3	20	1	37	0	2245
<http://www.wikidata.org/entity/Q58635>	<http://www.wikidata.org/entity/Q7737>	8319	2112	0	1	3	36	4	2151
<http://www.wikidata.org/entity/Q7737>	<http://www.wikidata.org/entity/Q58635>	18679	2043	0	1	4	29	0	2074
<http://www.wikidata.org/entity/Q1412>	<http://www.wikidata.org/entity/Q1860>	2495	740	25	39	0	33	885	1449
<http://www.wikidata.org/entity/Q1860>	<http://www.wikidata.org/entity/Q1412>	59942	1054	25	39	0	49	17	1126
<http://www.wikidata.org/entity/Q1412>	<http://www.wikidata.org/entity/Q150>	2495	675	5	18	1	19	5	696
<http://www.wikidata.org/entity/Q150>	<http://www.wikidata.org/entity/Q1412>	33497	800	5	18	3	23	5	832
<http://www.wikidata.org/entity/Q11051>	<http://www.wikidata.org/entity/Q1860>	3900	1221	77	116	0	75	2028	2549
<http://www.wikidata.org/entity/Q1860>	<http://www.wikidata.org/entity/Q11051>	59942	1389	71	102	0	96	0	1517
<http://www.wikidata.org/entity/Q36236>	<http://www.wikidata.org/entity/Q25167>	12554	2810	2	8	0	16	9	2826
<http://www.wikidata.org/entity/Q11059>	<http://www.wikidata.org/entity/Q150>	1928	427	0	1	0	30	0	457
<http://www.wikidata.org/entity/Q25167>	<http://www.wikidata.org/entity/Q36236>	50565	3504	2	7	0	19	0	3523
<http://www.wikidata.org/entity/Q150>	<http://www.wikidata.org/entity/Q11059>	33497	437	0	1	0	28	1	465
<http://www.wikidata.org/entity/Q256>	<http://www.wikidata.org/entity/Q9288>	2630	556	1	1	0	27	1	585
<http://www.wikidata.org/entity/Q9288>	<http://www.wikidata.org/entity/Q256>	7451	570	1	1	0	26	1	598
<http://www.wikidata.org/entity/Q1321>	<http://www.wikidata.org/entity/Q5287>	20953	2037	4	34	9	33	3	2085
<http://www.wikidata.org/entity/Q5287>	<http://www.wikidata.org/entity/Q1321>	34860	2037	4	35	7	47	12	2099
<http://www.wikidata.org/entity/Q33151>	<http://www.wikidata.org/entity/Q256>	1938	32	0	1	0	0	0	32
<http://www.wikidata.org/entity/Q256>	<http://www.wikidata.org/entity/Q33151>	2630	38	0	0	0	0	0	38
<http://www.wikidata.org/entity/Q36928>	<http://www.wikidata.org/entity/Q33454>	3314	98	0	0	0	0	0	98
<http://www.wikidata.org/entity/Q33454>	<http://www.wikidata.org/entity/Q36928>	9001	61	0	0	0	0	0	61
<http://www.wikidata.org/entity/Q9288>	<http://www.wikidata.org/entity/Q5287>	7451	2280	0	3	0	31	0	2313
<http://www.wikidata.org/entity/Q33947>	<http://www.wikidata.org/entity/Q50868>	10045	2	0	0	0	0	0	2
<http://www.wikidata.org/entity/Q50868>	<http://www.wikidata.org/entity/Q33947>	18852	2	0	0	0	0	0	2
<http://www.wikidata.org/entity/Q5287>	<http://www.wikidata.org/entity/Q9288>	34860	2713	0	4	0	40	1	2756
<http://www.wikidata.org/entity/Q33151>	<http://www.wikidata.org/entity/Q5287>	1938	69	12	15	0	0	2	73
<http://www.wikidata.org/entity/Q5287>	<http://www.wikidata.org/entity/Q33151>	34860	119	12	15	0	0	2	127
<http://www.wikidata.org/entity/Q256>	<http://www.wikidata.org/entity/Q1321>	2630	448	0	6	2	28	2	476
<http://www.wikidata.org/entity/Q1321>	<http://www.wikidata.org/entity/Q256>	20953	538	0	6	4	29	2	571
<http://www.wikidata.org/entity/Q809>	<http://www.wikidata.org/entity/Q8752>	4135	195	2	4	0	0	0	195
<http://www.wikidata.org/entity/Q8752>	<http://www.wikidata.org/entity/Q809>	30759	194	2	4	0	0	12	197
<http://www.wikidata.org/entity/Q10134>	<http://www.wikidata.org/entity/Q727694>	2146	233	1	5	0	27	0	262
<http://www.wikidata.org/entity/Q727694>	<http://www.wikidata.org/entity/Q10134>	4417	337	1	5	0	41	0	380
<http://www.wikidata.org/entity/Q8748>	<http://www.wikidata.org/entity/Q33454>	8162	23	0	0	0	0	0	23
<http://www.wikidata.org/entity/Q33454>	<http://www.wikidata.org/entity/Q8748>	9001	24	0	0	0	0	0	24
<http://www.wikidata.org/entity/Q7411>	<http://www.wikidata.org/entity/Q33454>	2611	50	0	0	0	0	0	50
<http://www.wikidata.org/entity/Q33454>	<http://www.wikidata.org/entity/Q7411>	9001	48	0	0	0	0	0	48
<http://www.wikidata.org/entity/Q809>	<http://www.wikidata.org/entity/Q8765>	4135	23	0	0	0	0	0	23
<http://www.wikidata.org/entity/Q8765>	<http://www.wikidata.org/entity/Q809>	33758	23	0	0	0	0	0	23
<http://www.wikidata.org/entity/Q809>	<http://www.wikidata.org/entity/Q9610>	4135	206	0	0	0	0	4	207
<http://www.wikidata.org/entity/Q9610>	<http://www.wikidata.org/entity/Q809>	14501	332	0	1	0	0	6	337
<http://www.wikidata.org/entity/Q9237>	<http://www.wikidata.org/entity/Q32238>	5311	532	0	2	0	11	0	544
<http://www.wikidata.org/entity/Q32238>	<http://www.wikidata.org/entity/Q9237>	14153	700	0	3	0	9	1	708
<http://www.wikidata.org/entity/Q58635>	<http://www.wikidata.org/entity/Q9027>	8319	2134	3	4	10	96	0	2241
<http://www.wikidata.org/entity/Q9027>	<http://www.wikidata.org/entity/Q58635>	38988	1509	1	2	11	76	0	1597
<http://www.wikidata.org/entity/Q9610>	<http://www.wikidata.org/entity/Q50868>	14501	29	0	0	0	1	0	30
<http://www.wikidata.org/entity/Q50868>	<http://www.wikidata.org/entity/Q9610>	18852	18	0	0	0	1	0	19
<http://www.wikidata.org/entity/Q11059>	<http://www.wikidata.org/entity/Q188>	1928	417	0	3	0	26	2	444
<http://www.wikidata.org/entity/Q188>	<http://www.wikidata.org/entity/Q11059>	20135	528	0	3	0	37	0	565
<http://www.wikidata.org/entity/Q50868>	<http://www.wikidata.org/entity/Q8765>	18852	1	0	0	0	0	0	1
<http://www.wikidata.org/entity/Q8765>	<http://www.wikidata.org/entity/Q50868>	33758	1	0	0	0	0	0	1
<http://www.wikidata.org/entity/Q9237>	<http://www.wikidata.org/entity/Q13955>	5311	511	4	8	0	30	5	546
<http://www.wikidata.org/entity/Q13955>	<http://www.wikidata.org/entity/Q9237>	14706	455	4	9	0	28	6	486
<http://www.wikidata.org/entity/Q1412>	<http://www.wikidata.org/entity/Q188>	2495	665	8	20	1	22	8	691
<http://www.wikidata.org/entity/Q188>	<http://www.wikidata.org/entity/Q1412>	20135	1034	8	19	3	33	5	1076
<http://www.wikidata.org/entity/Q11051>	<http://www.wikidata.org/entity/Q188>	3900	1026	6	18	2	49	1	1083
<http://www.wikidata.org/entity/Q188>	<http://www.wikidata.org/entity/Q11051>	20135	1194	6	16	6	58	0	1263
<http://www.wikidata.org/entity/Q58635>	<http://www.wikidata.org/entity/Q9035>	8319	1900	0	1	9	48	1	1957
<http://www.wikidata.org/entity/Q9035>	<http://www.wikidata.org/entity/Q58635>	19363	1293	0	3	8	42	0	1344
<http://www.wikidata.org/entity/Q50868>	<http://www.wikidata.org/entity/Q8752>	18852	11	0	0	0	0	0	11
<http://www.wikidata.org/entity/Q8752>	<http://www.wikidata.org/entity/Q50868>	30759	12	0	0	0	0	0	12
<http://www.wikidata.org/entity/Q10134>	<http://www.wikidata.org/entity/Q56356571>	2146	489	0	1	0	18	0	508
<http://www.wikidata.org/entity/Q56356571>	<http://www.wikidata.org/entity/Q10134>	11610	814	0	1	0	27	0	842
<http://www.wikidata.org/entity/Q36495>	<http://www.wikidata.org/entity/Q58635>	1973	571	0	0	0	25	0	596
<http://www.wikidata.org/entity/Q58635>	<http://www.wikidata.org/entity/Q36495>	8319	798	0	0	0	25	0	823
<http://www.wikidata.org/entity/Q56475>	<http://www.wikidata.org/entity/Q9056>	1897	240	0	0	1	6	0	246
<http://www.wikidata.org/entity/Q9056>	<http://www.wikidata.org/entity/Q56475>	25347	375	1	1	2	6	0	381
<http://www.wikidata.org/entity/Q9056>	<http://www.wikidata.org/entity/Q5146>	25347	833	5	13	24	7	9	865
<http://www.wikidata.org/entity/Q32238>	<http://www.wikidata.org/entity/Q25164>	14153	939	1	7	0	9	0	948
<http://www.wikidata.org/entity/Q5146>	<http://www.wikidata.org/entity/Q9056>	176780	625	2	9	13	9	4	646
<http://www.wikidata.org/entity/Q25164>	<http://www.wikidata.org/entity/Q32238>	32974	983	1	4	0	11	0	994
<http://www.wikidata.org/entity/Q13955>	<http://www.wikidata.org/entity/Q25164>	14706	451	0	2	0	10	0	461
<http://www.wikidata.org/entity/Q25164>	<http://www.wikidata.org/entity/Q13955>	32974	586	0	3	0	15	0	601
<http://www.wikidata.org/entity/Q13955>	<http://www.wikidata.org/entity/Q25167>	14706	607	1	3	2	12	0	621
<http://www.wikidata.org/entity/Q25167>	<http://www.wikidata.org/entity/Q13955>	50565	850	1	5	2	24	0	876
<http://www.wikidata.org/entity/Q32238>	<http://www.wikidata.org/entity/Q25167>	14153	1207	3	4	0	9	1	1213
<http://www.wikidata.org/entity/Q25167>	<http://www.wikidata.org/entity/Q32238>	50565	1360	1	3	0	14	0	1374
<http://www.wikidata.org/entity/Q809>	<http://www.wikidata.org/entity/Q33947>	4135	16	0	2	0	0	0	16
<http://www.wikidata.org/entity/Q33947>	<http://www.wikidata.org/entity/Q809>	10045	14	0	2	0	0	0	14
<http://www.wikidata.org/entity/Q13349>	<http://www.wikidata.org/entity/Q5146>	6804	9	0	0	0	0	0	9
<http://www.wikidata.org/entity/Q397>	<http://www.wikidata.org/entity/Q33454>	2705	75	0	0	0	2	0	77
<http://www.wikidata.org/entity/Q5146>	<http://www.wikidata.org/entity/Q13349>	176780	12	0	0	0	0	0	12
<http://www.wikidata.org/entity/Q33454>	<http://www.wikidata.org/entity/Q397>	9001	67	0	0	0	2	126	195
<http://www.wikidata.org/entity/Q56475>	<http://www.wikidata.org/entity/Q13349>	1897	4	0	0	0	0	0	4
<http://www.wikidata.org/entity/Q33284>	<http://www.wikidata.org/entity/Q727694>	1711	15	0	0	0	0	0	15
<http://www.wikidata.org/entity/Q13349>	<http://www.wikidata.org/entity/Q56475>	6804	4	0	0	0	0	0	4
<http://www.wikidata.org/entity/Q727694>	<http://www.wikidata.org/entity/Q33284>	4417	25	0	0	0	0	0	25
<http://www.wikidata.org/entity/Q12107>	<http://www.wikidata.org/entity/Q9610>	5780	658	0	1	0	44	2	704
<http://www.wikidata.org/entity/Q9610>	<http://www.wikidata.org/entity/Q12107>	14501	818	0	2	0	46	0	864
<http://www.wikidata.org/entity/Q12107>	<http://www.wikidata.org/entity/Q8765>	5780	43	0	0	0	2	0	45
<http://www.wikidata.org/entity/Q8765>	<http://www.wikidata.org/entity/Q12107>	33758	33	0	0	0	2	0	35
<http://www.wikidata.org/entity/Q33578>	<http://www.wikidata.org/entity/Q25164>	5759	1014	0	0	0	37	0	1048
<http://www.wikidata.org/entity/Q25164>	<http://www.wikidata.org/entity/Q33578>	32974	1188	0	0	0	45	0	1231
<http://www.wikidata.org/entity/Q9176>	<http://www.wikidata.org/entity/Q9610>	1593	166	3	4	0	24	47	231
<http://www.wikidata.org/entity/Q9610>	<http://www.wikidata.org/entity/Q9176>	14501	181	3	4	0	26	0	210
<http://www.wikidata.org/entity/Q9168>	<http://www.wikidata.org/entity/Q8752>	18925	106	0	0	0	1	0	107
<http://www.wikidata.org/entity/Q8752>	<http://www.wikidata.org/entity/Q9168>	30759	109	0	0	0	1	0	110
<http://www.wikidata.org/entity/Q9176>	<http://www.wikidata.org/entity/Q8765>	1593	13	0	0	0	5	0	18
<http://www.wikidata.org/entity/Q8765>	<http://www.wikidata.org/entity/Q9176>	33758	12	0	0	0	2	0	14
<http://www.wikidata.org/entity/Q33578>	<http://www.wikidata.org/entity/Q25167>	5759	1328	0	1	0	50	0	1375
<http://www.wikidata.org/entity/Q25167>	<http://www.wikidata.org/entity/Q33578>	50565	1665	0	1	0	65	0	1728
<http://www.wikidata.org/entity/Q727694>	<http://www.wikidata.org/entity/Q36790>	4417	433	1	1	0	88	0	521
<http://www.wikidata.org/entity/Q36790>	<http://www.wikidata.org/entity/Q727694>	17051	1342	1	1	0	167	0	1509
<http://www.wikidata.org/entity/Q9237>	<http://www.wikidata.org/entity/Q33578>	5311	684	0	1	0	48	0	732
<http://www.wikidata.org/entity/Q33578>	<http://www.wikidata.org/entity/Q9237>	5759	782	0	1	0	52	0	832
<http://www.wikidata.org/entity/Q12107>	<http://www.wikidata.org/entity/Q8752>	5780	641	1	2	0	1	0	642
<http://www.wikidata.org/entity/Q8752>	<http://www.wikidata.org/entity/Q12107>	30759	522	1	2	0	1	0	523
<http://www.wikidata.org/entity/Q9168>	<http://www.wikidata.org/entity/Q8765>	18925	4	0	0	0	0	0	4
<http://www.wikidata.org/entity/Q8765>	<http://www.wikidata.org/entity/Q9168>	33758	4	0	0	0	0	0	4
<http://www.wikidata.org/entity/Q9176>	<http://www.wikidata.org/entity/Q8752>	1593	150	2	3	0	0	0	150
<http://www.wikidata.org/entity/Q8752>	<http://www.wikidata.org/entity/Q9176>	30759	143	2	3	0	0	2	143
<http://www.wikidata.org/entity/Q9610>	<http://www.wikidata.org/entity/Q9168>	14501	42	1	1	0	12	0	55
<http://www.wikidata.org/entity/Q9168>	<http://www.wikidata.org/entity/Q9610>	18925	30	1	1	0	15	5	49
<http://www.wikidata.org/entity/Q56475>	<http://www.wikidata.org/entity/Q9072>	1897	317	0	0	0	18	0	335
<http://www.wikidata.org/entity/Q9072>	<http://www.wikidata.org/entity/Q56475>	4943	343	0	0	0	16	1	360
<http://www.wikidata.org/entity/Q9072>	<http://www.wikidata.org/entity/Q5146>	4943	904	0	1	0	19	0	923
<http://www.wikidata.org/entity/Q5146>	<http://www.wikidata.org/entity/Q9072>	176780	867	0	1	0	28	1	896
<http://www.wikidata.org/entity/Q10134>	<http://www.wikidata.org/entity/Q1860>	2146	1003	36	40	3	124	820	1320
<http://www.wikidata.org/entity/Q1860>	<http://www.wikidata.org/entity/Q10134>	59942	1353	32	36	6	195	0	1566
<http://www.wikidata.org/entity/Q33578>	<http://www.wikidata.org/entity/Q5287>	5759	1083	0	0	0	79	0	1159
<http://www.wikidata.org/entity/Q9176>	<http://www.wikidata.org/entity/Q8748>	1593	50	0	0	0	0	0	50
<http://www.wikidata.org/entity/Q5287>	<http://www.wikidata.org/entity/Q33578>	34860	1247	0	1	0	90	0	1336
<http://www.wikidata.org/entity/Q8748>	<http://www.wikidata.org/entity/Q9176>	8162	42	0	0	0	0	0	42
<http://www.wikidata.org/entity/Q33284>	<http://www.wikidata.org/entity/Q188>	1711	27	0	0	0	0	16	43
<http://www.wikidata.org/entity/Q36928>	<http://www.wikidata.org/entity/Q9168>	3314	16	0	0	0	0	0	16
<http://www.wikidata.org/entity/Q9168>	<http://www.wikidata.org/entity/Q36928>	18925	16	0	0	0	0	0	16
<http://www.wikidata.org/entity/Q188>	<http://www.wikidata.org/entity/Q33284>	20135	55	0	0	0	0	0	55
<http://www.wikidata.org/entity/Q7411>	<http://www.wikidata.org/entity/Q12107>	2611	401	0	1	4	3	0	407
<http://www.wikidata.org/entity/Q12107>	<http://www.wikidata.org/entity/Q7411>	5780	496	0	1	9	2	7	506
<http://www.wikidata.org/entity/Q5218>	<http://www.wikidata.org/entity/Q50868>	2046	3	0	0	0	0	0	3
<http://www.wikidata.org/entity/Q50868>	<http://www.wikidata.org/entity/Q5218>	18852	3	0	0	0	0	0	3
<http://www.wikidata.org/entity/Q13349>	<http://www.wikidata.org/entity/Q58635>	6804	9	0	0	0	0	0	9
<http://www.wikidata.org/entity/Q12107>	<http://www.wikidata.org/entity/Q8748>	5780	268	0	1	0	1	0	269
<http://www.wikidata.org/entity/Q58635>	<http://www.wikidata.org/entity/Q13349>	8319	21	0	0	0	0	0	21
<http://www.wikidata.org/entity/Q8748>	<http://www.wikidata.org/entity/Q12107>	8162	191	0	1	0	2	0	193
<http://www.wikidata.org/entity/Q9176>	<http://www.wikidata.org/entity/Q7411>	1593	157	0	6	0	0	6	162
<http://www.wikidata.org/entity/Q7411>	<http://www.wikidata.org/entity/Q9176>	2611	165	0	6	0	0	0	165
<http://www.wikidata.org/entity/Q256>	<http://www.wikidata.org/entity/Q33578>	2630	329	0	0	0	38	0	367
<http://www.wikidata.org/entity/Q33578>	<http://www.wikidata.org/entity/Q256>	5759	403	0	0	0	53	1	457
<http://www.wikidata.org/entity/Q397>	<http://www.wikidata.org/entity/Q809>	2705	296	5	10	0	1	14	307
<http://www.wikidata.org/entity/Q809>	<http://www.wikidata.org/entity/Q397>	4135	265	5	10	0	1	0	269
<http://www.wikidata.org/entity/Q10134>	<http://www.wikidata.org/entity/Q150>	2146	840	1	4	2	64	1	908
<http://www.wikidata.org/entity/Q36790>	<http://www.wikidata.org/entity/Q188>	17051	4366	0	1	0	306	364	4835
<http://www.wikidata.org/entity/Q188>	<http://www.wikidata.org/entity/Q36790>	20135	1814	0	1	0	193	0	2007
<http://www.wikidata.org/entity/Q150>	<http://www.wikidata.org/entity/Q10134>	33497	1016	1	2	7	87	0	1110
<http://www.wikidata.org/entity/Q9176>	<http://www.wikidata.org/entity/Q36928>	1593	78	0	0	0	0	0	78
<http://www.wikidata.org/entity/Q36928>	<http://www.wikidata.org/entity/Q9176>	3314	74	0	0	0	0	0	74
<http://www.wikidata.org/entity/Q8748>	<http://www.wikidata.org/entity/Q9168>	8162	10	0	0	0	2	0	12
<http://www.wikidata.org/entity/Q9168>	<http://www.wikidata.org/entity/Q8748>	18925	11	0	0	0	4	0	15
<http://www.wikidata.org/entity/Q7411>	<http://www.wikidata.org/entity/Q9168>	2611	42	0	0	0	1	0	43
<http://www.wikidata.org/entity/Q9168>	<http://www.wikidata.org/entity/Q7411>	18925	40	0	0	0	1	0	41
<http://www.wikidata.org/entity/Q36928>	<http://www.wikidata.org/entity/Q12107>	3314	608	0	0	0	0	0	608
<http://www.wikidata.org/entity/Q12107>	<http://www.wikidata.org/entity/Q36928>	5780	632	0	0	0	0	0	632
<http://www.wikidata.org/entity/Q9072>	<http://www.wikidata.org/entity/Q58635>	4943	794	0	1	1	24	0	820
<http://www.wikidata.org/entity/Q58635>	<http://www.wikidata.org/entity/Q9072>	8319	1281	0	1	1	35	0	1317
<http://www.wikidata.org/entity/Q11059>	<http://www.wikidata.org/entity/Q727694>	1928	194	0	0	0	20	0	214
<http://www.wikidata.org/entity/Q727694>	<http://www.wikidata.org/entity/Q11059>	4417	252	0	0	0	25	0	277
<http://www.wikidata.org/entity/Q9176>	<http://www.wikidata.org/entity/Q5218>	1593	6	0	0	0	0	0	6
<http://www.wikidata.org/entity/Q5218>	<http://www.wikidata.org/entity/Q9176>	2046	5	0	0	0	0	0	5
<http://www.wikidata.org/entity/Q7411>	<http://www.wikidata.org/entity/Q50868>	2611	15	0	0	0	0	0	15
<http://www.wikidata.org/entity/Q50868>	<http://www.wikidata.org/entity/Q7411>	18852	13	0	0	0	0	0	13
<http://www.wikidata.org/entity/Q5218>	<http://www.wikidata.org/entity/Q12107>	2046	13	0	0	0	1	0	14
<http://www.wikidata.org/entity/Q12107>	<http://www.wikidata.org/entity/Q5218>	5780	21	0	1	0	2	0	24
<http://www.wikidata.org/entity/Q56475>	<http://www.wikidata.org/entity/Q9027>	1897	491	0	0	1	39	0	530
<http://www.wikidata.org/entity/Q8748>	<http://www.wikidata.org/entity/Q50868>	8162	15	0	0	0	0	0	15
<http://www.wikidata.org/entity/Q50868>	<http://www.wikidata.org/entity/Q8748>	18852	13	0	0	0	0	0	13
<http://www.wikidata.org/entity/Q9027>	<http://www.wikidata.org/entity/Q56475>	38988	574	0	0	1	45	0	619
<http://www.wikidata.org/entity/Q9027>	<http://www.wikidata.org/entity/Q5146>	38988	1885	2	13	45	60	3	1989
<http://www.wikidata.org/entity/Q5146>	<http://www.wikidata.org/entity/Q9027>	176780	1677	2	13	37	62	5	1772
<http://www.wikidata.org/entity/Q1412>	<http://www.wikidata.org/entity/Q727694>	2495	207	0	1	0	11	0	218
<http://www.wikidata.org/entity/Q727694>	<http://www.wikidata.org/entity/Q1412>	4417	294	0	1	0	14	0	308
<http://www.wikidata.org/entity/Q11051>	<http://www.wikidata.org/entity/Q727694>	3900	414	1	11	0	31	0	449
<http://www.wikidata.org/entity/Q727694>	<http://www.wikidata.org/entity/Q11051>	4417	397	2	8	0	27	0	426
<http://www.wikidata.org/entity/Q5218>	<http://www.wikidata.org/entity/Q9168>	2046	0	0	0	0	0	0	0
<http://www.wikidata.org/entity/Q33454>	<http://www.wikidata.org/entity/Q33947>	9001	4	0	0	0	0	0	4
<http://www.wikidata.org/entity/Q33947>	<http://www.wikidata.org/entity/Q33454>	10045	4	0	0	0	0	0	4
<http://www.wikidata.org/entity/Q9168>	<http://www.wikidata.org/entity/Q5218>	18925	0	0	0	0	0	0	0
<http://www.wikidata.org/entity/Q13955>	<http://www.wikidata.org/entity/Q5287>	14706	504	0	8	0	32	0	539
<http://www.wikidata.org/entity/Q5287>	<http://www.wikidata.org/entity/Q13955>	34860	786	0	8	0	46	1	834
<http://www.wikidata.org/entity/Q32238>	<http://www.wikidata.org/entity/Q5287>	14153	1031	0	9	0	10	0	1040
<http://www.wikidata.org/entity/Q5287>	<http://www.wikidata.org/entity/Q32238>	34860	1119	0	4	0	14	0	1134
<http://www.wikidata.org/entity/Q58635>	<http://www.wikidata.org/entity/Q9056>	8319	906	0	0	2	17	1	923
<http://www.wikidata.org/entity/Q9056>	<http://www.wikidata.org/entity/Q58635>	25347	762	1	1	4	6	0	770
<http://www.wikidata.org/entity/Q36495>	<http://www.wikidata.org/entity/Q5146>	1973	435	3	20	0	21	0	460
<http://www.wikidata.org/entity/Q256>	<http://www.wikidata.org/entity/Q13955>	2630	306	7	8	0	24	1	335
<http://www.wikidata.org/entity/Q13955>	<http://www.wikidata.org/entity/Q256>	14706	282	7	8	0	25	7	317
<http://www.wikidata.org/entity/Q5146>	<http://www.wikidata.org/entity/Q36495>	176780	352	2	16	0	20	1	377
<http://www.wikidata.org/entity/Q56475>	<http://www.wikidata.org/entity/Q36495>	1897	161	0	0	0	17	0	178
<http://www.wikidata.org/entity/Q36495>	<http://www.wikidata.org/entity/Q56475>	1973	217	0	0	0	19	0	236
<http://www.wikidata.org/entity/Q9035>	<http://www.wikidata.org/entity/Q5146>	19363	1412	0	8	23	32	1	1467
<http://www.wikidata.org/entity/Q5146>	<http://www.wikidata.org/entity/Q9035>	176780	1354	0	9	25	34	1	1414
<http://www.wikidata.org/entity/Q56475>	<http://www.wikidata.org/entity/Q9035>	1897	426	0	0	1	24	0	451
<http://www.wikidata.org/entity/Q9035>	<http://www.wikidata.org/entity/Q56475>	19363	467	0	0	1	24	0	492
<http://www.wikidata.org/entity/Q256>	<http://www.wikidata.org/entity/Q32238>	2630	267	0	0	0	11	0	278
<http://www.wikidata.org/entity/Q32238>	<http://www.wikidata.org/entity/Q256>	14153	386	0	0	0	10	1	397
<http://www.wikidata.org/entity/Q36928>	<http://www.wikidata.org/entity/Q50868>	3314	27	0	0	0	0	0	27
<http://www.wikidata.org/entity/Q50868>	<http://www.wikidata.org/entity/Q36928>	18852	17	0	0	0	0	0	17
<http://www.wikidata.org/entity/Q33151>	<http://www.wikidata.org/entity/Q33578>	1938	52	0	0	0	0	0	52
<http://www.wikidata.org/entity/Q33578>	<http://www.wikidata.org/entity/Q33151>	5759	83	0	0	0	0	0	83
<http://www.wikidata.org/entity/Q7737>	<http://www.wikidata.org/entity/Q9056>	18679	1892	28	44	8	2	20	1899
<http://www.wikidata.org/entity/Q9056>	<http://www.wikidata.org/entity/Q7737>	25347	1771	36	52	6	2	53	1806
<http://www.wikidata.org/entity/Q33578>	<http://www.wikidata.org/entity/Q9288>	5759	878	1	2	0	21	20	919
<http://www.wikidata.org/entity/Q9288>	<http://www.wikidata.org/entity/Q33578>	7451	741	1	2	0	16	0	757
<http://www.wikidata.org/entity/Q397>	<http://www.wikidata.org/entity/Q8752>	2705	352	0	3	0	1	0	353
<http://www.wikidata.org/entity/Q8752>	<http://www.wikidata.org/entity/Q397>	30759	346	0	3	0	1	0	347
<http://www.wikidata.org/entity/Q33578>	<http://www.wikidata.org/entity/Q1321>	5759	619	0	2	0	31	5	656
<http://www.wikidata.org/entity/Q1321>	<http://www.wikidata.org/entity/Q33578>	20953	623	0	2	0	25	0	649
<http://www.wikidata.org/entity/Q33454>	<http://www.wikidata.org/entity/Q9168>	9001	4	0	0	0	0	0	4
<http://www.wikidata.org/entity/Q5218>	<http://www.wikidata.org/entity/Q33947>	2046	3	0	0	0	0	0	3
<http://www.wikidata.org/entity/Q9168>	<http://www.wikidata.org/entity/Q33454>	18925	4	0	0	0	0	0	4
<http://www.wikidata.org/entity/Q33947>	<http://www.wikidata.org/entity/Q5218>	10045	3	0	0	0	0	0	3
<http://www.wikidata.org/entity/Q12107>	<http://www.wikidata.org/entity/Q33454>	5780	149	0	0	0	2	0	151
<http://www.wikidata.org/entity/Q33454>	<http://www.wikidata.org/entity/Q12107>	9001	108	0	0	0	2	0	110
<http://www.wikidata.org/entity/Q397>	<http://www.wikidata.org/entity/Q8765>	2705	34	2	2	0	3	0	39
<http://www.wikidata.org/entity/Q35518>	<http://www.wikidata.org/entity/Q9056>	15737	1163	0	1	0	19	0	1182
<http://www.wikidata.org/entity/Q9056>	<http://www.wikidata.org/entity/Q35518>	25347	668	1	2	0	10	0	678
<http://www.wikidata.org/entity/Q8765>	<http://www.wikidata.org/entity/Q397>	33758	29	2	2	0	2	0	33
<http://www.wikidata.org/entity/Q397>	<http://www.wikidata.org/entity/Q9610>	2705	324	0	6	0	13	9	342
<http://www.wikidata.org/entity/Q9610>	<http://www.wikidata.org/entity/Q397>	14501	418	0	4	0	12	0	431
<http://www.wikidata.org/entity/Q9176>	<http://www.wikidata.org/entity/Q33454>	1593	26	0	0	0	5	0	31
<http://www.wikidata.org/entity/Q33454>	<http://www.wikidata.org/entity/Q9176>	9001	25	0	0	0	2	0	27
<http://www.wikidata.org/entity/Q727694>	<http://www.wikidata.org/entity/Q1860>	4417	1055	101	112	0	156	4370	4386
<http://www.wikidata.org/entity/Q1860>	<http://www.wikidata.org/entity/Q727694>	59942	1231	90	101	0	170	0	1426
<http://www.wikidata.org/entity/Q727694>	<http://www.wikidata.org/entity/Q150>	4417	931	6	23	0	82	20	1018
<http://www.wikidata.org/entity/Q150>	<http://www.wikidata.org/entity/Q727694>	33497	857	6	22	0	71	0	931
<http://www.wikidata.org/entity/Q7411>	<http://www.wikidata.org/entity/Q33947>	2611	10	0	1	0	0	1	11
<http://www.wikidata.org/entity/Q33947>	<http://www.wikidata.org/entity/Q7411>	10045	9	0	1	0	0	0	9
<http://www.wikidata.org/entity/Q56356571>	<http://www.wikidata.org/entity/Q188>	11610	2697	3	8	8	66	55	2790
<http://www.wikidata.org/entity/Q188>	<http://www.wikidata.org/entity/Q56356571>	20135	2615	4	11	19	69	0	2703
<http://www.wikidata.org/entity/Q8748>	<http://www.wikidata.org/entity/Q33947>	8162	6	0	1	0	0	0	6
<http://www.wikidata.org/entity/Q33947>	<http://www.wikidata.org/entity/Q8748>	10045	6	0	1	0	0	0	6
<http://www.wikidata.org/entity/Q13349>	<http://www.wikidata.org/entity/Q35518>	6804	7	0	0	0	0	0	7
<http://www.wikidata.org/entity/Q35518>	<http://www.wikidata.org/entity/Q13349>	15737	13	0	0	0	0	0	13
<http://www.wikidata.org/entity/Q9072>	<http://www.wikidata.org/entity/Q7737>	4943	1656	2	6	1	11	80	1709
<http://www.wikidata.org/entity/Q7737>	<http://www.wikidata.org/entity/Q9072>	18679	2141	2	7	2	14	21	2173
<http://www.wikidata.org/entity/Q33454>	<http://www.wikidata.org/entity/Q50868>	9001	5	0	0	0	0	0	5
<http://www.wikidata.org/entity/Q50868>	<http://www.wikidata.org/entity/Q33454>	18852	5	0	0	0	0	0	5
<http://www.wikidata.org/entity/Q9288>	<http://www.wikidata.org/entity/Q13955>	7451	451	7	9	0	7	10	468
<http://www.wikidata.org/entity/Q33151>	<http://www.wikidata.org/entity/Q32238>	1938	54	0	1	0	0	0	54
<http://www.wikidata.org/entity/Q13955>	<http://www.wikidata.org/entity/Q9288>	14706	433	7	9	0	10	7	454
<http://www.wikidata.org/entity/Q32238>	<http://www.wikidata.org/entity/Q33151>	14153	95	0	2	0	0	1	97
<http://www.wikidata.org/entity/Q10134>	<http://www.wikidata.org/entity/Q1412>	2146	203	0	0	0	14	0	217
<http://www.wikidata.org/entity/Q1412>	<http://www.wikidata.org/entity/Q10134>	2495	214	0	0	0	15	0	229
<http://www.wikidata.org/entity/Q33151>	<http://www.wikidata.org/entity/Q13955>	1938	28	0	1	0	0	2	29
<http://www.wikidata.org/entity/Q9288>	<http://www.wikidata.org/entity/Q32238>	7451	640	0	0	0	5	0	645
<http://www.wikidata.org/entity/Q32238>	<http://www.wikidata.org/entity/Q9288>	14153	833	0	0	0	5	0	836
<http://www.wikidata.org/entity/Q13955>	<http://www.wikidata.org/entity/Q33151>	14706	29	0	1	0	0	0	29
<http://www.wikidata.org/entity/Q11059>	<http://www.wikidata.org/entity/Q10134>	1928	198	0	0	0	17	0	215
<http://www.wikidata.org/entity/Q10134>	<http://www.wikidata.org/entity/Q11059>	2146	151	0	0	0	13	0	164
<http://www.wikidata.org/entity/Q32238>	<http://www.wikidata.org/entity/Q1321>	14153	663	1	18	0	7	5	674
<http://www.wikidata.org/entity/Q1321>	<http://www.wikidata.org/entity/Q32238>	20953	602	1	10	0	6	0	611
<http://www.wikidata.org/entity/Q13955>	<http://www.wikidata.org/entity/Q1321>	14706	337	3	10	2	11	3	349
<http://www.wikidata.org/entity/Q1321>	<http://www.wikidata.org/entity/Q13955>	20953	384	3	10	3	11	2	399
<http://www.wikidata.org/entity/Q36928>	<http://www.wikidata.org/entity/Q33947>	3314	10	0	0	0	0	0	10
<http://www.wikidata.org/entity/Q33947>	<http://www.wikidata.org/entity/Q36928>	10045	9	0	0	0	0	0	9
<http://www.wikidata.org/entity/Q13349>	<http://www.wikidata.org/entity/Q7737>	6804	12	0	0	0	0	0	12
<http://www.wikidata.org/entity/Q7737>	<http://www.wikidata.org/entity/Q13349>	18679	35	0	0	0	0	0	35
<http://www.wikidata.org/entity/Q10134>	<http://www.wikidata.org/entity/Q11051>	2146	292	0	2	0	17	0	311
<http://www.wikidata.org/entity/Q11051>	<http://www.wikidata.org/entity/Q10134>	3900	447	0	4	0	21	0	472
<http://www.wikidata.org/entity/Q9072>	<http://www.wikidata.org/entity/Q35518>	4943	603	0	0	0	27	0	630
<http://www.wikidata.org/entity/Q35518>	<http://www.wikidata.org/entity/Q9072>	15737	1543	0	0	0	66	0	1609
<http://www.wikidata.org/entity/Q33947>	<http://www.wikidata.org/entity/Q9610>	10045	14	0	0	0	1	1	15
<http://www.wikidata.org/entity/Q9610>	<http://www.wikidata.org/entity/Q33947>	14501	22	0	0	0	1	0	23
<http://www.wikidata.org/entity/Q33947>	<http://www.wikidata.org/entity/Q8765>	10045	5	0	0	0	1	0	6
<http://www.wikidata.org/entity/Q8765>	<http://www.wikidata.org/entity/Q33947>	33758	5	0	0	0	1	0	6
<http://www.wikidata.org/entity/Q727694>	<http://www.wikidata.org/entity/Q56356571>	4417	639	0	3	0	32	0	671
<http://www.wikidata.org/entity/Q56356571>	<http://www.wikidata.org/entity/Q727694>	11610	804	0	4	0	30	0	834
<http://www.wikidata.org/entity/Q33578>	<http://www.wikidata.org/entity/Q652>	5759	1374	0	3	0	35	1	1412
<http://www.wikidata.org/entity/Q652>	<http://www.wikidata.org/entity/Q33578>	26452	1370	0	3	0	32	1	1406
<http://www.wikidata.org/entity/Q33578>	<http://www.wikidata.org/entity/Q36236>	5759	844	0	1	0	11	0	856
<http://www.wikidata.org/entity/Q36236>	<http://www.wikidata.org/entity/Q33578>	12554	842	0	2	0	9	1	852
<http://www.wikidata.org/entity/Q33947>	<http://www.wikidata.org/entity/Q8752>	10045	9	0	0	0	0	0	9
<http://www.wikidata.org/entity/Q8752>	<http://www.wikidata.org/entity/Q33947>	30759	12	0	0	0	0	0	12
<http://www.wikidata.org/entity/Q5218>	<http://www.wikidata.org/entity/Q397>	2046	14	0	2	0	0	0	14
<http://www.wikidata.org/entity/Q397>	<http://www.wikidata.org/entity/Q5218>	2705	23	0	2	0	0	0	23
<http://www.wikidata.org/entity/Q809>	<http://www.wikidata.org/entity/Q50868>	4135	13	0	0	0	0	0	13
<http://www.wikidata.org/entity/Q50868>	<http://www.wikidata.org/entity/Q809>	18852	12	0	0	0	0	0	12
<http://www.wikidata.org/entity/Q35518>	<http://www.wikidata.org/entity/Q9027>	15737	2635	0	0	0	193	0	2828
<http://www.wikidata.org/entity/Q9027>	<http://www.wikidata.org/entity/Q35518>	38988	1273	0	0	0	98	0	1371
<http://www.wikidata.org/entity/Q36236>	<http://www.wikidata.org/entity/Q32238>	12554	698	2	2	0	4	0	702
<http://www.wikidata.org/entity/Q32238>	<http://www.wikidata.org/entity/Q36236>	14153	774	2	5	0	4	0	778
<http://www.wikidata.org/entity/Q36236>	<http://www.wikidata.org/entity/Q13955>	12554	489	1	7	0	3	1	494
<http://www.wikidata.org/entity/Q13955>	<http://www.wikidata.org/entity/Q36236>	14706	410	1	7	0	3	0	414
<http://www.wikidata.org/entity/Q36495>	<http://www.wikidata.org/entity/Q7737>	1973	929	1	11	0	10	0	944
<http://www.wikidata.org/entity/Q7737>	<http://www.wikidata.org/entity/Q36495>	18679	1394	1	9	0	12	0	1408
<http://www.wikidata.org/entity/Q7737>	<http://www.wikidata.org/entity/Q9035>	18679	4025	16	31	31	19	14	4066
<http://www.wikidata.org/entity/Q9035>	<http://www.wikidata.org/entity/Q7737>	19363	3125	19	34	22	15	38	3162
<http://www.wikidata.org/entity/Q397>	<http://www.wikidata.org/entity/Q36928>	2705	324	0	0	0	0	0	324
<http://www.wikidata.org/entity/Q36928>	<http://www.wikidata.org/entity/Q397>	3314	421	0	0	0	0	0	421
<http://www.wikidata.org/entity/Q809>	<http://www.wikidata.org/entity/Q9168>	4135	23	0	0	0	0	0	23
<http://www.wikidata.org/entity/Q9168>	<http://www.wikidata.org/entity/Q809>	18925	23	0	0	0	0	0	23
<http://www.wikidata.org/entity/Q7737>	<http://www.wikidata.org/entity/Q9027>	18679	5217	3	14	35	39	4	5290
<http://www.wikidata.org/entity/Q9027>	<http://www.wikidata.org/entity/Q7737>	38988	4542	3	14	32	33	19	4616
<http://www.wikidata.org/entity/Q36495>	<http://www.wikidata.org/entity/Q35518>	1973	339	0	2	0	30	0	370
<http://www.wikidata.org/entity/Q7411>	<http://www.wikidata.org/entity/Q397>	2611	272	19	19	0	2	1	275
<http://www.wikidata.org/entity/Q397>	<http://www.wikidata.org/entity/Q7411>	2705	292	19	19	0	2	5	295
<http://www.wikidata.org/entity/Q35518>	<http://www.wikidata.org/entity/Q36495>	15737	663	0	1	0	52	0	715
<http://www.wikidata.org/entity/Q35518>	<http://www.wikidata.org/entity/Q9035>	15737	2275	0	1	0	112	0	2387
<http://www.wikidata.org/entity/Q9035>	<http://www.wikidata.org/entity/Q35518>	19363	988	1	1	0	56	0	1044
<http://www.wikidata.org/entity/Q13955>	<http://www.wikidata.org/entity/Q652>	14706	654	5	13	1	18	3	677
<http://www.wikidata.org/entity/Q652>	<http://www.wikidata.org/entity/Q13955>	26452	738	5	13	2	19	0	761
<http://www.wikidata.org/entity/Q33284>	<http://www.wikidata.org/entity/Q10134>	1711	13	0	0	0	0	0	13
<http://www.wikidata.org/entity/Q10134>	<http://www.wikidata.org/entity/Q33284>	2146	14	0	0	0	0	0	14
<http://www.wikidata.org/entity/Q188>	<http://www.wikidata.org/entity/Q1860>	20135	8880	399	482	153	507	10601	14850
<http://www.wikidata.org/entity/Q1860>	<http://www.wikidata.org/entity/Q188>	59942	8556	382	461	88	519	326	9355
<http://www.wikidata.org/entity/Q32238>	<http://www.wikidata.org/entity/Q652>	14153	1336	1	14	0	4	4	1342
<http://www.wikidata.org/entity/Q652>	<http://www.wikidata.org/entity/Q32238>	26452	1244	1	6	0	4	0	1249
<http://www.wikidata.org/entity/Q397>	<http://www.wikidata.org/entity/Q8748>	2705	123	0	1	0	2	0	125
<http://www.wikidata.org/entity/Q8748>	<http://www.wikidata.org/entity/Q397>	8162	111	0	1	0	3	0	114
<http://www.wikidata.org/entity/Q188>	<http://www.wikidata.org/entity/Q150>	20135	6952	115	168	257	241	349	7557
<http://www.wikidata.org/entity/Q150>	<http://www.wikidata.org/entity/Q188>	33497	6048	112	163	247	206	115	6472
<http://www.wikidata.org/entity/Q10134>	<http://www.wikidata.org/entity/Q36790>	2146	404	0	0	0	53	0	457
<http://www.wikidata.org/entity/Q9176>	<http://www.wikidata.org/entity/Q809>	1593	143	0	1	0	0	2	144
<http://www.wikidata.org/entity/Q36790>	<http://www.wikidata.org/entity/Q10134>	17051	1900	0	0	0	137	0	2037
<http://www.wikidata.org/entity/Q809>	<http://www.wikidata.org/entity/Q9176>	4135	141	0	1	0	0	0	141
<http://www.wikidata.org/entity/Q809>	<http://www.wikidata.org/entity/Q12107>	4135	331	1	8	0	0	0	331
<http://www.wikidata.org/entity/Q12107>	<http://www.wikidata.org/entity/Q809>	5780	414	1	8	0	0	20	414
<http://www.wikidata.org/entity/Q50868>	<http://www.wikidata.org/entity/Q9056>	18852	18	0	0	0	0	0	18
<http://www.wikidata.org/entity/Q13349>	<http://www.wikidata.org/entity/Q9168>	6804	0	0	0	0	0	0	0
<http://www.wikidata.org/entity/Q9056>	<http://www.wikidata.org/entity/Q50868>	25347	37	0	0	0	0	0	37
<http://www.wikidata.org/entity/Q9168>	<http://www.wikidata.org/entity/Q13349>	18925	0	0	0	0	0	0	0
<http://www.wikidata.org/entity/Q36928>	<http://www.wikidata.org/entity/Q58635>	3314	593	0	0	0	0	0	593
<http://www.wikidata.org/entity/Q58635>	<http://www.wikidata.org/entity/Q36928>	8319	789	0	0	0	0	0	789
<http://www.wikidata.org/entity/Q56475>	<http://www.wikidata.org/entity/Q8752>	1897	147	0	0	0	1	0	148
<http://www.wikidata.org/entity/Q8752>	<http://www.wikidata.org/entity/Q56475>	30759	167	0	0	0	1	0	168
<http://www.wikidata.org/entity/Q8752>	<http://www.wikidata.org/entity/Q5146>	30759	528	1	5	0	2	0	530
<http://www.wikidata.org/entity/Q5146>	<http://www.wikidata.org/entity/Q8752>	176780	493	1	5	0	3	0	496
<http://www.wikidata.org/entity/Q9176>	<http://www.wikidata.org/entity/Q9072>	1593	195	0	0	0	16	0	211
<http://www.wikidata.org/entity/Q9072>	<http://www.wikidata.org/entity/Q9176>	4943	209	0	0	0	12	1	222
<http://www.wikidata.org/entity/Q9072>	<http://www.wikidata.org/entity/Q12107>	4943	865	0	1	0	14	0	879
<http://www.wikidata.org/entity/Q12107>	<http://www.wikidata.org/entity/Q9072>	5780	1049	0	1	0	14	0	1063
<http://www.wikidata.org/entity/Q7411>	<http://www.wikidata.org/entity/Q58635>	2611	386	0	0	10	7	0	400
<http://www.wikidata.org/entity/Q58635>	<http://www.wikidata.org/entity/Q7411>	8319	673	0	0	8	12	1	691
<http://www.wikidata.org/entity/Q9176>	<http://www.wikidata.org/entity/Q13349>	1593	5	0	0	0	0	0	5
<http://www.wikidata.org/entity/Q13349>	<http://www.wikidata.org/entity/Q9176>	6804	4	0	0	0	0	0	4
<http://www.wikidata.org/entity/Q56356571>	<http://www.wikidata.org/entity/Q5287>	11610	2095	2	4	2	58	0	2154
<http://www.wikidata.org/entity/Q5287>	<http://www.wikidata.org/entity/Q56356571>	34860	1988	1	3	2	60	0	2049
<http://www.wikidata.org/entity/Q256>	<http://www.wikidata.org/entity/Q56356571>	2630	603	17	18	0	42	0	657
<http://www.wikidata.org/entity/Q56356571>	<http://www.wikidata.org/entity/Q256>	11610	937	17	18	0	55	0	1004
<http://www.wikidata.org/entity/Q8748>	<http://www.wikidata.org/entity/Q58635>	8162	169	0	0	2	4	0	175
<http://www.wikidata.org/entity/Q58635>	<http://www.wikidata.org/entity/Q8748>	8319	315	0	0	1	4	0	319
<http://www.wikidata.org/entity/Q12107>	<http://www.wikidata.org/entity/Q13349>	5780	15	0	0	0	0	0	15
<http://www.wikidata.org/entity/Q13349>	<http://www.wikidata.org/entity/Q12107>	6804	8	0	0	0	0	0	8
<http://www.wikidata.org/entity/Q56475>	<http://www.wikidata.org/entity/Q9610>	1897	226	0	0	0	43	2	270
<http://www.wikidata.org/entity/Q9610>	<http://www.wikidata.org/entity/Q56475>	14501	381	0	0	0	52	0	433
<http://www.wikidata.org/entity/Q9610>	<http://www.wikidata.org/entity/Q5146>	14501	765	3	8	2	42	0	813
<http://www.wikidata.org/entity/Q5146>	<http://www.wikidata.org/entity/Q9610>	176780	480	4	8	2	44	4	534
<http://www.wikidata.org/entity/Q56475>	<http://www.wikidata.org/entity/Q8765>	1897	22	0	0	0	2	0	24
<http://www.wikidata.org/entity/Q8765>	<http://www.wikidata.org/entity/Q56475>	33758	22	0	0	0	2	0	24
<http://www.wikidata.org/entity/Q8765>	<http://www.wikidata.org/entity/Q5146>	33758	33	4	4	0	2	3	37
<http://www.wikidata.org/entity/Q5146>	<http://www.wikidata.org/entity/Q8765>	176780	33	3	3	0	2	1	38
<http://www.wikidata.org/entity/Q9072>	<http://www.wikidata.org/entity/Q9168>	4943	94	0	0	0	4	1	99
<http://www.wikidata.org/entity/Q9168>	<http://www.wikidata.org/entity/Q9072>	18925	84	0	0	0	4	0	88
<http://www.wikidata.org/entity/Q12107>	<http://www.wikidata.org/entity/Q9056>	5780	912	6	14	1	5	10	917
<http://www.wikidata.org/entity/Q9056>	<http://www.wikidata.org/entity/Q12107>	25347	979	8	16	2	5	0	984
<http://www.wikidata.org/entity/Q33454>	<http://www.wikidata.org/entity/Q35518>	9001	88	0	0	0	2	0	90
<http://www.wikidata.org/entity/Q35518>	<http://www.wikidata.org/entity/Q33454>	15737	242	0	0	0	5	0	247
<http://www.wikidata.org/entity/Q1412>	<http://www.wikidata.org/entity/Q36236>	2495	389	1	7	0	8	0	400
<http://www.wikidata.org/entity/Q36236>	<http://www.wikidata.org/entity/Q1412>	12554	487	1	8	0	8	2	500
<http://www.wikidata.org/entity/Q150>	<http://www.wikidata.org/entity/Q25167>	33497	6342	10	32	462	105	3	6857
<http://www.wikidata.org/entity/Q25167>	<http://www.wikidata.org/entity/Q150>	50565	7568	19	47	310	117	12	7954
<http://www.wikidata.org/entity/Q11059>	<http://www.wikidata.org/entity/Q36236>	1928	323	22	22	0	9	16	348
<http://www.wikidata.org/entity/Q36236>	<http://www.wikidata.org/entity/Q11059>	12554	362	22	25	0	12	2	386
<http://www.wikidata.org/entity/Q9176>	<http://www.wikidata.org/entity/Q9056>	1593	288	2	3	0	2	2	290
<http://www.wikidata.org/entity/Q9056>	<http://www.wikidata.org/entity/Q9176>	25347	305	3	4	0	2	0	307
<http://www.wikidata.org/entity/Q25164>	<http://www.wikidata.org/entity/Q1860>	32974	7262	58	98	100	144	32475	32682
<http://www.wikidata.org/entity/Q1860>	<http://www.wikidata.org/entity/Q25164>	59942	6725	47	67	96	155	5	6935
<http://www.wikidata.org/entity/Q11051>	<http://www.wikidata.org/entity/Q36236>	3900	844	131	136	0	8	192	973
<http://www.wikidata.org/entity/Q36236>	<http://www.wikidata.org/entity/Q11051>	12554	809	136	143	0	10	0	861
<http://www.wikidata.org/entity/Q25164>	<http://www.wikidata.org/entity/Q150>	32974	5458	24	43	174	76	4	5664
<http://www.wikidata.org/entity/Q150>	<http://www.wikidata.org/entity/Q25164>	33497	4642	13	28	281	68	0	4937
<http://www.wikidata.org/entity/Q25167>	<http://www.wikidata.org/entity/Q1860>	50565	10238	73	107	178	240	49469	49649
<http://www.wikidata.org/entity/Q1860>	<http://www.wikidata.org/entity/Q25167>	59942	9332	61	83	162	264	5	9725
<http://www.wikidata.org/entity/Q9072>	<http://www.wikidata.org/entity/Q50868>	4943	25	0	0	0	1	0	26
<http://www.wikidata.org/entity/Q50868>	<http://www.wikidata.org/entity/Q9072>	18852	22	0	0	0	1	0	23
<http://www.wikidata.org/entity/Q9237>	<http://www.wikidata.org/entity/Q1860>	5311	2658	99	122	1	206	5037	5148
<http://www.wikidata.org/entity/Q33284>	<http://www.wikidata.org/entity/Q1321>	1711	13	0	0	0	0	31	44
<http://www.wikidata.org/entity/Q1860>	<http://www.wikidata.org/entity/Q9237>	59942	3247	99	124	1	284	98	3577
<http://www.wikidata.org/entity/Q1321>	<http://www.wikidata.org/entity/Q33284>	20953	16	0	0	0	0	0	16
<http://www.wikidata.org/entity/Q11059>	<http://www.wikidata.org/entity/Q652>	1928	444	3	3	0	18	0	462
<http://www.wikidata.org/entity/Q33454>	<http://www.wikidata.org/entity/Q7737>	9001	108	0	0	0	1	0	109
<http://www.wikidata.org/entity/Q7737>	<http://www.wikidata.org/entity/Q33454>	18679	204	0	0	0	2	0	206
<http://www.wikidata.org/entity/Q652>	<http://www.wikidata.org/entity/Q11059>	26452	441	3	3	0	19	1	461
<http://www.wikidata.org/entity/Q1412>	<http://www.wikidata.org/entity/Q652>	2495	633	4	12	1	10	5	648
<http://www.wikidata.org/entity/Q652>	<http://www.wikidata.org/entity/Q1412>	26452	751	5	13	1	14	2	769
<http://www.wikidata.org/entity/Q33284>	<http://www.wikidata.org/entity/Q33151>	1711	4	0	0	0	0	0	4
<http://www.wikidata.org/entity/Q33151>	<http://www.wikidata.org/entity/Q33284>	1938	5	0	0	0	0	0	5
<http://www.wikidata.org/entity/Q9168>	<http://www.wikidata.org/entity/Q9056>	18925	84	0	0	0	6	0	90
<http://www.wikidata.org/entity/Q9056>	<http://www.wikidata.org/entity/Q9168>	25347	94	0	0	0	3	0	97
<http://www.wikidata.org/entity/Q13349>	<http://www.wikidata.org/entity/Q50868>	6804	2	0	0	0	0	0	2
<http://www.wikidata.org/entity/Q50868>	<http://www.wikidata.org/entity/Q13349>	18852	2	0	0	0	0	0	2
<http://www.wikidata.org/entity/Q5218>	<http://www.wikidata.org/entity/Q58635>	2046	9	0	0	0	1	0	10
<http://www.wikidata.org/entity/Q33284>	<http://www.wikidata.org/entity/Q9288>	1711	16	0	0	0	0	4	20
<http://www.wikidata.org/entity/Q58635>	<http://www.wikidata.org/entity/Q5218>	8319	22	0	0	0	1	0	23
<http://www.wikidata.org/entity/Q9288>	<http://www.wikidata.org/entity/Q33284>	7451	20	0	0	0	0	0	20
<http://www.wikidata.org/entity/Q33151>	<http://www.wikidata.org/entity/Q36790>	1938	62	0	0	0	1	0	63
<http://www.wikidata.org/entity/Q36790>	<http://www.wikidata.org/entity/Q33151>	17051	176	0	0	0	4	0	180
<http://www.wikidata.org/entity/Q9288>	<http://www.wikidata.org/entity/Q36790>	7451	884	1	3	0	31	0	915
<http://www.wikidata.org/entity/Q36790>	<http://www.wikidata.org/entity/Q9288>	17051	3048	1	2	0	60	1	3108
<http://www.wikidata.org/entity/Q36790>	<http://www.wikidata.org/entity/Q1321>	17051	2220	0	1	0	68	1	2288
<http://www.wikidata.org/entity/Q1321>	<http://www.wikidata.org/entity/Q36790>	20953	682	0	1	0	31	0	713
<http://www.wikidata.org/entity/Q11051>	<http://www.wikidata.org/entity/Q652>	3900	1071	4	17	2	25	1	1105
<http://www.wikidata.org/entity/Q652>	<http://www.wikidata.org/entity/Q11051>	26452	989	4	16	2	26	0	1021
<http://www.wikidata.org/entity/Q9237>	<http://www.wikidata.org/entity/Q150>	5311	1954	12	30	1	105	22	2067
<http://www.wikidata.org/entity/Q150>	<http://www.wikidata.org/entity/Q9237>	33497	2044	11	29	3	116	12	2171
<http://www.wikidata.org/entity/Q36495>	<http://www.wikidata.org/entity/Q12107>	1973	816	1	2	0	33	0	849
<http://www.wikidata.org/entity/Q12107>	<http://www.wikidata.org/entity/Q36495>	5780	883	1	2	0	33	0	916
<http://www.wikidata.org/entity/Q12107>	<http://www.wikidata.org/entity/Q9035>	5780	1909	1	13	11	39	8	1959
<http://www.wikidata.org/entity/Q9035>	<http://www.wikidata.org/entity/Q12107>	19363	1584	1	13	5	39	1	1628
<http://www.wikidata.org/entity/Q10134>	<http://www.wikidata.org/entity/Q33578>	2146	361	0	0	0	24	0	385
<http://www.wikidata.org/entity/Q33578>	<http://www.wikidata.org/entity/Q10134>	5759	490	0	0	0	32	0	522
<http://www.wikidata.org/entity/Q5287>	<http://www.wikidata.org/entity/Q1860>	34860	8480	259	318	8	410	7448	13696
<http://www.wikidata.org/entity/Q1860>	<http://www.wikidata.org/entity/Q5287>	59942	9001	222	275	13	479	48	9614
<http://www.wikidata.org/entity/Q9176>	<http://www.wikidata.org/entity/Q36495>	1593	106	0	0	0	15	0	121
<http://www.wikidata.org/entity/Q36495>	<http://www.wikidata.org/entity/Q9176>	1973	141	0	0	0	13	6	160
<http://www.wikidata.org/entity/Q9176>	<http://www.wikidata.org/entity/Q9035>	1593	409	0	1	0	20	0	429
<http://www.wikidata.org/entity/Q9035>	<http://www.wikidata.org/entity/Q9176>	19363	448	0	1	0	23	0	471
<http://www.wikidata.org/entity/Q256>	<http://www.wikidata.org/entity/Q1860>	2630	1012	37	39	1	148	1488	1731
<http://www.wikidata.org/entity/Q9168>	<http://www.wikidata.org/entity/Q9027>	18925	299	0	0	0	16	0	315
<http://www.wikidata.org/entity/Q9027>	<http://www.wikidata.org/entity/Q9168>	38988	334	0	0	0	14	0	348
<http://www.wikidata.org/entity/Q1860>	<http://www.wikidata.org/entity/Q256>	59942	1348	37	41	1	227	29	1600
<http://www.wikidata.org/entity/Q256>	<http://www.wikidata.org/entity/Q150>	2630	822	5	9	1	100	21	929
<http://www.wikidata.org/entity/Q150>	<http://www.wikidata.org/entity/Q256>	33497	927	5	9	3	111	4	1045
<http://www.wikidata.org/entity/Q150>	<http://www.wikidata.org/entity/Q5287>	33497	4003	7	42	16	181	9	4206
<http://www.wikidata.org/entity/Q5287>	<http://www.wikidata.org/entity/Q150>	34860	4335	8	42	6	192	94	4563
<http://www.wikidata.org/entity/Q809>	<http://www.wikidata.org/entity/Q35518>	4135	195	0	0	0	1	0	196
<http://www.wikidata.org/entity/Q35518>	<http://www.wikidata.org/entity/Q809>	15737	482	0	0	0	2	0	484
<http://www.wikidata.org/entity/Q5218>	<http://www.wikidata.org/entity/Q5146>	2046	11	0	2	0	0	0	11
<http://www.wikidata.org/entity/Q5146>	<http://www.wikidata.org/entity/Q5218>	176780	15	0	2	0	0	1	16
<http://www.wikidata.org/entity/Q56475>	<http://www.wikidata.org/entity/Q5218>	1897	9	0	0	0	0	0	9
<http://www.wikidata.org/entity/Q5218>	<http://www.wikidata.org/entity/Q56475>	2046	6	0	0	0	0	0	6
<http://www.wikidata.org/entity/Q12107>	<http://www.wikidata.org/entity/Q9027>	5780	1973	2	4	9	50	1	2032
<http://www.wikidata.org/entity/Q9027>	<http://www.wikidata.org/entity/Q12107>	38988	1729	2	4	4	53	0	1786
<http://www.wikidata.org/entity/Q9168>	<http://www.wikidata.org/entity/Q9035>	18925	224	0	0	0	10	0	234
<http://www.wikidata.org/entity/Q9035>	<http://www.wikidata.org/entity/Q9168>	19363	234	0	0	0	11	0	245
<http://www.wikidata.org/entity/Q36495>	<http://www.wikidata.org/entity/Q9168>	1973	35	0	0	0	4	0	39
<http://www.wikidata.org/entity/Q9168>	<http://www.wikidata.org/entity/Q36495>	18925	27	0	0	0	3	0	30
<http://www.wikidata.org/entity/Q9176>	<http://www.wikidata.org/entity/Q9027>	1593	463	1	1	0	39	0	502
<http://www.wikidata.org/entity/Q9027>	<http://www.wikidata.org/entity/Q9176>	38988	492	1	1	0	41	1	533
<http://www.wikidata.org/entity/Q809>	<http://www.wikidata.org/entity/Q7737>	4135	599	33	38	2	0	66	622
<http://www.wikidata.org/entity/Q7737>	<http://www.wikidata.org/entity/Q809>	18679	844	26	31	3	0	31	851
<http://www.wikidata.org/entity/Q36495>	<http://www.wikidata.org/entity/Q50868>	1973	22	0	0	0	1	0	23
<http://www.wikidata.org/entity/Q50868>	<http://www.wikidata.org/entity/Q36495>	18852	14	0	0	0	1	0	15
<http://www.wikidata.org/entity/Q50868>	<http://www.wikidata.org/entity/Q9035>	18852	29	0	0	0	0	0	29
<http://www.wikidata.org/entity/Q9035>	<http://www.wikidata.org/entity/Q50868>	19363	39	0	0	0	0	0	39
<http://www.wikidata.org/entity/Q58635>	<http://www.wikidata.org/entity/Q8752>	8319	615	0	0	0	5	0	620
<http://www.wikidata.org/entity/Q8752>	<http://www.wikidata.org/entity/Q58635>	30759	391	0	0	0	2	0	393
<http://www.wikidata.org/entity/Q36928>	<http://www.wikidata.org/entity/Q5146>	3314	466	0	0	0	0	0	466
<http://www.wikidata.org/entity/Q5146>	<http://www.wikidata.org/entity/Q36928>	176780	349	0	0	0	0	0	349
<http://www.wikidata.org/entity/Q9237>	<http://www.wikidata.org/entity/Q56356571>	5311	1130	5	7	0	51	0	1185
<http://www.wikidata.org/entity/Q56356571>	<http://www.wikidata.org/entity/Q9237>	11610	1633	4	6	0	57	0	1694
<http://www.wikidata.org/entity/Q56475>	<http://www.wikidata.org/entity/Q36928>	1897	185	0	0	0	0	0	185
<http://www.wikidata.org/entity/Q36928>	<http://www.wikidata.org/entity/Q56475>	3314	296	0	0	0	0	0	296
<http://www.wikidata.org/entity/Q33284>	<http://www.wikidata.org/entity/Q36236>	1711	18	0	0	0	0	0	18
<http://www.wikidata.org/entity/Q36236>	<http://www.wikidata.org/entity/Q33284>	12554	33	0	0	0	0	0	33
<http://www.wikidata.org/entity/Q36236>	<http://www.wikidata.org/entity/Q36790>	12554	842	1	1	0	28	0	869
<http://www.wikidata.org/entity/Q36790>	<http://www.wikidata.org/entity/Q36236>	17051	2789	1	1	0	74	1	2863
<http://www.wikidata.org/entity/Q10134>	<http://www.wikidata.org/entity/Q32238>	2146	272	0	0	0	5	0	277
<http://www.wikidata.org/entity/Q32238>	<http://www.wikidata.org/entity/Q10134>	14153	396	0	0	0	6	0	400
<http://www.wikidata.org/entity/Q58635>	<http://www.wikidata.org/entity/Q8765>	8319	80	0	0	0	2	0	82
<http://www.wikidata.org/entity/Q8765>	<http://www.wikidata.org/entity/Q58635>	33758	45	0	0	0	2	0	47
<http://www.wikidata.org/entity/Q11059>	<http://www.wikidata.org/entity/Q1321>	1928	238	0	0	0	11	0	249
<http://www.wikidata.org/entity/Q1412>	<http://www.wikidata.org/entity/Q9288>	2495	430	0	4	0	6	0	436
<http://www.wikidata.org/entity/Q9288>	<http://www.wikidata.org/entity/Q1412>	7451	448	0	4	0	7	3	458
<http://www.wikidata.org/entity/Q1321>	<http://www.wikidata.org/entity/Q11059>	20953	256	0	0	0	7	0	263
<http://www.wikidata.org/entity/Q58635>	<http://www.wikidata.org/entity/Q9610>	8319	1070	38	46	3	83	31	1204
<http://www.wikidata.org/entity/Q9610>	<http://www.wikidata.org/entity/Q58635>	14501	905	36	42	1	67	17	1016
<http://www.wikidata.org/entity/Q8748>	<http://www.wikidata.org/entity/Q5146>	8162	172	0	1	0	3	0	175
<http://www.wikidata.org/entity/Q5146>	<http://www.wikidata.org/entity/Q8748>	176780	179	0	1	0	2	1	182
<http://www.wikidata.org/entity/Q50868>	<http://www.wikidata.org/entity/Q9027>	18852	33	0	0	0	3	0	36
<http://www.wikidata.org/entity/Q9027>	<http://www.wikidata.org/entity/Q50868>	38988	43	0	0	0	3	0	46
<http://www.wikidata.org/entity/Q10134>	<http://www.wikidata.org/entity/Q13955>	2146	205	0	1	0	16	0	222
<http://www.wikidata.org/entity/Q56475>	<http://www.wikidata.org/entity/Q8748>	1897	78	0	0	0	2	0	80
<http://www.wikidata.org/entity/Q13955>	<http://www.wikidata.org/entity/Q10134>	14706	211	0	1	0	18	0	230
<http://www.wikidata.org/entity/Q8748>	<http://www.wikidata.org/entity/Q56475>	8162	78	0	0	0	3	0	81
<http://www.wikidata.org/entity/Q33284>	<http://www.wikidata.org/entity/Q652>	1711	24	0	0	0	0	23	47
<http://www.wikidata.org/entity/Q33151>	<http://www.wikidata.org/entity/Q1412>	1938	31	0	0	0	0	0	31
<http://www.wikidata.org/entity/Q1412>	<http://www.wikidata.org/entity/Q33151>	2495	32	0	0	0	0	0	32
<http://www.wikidata.org/entity/Q652>	<http://www.wikidata.org/entity/Q33284>	26452	25	0	0	0	0	0	25
<http://www.wikidata.org/entity/Q11059>	<http://www.wikidata.org/entity/Q33151>	1928	35	1	1	0	0	0	35
<http://www.wikidata.org/entity/Q33151>	<http://www.wikidata.org/entity/Q11059>	1938	23	1	1	0	0	0	23
<http://www.wikidata.org/entity/Q56356571>	<http://www.wikidata.org/entity/Q25164>	11610	2030	1	3	6	27	0	2062
<http://www.wikidata.org/entity/Q25164>	<http://www.wikidata.org/entity/Q56356571>	32974	1914	1	3	7	24	0	1943
<http://www.wikidata.org/entity/Q7411>	<http://www.wikidata.org/entity/Q5146>	2611	443	0	6	26	8	6	481
<http://www.wikidata.org/entity/Q5146>	<http://www.wikidata.org/entity/Q7411>	176780	463	0	6	23	8	4	495
<http://www.wikidata.org/entity/Q1412>	<http://www.wikidata.org/entity/Q1321>	2495	311	3	15	1	10	14	332
<http://www.wikidata.org/entity/Q11059>	<http://www.wikidata.org/entity/Q9288>	1928	317	0	1	0	9	0	326
<http://www.wikidata.org/entity/Q56475>	<http://www.wikidata.org/entity/Q7411>	1897	171	0	0	1	2	0	173
<http://www.wikidata.org/entity/Q1321>	<http://www.wikidata.org/entity/Q1412>	20953	361	3	15	2	11	2	378
<http://www.wikidata.org/entity/Q9288>	<http://www.wikidata.org/entity/Q11059>	7451	278	0	1	0	7	0	285
<http://www.wikidata.org/entity/Q7411>	<http://www.wikidata.org/entity/Q56475>	2611	176	0	0	4	3	0	179
<http://www.wikidata.org/entity/Q56356571>	<http://www.wikidata.org/entity/Q25167>	11610	2796	2	5	10	50	0	2856
<http://www.wikidata.org/entity/Q25167>	<http://www.wikidata.org/entity/Q56356571>	50565	2674	2	5	11	53	0	2736
<http://www.wikidata.org/entity/Q33151>	<http://www.wikidata.org/entity/Q11051>	1938	32	3	6	0	0	0	33
<http://www.wikidata.org/entity/Q11051>	<http://www.wikidata.org/entity/Q33151>	3900	64	3	5	0	0	0	65
<http://www.wikidata.org/entity/Q11051>	<http://www.wikidata.org/entity/Q9288>	3900	698	0	1	0	11	1	711
<http://www.wikidata.org/entity/Q9288>	<http://www.wikidata.org/entity/Q11051>	7451	546	0	1	0	9	0	556
<http://www.wikidata.org/entity/Q11051>	<http://www.wikidata.org/entity/Q1321>	3900	574	1	3	3	12	0	587
<http://www.wikidata.org/entity/Q1321>	<http://www.wikidata.org/entity/Q11051>	20953	523	1	3	3	11	0	535
<http://www.wikidata.org/entity/Q36790>	<http://www.wikidata.org/entity/Q652>	17051	4709	1	2	0	115	1	4825
<http://www.wikidata.org/entity/Q652>	<http://www.wikidata.org/entity/Q36790>	26452	1775	1	3	0	56	0	1833
<http://www.wikidata.org/entity/Q33151>	<http://www.wikidata.org/entity/Q1860>	1938	97	77	77	0	1	378	399
<http://www.wikidata.org/entity/Q35518>	<http://www.wikidata.org/entity/Q8752>	15737	660	0	1	0	0	0	660
<http://www.wikidata.org/entity/Q9610>	<http://www.wikidata.org/entity/Q7737>	14501	1009	1	4	1	25	7	1039
<http://www.wikidata.org/entity/Q8752>	<http://www.wikidata.org/entity/Q35518>	30759	304	0	1	0	0	0	304
<http://www.wikidata.org/entity/Q7737>	<http://www.wikidata.org/entity/Q9610>	18679	1085	1	4	1	27	4	1114
<http://www.wikidata.org/entity/Q1860>	<http://www.wikidata.org/entity/Q33151>	59942	163	71	71	0	1	14	193
<http://www.wikidata.org/entity/Q7737>	<http://www.wikidata.org/entity/Q8765>	18679	107	0	1	0	2	0	109
<http://www.wikidata.org/entity/Q8765>	<http://www.wikidata.org/entity/Q7737>	33758	58	0	1	0	1	1	59
<http://www.wikidata.org/entity/Q56356571>	<http://www.wikidata.org/entity/Q36236>	11610	1766	1	5	0	13	0	1779
<http://www.wikidata.org/entity/Q36236>	<http://www.wikidata.org/entity/Q56356571>	12554	1334	1	5	0	11	0	1345
<http://www.wikidata.org/entity/Q9288>	<http://www.wikidata.org/entity/Q1860>	7451	4371	29	43	1	46	2862	5746
<http://www.wikidata.org/entity/Q1860>	<http://www.wikidata.org/entity/Q9288>	59942	5237	30	44	1	73	34	5341
<http://www.wikidata.org/entity/Q1321>	<http://www.wikidata.org/entity/Q1860>	20953	4167	392	420	165	71	1629	5172
<http://www.wikidata.org/entity/Q1860>	<http://www.wikidata.org/entity/Q1321>	59942	4122	387	421	170	100	388	4486
<http://www.wikidata.org/entity/Q33284>	<http://www.wikidata.org/entity/Q9237>	1711	18	0	1	0	0	0	18
<http://www.wikidata.org/entity/Q9237>	<http://www.wikidata.org/entity/Q33284>	5311	23	0	1	0	0	0	23
<http://www.wikidata.org/entity/Q9237>	<http://www.wikidata.org/entity/Q36790>	5311	673	1	2	0	108	0	781
<http://www.wikidata.org/entity/Q36790>	<http://www.wikidata.org/entity/Q9237>	17051	2581	1	2	0	234	1	2815
<http://www.wikidata.org/entity/Q1321>	<http://www.wikidata.org/entity/Q150>	20953	3430	133	174	253	50	115	3744
<http://www.wikidata.org/entity/Q150>	<http://www.wikidata.org/entity/Q1321>	33497	3187	132	168	459	55	155	3677
<http://www.wikidata.org/entity/Q9288>	<http://www.wikidata.org/entity/Q150>	7451	3122	4	16	3	37	14	3174
<http://www.wikidata.org/entity/Q150>	<http://www.wikidata.org/entity/Q9288>	33497	3320	4	13	6	43	3	3375
<http://www.wikidata.org/entity/Q33151>	<http://www.wikidata.org/entity/Q150>	1938	75	9	14	0	0	2	77
<http://www.wikidata.org/entity/Q150>	<http://www.wikidata.org/entity/Q33151>	33497	103	10	14	0	0	1	106
<http://www.wikidata.org/entity/Q7737>	<http://www.wikidata.org/entity/Q8752>	18679	1548	1	3	0	2	0	1549
<http://www.wikidata.org/entity/Q8752>	<http://www.wikidata.org/entity/Q7737>	30759	1206	1	3	0	1	18	1207
<http://www.wikidata.org/entity/Q9610>	<http://www.wikidata.org/entity/Q35518>	14501	665	0	0	0	93	0	758
<http://www.wikidata.org/entity/Q35518>	<http://www.wikidata.org/entity/Q9610>	15737	1093	0	0	0	165	2	1258
<http://www.wikidata.org/entity/Q35518>	<http://www.wikidata.org/entity/Q8765>	15737	29	0	0	0	6	0	35
<http://www.wikidata.org/entity/Q397>	<http://www.wikidata.org/entity/Q9056>	2705	490	4	13	0	3	7	500
<http://www.wikidata.org/entity/Q8765>	<http://www.wikidata.org/entity/Q35518>	33758	16	0	0	0	2	0	18
<http://www.wikidata.org/entity/Q9056>	<http://www.wikidata.org/entity/Q397>	25347	606	6	15	0	3	1	612
<http://www.wikidata.org/entity/Q33284>	<http://www.wikidata.org/entity/Q25164>	1711	22	0	0	0	0	0	22
<http://www.wikidata.org/entity/Q25164>	<http://www.wikidata.org/entity/Q33284>	32974	37	0	0	0	0	0	37
<http://www.wikidata.org/entity/Q36790>	<http://www.wikidata.org/entity/Q25167>	17051	4401	1	1	0	126	1	4527
<http://www.wikidata.org/entity/Q25167>	<http://www.wikidata.org/entity/Q36790>	50565	1978	1	4	0	77	0	2055
<http://www.wikidata.org/entity/Q56356571>	<http://www.wikidata.org/entity/Q652>	11610	2874	0	4	7	28	1	2911
<http://www.wikidata.org/entity/Q652>	<http://www.wikidata.org/entity/Q56356571>	26452	2377	0	4	7	29	0	2414
<http://www.wikidata.org/entity/Q727694>	<http://www.wikidata.org/entity/Q33578>	4417	397	0	0	0	41	0	438
<http://www.wikidata.org/entity/Q33578>	<http://www.wikidata.org/entity/Q727694>	5759	390	0	0	0	32	0	422
<http://www.wikidata.org/entity/Q36790>	<http://www.wikidata.org/entity/Q25164>	17051	3369	1	1	0	87	1	3456
<http://www.wikidata.org/entity/Q25164>	<http://www.wikidata.org/entity/Q36790>	32974	1328	1	2	0	41	0	1369
<http://www.wikidata.org/entity/Q33284>	<http://www.wikidata.org/entity/Q25167>	1711	23	0	0	0	0	0	23
<http://www.wikidata.org/entity/Q25167>	<http://www.wikidata.org/entity/Q33284>	50565	44	0	0	0	0	0	44
<http://www.wikidata.org/entity/Q36495>	<http://www.wikidata.org/entity/Q33947>	1973	14	0	0	0	2	0	16
<http://www.wikidata.org/entity/Q33947>	<http://www.wikidata.org/entity/Q36495>	10045	9	0	0	0	1	0	10
<http://www.wikidata.org/entity/Q33947>	<http://www.wikidata.org/entity/Q9035>	10045	18	1	2	0	1	0	19
<http://www.wikidata.org/entity/Q9035>	<http://www.wikidata.org/entity/Q33947>	19363	27	1	2	0	1	0	28
<http://www.wikidata.org/entity/Q56475>	<http://www.wikidata.org/entity/Q33454>	1897	60	0	0	0	3	8	70
<http://www.wikidata.org/entity/Q33454>	<http://www.wikidata.org/entity/Q56475>	9001	61	0	0	0	3	50	108
<http://www.wikidata.org/entity/Q33454>	<http://www.wikidata.org/entity/Q5146>	9001	87	0	0	0	2	0	89
<http://www.wikidata.org/entity/Q727694>	<http://www.wikidata.org/entity/Q32238>	4417	334	0	0	0	5	0	339
<http://www.wikidata.org/entity/Q5146>	<http://www.wikidata.org/entity/Q33454>	176780	91	0	0	0	2	0	93
<http://www.wikidata.org/entity/Q397>	<http://www.wikidata.org/entity/Q13349>	2705	9	0	0	0	0	0	9
<http://www.wikidata.org/entity/Q32238>	<http://www.wikidata.org/entity/Q727694>	14153	343	0	3	0	4	0	346
<http://www.wikidata.org/entity/Q13349>	<http://www.wikidata.org/entity/Q397>	6804	7	0	0	0	0	0	7
<http://www.wikidata.org/entity/Q727694>	<http://www.wikidata.org/entity/Q13955>	4417	332	0	4	0	17	1	350
<http://www.wikidata.org/entity/Q13955>	<http://www.wikidata.org/entity/Q727694>	14706	235	0	4	0	14	0	250
<http://www.wikidata.org/entity/Q809>	<http://www.wikidata.org/entity/Q58635>	4135	271	0	0	0	1	0	272
<http://www.wikidata.org/entity/Q58635>	<http://www.wikidata.org/entity/Q809>	8319	469	0	0	0	1	1	470
<http://www.wikidata.org/entity/Q1412>	<http://www.wikidata.org/entity/Q5287>	2495	509	0	4	0	21	0	530
<http://www.wikidata.org/entity/Q5287>	<http://www.wikidata.org/entity/Q1412>	34860	791	0	5	0	30	1	823
<http://www.wikidata.org/entity/Q11059>	<http://www.wikidata.org/entity/Q256>	1928	197	1	1	0	21	0	219
<http://www.wikidata.org/entity/Q256>	<http://www.wikidata.org/entity/Q11059>	2630	170	1	1	0	20	0	191
<http://www.wikidata.org/entity/Q33947>	<http://www.wikidata.org/entity/Q9027>	10045	23	0	3	0	1	0	24
<http://www.wikidata.org/entity/Q9027>	<http://www.wikidata.org/entity/Q33947>	38988	29	0	3	0	1	0	30
<http://www.wikidata.org/entity/Q1412>	<http://www.wikidata.org/entity/Q256>	2495	205	0	1	0	15	0	221
<http://www.wikidata.org/entity/Q256>	<http://www.wikidata.org/entity/Q1412>	2630	214	0	1	0	16	0	231
<http://www.wikidata.org/entity/Q11059>	<http://www.wikidata.org/entity/Q5287>	1928	361	0	0	0	30	2	393
<http://www.wikidata.org/entity/Q5287>	<http://www.wikidata.org/entity/Q11059>	34860	498	0	0	0	37	0	535
<http://www.wikidata.org/entity/Q11051>	<http://www.wikidata.org/entity/Q5287>	3900	835	2	9	0	46	0	883
<http://www.wikidata.org/entity/Q5287>	<http://www.wikidata.org/entity/Q11051>	34860	986	2	11	0	53	0	1042
<http://www.wikidata.org/entity/Q397>	<http://www.wikidata.org/entity/Q9072>	2705	521	1	3	0	13	1	535
<http://www.wikidata.org/entity/Q9072>	<http://www.wikidata.org/entity/Q397>	4943	520	1	3	0	12	2	535
<http://www.wikidata.org/entity/Q256>	<http://www.wikidata.org/entity/Q11051>	2630	313	6	12	0	26	0	348
<http://www.wikidata.org/entity/Q11051>	<http://www.wikidata.org/entity/Q256>	3900	406	7	16	0	27	0	445
<http://www.wikidata.org/entity/Q33947>	<http://www.wikidata.org/entity/Q9056>	10045	15	0	2	0	0	0	15
<http://www.wikidata.org/entity/Q9056>	<http://www.wikidata.org/entity/Q33947>	25347	25	0	2	0	0	0	25
<http://www.wikidata.org/entity/Q1412>	<http://www.wikidata.org/entity/Q9237>	2495	384	0	1	0	18	1	402
<http://www.wikidata.org/entity/Q9237>	<http://www.wikidata.org/entity/Q1412>	5311	440	0	1	0	22	2	464
<http://www.wikidata.org/entity/Q58635>	<http://www.wikidata.org/entity/Q33454>	8319	213	0	0	0	3	0	216
<http://www.wikidata.org/entity/Q33454>	<http://www.wikidata.org/entity/Q58635>	9001	94	0	0	0	2	0	96
<http://www.wikidata.org/entity/Q13955>	<http://www.wikidata.org/entity/Q188>	14706	613	5	13	2	29	47	673
<http://www.wikidata.org/entity/Q188>	<http://www.wikidata.org/entity/Q13955>	20135	872	5	12	4	44	1	921
<http://www.wikidata.org/entity/Q11059>	<http://www.wikidata.org/entity/Q9237>	1928	296	2	3	0	30	2	328
<http://www.wikidata.org/entity/Q9237>	<http://www.wikidata.org/entity/Q11059>	5311	292	2	3	0	29	2	323
<http://www.wikidata.org/entity/Q652>	<http://www.wikidata.org/entity/Q1860>	26452	11315	726	758	121	148	1221	12206
<http://www.wikidata.org/entity/Q1860>	<http://www.wikidata.org/entity/Q652>	59942	11972	481	515	134	169	247	12478
<http://www.wikidata.org/entity/Q32238>	<http://www.wikidata.org/entity/Q188>	14153	1205	2	16	0	10	6	1215
<http://www.wikidata.org/entity/Q5218>	<http://www.wikidata.org/entity/Q7737>	2046	15	0	2	0	0	0	15
<http://www.wikidata.org/entity/Q188>	<http://www.wikidata.org/entity/Q32238>	20135	1359	1	8	0	16	0	1377
<http://www.wikidata.org/entity/Q7737>	<http://www.wikidata.org/entity/Q5218>	18679	37	0	2	0	0	0	37
<http://www.wikidata.org/entity/Q652>	<http://www.wikidata.org/entity/Q150>	26452	7625	101	153	204	75	74	7944
<http://www.wikidata.org/entity/Q150>	<http://www.wikidata.org/entity/Q652>	33497	7377	103	153	400	77	45	7885
<http://www.wikidata.org/entity/Q56475>	<http://www.wikidata.org/entity/Q809>	1897	129	0	0	0	0	0	129
<http://www.wikidata.org/entity/Q809>	<http://www.wikidata.org/entity/Q56475>	4135	141	0	0	0	0	0	141
<http://www.wikidata.org/entity/Q809>	<http://www.wikidata.org/entity/Q5146>	4135	277	1	8	2	1	9	288
<http://www.wikidata.org/entity/Q11051>	<http://www.wikidata.org/entity/Q9237>	3900	681	1	9	0	44	1	728
<http://www.wikidata.org/entity/Q5146>	<http://www.wikidata.org/entity/Q809>	176780	273	1	7	1	1	3	278
<http://www.wikidata.org/entity/Q9237>	<http://www.wikidata.org/entity/Q11051>	5311	574	1	6	0	40	0	615
<http://www.wikidata.org/entity/Q11059>	<http://www.wikidata.org/entity/Q25164>	1928	333	0	0	0	13	0	346
<http://www.wikidata.org/entity/Q25164>	<http://www.wikidata.org/entity/Q11059>	32974	395	0	0	0	12	0	407
<http://www.wikidata.org/entity/Q36236>	<http://www.wikidata.org/entity/Q1860>	12554	3868	719	737	0	35	12009	12098
<http://www.wikidata.org/entity/Q1860>	<http://www.wikidata.org/entity/Q36236>	59942	4475	679	694	0	52	98	4647
<http://www.wikidata.org/entity/Q9288>	<http://www.wikidata.org/entity/Q56356571>	7451	1344	1	5	1	17	0	1364
<http://www.wikidata.org/entity/Q56356571>	<http://www.wikidata.org/entity/Q9288>	11610	1857	1	6	1	22	1	1882
<http://www.wikidata.org/entity/Q11051>	<http://www.wikidata.org/entity/Q25167>	3900	983	3	4	3	28	0	1015
<http://www.wikidata.org/entity/Q25167>	<http://www.wikidata.org/entity/Q11051>	50565	1103	3	3	3	41	0	1147
<http://www.wikidata.org/entity/Q33151>	<http://www.wikidata.org/entity/Q56356571>	1938	53	0	1	0	0	0	53
<http://www.wikidata.org/entity/Q56356571>	<http://www.wikidata.org/entity/Q33151>	11610	105	0	0	0	0	0	105
<http://www.wikidata.org/entity/Q1412>	<http://www.wikidata.org/entity/Q25164>	2495	529	4	9	1	11	0	541
<http://www.wikidata.org/entity/Q25164>	<http://www.wikidata.org/entity/Q1412>	32974	708	4	10	3	14	1	726
<http://www.wikidata.org/entity/Q56356571>	<http://www.wikidata.org/entity/Q1321>	11610	1487	2	4	9	18	3	1511
<http://www.wikidata.org/entity/Q1321>	<http://www.wikidata.org/entity/Q56356571>	20953	1200	1	4	9	17	0	1224
<http://www.wikidata.org/entity/Q5218>	<http://www.wikidata.org/entity/Q35518>	2046	10	0	1	0	0	0	10
<http://www.wikidata.org/entity/Q35518>	<http://www.wikidata.org/entity/Q5218>	15737	26	0	1	0	0	0	26
<http://www.wikidata.org/entity/Q1412>	<http://www.wikidata.org/entity/Q25167>	2495	688	2	8	1	16	0	706
<http://www.wikidata.org/entity/Q25167>	<http://www.wikidata.org/entity/Q1412>	50565	996	2	9	3	24	6	1030
<http://www.wikidata.org/entity/Q11051>	<http://www.wikidata.org/entity/Q25164>	3900	785	1	2	3	22	0	808
<http://www.wikidata.org/entity/Q25164>	<http://www.wikidata.org/entity/Q11051>	32974	795	1	2	3	26	0	822
<http://www.wikidata.org/entity/Q11059>	<http://www.wikidata.org/entity/Q25167>	1928	414	0	0	0	17	0	431
<http://www.wikidata.org/entity/Q36236>	<http://www.wikidata.org/entity/Q150>	12554	2976	244	282	0	25	13	3008
<http://www.wikidata.org/entity/Q150>	<http://www.wikidata.org/entity/Q36236>	33497	3040	252	284	0	31	1	3074
<http://www.wikidata.org/entity/Q25167>	<http://www.wikidata.org/entity/Q11059>	50565	540	0	0	0	19	0	559
<http://www.wikidata.org/entity/Q7411>	<http://www.wikidata.org/entity/Q7737>	2611	822	1	5	23	1	12	845
<http://www.wikidata.org/entity/Q7737>	<http://www.wikidata.org/entity/Q7411>	18679	1158	0	5	26	1	9	1179
<http://www.wikidata.org/entity/Q397>	<http://www.wikidata.org/entity/Q9027>	2705	1130	1	6	1	12	2	1146
<http://www.wikidata.org/entity/Q9027>	<http://www.wikidata.org/entity/Q397>	38988	1196	1	5	1	11	1	1209
<http://www.wikidata.org/entity/Q8748>	<http://www.wikidata.org/entity/Q7737>	8162	241	0	2	2	2	1	245
<http://www.wikidata.org/entity/Q7737>	<http://www.wikidata.org/entity/Q8748>	18679	380	0	2	2	1	0	383
<http://www.wikidata.org/entity/Q36928>	<http://www.wikidata.org/entity/Q35518>	3314	915	0	0	0	0	0	915
<http://www.wikidata.org/entity/Q35518>	<http://www.wikidata.org/entity/Q36928>	15737	1929	0	0	0	0	0	1929
<http://www.wikidata.org/entity/Q9072>	<http://www.wikidata.org/entity/Q33947>	4943	17	0	1	0	1	0	18
<http://www.wikidata.org/entity/Q33947>	<http://www.wikidata.org/entity/Q9072>	10045	14	0	1	0	1	1	15
<http://www.wikidata.org/entity/Q397>	<http://www.wikidata.org/entity/Q9035>	2705	843	3	13	0	11	2	859
<http://www.wikidata.org/entity/Q9035>	<http://www.wikidata.org/entity/Q397>	19363	825	3	11	0	10	3	842
<http://www.wikidata.org/entity/Q7411>	<http://www.wikidata.org/entity/Q35518>	2611	256	0	0	0	10	0	265
<http://www.wikidata.org/entity/Q36495>	<http://www.wikidata.org/entity/Q397>	1973	312	0	8	0	6	0	319
<http://www.wikidata.org/entity/Q35518>	<http://www.wikidata.org/entity/Q7411>	15737	580	0	0	0	28	0	608
<http://www.wikidata.org/entity/Q397>	<http://www.wikidata.org/entity/Q36495>	2705	250	0	8	0	6	0	256
<http://www.wikidata.org/entity/Q33284>	<http://www.wikidata.org/entity/Q256>	1711	11	0	0	0	0	9	20
<http://www.wikidata.org/entity/Q256>	<http://www.wikidata.org/entity/Q33284>	2630	15	0	0	0	0	0	15
<http://www.wikidata.org/entity/Q8748>	<http://www.wikidata.org/entity/Q35518>	8162	148	0	0	0	4	0	152
<http://www.wikidata.org/entity/Q35518>	<http://www.wikidata.org/entity/Q8748>	15737	383	0	0	0	8	0	391
<http://www.wikidata.org/entity/Q13349>	<http://www.wikidata.org/entity/Q33947>	6804	3	0	0	0	0	0	3
<http://www.wikidata.org/entity/Q33947>	<http://www.wikidata.org/entity/Q13349>	10045	3	0	0	0	0	0	3
<http://www.wikidata.org/entity/Q36928>	<http://www.wikidata.org/entity/Q7737>	3314	734	0	0	0	0	0	734
<http://www.wikidata.org/entity/Q7737>	<http://www.wikidata.org/entity/Q36928>	18679	814	0	0	0	0	0	814
<http://www.wikidata.org/entity/Q33284>	<http://www.wikidata.org/entity/Q5287>	1711	24	0	0	0	0	11	35
<http://www.wikidata.org/entity/Q5287>	<http://www.wikidata.org/entity/Q33284>	34860	48	0	0	0	0	0	48
<http://www.wikidata.org/entity/Q33578>	<http://www.wikidata.org/entity/Q188>	5759	1287	1	2	0	83	22	1381
<http://www.wikidata.org/entity/Q188>	<http://www.wikidata.org/entity/Q33578>	20135	1606	1	3	0	95	1	1700
<http://www.wikidata.org/entity/Q36790>	<http://www.wikidata.org/entity/Q5287>	17051	3496	2	2	0	301	1	3797
<http://www.wikidata.org/entity/Q5287>	<http://www.wikidata.org/entity/Q36790>	34860	1404	3	3	0	189	0	1593
<http://www.wikidata.org/entity/Q256>	<http://www.wikidata.org/entity/Q36790>	2630	374	0	0	0	95	0	469
<http://www.wikidata.org/entity/Q36790>	<http://www.wikidata.org/entity/Q256>	17051	1575	0	0	0	212	2	1788
<http://www.wikidata.org/entity/Q5218>	<http://www.wikidata.org/entity/Q9035>	2046	14	0	1	0	0	0	15
<http://www.wikidata.org/entity/Q9035>	<http://www.wikidata.org/entity/Q5218>	19363	25	0	1	0	0	0	26
<http://www.wikidata.org/entity/Q36495>	<http://www.wikidata.org/entity/Q5218>	1973	12	0	4	0	0	0	13
<http://www.wikidata.org/entity/Q5218>	<http://www.wikidata.org/entity/Q36495>	2046	7	0	3	0	0	0	7
<http://www.wikidata.org/entity/Q36236>	<http://www.wikidata.org/entity/Q188>	12554	2716	13	62	0	25	18	2749
<http://www.wikidata.org/entity/Q188>	<http://www.wikidata.org/entity/Q36236>	20135	3301	13	58	0	36	0	3340
<http://www.wikidata.org/entity/Q13349>	<http://www.wikidata.org/entity/Q8752>	6804	5	0	0	0	0	0	5
<http://www.wikidata.org/entity/Q8752>	<http://www.wikidata.org/entity/Q13349>	30759	6	0	0	0	0	0	6
<http://www.wikidata.org/entity/Q56475>	<http://www.wikidata.org/entity/Q9168>	1897	14	0	0	0	6	0	20
<http://www.wikidata.org/entity/Q9168>	<http://www.wikidata.org/entity/Q56475>	18925	13	0	0	0	9	0	22
<http://www.wikidata.org/entity/Q9168>	<http://www.wikidata.org/entity/Q5146>	18925	65	0	0	0	13	0	78
<http://www.wikidata.org/entity/Q5146>	<http://www.wikidata.org/entity/Q9168>	176780	67	0	0	0	15	0	82
<http://www.wikidata.org/entity/Q9072>	<http://www.wikidata.org/entity/Q8765>	4943	61	0	0	0	2	0	63
<http://www.wikidata.org/entity/Q8765>	<http://www.wikidata.org/entity/Q9072>	33758	50	0	0	0	2	0	52
<http://www.wikidata.org/entity/Q9072>	<http://www.wikidata.org/entity/Q9610>	4943	507	0	0	0	20	7	533
<http://www.wikidata.org/entity/Q9610>	<http://www.wikidata.org/entity/Q9072>	14501	758	0	0	0	26	1	784
<http://www.wikidata.org/entity/Q12107>	<http://www.wikidata.org/entity/Q5146>	5780	1072	0	4	5	39	7	1123
<http://www.wikidata.org/entity/Q5146>	<http://www.wikidata.org/entity/Q12107>	176780	850	0	4	2	41	0	893
<http://www.wikidata.org/entity/Q56475>	<http://www.wikidata.org/entity/Q12107>	1897	350	0	0	0	22	0	372
<http://www.wikidata.org/entity/Q12107>	<http://www.wikidata.org/entity/Q56475>	5780	477	0	0	0	26	0	503
<http://www.wikidata.org/entity/Q13349>	<http://www.wikidata.org/entity/Q8765>	6804	3	0	0	0	0	0	3
<http://www.wikidata.org/entity/Q8765>	<http://www.wikidata.org/entity/Q13349>	33758	3	0	0	0	0	0	3
<http://www.wikidata.org/entity/Q5218>	<http://www.wikidata.org/entity/Q9027>	2046	14	0	0	0	0	0	14
<http://www.wikidata.org/entity/Q13349>	<http://www.wikidata.org/entity/Q9610>	6804	5	0	0	0	0	2	5
<http://www.wikidata.org/entity/Q9610>	<http://www.wikidata.org/entity/Q13349>	14501	10	0	0	0	0	0	10
<http://www.wikidata.org/entity/Q9027>	<http://www.wikidata.org/entity/Q5218>	38988	24	0	1	0	0	0	25
<http://www.wikidata.org/entity/Q9176>	<http://www.wikidata.org/entity/Q5146>	1593	219	0	2	0	17	0	237
<http://www.wikidata.org/entity/Q5146>	<http://www.wikidata.org/entity/Q9176>	176780	211	0	2	0	15	0	227
<http://www.wikidata.org/entity/Q9176>	<http://www.wikidata.org/entity/Q56475>	1593	107	0	0	0	21	0	128
<http://www.wikidata.org/entity/Q56475>	<http://www.wikidata.org/entity/Q9176>	1897	96	0	0	0	21	0	117
<http://www.wikidata.org/entity/Q188>	<http://www.wikidata.org/entity/Q652>	20135	7167	133	163	252	80	46	7533
<http://www.wikidata.org/entity/Q652>	<http://www.wikidata.org/entity/Q188>	26452	6343	132	166	122	61	125	6562
<http://www.wikidata.org/entity/Q32238>	<http://www.wikidata.org/entity/Q1860>	14153	1598	133	140	0	13	10965	11065
<http://www.wikidata.org/entity/Q1860>	<http://www.wikidata.org/entity/Q32238>	59942	1792	32	37	0	21	22	1839
<http://www.wikidata.org/entity/Q13955>	<http://www.wikidata.org/entity/Q1860>	14706	836	45	49	1	56	1900	2099
<http://www.wikidata.org/entity/Q1860>	<http://www.wikidata.org/entity/Q13955>	59942	1144	47	52	1	83	28	1262
<http://www.wikidata.org/entity/Q13955>	<http://www.wikidata.org/entity/Q150>	14706	622	9	14	2	31	145	759
<http://www.wikidata.org/entity/Q150>	<http://www.wikidata.org/entity/Q13955>	33497	712	9	15	3	37	1	755
<http://www.wikidata.org/entity/Q32238>	<http://www.wikidata.org/entity/Q150>	14153	1268	5	19	0	13	8	1281
<http://www.wikidata.org/entity/Q150>	<http://www.wikidata.org/entity/Q32238>	33497	1117	3	10	0	17	1	1136
<http://www.wikidata.org/entity/Q9072>	<http://www.wikidata.org/entity/Q8752>	4943	526	0	2	0	1	0	527
<http://www.wikidata.org/entity/Q8752>	<http://www.wikidata.org/entity/Q9072>	30759	500	0	2	0	1	0	501
<http://www.wikidata.org/entity/Q36928>	<http://www.wikidata.org/entity/Q9027>	3314	768	0	0	0	0	0	768
<http://www.wikidata.org/entity/Q9027>	<http://www.wikidata.org/entity/Q36928>	38988	619	0	0	0	0	0	619
<http://www.wikidata.org/entity/Q36495>	<http://www.wikidata.org/entity/Q8748>	1973	98	0	0	0	0	0	98
<http://www.wikidata.org/entity/Q8748>	<http://www.wikidata.org/entity/Q36495>	8162	73	0	0	0	0	0	73
<http://www.wikidata.org/entity/Q10134>	<http://www.wikidata.org/entity/Q256>	2146	277	0	2	0	38	0	316
<http://www.wikidata.org/entity/Q256>	<http://www.wikidata.org/entity/Q10134>	2630	294	0	2	0	39	0	334
<http://www.wikidata.org/entity/Q8748>	<http://www.wikidata.org/entity/Q9035>	8162	229	0	2	4	2	0	233
<http://www.wikidata.org/entity/Q9035>	<http://www.wikidata.org/entity/Q8748>	19363	251	0	2	2	2	0	254
<http://www.wikidata.org/entity/Q33578>	<http://www.wikidata.org/entity/Q1860>	5759	1611	17	21	0	141	5132	5174
<http://www.wikidata.org/entity/Q1860>	<http://www.wikidata.org/entity/Q33578>	59942	1947	16	21	0	183	11	2149
<http://www.wikidata.org/entity/Q9610>	<http://www.wikidata.org/entity/Q9056>	14501	720	2	6	2	14	1	738
<http://www.wikidata.org/entity/Q7411>	<http://www.wikidata.org/entity/Q9035>	2611	790	8	13	132	5	9	929
<http://www.wikidata.org/entity/Q9056>	<http://www.wikidata.org/entity/Q9610>	25347	585	2	7	4	8	6	598
<http://www.wikidata.org/entity/Q9035>	<http://www.wikidata.org/entity/Q7411>	19363	855	8	13	132	4	10	989
<http://www.wikidata.org/entity/Q10134>	<http://www.wikidata.org/entity/Q5287>	2146	738	0	9	2	68	1	810
<http://www.wikidata.org/entity/Q9056>	<http://www.wikidata.org/entity/Q8765>	25347	31	1	2	0	0	0	32
<http://www.wikidata.org/entity/Q8765>	<http://www.wikidata.org/entity/Q9056>	33758	30	1	2	0	0	0	31
<http://www.wikidata.org/entity/Q397>	<http://www.wikidata.org/entity/Q35518>	2705	612	0	1	0	15	0	627
<http://www.wikidata.org/entity/Q35518>	<http://www.wikidata.org/entity/Q397>	15737	1507	0	1	0	38	0	1545
<http://www.wikidata.org/entity/Q36495>	<http://www.wikidata.org/entity/Q7411>	1973	271	0	1	0	1	0	272
<http://www.wikidata.org/entity/Q5287>	<http://www.wikidata.org/entity/Q10134>	34860	1085	0	10	2	101	0	1191
<http://www.wikidata.org/entity/Q7411>	<http://www.wikidata.org/entity/Q36495>	2611	207	0	1	0	1	0	208
<http://www.wikidata.org/entity/Q33578>	<http://www.wikidata.org/entity/Q150>	5759	1280	0	1	0	81	35	1383
<http://www.wikidata.org/entity/Q150>	<http://www.wikidata.org/entity/Q33578>	33497	1195	0	1	0	83	1	1278
<http://www.wikidata.org/entity/Q50868>	<http://www.wikidata.org/entity/Q5146>	18852	25	0	0	0	0	0	25
<http://www.wikidata.org/entity/Q5146>	<http://www.wikidata.org/entity/Q50868>	176780	34	0	0	0	0	0	34
<http://www.wikidata.org/entity/Q8748>	<http://www.wikidata.org/entity/Q9027>	8162	266	0	1	4	4	0	272
<http://www.wikidata.org/entity/Q56475>	<http://www.wikidata.org/entity/Q50868>	1897	13	0	0	0	1	0	14
<http://www.wikidata.org/entity/Q9027>	<http://www.wikidata.org/entity/Q8748>	38988	326	0	1	2	3	0	330
<http://www.wikidata.org/entity/Q50868>	<http://www.wikidata.org/entity/Q56475>	18852	13	0	0	0	1	0	14
<http://www.wikidata.org/entity/Q33151>	<http://www.wikidata.org/entity/Q727694>	1938	22	1	4	0	0	0	22
<http://www.wikidata.org/entity/Q727694>	<http://www.wikidata.org/entity/Q33151>	4417	39	1	2	0	0	0	39
<http://www.wikidata.org/entity/Q36928>	<http://www.wikidata.org/entity/Q9035>	3314	668	0	0	0	0	0	668
<http://www.wikidata.org/entity/Q9035>	<http://www.wikidata.org/entity/Q36928>	19363	512	0	0	0	0	0	512
<http://www.wikidata.org/entity/Q36495>	<http://www.wikidata.org/entity/Q36928>	1973	173	0	0	0	0	0	173
<http://www.wikidata.org/entity/Q36928>	<http://www.wikidata.org/entity/Q36495>	3314	192	0	0	0	0	0	192
<http://www.wikidata.org/entity/Q727694>	<http://www.wikidata.org/entity/Q9288>	4417	654	0	5	0	14	0	668
<http://www.wikidata.org/entity/Q9288>	<http://www.wikidata.org/entity/Q727694>	7451	549	0	5	0	14	0	563
<http://www.wikidata.org/entity/Q727694>	<http://www.wikidata.org/entity/Q1321>	4417	607	20	36	0	23	64	677
<http://www.wikidata.org/entity/Q1321>	<http://www.wikidata.org/entity/Q727694>	20953	583	18	35	0	18	0	611
<http://www.wikidata.org/entity/Q7411>	<http://www.wikidata.org/entity/Q9027>	2611	942	2	7	208	6	1	1145
<http://www.wikidata.org/entity/Q9027>	<http://www.wikidata.org/entity/Q7411>	38988	1049	2	7	300	7	5	1352
<http://www.wikidata.org/entity/Q9056>	<http://www.wikidata.org/entity/Q8752>	25347	585	6	11	0	0	0	585
<http://www.wikidata.org/entity/Q8752>	<http://www.wikidata.org/entity/Q9056>	30759	490	6	11	0	0	2	491
<http://www.wikidata.org/entity/Q397>	<http://www.wikidata.org/entity/Q7737>	2705	1076	2	10	0	5	24	1090
<http://www.wikidata.org/entity/Q7737>	<http://www.wikidata.org/entity/Q397>	18679	1469	2	11	0	7	1	1477
<http://www.wikidata.org/entity/Q10134>	<http://www.wikidata.org/entity/Q25164>	2146	672	0	0	1	26	0	699
<http://www.wikidata.org/entity/Q25164>	<http://www.wikidata.org/entity/Q10134>	32974	890	0	0	1	36	0	927
<http://www.wikidata.org/entity/Q8748>	<http://www.wikidata.org/entity/Q9056>	8162	144	0	2	2	3	0	149
<http://www.wikidata.org/entity/Q9056>	<http://www.wikidata.org/entity/Q8748>	25347	216	0	2	2	2	0	220
<http://www.wikidata.org/entity/Q8752>	<http://www.wikidata.org/entity/Q9027>	30759	1354	1	3	0	1	0	1355
<http://www.wikidata.org/entity/Q9027>	<http://www.wikidata.org/entity/Q8752>	38988	1459	1	3	0	1	0	1460
<http://www.wikidata.org/entity/Q56356571>	<http://www.wikidata.org/entity/Q13955>	11610	859	29	29	0	13	5	899
<http://www.wikidata.org/entity/Q13955>	<http://www.wikidata.org/entity/Q56356571>	14706	514	29	29	0	11	0	548
<http://www.wikidata.org/entity/Q9035>	<http://www.wikidata.org/entity/Q8765>	19363	61	0	2	0	2	0	63
<http://www.wikidata.org/entity/Q8765>	<http://www.wikidata.org/entity/Q9035>	33758	57	0	2	0	2	0	59
<http://www.wikidata.org/entity/Q36495>	<http://www.wikidata.org/entity/Q9610>	1973	304	0	2	0	18	0	323
<http://www.wikidata.org/entity/Q56356571>	<http://www.wikidata.org/entity/Q32238>	11610	790	0	0	0	8	0	798
<http://www.wikidata.org/entity/Q32238>	<http://www.wikidata.org/entity/Q56356571>	14153	716	0	1	0	7	0	721
<http://www.wikidata.org/entity/Q9610>	<http://www.wikidata.org/entity/Q36495>	14501	463	0	3	0	17	0	481
<http://www.wikidata.org/entity/Q36495>	<http://www.wikidata.org/entity/Q8765>	1973	41	0	0	0	3	0	44
<http://www.wikidata.org/entity/Q7411>	<http://www.wikidata.org/entity/Q9056>	2611	399	5	12	25	1	7	418
<http://www.wikidata.org/entity/Q9610>	<http://www.wikidata.org/entity/Q9035>	14501	1027	0	7	6	34	1	1068
<http://www.wikidata.org/entity/Q9035>	<http://www.wikidata.org/entity/Q9610>	19363	817	0	10	7	39	15	876
<http://www.wikidata.org/entity/Q9056>	<http://www.wikidata.org/entity/Q7411>	25347	495	5	12	33	1	11	525
<http://www.wikidata.org/entity/Q8765>	<http://www.wikidata.org/entity/Q36495>	33758	29	0	0	0	2	0	31
<http://www.wikidata.org/entity/Q5218>	<http://www.wikidata.org/entity/Q9072>	2046	9	0	1	0	0	0	10
<http://www.wikidata.org/entity/Q9072>	<http://www.wikidata.org/entity/Q5218>	4943	12	0	1	0	0	0	13
<http://www.wikidata.org/entity/Q10134>	<http://www.wikidata.org/entity/Q25167>	2146	839	0	2	2	35	0	876
<http://www.wikidata.org/entity/Q25167>	<http://www.wikidata.org/entity/Q10134>	50565	1216	0	2	2	53	0	1271
<http://www.wikidata.org/entity/Q9288>	<http://www.wikidata.org/entity/Q188>	7451	2945	6	16	3	33	18	2991
<http://www.wikidata.org/entity/Q188>	<http://www.wikidata.org/entity/Q9288>	20135	3765	6	16	8	46	1	3823
<http://www.wikidata.org/entity/Q33151>	<http://www.wikidata.org/entity/Q188>	1938	87	10	17	0	0	2	90
<http://www.wikidata.org/entity/Q188>	<http://www.wikidata.org/entity/Q33151>	20135	140	10	13	0	0	2	145
<http://www.wikidata.org/entity/Q36928>	<http://www.wikidata.org/entity/Q9056>	3314	331	0	0	0	0	0	331
<http://www.wikidata.org/entity/Q9056>	<http://www.wikidata.org/entity/Q36928>	25347	358	0	0	0	0	0	358
<http://www.wikidata.org/entity/Q9610>	<http://www.wikidata.org/entity/Q9027>	14501	1151	2	8	6	84	1	1242
<http://www.wikidata.org/entity/Q9027>	<http://www.wikidata.org/entity/Q9610>	38988	904	2	8	13	83	16	1012
<http://www.wikidata.org/entity/Q5218>	<http://www.wikidata.org/entity/Q13349>	2046	2	0	0	0	0	0	2
<http://www.wikidata.org/entity/Q13349>	<http://www.wikidata.org/entity/Q5218>	6804	2	0	0	0	0	0	2
<http://www.wikidata.org/entity/Q8765>	<http://www.wikidata.org/entity/Q9027>	33758	54	0	0	0	2	0	56
<http://www.wikidata.org/entity/Q9027>	<http://www.wikidata.org/entity/Q8765>	38988	59	0	0	0	2	0	61
<http://www.wikidata.org/entity/Q10134>	<http://www.wikidata.org/entity/Q9237>	2146	506	1	4	0	43	0	551
<http://www.wikidata.org/entity/Q9237>	<http://www.wikidata.org/entity/Q10134>	5311	566	1	4	0	46	0	614
<http://www.wikidata.org/entity/Q188>	<http://www.wikidata.org/entity/Q1321>	20135	3554	69	116	287	75	85	3934
<http://www.wikidata.org/entity/Q1321>	<http://www.wikidata.org/entity/Q188>	20953	3026	65	111	156	52	68	3214
<http://www.wikidata.org/entity/Q36495>	<http://www.wikidata.org/entity/Q8752>	1973	307	0	2	0	1	0	308
<http://www.wikidata.org/entity/Q8752>	<http://www.wikidata.org/entity/Q36495>	30759	263	0	1	0	1	0	264
<http://www.wikidata.org/entity/Q58635>	<http://www.wikidata.org/entity/Q50868>	8319	63	0	0	0	2	0	65
<http://www.wikidata.org/entity/Q50868>	<http://www.wikidata.org/entity/Q58635>	18852	29	0	0	0	2	0	31
<http://www.wikidata.org/entity/Q9035>	<http://www.wikidata.org/entity/Q8752>	19363	1040	1	7	0	1	0	1042
<http://www.wikidata.org/entity/Q8752>	<http://www.wikidata.org/entity/Q9035>	30759	989	1	7	0	1	0	991
<http://www.wikidata.org/entity/Q727694>	<http://www.wikidata.org/entity/Q36236>	4417	663	6	29	0	15	1	683
<http://www.wikidata.org/entity/Q36236>	<http://www.wikidata.org/entity/Q727694>	12554	629	4	29	0	12	0	646
<http://www.wikidata.org/entity/Q5218>	<http://www.wikidata.org/entity/Q9056>	2046	13	0	2	0	0	0	13
<http://www.wikidata.org/entity/Q9056>	<http://www.wikidata.org/entity/Q5218>	25347	35	0	2	0	0	0	35
<http://www.wikidata.org/entity/Q58635>	<http://www.wikidata.org/entity/Q9168>	8319	76	1	1	0	18	9	104
<http://www.wikidata.org/entity/Q9168>	<http://www.wikidata.org/entity/Q58635>	18925	52	1	1	0	17	0	70
<http://www.wikidata.org/entity/Q36928>	<http://www.wikidata.org/entity/Q13349>	3314	5	0	0	0	0	0	5
<http://www.wikidata.org/entity/Q13349>	<http://www.wikidata.org/entity/Q36928>	6804	4	0	0	0	0	0	4
<http://www.wikidata.org/entity/Q33947>	<http://www.wikidata.org/entity/Q7737>	10045	19	0	2	0	0	0	19
<http://www.wikidata.org/entity/Q7737>	<http://www.wikidata.org/entity/Q33947>	18679	27	0	2	0	0	0	27
<http://www.wikidata.org/entity/Q7411>	<http://www.wikidata.org/entity/Q9072>	2611	458	1	1	3	2	0	462
<http://www.wikidata.org/entity/Q9072>	<http://www.wikidata.org/entity/Q7411>	4943	500	1	1	1	2	2	505
<http://www.wikidata.org/entity/Q9072>	<http://www.wikidata.org/entity/Q8748>	4943	203	0	1	1	1	0	205
<http://www.wikidata.org/entity/Q8748>	<http://www.wikidata.org/entity/Q9072>	8162	185	0	1	2	1	0	188
<http://www.wikidata.org/entity/Q7411>	<http://www.wikidata.org/entity/Q13349>	2611	6	0	0	0	0	0	6
<http://www.wikidata.org/entity/Q13349>	<http://www.wikidata.org/entity/Q7411>	6804	6	0	0	0	0	0	6
<http://www.wikidata.org/entity/Q9176>	<http://www.wikidata.org/entity/Q58635>	1593	214	0	0	0	22	0	236
<http://www.wikidata.org/entity/Q58635>	<http://www.wikidata.org/entity/Q9176>	8319	336	0	0	0	31	0	367
<http://www.wikidata.org/entity/Q727694>	<http://www.wikidata.org/entity/Q652>	4417	966	7	23	0	39	13	1013
<http://www.wikidata.org/entity/Q652>	<http://www.wikidata.org/entity/Q727694>	26452	916	7	21	0	33	0	954
<http://www.wikidata.org/entity/Q33947>	<http://www.wikidata.org/entity/Q35518>	10045	13	0	0	0	1	0	14
<http://www.wikidata.org/entity/Q35518>	<http://www.wikidata.org/entity/Q33947>	15737	22	0	0	0	3	0	25
<http://www.wikidata.org/entity/Q12107>	<http://www.wikidata.org/entity/Q58635>	5780	1251	0	0	0	47	0	1298
<http://www.wikidata.org/entity/Q13349>	<http://www.wikidata.org/entity/Q8748>	6804	4	0	0	0	0	0	4
<http://www.wikidata.org/entity/Q8748>	<http://www.wikidata.org/entity/Q13349>	8162	4	0	0	0	0	0	4
<http://www.wikidata.org/entity/Q58635>	<http://www.wikidata.org/entity/Q12107>	8319	1655	0	0	0	67	0	1722
<http://www.wikidata.org/entity/Q33578>	<http://www.wikidata.org/entity/Q56356571>	5759	772	0	1	0	30	0	802
<http://www.wikidata.org/entity/Q56356571>	<http://www.wikidata.org/entity/Q33578>	11610	983	0	2	0	30	0	1013
<http://www.wikidata.org/entity/Q36928>	<http://www.wikidata.org/entity/Q9072>	3314	470	0	0	0	0	0	470
<http://www.wikidata.org/entity/Q9072>	<http://www.wikidata.org/entity/Q36928>	4943	348	0	0	0	0	0	348
<http://www.wikidata.org/entity/Q727694>	<http://www.wikidata.org/entity/Q9237>	4417	605	10	21	0	60	6	671
<http://www.wikidata.org/entity/Q9237>	<http://www.wikidata.org/entity/Q727694>	5311	523	9	21	0	50	0	577
<http://www.wikidata.org/entity/Q9176>	<http://www.wikidata.org/entity/Q7737>	1593	356	1	4	0	11	7	368
<http://www.wikidata.org/entity/Q7737>	<http://www.wikidata.org/entity/Q9176>	18679	486	1	4	0	10	0	496
<http://www.wikidata.org/entity/Q35518>	<http://www.wikidata.org/entity/Q9168>	15737	105	0	0	0	29	0	134
<http://www.wikidata.org/entity/Q9168>	<http://www.wikidata.org/entity/Q35518>	18925	50	0	0	0	18	0	68
<http://www.wikidata.org/entity/Q12107>	<http://www.wikidata.org/entity/Q7737>	5780	2065	16	19	11	22	23	2097
<http://www.wikidata.org/entity/Q7737>	<http://www.wikidata.org/entity/Q12107>	18679	2481	9	13	13	33	0	2520
<http://www.wikidata.org/entity/Q809>	<http://www.wikidata.org/entity/Q9027>	4135	742	4	11	2	1	0	746
<http://www.wikidata.org/entity/Q9027>	<http://www.wikidata.org/entity/Q809>	38988	792	4	10	2	1	13	798
<http://www.wikidata.org/entity/Q33284>	<http://www.wikidata.org/entity/Q33578>	1711	18	0	0	0	0	0	18
<http://www.wikidata.org/entity/Q33578>	<http://www.wikidata.org/entity/Q33284>	5759	32	0	0	0	0	0	32
<http://www.wikidata.org/entity/Q188>	<http://www.wikidata.org/entity/Q5287>	20135	4884	124	143	27	275	22	5225
<http://www.wikidata.org/entity/Q5287>	<http://www.wikidata.org/entity/Q188>	34860	4380	123	141	10	252	88	4699
<http://www.wikidata.org/entity/Q9176>	<http://www.wikidata.org/entity/Q35518>	1593	122	0	1	0	29	0	151
<http://www.wikidata.org/entity/Q35518>	<http://www.wikidata.org/entity/Q9176>	15737	229	0	1	0	68	0	297
<http://www.wikidata.org/entity/Q7737>	<http://www.wikidata.org/entity/Q9168>	18679	401	1	1	0	10	5	415
<http://www.wikidata.org/entity/Q9168>	<http://www.wikidata.org/entity/Q7737>	18925	357	1	1	0	11	0	368
<http://www.wikidata.org/entity/Q727694>	<http://www.wikidata.org/entity/Q25164>	4417	723	5	8	0	26	2	752
<http://www.wikidata.org/entity/Q33454>	<http://www.wikidata.org/entity/Q9056>	9001	66	0	0	0	0	0	66
<http://www.wikidata.org/entity/Q9056>	<http://www.wikidata.org/entity/Q33454>	25347	129	0	0	0	0	0	129
<http://www.wikidata.org/entity/Q25164>	<http://www.wikidata.org/entity/Q727694>	32974	735	5	11	0	21	0	762
<http://www.wikidata.org/entity/Q256>	<http://www.wikidata.org/entity/Q188>	2630	784	5	12	1	92	19	878
<http://www.wikidata.org/entity/Q188>	<http://www.wikidata.org/entity/Q256>	20135	1173	6	13	1	119	3	1298
<http://www.wikidata.org/entity/Q12107>	<http://www.wikidata.org/entity/Q35518>	5780	1131	0	0	0	54	0	1185
<http://www.wikidata.org/entity/Q35518>	<http://www.wikidata.org/entity/Q12107>	15737	2109	0	0	0	111	0	2220
<http://www.wikidata.org/entity/Q58635>	<http://www.wikidata.org/entity/Q33947>	8319	31	0	0	0	1	0	32
<http://www.wikidata.org/entity/Q33947>	<http://www.wikidata.org/entity/Q58635>	10045	16	0	0	0	1	0	17
<http://www.wikidata.org/entity/Q809>	<http://www.wikidata.org/entity/Q9035>	4135	595	6	21	0	1	10	599
<http://www.wikidata.org/entity/Q9035>	<http://www.wikidata.org/entity/Q809>	19363	648	6	20	0	1	36	655
<http://www.wikidata.org/entity/Q36495>	<http://www.wikidata.org/entity/Q809>	1973	186	0	3	0	0	0	187
<http://www.wikidata.org/entity/Q809>	<http://www.wikidata.org/entity/Q36495>	4135	136	0	3	0	0	0	137
<http://www.wikidata.org/entity/Q727694>	<http://www.wikidata.org/entity/Q25167>	4417	909	3	7	0	35	4	947
<http://www.wikidata.org/entity/Q25167>	<http://www.wikidata.org/entity/Q727694>	50565	1039	3	12	0	34	0	1081
<http://www.wikidata.org/entity/Q33578>	<http://www.wikidata.org/entity/Q36790>	5759	751	0	0	0	70	0	821
<http://www.wikidata.org/entity/Q36790>	<http://www.wikidata.org/entity/Q33578>	17051	2617	0	0	0	139	0	2756
<http://www.wikidata.org/entity/Q33284>	<http://www.wikidata.org/entity/Q32238>	1711	20	0	0	0	0	0	20
<http://www.wikidata.org/entity/Q56475>	<http://www.wikidata.org/entity/Q397>	1897	215	0	0	0	11	0	226
<http://www.wikidata.org/entity/Q397>	<http://www.wikidata.org/entity/Q56475>	2705	243	0	0	0	10	1	254
<http://www.wikidata.org/entity/Q32238>	<http://www.wikidata.org/entity/Q33284>	14153	34	0	0	0	0	2	36
<http://www.wikidata.org/entity/Q397>	<http://www.wikidata.org/entity/Q5146>	2705	532	5	16	1	15	9	557
<http://www.wikidata.org/entity/Q13349>	<http://www.wikidata.org/entity/Q33454>	6804	3	0	0	0	0	0	3
<http://www.wikidata.org/entity/Q33454>	<http://www.wikidata.org/entity/Q13349>	9001	3	0	0	0	0	0	3
<http://www.wikidata.org/entity/Q5146>	<http://www.wikidata.org/entity/Q397>	176780	506	5	14	1	17	0	526
<http://www.wikidata.org/entity/Q10134>	<http://www.wikidata.org/entity/Q652>	2146	856	0	3	2	23	0	883
<http://www.wikidata.org/entity/Q652>	<http://www.wikidata.org/entity/Q10134>	26452	994	0	2	2	29	0	1026
<http://www.wikidata.org/entity/Q33284>	<http://www.wikidata.org/entity/Q13955>	1711	11	0	0	0	0	6	17
<http://www.wikidata.org/entity/Q13955>	<http://www.wikidata.org/entity/Q33284>	14706	12	0	0	0	0	0	12
<http://www.wikidata.org/entity/Q7737>	<http://www.wikidata.org/entity/Q50868>	18679	81	0	0	0	1	0	82
<http://www.wikidata.org/entity/Q50868>	<http://www.wikidata.org/entity/Q7737>	18852	35	0	0	0	1	0	36
<http://www.wikidata.org/entity/Q32238>	<http://www.wikidata.org/entity/Q36790>	14153	785	1	1	0	14	0	796
<http://www.wikidata.org/entity/Q36790>	<http://www.wikidata.org/entity/Q32238>	17051	2479	1	1	0	29	1	2509
<http://www.wikidata.org/entity/Q13955>	<http://www.wikidata.org/entity/Q36790>	14706	296	1	2	0	30	0	326
<http://www.wikidata.org/entity/Q36790>	<http://www.wikidata.org/entity/Q13955>	17051	918	1	2	0	85	1	1003
<http://www.wikidata.org/entity/Q10134>	<http://www.wikidata.org/entity/Q36236>	2146	511	1	3	0	9	0	521
<http://www.wikidata.org/entity/Q36236>	<http://www.wikidata.org/entity/Q10134>	12554	632	1	2	0	9	0	641
<http://www.wikidata.org/entity/Q35518>	<http://www.wikidata.org/entity/Q50868>	15737	171	1	1	0	9	0	180
<http://www.wikidata.org/entity/Q50868>	<http://www.wikidata.org/entity/Q35518>	18852	39	1	1	0	5	0	44
<http://www.wikidata.org/entity/Q9072>	<http://www.wikidata.org/entity/Q33454>	4943	95	0	0	0	2	0	97
<http://www.wikidata.org/entity/Q33454>	<http://www.wikidata.org/entity/Q9072>	9001	85	0	0	0	2	0	87
<http://www.wikidata.org/entity/Q397>	<http://www.wikidata.org/entity/Q58635>	2705	533	1	3	0	9	0	545
<http://www.wikidata.org/entity/Q58635>	<http://www.wikidata.org/entity/Q397>	8319	839	1	3	0	13	0	855
<http://www.wikidata.org/entity/Q809>	<http://www.wikidata.org/entity/Q13349>	4135	4	0	0	0	0	0	4
<http://www.wikidata.org/entity/Q13349>	<http://www.wikidata.org/entity/Q809>	6804	3	0	0	0	0	0	3
<http://www.wikidata.org/entity/Q11059>	<http://www.wikidata.org/entity/Q33578>	1928	245	0	0	0	15	0	260
<http://www.wikidata.org/entity/Q33578>	<http://www.wikidata.org/entity/Q11059>	5759	275	0	0	0	13	0	288
<http://www.wikidata.org/entity/Q809>	<http://www.wikidata.org/entity/Q9072>	4135	312	0	4	0	0	0	313
<http://www.wikidata.org/entity/Q9072>	<http://www.wikidata.org/entity/Q809>	4943	326	0	4	0	0	11	333
<http://www.wikidata.org/entity/Q1412>	<http://www.wikidata.org/entity/Q33578>	2495	251	0	0	0	15	0	266
<http://www.wikidata.org/entity/Q33578>	<http://www.wikidata.org/entity/Q1412>	5759	343	0	0	0	18	0	361
<http://www.wikidata.org/entity/Q11051>	<http://www.wikidata.org/entity/Q33578>	3900	574	0	1	0	30	0	604
<http://www.wikidata.org/entity/Q33578>	<http://www.wikidata.org/entity/Q11051>	5759	513	0	1	0	24	0	538
<http://www.wikidata.org/entity/Q11059>	<http://www.wikidata.org/entity/Q32238>	1928	202	0	0	0	4	0	206
<http://www.wikidata.org/entity/Q32238>	<http://www.wikidata.org/entity/Q11059>	14153	268	0	0	0	4	0	271
<http://www.wikidata.org/entity/Q10134>	<http://www.wikidata.org/entity/Q1321>	2146	517	0	3	2	20	0	540
<http://www.wikidata.org/entity/Q1321>	<http://www.wikidata.org/entity/Q10134>	20953	643	0	2	3	21	0	667
<http://www.wikidata.org/entity/Q11059>	<http://www.wikidata.org/entity/Q13955>	1928	164	0	0	0	12	0	176
<http://www.wikidata.org/entity/Q13955>	<http://www.wikidata.org/entity/Q11059>	14706	143	0	0	0	10	0	153
<http://www.wikidata.org/entity/Q9237>	<http://www.wikidata.org/entity/Q188>	5311	1944	7	31	1	109	6	2055
<http://www.wikidata.org/entity/Q188>	<http://www.wikidata.org/entity/Q9237>	20135	2461	7	34	2	146	3	2614
<http://www.wikidata.org/entity/Q1412>	<http://www.wikidata.org/entity/Q13955>	2495	196	0	3	0	7	0	203
<http://www.wikidata.org/entity/Q13955>	<http://www.wikidata.org/entity/Q1412>	14706	195	0	3	0	7	0	202
<http://www.wikidata.org/entity/Q33151>	<http://www.wikidata.org/entity/Q10134>	1938	36	0	0	0	0	0	36
<http://www.wikidata.org/entity/Q10134>	<http://www.wikidata.org/entity/Q33151>	2146	36	0	0	0	0	0	36
<http://www.wikidata.org/entity/Q33454>	<http://www.wikidata.org/entity/Q9027>	9001	124	0	0	0	2	0	126
<http://www.wikidata.org/entity/Q1412>	<http://www.wikidata.org/entity/Q32238>	2495	176	0	3	0	3	0	179
<http://www.wikidata.org/entity/Q9027>	<http://www.wikidata.org/entity/Q33454>	38988	152	0	0	0	2	0	154
<http://www.wikidata.org/entity/Q32238>	<http://www.wikidata.org/entity/Q1412>	14153	265	0	3	0	3	1	269
<http://www.wikidata.org/entity/Q10134>	<http://www.wikidata.org/entity/Q9288>	2146	565	1	1	0	17	0	582
<http://www.wikidata.org/entity/Q9288>	<http://www.wikidata.org/entity/Q10134>	7451	596	1	1	0	18	0	614
<http://www.wikidata.org/entity/Q11051>	<http://www.wikidata.org/entity/Q32238>	3900	472	0	1	0	6	0	478
<http://www.wikidata.org/entity/Q32238>	<http://www.wikidata.org/entity/Q11051>	14153	479	0	1	0	6	0	485
<http://www.wikidata.org/entity/Q11051>	<http://www.wikidata.org/entity/Q13955>	3900	398	0	0	0	17	2	416
<http://www.wikidata.org/entity/Q13955>	<http://www.wikidata.org/entity/Q11051>	14706	281	0	0	0	17	0	298
<http://www.wikidata.org/entity/Q33947>	<http://www.wikidata.org/entity/Q5146>	10045	15	0	1	0	1	0	16
<http://www.wikidata.org/entity/Q5146>	<http://www.wikidata.org/entity/Q33947>	176780	19	0	1	0	1	0	20
<http://www.wikidata.org/entity/Q56475>	<http://www.wikidata.org/entity/Q33947>	1897	11	0	0	0	1	0	12
<http://www.wikidata.org/entity/Q33947>	<http://www.wikidata.org/entity/Q56475>	10045	9	0	0	0	1	0	10
<http://www.wikidata.org/entity/Q727694>	<http://www.wikidata.org/entity/Q5287>	4417	826	9	25	0	104	5	939
<http://www.wikidata.org/entity/Q5287>	<http://www.wikidata.org/entity/Q727694>	34860	1011	8	25	0	100	0	1119
<http://www.wikidata.org/entity/Q36495>	<http://www.wikidata.org/entity/Q33454>	1973	49	0	0	0	1	0	50
<http://www.wikidata.org/entity/Q33454>	<http://www.wikidata.org/entity/Q36495>	9001	40	0	0	0	1	0	41
<http://www.wikidata.org/entity/Q33454>	<http://www.wikidata.org/entity/Q9035>	9001	114	0	0	0	1	0	115
<http://www.wikidata.org/entity/Q9035>	<http://www.wikidata.org/entity/Q33454>	19363	127	0	0	0	1	0	128
<http://www.wikidata.org/entity/Q256>	<http://www.wikidata.org/entity/Q727694>	2630	265	0	5	0	36	0	300
<http://www.wikidata.org/entity/Q727694>	<http://www.wikidata.org/entity/Q256>	4417	341	0	5	0	52	1	393
<http://www.wikidata.org/entity/Q188>	<http://www.wikidata.org/entity/Q25164>	20135	5255	24	48	189	101	1	5513
<http://www.wikidata.org/entity/Q25164>	<http://www.wikidata.org/entity/Q188>	32974	5307	26	59	119	101	14	5485
<http://www.wikidata.org/entity/Q809>	<http://www.wikidata.org/entity/Q9056>	4135	535	42	52	0	1	20	539
<http://www.wikidata.org/entity/Q9056>	<http://www.wikidata.org/entity/Q809>	25347	673	41	50	0	1	62	683
<http://www.wikidata.org/entity/Q188>	<http://www.wikidata.org/entity/Q25167>	20135	7175	40	71	290	153	5	7596
<http://www.wikidata.org/entity/Q25167>	<http://www.wikidata.org/entity/Q188>	50565	7415	36	75	191	143	22	7722
<http://www.wikidata.org/entity/Q13349>	<http://www.wikidata.org/entity/Q9288>	6804	7	0	0	0	0	0	7
<http://www.wikidata.org/entity/Q9288>	<http://www.wikidata.org/entity/Q13349>	7451	8	0	0	0	0	0	8
<http://www.wikidata.org/entity/Q652>	<http://www.wikidata.org/entity/Q9027>	26452	6497	12	26	197	52	0	6751
<http://www.wikidata.org/entity/Q9027>	<http://www.wikidata.org/entity/Q652>	38988	6370	12	27	294	43	11	6715
<http://www.wikidata.org/entity/Q33151>	<http://www.wikidata.org/entity/Q13349>	1938	3	0	0	0	0	0	3
<http://www.wikidata.org/entity/Q13349>	<http://www.wikidata.org/entity/Q33151>	6804	2	0	0	0	0	0	2
<http://www.wikidata.org/entity/Q33284>	<http://www.wikidata.org/entity/Q50868>	1711	2	0	0	0	0	0	2
<http://www.wikidata.org/entity/Q50868>	<http://www.wikidata.org/entity/Q33284>	18852	2	0	0	0	0	0	2
<http://www.wikidata.org/entity/Q5218>	<http://www.wikidata.org/entity/Q188>	2046	19	1	3	0	1	2023	2043
<http://www.wikidata.org/entity/Q32238>	<http://www.wikidata.org/entity/Q7737>	14153	1071	0	8	0	3	19	1082
<http://www.wikidata.org/entity/Q7737>	<http://www.wikidata.org/entity/Q32238>	18679	1321	0	5	0	6	0	1327
<http://www.wikidata.org/entity/Q188>	<http://www.wikidata.org/entity/Q5218>	20135	52	1	2	0	1	0	54
<http://www.wikidata.org/entity/Q13955>	<http://www.wikidata.org/entity/Q7737>	14706	532	2	5	0	10	15	545
<http://www.wikidata.org/entity/Q7737>	<http://www.wikidata.org/entity/Q13955>	18679	819	2	5	0	14	0	833
<http://www.wikidata.org/entity/Q13349>	<http://www.wikidata.org/entity/Q1321>	6804	9	0	0	0	0	0	9
<http://www.wikidata.org/entity/Q36495>	<http://www.wikidata.org/entity/Q36236>	1973	560	1	34	0	4	0	567
<http://www.wikidata.org/entity/Q1321>	<http://www.wikidata.org/entity/Q13349>	20953	10	0	0	0	0	0	10
<http://www.wikidata.org/entity/Q36236>	<http://www.wikidata.org/entity/Q36495>	12554	550	1	29	0	3	0	556
<http://www.wikidata.org/entity/Q36236>	<http://www.wikidata.org/entity/Q9035>	12554	2102	5	19	0	14	12	2117
<http://www.wikidata.org/entity/Q9035>	<http://www.wikidata.org/entity/Q36236>	19363	2098	5	21	0	11	1	2111
<http://www.wikidata.org/entity/Q36790>	<http://www.wikidata.org/entity/Q50868>	17051	398	0	1	0	12	0	410
<http://www.wikidata.org/entity/Q50868>	<http://www.wikidata.org/entity/Q36790>	18852	38	0	1	0	4	0	42
<http://www.wikidata.org/entity/Q36495>	<http://www.wikidata.org/entity/Q652>	1973	968	12	30	0	17	0	991
<http://www.wikidata.org/entity/Q652>	<http://www.wikidata.org/entity/Q36495>	26452	937	10	27	0	19	1	963
<http://www.wikidata.org/entity/Q9035>	<http://www.wikidata.org/entity/Q652>	19363	4262	19	49	136	23	11	4434
<http://www.wikidata.org/entity/Q652>	<http://www.wikidata.org/entity/Q9035>	26452	4496	19	50	137	22	5	4665
<http://www.wikidata.org/entity/Q36236>	<http://www.wikidata.org/entity/Q9027>	12554	2663	2	9	0	25	1	2687
<http://www.wikidata.org/entity/Q9027>	<http://www.wikidata.org/entity/Q36236>	38988	2741	2	8	0	23	0	2764
<http://www.wikidata.org/entity/Q32238>	<http://www.wikidata.org/entity/Q35518>	14153	775	0	1	0	12	0	785
<http://www.wikidata.org/entity/Q35518>	<http://www.wikidata.org/entity/Q32238>	15737	1514	0	1	0	25	0	1539
<http://www.wikidata.org/entity/Q13955>	<http://www.wikidata.org/entity/Q35518>	14706	292	2	3	0	28	0	321
<http://www.wikidata.org/entity/Q35518>	<http://www.wikidata.org/entity/Q13955>	15737	695	2	3	0	68	0	763
<http://www.wikidata.org/entity/Q9072>	<http://www.wikidata.org/entity/Q9288>	4943	1209	0	0	0	13	2	1223
<http://www.wikidata.org/entity/Q9288>	<http://www.wikidata.org/entity/Q9072>	7451	1167	0	0	0	14	3	1183
<http://www.wikidata.org/entity/Q33151>	<http://www.wikidata.org/entity/Q9072>	1938	53	0	1	0	0	0	54
<http://www.wikidata.org/entity/Q9072>	<http://www.wikidata.org/entity/Q33151>	4943	60	0	1	0	0	0	61
<http://www.wikidata.org/entity/Q9072>	<http://www.wikidata.org/entity/Q1321>	4943	899	2	7	1	16	1	918
<http://www.wikidata.org/entity/Q1321>	<http://www.wikidata.org/entity/Q9072>	20953	1016	2	8	1	17	24	1057
<http://www.wikidata.org/entity/Q727694>	<http://www.wikidata.org/entity/Q9610>	4417	378	0	4	0	60	2	440
<http://www.wikidata.org/entity/Q9610>	<http://www.wikidata.org/entity/Q727694>	14501	538	0	4	0	48	0	587
<http://www.wikidata.org/entity/Q727694>	<http://www.wikidata.org/entity/Q8765>	4417	40	0	0	0	2	0	42
<http://www.wikidata.org/entity/Q8765>	<http://www.wikidata.org/entity/Q727694>	33758	22	0	0	0	2	0	24
<http://www.wikidata.org/entity/Q7411>	<http://www.wikidata.org/entity/Q188>	2611	952	19	24	119	7	100	1114
<http://www.wikidata.org/entity/Q188>	<http://www.wikidata.org/entity/Q7411>	20135	1333	19	25	240	9	66	1635
<http://www.wikidata.org/entity/Q33284>	<http://www.wikidata.org/entity/Q12107>	1711	16	0	0	0	0	1	17
<http://www.wikidata.org/entity/Q12107>	<http://www.wikidata.org/entity/Q33284>	5780	25	0	0	0	0	0	25
<http://www.wikidata.org/entity/Q33947>	<http://www.wikidata.org/entity/Q56356571>	10045	17	0	0	0	1	0	18
<http://www.wikidata.org/entity/Q56356571>	<http://www.wikidata.org/entity/Q33947>	11610	44	0	0	0	2	0	46
<http://www.wikidata.org/entity/Q33578>	<http://www.wikidata.org/entity/Q35518>	5759	741	0	0	0	72	0	813
<http://www.wikidata.org/entity/Q35518>	<http://www.wikidata.org/entity/Q33578>	15737	1624	0	0	0	124	0	1748
<http://www.wikidata.org/entity/Q397>	<http://www.wikidata.org/entity/Q1860>	2705	1696	110	142	0	31	2487	2604
<http://www.wikidata.org/entity/Q1860>	<http://www.wikidata.org/entity/Q397>	59942	2053	87	116	0	39	23	2162
<http://www.wikidata.org/entity/Q9176>	<http://www.wikidata.org/entity/Q33284>	1593	7	0	0	0	0	0	7
<http://www.wikidata.org/entity/Q33284>	<http://www.wikidata.org/entity/Q9176>	1711	5	0	0	0	0	4	9
<http://www.wikidata.org/entity/Q8748>	<http://www.wikidata.org/entity/Q188>	8162	289	2	5	4	4	6	296
<http://www.wikidata.org/entity/Q188>	<http://www.wikidata.org/entity/Q8748>	20135	457	2	5	7	8	1	472
<http://www.wikidata.org/entity/Q397>	<http://www.wikidata.org/entity/Q150>	2705	1234	19	39	0	19	19	1267
<http://www.wikidata.org/entity/Q150>	<http://www.wikidata.org/entity/Q397>	33497	1310	18	34	0	21	6	1340
<http://www.wikidata.org/entity/Q9176>	<http://www.wikidata.org/entity/Q36790>	1593	141	1	1	0	34	0	175
<http://www.wikidata.org/entity/Q10134>	<http://www.wikidata.org/entity/Q809>	2146	147	0	0	1	0	0	148
<http://www.wikidata.org/entity/Q809>	<http://www.wikidata.org/entity/Q10134>	4135	155	0	0	2	0	0	157
<http://www.wikidata.org/entity/Q36790>	<http://www.wikidata.org/entity/Q9176>	17051	301	1	1	0	78	1	380
<http://www.wikidata.org/entity/Q12107>	<http://www.wikidata.org/entity/Q36790>	5780	1160	0	0	0	62	0	1222
<http://www.wikidata.org/entity/Q36790>	<http://www.wikidata.org/entity/Q12107>	17051	3308	0	0	0	132	1	3440
<http://www.wikidata.org/entity/Q727694>	<http://www.wikidata.org/entity/Q8752>	4417	241	3	5	0	4	2	245
<http://www.wikidata.org/entity/Q8752>	<http://www.wikidata.org/entity/Q727694>	30759	201	3	5	0	1	0	202
<http://www.wikidata.org/entity/Q1321>	<http://www.wikidata.org/entity/Q9056>	20953	1496	28	56	27	6	30	1524
<http://www.wikidata.org/entity/Q9056>	<http://www.wikidata.org/entity/Q1321>	25347	1503	31	59	53	6	26	1540
<http://www.wikidata.org/entity/Q9288>	<http://www.wikidata.org/entity/Q9056>	7451	1169	11	20	0	3	16	1173
<http://www.wikidata.org/entity/Q33578>	<http://www.wikidata.org/entity/Q7737>	5759	1103	0	0	0	19	0	1122
<http://www.wikidata.org/entity/Q9056>	<http://www.wikidata.org/entity/Q9288>	25347	1407	14	25	0	3	0	1411
<http://www.wikidata.org/entity/Q7737>	<http://www.wikidata.org/entity/Q33578>	18679	1430	0	1	0	18	0	1448
<http://www.wikidata.org/entity/Q36928>	<http://www.wikidata.org/entity/Q188>	3314	816	0	0	0	0	0	816
<http://www.wikidata.org/entity/Q33284>	<http://www.wikidata.org/entity/Q9168>	1711	0	0	0	0	0	5	5
<http://www.wikidata.org/entity/Q188>	<http://www.wikidata.org/entity/Q36928>	20135	843	0	0	0	0	0	843
<http://www.wikidata.org/entity/Q9168>	<http://www.wikidata.org/entity/Q33284>	18925	0	0	0	0	0	0	0
<http://www.wikidata.org/entity/Q33151>	<http://www.wikidata.org/entity/Q9056>	1938	47	2	5	0	0	0	47
<http://www.wikidata.org/entity/Q9056>	<http://www.wikidata.org/entity/Q33151>	25347	100	2	5	0	0	0	100
<http://www.wikidata.org/entity/Q36790>	<http://www.wikidata.org/entity/Q9168>	17051	132	0	0	0	48	1	181
<http://www.wikidata.org/entity/Q9168>	<http://www.wikidata.org/entity/Q36790>	18925	56	0	0	0	20	0	76
<http://www.wikidata.org/entity/Q1321>	<http://www.wikidata.org/entity/Q9027>	20953	2883	21	31	275	42	4	3193
<http://www.wikidata.org/entity/Q9027>	<http://www.wikidata.org/entity/Q1321>	38988	2632	21	31	380	39	19	3044
<http://www.wikidata.org/entity/Q7411>	<http://www.wikidata.org/entity/Q727694>	2611	259	0	6	0	4	0	264
<http://www.wikidata.org/entity/Q727694>	<http://www.wikidata.org/entity/Q7411>	4417	315	0	7	0	8	11	325
<http://www.wikidata.org/entity/Q188>	<http://www.wikidata.org/entity/Q8765>	20135	91	2	3	0	7	0	99
<http://www.wikidata.org/entity/Q8765>	<http://www.wikidata.org/entity/Q188>	33758	64	2	3	0	2	4	68
<http://www.wikidata.org/entity/Q11059>	<http://www.wikidata.org/entity/Q50868>	1928	18	0	0	0	3	0	21
<http://www.wikidata.org/entity/Q50868>	<http://www.wikidata.org/entity/Q11059>	18852	15	0	0	0	3	0	18
<http://www.wikidata.org/entity/Q9610>	<http://www.wikidata.org/entity/Q188>	14501	1275	14	18	6	94	3	1379
<http://www.wikidata.org/entity/Q188>	<http://www.wikidata.org/entity/Q9610>	20135	1337	13	17	12	132	32	1506
<http://www.wikidata.org/entity/Q1412>	<http://www.wikidata.org/entity/Q50868>	2495	18	0	0	0	0	0	18
<http://www.wikidata.org/entity/Q50868>	<http://www.wikidata.org/entity/Q1412>	18852	16	0	0	0	0	0	16
<http://www.wikidata.org/entity/Q727694>	<http://www.wikidata.org/entity/Q8748>	4417	127	0	0	0	3	0	130
<http://www.wikidata.org/entity/Q8748>	<http://www.wikidata.org/entity/Q727694>	8162	89	0	0	0	3	0	92
<http://www.wikidata.org/entity/Q33151>	<http://www.wikidata.org/entity/Q9027>	1938	89	2	2	0	1	0	90
<http://www.wikidata.org/entity/Q9027>	<http://www.wikidata.org/entity/Q33151>	38988	114	2	2	0	1	0	115
<http://www.wikidata.org/entity/Q13349>	<http://www.wikidata.org/entity/Q652>	6804	11	0	0	0	0	0	11
<http://www.wikidata.org/entity/Q652>	<http://www.wikidata.org/entity/Q13349>	26452	13	0	0	0	0	0	13
<http://www.wikidata.org/entity/Q10134>	<http://www.wikidata.org/entity/Q33454>	2146	71	0	0	0	2	0	73
<http://www.wikidata.org/entity/Q33454>	<http://www.wikidata.org/entity/Q10134>	9001	69	0	0	0	2	0	71
<http://www.wikidata.org/entity/Q9288>	<http://www.wikidata.org/entity/Q9027>	7451	3014	0	5	3	25	3	3045
<http://www.wikidata.org/entity/Q9027>	<http://www.wikidata.org/entity/Q9288>	38988	3233	0	3	7	23	0	3264
<http://www.wikidata.org/entity/Q9072>	<http://www.wikidata.org/entity/Q36236>	4943	1013	0	1	0	7	0	1020
<http://www.wikidata.org/entity/Q36236>	<http://www.wikidata.org/entity/Q9072>	12554	1105	0	1	0	8	1	1113
<http://www.wikidata.org/entity/Q11051>	<http://www.wikidata.org/entity/Q50868>	3900	38	0	0	0	2	0	40
<http://www.wikidata.org/entity/Q50868>	<http://www.wikidata.org/entity/Q11051>	18852	25	0	0	0	2	0	27
<http://www.wikidata.org/entity/Q9035>	<http://www.wikidata.org/entity/Q1321>	19363	2175	21	41	160	31	28	2356
<http://www.wikidata.org/entity/Q1321>	<http://www.wikidata.org/entity/Q9035>	20953	2504	22	40	180	24	14	2699
<http://www.wikidata.org/entity/Q188>	<http://www.wikidata.org/entity/Q8752>	20135	1687	5	8	0	4	0	1691
<http://www.wikidata.org/entity/Q8752>	<http://www.wikidata.org/entity/Q188>	30759	1245	5	8	0	3	7	1248
<http://www.wikidata.org/entity/Q36495>	<http://www.wikidata.org/entity/Q1321>	1973	871	3	29	0	10	1	885
<http://www.wikidata.org/entity/Q13349>	<http://www.wikidata.org/entity/Q36236>	6804	10	0	0	0	0	0	10
<http://www.wikidata.org/entity/Q36236>	<http://www.wikidata.org/entity/Q13349>	12554	20	0	0	0	0	0	20
<http://www.wikidata.org/entity/Q1321>	<http://www.wikidata.org/entity/Q36495>	20953	925	2	24	0	9	1	939
<http://www.wikidata.org/entity/Q9288>	<http://www.wikidata.org/entity/Q9035>	7451	2311	1	6	3	17	7	2332
<http://www.wikidata.org/entity/Q9035>	<http://www.wikidata.org/entity/Q9288>	19363	2388	1	6	3	20	0	2412
<http://www.wikidata.org/entity/Q36495>	<http://www.wikidata.org/entity/Q9288>	1973	588	0	4	0	7	0	597
<http://www.wikidata.org/entity/Q9288>	<http://www.wikidata.org/entity/Q36495>	7451	493	0	4	0	6	0	500
<http://www.wikidata.org/entity/Q36928>	<http://www.wikidata.org/entity/Q727694>	3314	280	0	0	0	0	0	280
<http://www.wikidata.org/entity/Q727694>	<http://www.wikidata.org/entity/Q36928>	4417	280	0	0	0	0	0	280
<http://www.wikidata.org/entity/Q33151>	<http://www.wikidata.org/entity/Q9035>	1938	79	2	3	0	0	0	79
<http://www.wikidata.org/entity/Q9035>	<http://www.wikidata.org/entity/Q33151>	19363	94	2	3	0	0	0	94
<http://www.wikidata.org/entity/Q33151>	<http://www.wikidata.org/entity/Q36495>	1938	26	1	8	0	0	0	28
<http://www.wikidata.org/entity/Q36495>	<http://www.wikidata.org/entity/Q33151>	1973	28	2	7	0	0	0	31
<http://www.wikidata.org/entity/Q9072>	<http://www.wikidata.org/entity/Q652>	4943	1987	1	7	1	11	2	2002
<http://www.wikidata.org/entity/Q652>	<http://www.wikidata.org/entity/Q9072>	26452	2123	1	7	1	16	1	2143
<http://www.wikidata.org/entity/Q9176>	<http://www.wikidata.org/entity/Q1412>	1593	131	1	2	0	13	0	144
<http://www.wikidata.org/entity/Q1412>	<http://www.wikidata.org/entity/Q9176>	2495	119	1	2	0	10	1	129
<http://www.wikidata.org/entity/Q11059>	<http://www.wikidata.org/entity/Q12107>	1928	329	0	0	0	18	0	347
<http://www.wikidata.org/entity/Q12107>	<http://www.wikidata.org/entity/Q11059>	5780	359	0	0	0	17	0	376
<http://www.wikidata.org/entity/Q1412>	<http://www.wikidata.org/entity/Q12107>	2495	347	1	8	0	13	0	360
<http://www.wikidata.org/entity/Q12107>	<http://www.wikidata.org/entity/Q1412>	5780	464	1	7	0	14	0	478
<http://www.wikidata.org/entity/Q36236>	<http://www.wikidata.org/entity/Q9056>	12554	1173	5	51	0	2	13	1179
<http://www.wikidata.org/entity/Q9056>	<http://www.wikidata.org/entity/Q36236>	25347	1271	8	53	0	2	0	1275
<http://www.wikidata.org/entity/Q9176>	<http://www.wikidata.org/entity/Q11059>	1593	68	0	0	0	9	0	77
<http://www.wikidata.org/entity/Q11059>	<http://www.wikidata.org/entity/Q9176>	1928	61	0	0	0	12	0	73
<http://www.wikidata.org/entity/Q5218>	<http://www.wikidata.org/entity/Q727694>	2046	9	8	11	0	0	0	16
<http://www.wikidata.org/entity/Q727694>	<http://www.wikidata.org/entity/Q5218>	4417	16	1	4	0	0	0	17
<http://www.wikidata.org/entity/Q9176>	<http://www.wikidata.org/entity/Q11051>	1593	158	0	0	0	12	0	170
<http://www.wikidata.org/entity/Q11051>	<http://www.wikidata.org/entity/Q9176>	3900	184	0	0	0	11	0	195
<http://www.wikidata.org/entity/Q11051>	<http://www.wikidata.org/entity/Q12107>	3900	677	0	0	0	16	0	693
<http://www.wikidata.org/entity/Q12107>	<http://www.wikidata.org/entity/Q11051>	5780	641	0	0	0	12	0	653
<http://www.wikidata.org/entity/Q9056>	<http://www.wikidata.org/entity/Q652>	25347	2343	32	56	45	6	14	2401
<http://www.wikidata.org/entity/Q652>	<http://www.wikidata.org/entity/Q9056>	26452	2097	22	45	23	10	12	2135
<http://www.wikidata.org/entity/Q1412>	<http://www.wikidata.org/entity/Q9168>	2495	17	0	0	0	3	0	20
<http://www.wikidata.org/entity/Q9168>	<http://www.wikidata.org/entity/Q1412>	18925	15	0	0	0	3	0	18
<http://www.wikidata.org/entity/Q397>	<http://www.wikidata.org/entity/Q56356571>	2705	588	0	3	0	9	0	598
<http://www.wikidata.org/entity/Q56356571>	<http://www.wikidata.org/entity/Q397>	11610	822	0	3	0	12	0	835
<http://www.wikidata.org/entity/Q11059>	<http://www.wikidata.org/entity/Q9168>	1928	9	0	0	0	3	6	18
<http://www.wikidata.org/entity/Q9168>	<http://www.wikidata.org/entity/Q11059>	18925	9	0	0	0	3	0	12
<http://www.wikidata.org/entity/Q33947>	<http://www.wikidata.org/entity/Q1860>	10045	20	0	2	0	1	10013	10013
<http://www.wikidata.org/entity/Q1860>	<http://www.wikidata.org/entity/Q33947>	59942	29	0	3	0	1	0	30
<http://www.wikidata.org/entity/Q33947>	<http://www.wikidata.org/entity/Q150>	10045	18	0	2	0	1	1	19
<http://www.wikidata.org/entity/Q150>	<http://www.wikidata.org/entity/Q33947>	33497	25	0	2	0	1	0	26
<http://www.wikidata.org/entity/Q11051>	<http://www.wikidata.org/entity/Q9168>	3900	32	1	1	0	8	5	46
<http://www.wikidata.org/entity/Q9168>	<http://www.wikidata.org/entity/Q11051>	18925	30	1	1	0	7	0	38
<http://www.wikidata.org/entity/Q10134>	<http://www.wikidata.org/entity/Q36928>	2146	259	0	0	0	0	0	259
<http://www.wikidata.org/entity/Q36928>	<http://www.wikidata.org/entity/Q10134>	3314	383	0	0	0	0	0	383
<http://www.wikidata.org/entity/Q9168>	<http://www.wikidata.org/entity/Q1860>	18925	661	14	14	0	23	10441	10569
<http://www.wikidata.org/entity/Q256>	<http://www.wikidata.org/entity/Q9027>	2630	753	0	2	1	60	0	813
<http://www.wikidata.org/entity/Q1860>	<http://www.wikidata.org/entity/Q9168>	59942	757	13	13	0	37	43	841
<http://www.wikidata.org/entity/Q9027>	<http://www.wikidata.org/entity/Q256>	38988	824	0	2	2	63	2	892
<http://www.wikidata.org/entity/Q11059>	<http://www.wikidata.org/entity/Q33947>	1928	22	0	0	0	1	0	23
<http://www.wikidata.org/entity/Q33947>	<http://www.wikidata.org/entity/Q11059>	10045	11	0	0	0	1	0	12
<http://www.wikidata.org/entity/Q1412>	<http://www.wikidata.org/entity/Q33947>	2495	12	2	2	0	1	0	13
<http://www.wikidata.org/entity/Q33947>	<http://www.wikidata.org/entity/Q1412>	10045	11	2	2	0	1	3	13
<http://www.wikidata.org/entity/Q5287>	<http://www.wikidata.org/entity/Q9027>	34860	4077	0	8	8	132	1	4218
<http://www.wikidata.org/entity/Q9027>	<http://www.wikidata.org/entity/Q5287>	38988	3876	0	6	12	100	0	3987
<http://www.wikidata.org/entity/Q9237>	<http://www.wikidata.org/entity/Q9056>	5311	773	3	14	1	5	9	779
<http://www.wikidata.org/entity/Q9056>	<http://www.wikidata.org/entity/Q9237>	25347	923	6	18	2	6	0	930
<http://www.wikidata.org/entity/Q9168>	<http://www.wikidata.org/entity/Q150>	18925	388	2	2	0	23	1	414
<http://www.wikidata.org/entity/Q150>	<http://www.wikidata.org/entity/Q9168>	33497	407	2	2	0	31	3	442
<http://www.wikidata.org/entity/Q11051>	<http://www.wikidata.org/entity/Q33947>	3900	27	0	0	0	1	0	28
<http://www.wikidata.org/entity/Q33947>	<http://www.wikidata.org/entity/Q11051>	10045	14	0	0	0	1	0	15
<http://www.wikidata.org/entity/Q56475>	<http://www.wikidata.org/entity/Q13955>	1897	178	0	0	0	24	4	206
<http://www.wikidata.org/entity/Q10134>	<http://www.wikidata.org/entity/Q8748>	2146	110	0	0	0	1	0	111
<http://www.wikidata.org/entity/Q8748>	<http://www.wikidata.org/entity/Q10134>	8162	113	0	0	0	1	0	114
<http://www.wikidata.org/entity/Q13955>	<http://www.wikidata.org/entity/Q56475>	14706	183	0	0	0	25	1	209
<http://www.wikidata.org/entity/Q13955>	<http://www.wikidata.org/entity/Q5146>	14706	347	0	7	0	19	1	369
<http://www.wikidata.org/entity/Q5146>	<http://www.wikidata.org/entity/Q13955>	176780	362	0	6	0	19	0	382
<http://www.wikidata.org/entity/Q36495>	<http://www.wikidata.org/entity/Q256>	1973	312	0	5	0	12	0	324
<http://www.wikidata.org/entity/Q256>	<http://www.wikidata.org/entity/Q36495>	2630	255	0	4	0	11	0	266
<http://www.wikidata.org/entity/Q256>	<http://www.wikidata.org/entity/Q9035>	2630	654	0	5	1	33	3	691
<http://www.wikidata.org/entity/Q9035>	<http://www.wikidata.org/entity/Q256>	19363	689	0	8	2	36	3	734
<http://www.wikidata.org/entity/Q32238>	<http://www.wikidata.org/entity/Q5146>	14153	682	0	5	0	9	0	689
<http://www.wikidata.org/entity/Q9056>	<http://www.wikidata.org/entity/Q25164>	25347	1641	12	23	47	4	0	1659
<http://www.wikidata.org/entity/Q25164>	<http://www.wikidata.org/entity/Q9056>	32974	1674	8	20	29	5	10	1696
<http://www.wikidata.org/entity/Q5146>	<http://www.wikidata.org/entity/Q32238>	176780	506	0	3	0	11	0	517
<http://www.wikidata.org/entity/Q727694>	<http://www.wikidata.org/entity/Q33454>	4417	93	0	0	0	2	0	95
<http://www.wikidata.org/entity/Q33454>	<http://www.wikidata.org/entity/Q727694>	9001	54	0	0	0	2	0	56
<http://www.wikidata.org/entity/Q56475>	<http://www.wikidata.org/entity/Q32238>	1897	273	1	1	0	8	2	282
<http://www.wikidata.org/entity/Q33284>	<http://www.wikidata.org/entity/Q397>	1711	11	0	0	0	0	4	15
<http://www.wikidata.org/entity/Q32238>	<http://www.wikidata.org/entity/Q56475>	14153	417	1	1	0	6	15	428
<http://www.wikidata.org/entity/Q397>	<http://www.wikidata.org/entity/Q33284>	2705	14	0	0	0	0	0	14
<http://www.wikidata.org/entity/Q9176>	<http://www.wikidata.org/entity/Q1860>	1593	600	15	21	0	81	1014	1156
<http://www.wikidata.org/entity/Q1860>	<http://www.wikidata.org/entity/Q9176>	59942	749	16	22	0	113	21	876
<http://www.wikidata.org/entity/Q9035>	<http://www.wikidata.org/entity/Q5287>	19363	2813	3	14	7	55	1	2877
<http://www.wikidata.org/entity/Q5287>	<http://www.wikidata.org/entity/Q9035>	34860	3204	3	16	7	73	12	3288
<http://www.wikidata.org/entity/Q36495>	<http://www.wikidata.org/entity/Q5287>	1973	865	5	16	0	47	17	919
<http://www.wikidata.org/entity/Q10134>	<http://www.wikidata.org/entity/Q7411>	2146	231	1	2	1	2	0	234
<http://www.wikidata.org/entity/Q7411>	<http://www.wikidata.org/entity/Q10134>	2611	240	1	2	2	3	0	245
<http://www.wikidata.org/entity/Q5287>	<http://www.wikidata.org/entity/Q36495>	34860	968	5	18	0	54	1	1025
<http://www.wikidata.org/entity/Q12107>	<http://www.wikidata.org/entity/Q1860>	5780	2781	2	21	7	113	181	2971
<http://www.wikidata.org/entity/Q1860>	<http://www.wikidata.org/entity/Q12107>	59942	2845	2	20	6	152	0	3003
<http://www.wikidata.org/entity/Q12107>	<http://www.wikidata.org/entity/Q150>	5780	2401	11	23	11	81	5532	5714
<http://www.wikidata.org/entity/Q150>	<http://www.wikidata.org/entity/Q12107>	33497	2123	11	24	11	93	0	2228
<http://www.wikidata.org/entity/Q9176>	<http://www.wikidata.org/entity/Q150>	1593	468	2	5	0	42	6	510
<http://www.wikidata.org/entity/Q809>	<http://www.wikidata.org/entity/Q188>	4135	746	25	38	2	3	39	776
<http://www.wikidata.org/entity/Q188>	<http://www.wikidata.org/entity/Q809>	20135	1046	22	36	2	2	59	1082
<http://www.wikidata.org/entity/Q150>	<http://www.wikidata.org/entity/Q9176>	33497	512	3	6	0	45	5	559
<http://www.wikidata.org/entity/Q9056>	<http://www.wikidata.org/entity/Q25167>	25347	2341	9	25	53	7	8	2368
<http://www.wikidata.org/entity/Q25167>	<http://www.wikidata.org/entity/Q9056>	50565	2464	3	18	34	13	13	2496
<http://www.wikidata.org/entity/Q397>	<http://www.wikidata.org/entity/Q36790>	2705	625	1	2	0	14	0	639
<http://www.wikidata.org/entity/Q36790>	<http://www.wikidata.org/entity/Q397>	17051	2411	1	2	0	38	1	2449
<http://www.wikidata.org/entity/Q33578>	<http://www.wikidata.org/entity/Q5146>	5759	793	1	1	0	48	22	854
<http://www.wikidata.org/entity/Q5146>	<http://www.wikidata.org/entity/Q33578>	176780	675	2	2	0	47	3	723
<http://www.wikidata.org/entity/Q56475>	<http://www.wikidata.org/entity/Q33578>	1897	319	0	0	0	37	2	358
<http://www.wikidata.org/entity/Q33578>	<http://www.wikidata.org/entity/Q56475>	5759	432	0	0	0	38	726	1160
<http://www.wikidata.org/entity/Q13349>	<http://www.wikidata.org/entity/Q25164>	6804	10	0	0	0	0	0	10
<http://www.wikidata.org/entity/Q25164>	<http://www.wikidata.org/entity/Q13349>	32974	18	0	0	0	0	0	18
<http://www.wikidata.org/entity/Q13349>	<http://www.wikidata.org/entity/Q25167>	6804	12	0	0	0	0	0	12
<http://www.wikidata.org/entity/Q25167>	<http://www.wikidata.org/entity/Q13349>	50565	22	0	0	0	0	0	22
<http://www.wikidata.org/entity/Q9072>	<http://www.wikidata.org/entity/Q9237>	4943	980	0	0	0	34	2	1015
<http://www.wikidata.org/entity/Q9237>	<http://www.wikidata.org/entity/Q9072>	5311	1008	0	0	0	41	2	1050
<http://www.wikidata.org/entity/Q9072>	<http://www.wikidata.org/entity/Q25167>	4943	2072	4	5	1	24	1	2100
<http://www.wikidata.org/entity/Q25167>	<http://www.wikidata.org/entity/Q9072>	50565	2659	4	5	1	39	5	2704
<http://www.wikidata.org/entity/Q9237>	<http://www.wikidata.org/entity/Q13349>	5311	10	0	0	0	0	0	10
<http://www.wikidata.org/entity/Q13349>	<http://www.wikidata.org/entity/Q9237>	6804	7	0	0	0	0	0	7
<http://www.wikidata.org/entity/Q5218>	<http://www.wikidata.org/entity/Q10134>	2046	10	0	0	0	1	0	11
<http://www.wikidata.org/entity/Q10134>	<http://www.wikidata.org/entity/Q5218>	2146	10	0	0	0	1	0	11
<http://www.wikidata.org/entity/Q50868>	<http://www.wikidata.org/entity/Q1860>	18852	53	0	0	0	4	18057	18057
<http://www.wikidata.org/entity/Q1860>	<http://www.wikidata.org/entity/Q50868>	59942	70	0	0	0	6	0	76
<http://www.wikidata.org/entity/Q50868>	<http://www.wikidata.org/entity/Q150>	18852	37	0	0	0	2	5	43
<http://www.wikidata.org/entity/Q150>	<http://www.wikidata.org/entity/Q50868>	33497	47	0	0	0	2	0	49
<http://www.wikidata.org/entity/Q9072>	<http://www.wikidata.org/entity/Q25164>	4943	1563	1	4	1	17	0	1582
<http://www.wikidata.org/entity/Q25164>	<http://www.wikidata.org/entity/Q9072>	32974	1935	1	4	2	25	1	1963
<http://www.wikidata.org/entity/Q13349>	<http://www.wikidata.org/entity/Q5287>	6804	12	0	0	0	0	0	12
<http://www.wikidata.org/entity/Q5287>	<http://www.wikidata.org/entity/Q13349>	34860	24	0	0	0	0	0	24
<http://www.wikidata.org/entity/Q9176>	<http://www.wikidata.org/entity/Q56356571>	1593	286	0	0	0	24	0	310
<http://www.wikidata.org/entity/Q56356571>	<http://www.wikidata.org/entity/Q9176>	11610	454	0	0	0	30	0	484
<http://www.wikidata.org/entity/Q33284>	<http://www.wikidata.org/entity/Q33947>	1711	2	0	0	0	0	0	2
<http://www.wikidata.org/entity/Q33947>	<http://www.wikidata.org/entity/Q33284>	10045	2	0	0	0	0	0	2
<http://www.wikidata.org/entity/Q33578>	<http://www.wikidata.org/entity/Q58635>	5759	782	0	0	0	45	0	827
<http://www.wikidata.org/entity/Q58635>	<http://www.wikidata.org/entity/Q33578>	8319	1141	0	0	0	51	0	1192
<http://www.wikidata.org/entity/Q12107>	<http://www.wikidata.org/entity/Q56356571>	5780	1151	0	0	0	30	0	1181
<http://www.wikidata.org/entity/Q56356571>	<http://www.wikidata.org/entity/Q12107>	11610	1332	0	0	0	36	0	1368
<http://www.wikidata.org/entity/Q256>	<http://www.wikidata.org/entity/Q13349>	2630	10	0	0	0	0	0	10
<http://www.wikidata.org/entity/Q13349>	<http://www.wikidata.org/entity/Q256>	6804	7	0	0	0	0	0	7
<http://www.wikidata.org/entity/Q33947>	<http://www.wikidata.org/entity/Q36790>	10045	12	0	0	0	1	0	13
<http://www.wikidata.org/entity/Q36790>	<http://www.wikidata.org/entity/Q33947>	17051	34	0	0	0	2	0	36
<http://www.wikidata.org/entity/Q56356571>	<http://www.wikidata.org/entity/Q9168>	11610	67	0	0	0	4	7318	7349
<http://www.wikidata.org/entity/Q9168>	<http://www.wikidata.org/entity/Q56356571>	18925	53	0	0	0	2	0	55
<http://www.wikidata.org/entity/Q11059>	<http://www.wikidata.org/entity/Q397>	1928	196	1	2	0	6	2	203
<http://www.wikidata.org/entity/Q397>	<http://www.wikidata.org/entity/Q11059>	2705	198	1	2	0	5	0	203
<http://www.wikidata.org/entity/Q1412>	<http://www.wikidata.org/entity/Q397>	2495	201	0	6	0	6	0	208
<http://www.wikidata.org/entity/Q397>	<http://www.wikidata.org/entity/Q1412>	2705	231	0	7	0	6	0	239
<http://www.wikidata.org/entity/Q9072>	<http://www.wikidata.org/entity/Q5287>	4943	1414	0	2	1	37	0	1452
<http://www.wikidata.org/entity/Q5287>	<http://www.wikidata.org/entity/Q9072>	34860	1767	0	2	1	55	1	1823
<http://www.wikidata.org/entity/Q256>	<http://www.wikidata.org/entity/Q9072>	2630	469	0	1	0	34	0	503
<http://www.wikidata.org/entity/Q9072>	<http://www.wikidata.org/entity/Q256>	4943	482	0	1	0	31	2	515
<http://www.wikidata.org/entity/Q397>	<http://www.wikidata.org/entity/Q11051>	2705	332	0	1	0	6	0	338
<http://www.wikidata.org/entity/Q11051>	<http://www.wikidata.org/entity/Q397>	3900	411	0	1	0	7	0	419
<http://www.wikidata.org/entity/Q25164>	<http://www.wikidata.org/entity/Q9027>	32974	6162	56	88	206	76	3	6453
<http://www.wikidata.org/entity/Q9027>	<http://www.wikidata.org/entity/Q25164>	38988	5252	50	71	240	64	0	5573
<http://www.wikidata.org/entity/Q10134>	<http://www.wikidata.org/entity/Q8752>	2146	272	0	0	0	0	0	272
<http://www.wikidata.org/entity/Q56356571>	<http://www.wikidata.org/entity/Q50868>	11610	62	0	0	0	4	0	66
<http://www.wikidata.org/entity/Q50868>	<http://www.wikidata.org/entity/Q56356571>	18852	33	0	0	0	3	0	36
<http://www.wikidata.org/entity/Q8752>	<http://www.wikidata.org/entity/Q10134>	30759	281	0	0	0	0	0	281
<http://www.wikidata.org/entity/Q9237>	<http://www.wikidata.org/entity/Q9035>	5311	1571	2	12	1	39	10	1612
<http://www.wikidata.org/entity/Q9035>	<http://www.wikidata.org/entity/Q9237>	19363	1567	2	12	1	40	5	1609
<http://www.wikidata.org/entity/Q36495>	<http://www.wikidata.org/entity/Q9237>	1973	437	11	21	0	20	10	466
<http://www.wikidata.org/entity/Q9237>	<http://www.wikidata.org/entity/Q36495>	5311	383	8	17	0	18	4	404
<http://www.wikidata.org/entity/Q9027>	<http://www.wikidata.org/entity/Q25167>	38988	7214	83	98	469	101	6	7824
<http://www.wikidata.org/entity/Q25167>	<http://www.wikidata.org/entity/Q9027>	50565	8634	93	116	406	122	7	9204
<http://www.wikidata.org/entity/Q256>	<http://www.wikidata.org/entity/Q9056>	2630	304	0	5	1	3	2	308
<http://www.wikidata.org/entity/Q9056>	<http://www.wikidata.org/entity/Q256>	25347	409	1	7	2	3	0	413
<http://www.wikidata.org/entity/Q33454>	<http://www.wikidata.org/entity/Q188>	9001	123	0	0	0	2	2	127
<http://www.wikidata.org/entity/Q188>	<http://www.wikidata.org/entity/Q33454>	20135	229	0	0	0	6	0	235
<http://www.wikidata.org/entity/Q36495>	<http://www.wikidata.org/entity/Q25164>	1973	850	2	7	0	20	0	873
<http://www.wikidata.org/entity/Q25164>	<http://www.wikidata.org/entity/Q36495>	32974	931	2	7	0	17	0	951
<http://www.wikidata.org/entity/Q9035>	<http://www.wikidata.org/entity/Q25164>	19363	3752	111	138	123	44	5	3983
<http://www.wikidata.org/entity/Q25164>	<http://www.wikidata.org/entity/Q9035>	32974	4744	124	150	149	55	10	5012
<http://www.wikidata.org/entity/Q10134>	<http://www.wikidata.org/entity/Q9610>	2146	301	0	2	0	36	0	338
<http://www.wikidata.org/entity/Q9610>	<http://www.wikidata.org/entity/Q10134>	14501	506	0	2	0	41	0	548
<http://www.wikidata.org/entity/Q58635>	<http://www.wikidata.org/entity/Q32238>	8319	991	0	0	0	15	0	1006
<http://www.wikidata.org/entity/Q32238>	<http://www.wikidata.org/entity/Q58635>	14153	738	0	0	0	9	2	747
<http://www.wikidata.org/entity/Q9237>	<http://www.wikidata.org/entity/Q9027>	5311	1874	1	5	1	78	3	1952
<http://www.wikidata.org/entity/Q9056>	<http://www.wikidata.org/entity/Q5287>	25347	1476	2	23	8	7	0	1489
<http://www.wikidata.org/entity/Q10134>	<http://www.wikidata.org/entity/Q8765>	2146	20	0	0	0	2	0	22
<http://www.wikidata.org/entity/Q5287>	<http://www.wikidata.org/entity/Q9056>	34860	1484	2	23	4	12	11	1502
<http://www.wikidata.org/entity/Q9027>	<http://www.wikidata.org/entity/Q9237>	38988	1993	1	4	1	79	3	2073
<http://www.wikidata.org/entity/Q8765>	<http://www.wikidata.org/entity/Q10134>	33758	21	0	0	0	2	0	23
<http://www.wikidata.org/entity/Q58635>	<http://www.wikidata.org/entity/Q13955>	8319	801	4	7	0	24	2	832
<http://www.wikidata.org/entity/Q13955>	<http://www.wikidata.org/entity/Q58635>	14706	437	4	7	0	18	3	463
<http://www.wikidata.org/entity/Q36495>	<http://www.wikidata.org/entity/Q25167>	1973	1009	0	7	0	24	0	1037
<http://www.wikidata.org/entity/Q25167>	<http://www.wikidata.org/entity/Q36495>	50565	1140	0	6	0	25	0	1168
<http://www.wikidata.org/entity/Q9035>	<http://www.wikidata.org/entity/Q25167>	19363	4981	161	173	188	72	93	5339
<http://www.wikidata.org/entity/Q25167>	<http://www.wikidata.org/entity/Q9035>	50565	6399	174	187	240	83	22	6819
<http://www.wikidata.org/entity/Q809>	<http://www.wikidata.org/entity/Q727694>	4135	264	1	4	0	1	0	266
<http://www.wikidata.org/entity/Q727694>	<http://www.wikidata.org/entity/Q809>	4417	330	1	4	0	2	13	333
<http://www.wikidata.org/entity/Q11059>	<http://www.wikidata.org/entity/Q8748>	1928	95	0	0	0	1	0	96
<http://www.wikidata.org/entity/Q8748>	<http://www.wikidata.org/entity/Q11059>	8162	67	0	0	0	1	0	68
<http://www.wikidata.org/entity/Q56475>	<http://www.wikidata.org/entity/Q1321>	1897	283	0	0	1	14	0	298
<http://www.wikidata.org/entity/Q1412>	<http://www.wikidata.org/entity/Q7411>	2495	200	0	1	1	1	1	202
<http://www.wikidata.org/entity/Q7411>	<http://www.wikidata.org/entity/Q1412>	2611	210	0	1	1	1	0	211
<http://www.wikidata.org/entity/Q1321>	<http://www.wikidata.org/entity/Q56475>	20953	355	0	0	1	15	0	371
<http://www.wikidata.org/entity/Q1321>	<http://www.wikidata.org/entity/Q5146>	20953	952	36	62	36	33	35	1052
<http://www.wikidata.org/entity/Q5146>	<http://www.wikidata.org/entity/Q1321>	176780	805	36	59	38	35	43	901
<http://www.wikidata.org/entity/Q9288>	<http://www.wikidata.org/entity/Q5146>	7451	1215	0	6	0	17	5	1237
<http://www.wikidata.org/entity/Q5146>	<http://www.wikidata.org/entity/Q9288>	176780	1202	0	6	0	22	1	1227
<http://www.wikidata.org/entity/Q56475>	<http://www.wikidata.org/entity/Q9288>	1897	355	0	0	0	12	0	367
<http://www.wikidata.org/entity/Q11059>	<http://www.wikidata.org/entity/Q7411>	1928	106	0	0	0	1	0	107
<http://www.wikidata.org/entity/Q7411>	<http://www.wikidata.org/entity/Q11059>	2611	101	0	0	0	1	0	102
<http://www.wikidata.org/entity/Q9288>	<http://www.wikidata.org/entity/Q56475>	7451	369	0	0	0	11	0	380
<http://www.wikidata.org/entity/Q1412>	<http://www.wikidata.org/entity/Q8748>	2495	78	0	0	0	0	0	78
<http://www.wikidata.org/entity/Q8748>	<http://www.wikidata.org/entity/Q1412>	8162	81	0	0	0	0	0	81
<http://www.wikidata.org/entity/Q727694>	<http://www.wikidata.org/entity/Q50868>	4417	21	0	0	0	0	0	21
<http://www.wikidata.org/entity/Q50868>	<http://www.wikidata.org/entity/Q727694>	18852	16	0	0	0	0	0	16
<http://www.wikidata.org/entity/Q56475>	<http://www.wikidata.org/entity/Q33151>	1897	39	0	0	0	0	0	39
<http://www.wikidata.org/entity/Q33151>	<http://www.wikidata.org/entity/Q56475>	1938	35	0	0	0	0	0	35
<http://www.wikidata.org/entity/Q33151>	<http://www.wikidata.org/entity/Q5146>	1938	47	1	4	0	0	0	49
<http://www.wikidata.org/entity/Q5146>	<http://www.wikidata.org/entity/Q33151>	176780	49	1	4	0	0	0	51
<http://www.wikidata.org/entity/Q7411>	<http://www.wikidata.org/entity/Q11051>	2611	241	0	0	2	1	0	244
<http://www.wikidata.org/entity/Q11051>	<http://www.wikidata.org/entity/Q7411>	3900	317	0	0	2	1	0	320
<http://www.wikidata.org/entity/Q11051>	<http://www.wikidata.org/entity/Q8748>	3900	163	0	0	0	2	0	165
<http://www.wikidata.org/entity/Q8748>	<http://www.wikidata.org/entity/Q11051>	8162	107	0	0	0	2	0	109
<http://www.wikidata.org/entity/Q11059>	<http://www.wikidata.org/entity/Q36928>	1928	190	0	0	0	0	0	190
<http://www.wikidata.org/entity/Q36928>	<http://www.wikidata.org/entity/Q11059>	3314	210	0	0	0	0	0	210
<http://www.wikidata.org/entity/Q10134>	<http://www.wikidata.org/entity/Q33947>	2146	10	0	0	0	1	0	11
<http://www.wikidata.org/entity/Q33947>	<http://www.wikidata.org/entity/Q10134>	10045	10	0	0	0	1	0	11
<http://www.wikidata.org/entity/Q1412>	<http://www.wikidata.org/entity/Q36928>	2495	146	0	0	0	0	0	146
<http://www.wikidata.org/entity/Q36928>	<http://www.wikidata.org/entity/Q1412>	3314	219	0	0	0	0	0	219
<http://www.wikidata.org/entity/Q809>	<http://www.wikidata.org/entity/Q56356571>	4135	346	1	3	0	0	0	346
<http://www.wikidata.org/entity/Q56356571>	<http://www.wikidata.org/entity/Q809>	11610	588	2	5	0	0	0	588
<http://www.wikidata.org/entity/Q36928>	<http://www.wikidata.org/entity/Q11051>	3314	358	0	0	0	0	0	358
<http://www.wikidata.org/entity/Q11051>	<http://www.wikidata.org/entity/Q36928>	3900	338	0	0	0	0	0	338
<http://www.wikidata.org/entity/Q9237>	<http://www.wikidata.org/entity/Q7737>	5311	1568	2	16	0	27	14	1599
<http://www.wikidata.org/entity/Q7737>	<http://www.wikidata.org/entity/Q9237>	18679	2048	2	14	0	35	2	2083
<http://www.wikidata.org/entity/Q9176>	<http://www.wikidata.org/entity/Q727694>	1593	185	2	3	0	16	0	201
<http://www.wikidata.org/entity/Q727694>	<http://www.wikidata.org/entity/Q9176>	4417	224	2	3	0	17	4	243
<http://www.wikidata.org/entity/Q33454>	<http://www.wikidata.org/entity/Q1860>	9001	161	1	1	0	3	8844	8846
<http://www.wikidata.org/entity/Q1860>	<http://www.wikidata.org/entity/Q33454>	59942	251	1	1	0	6	0	258
<http://www.wikidata.org/entity/Q11059>	<http://www.wikidata.org/entity/Q5218>	1928	10	0	0	0	0	0	10
<http://www.wikidata.org/entity/Q5218>	<http://www.wikidata.org/entity/Q11059>	2046	5	0	0	0	0	0	5
<http://www.wikidata.org/entity/Q35518>	<http://www.wikidata.org/entity/Q25164>	15737	2209	0	1	0	72	0	2281
<http://www.wikidata.org/entity/Q25164>	<http://www.wikidata.org/entity/Q35518>	32974	1280	0	1	0	56	0	1336
<http://www.wikidata.org/entity/Q33284>	<http://www.wikidata.org/entity/Q8765>	1711	1	0	0	0	0	0	1
<http://www.wikidata.org/entity/Q8765>	<http://www.wikidata.org/entity/Q33284>	33758	1	0	0	0	0	0	1
<http://www.wikidata.org/entity/Q5218>	<http://www.wikidata.org/entity/Q1412>	2046	8	0	1	0	0	0	8
<http://www.wikidata.org/entity/Q1412>	<http://www.wikidata.org/entity/Q5218>	2495	9	0	1	0	0	0	9
<http://www.wikidata.org/entity/Q33284>	<http://www.wikidata.org/entity/Q9610>	1711	16	0	0	0	0	0	16
<http://www.wikidata.org/entity/Q9610>	<http://www.wikidata.org/entity/Q33284>	14501	118	0	0	0	0	0	118
<http://www.wikidata.org/entity/Q727694>	<http://www.wikidata.org/entity/Q12107>	4417	540	0	1	0	46	0	587
<http://www.wikidata.org/entity/Q12107>	<http://www.wikidata.org/entity/Q727694>	5780	526	0	1	0	29	0	556
<http://www.wikidata.org/entity/Q58635>	<http://www.wikidata.org/entity/Q652>	8319	2470	0	2	8	62	0	2541
<http://www.wikidata.org/entity/Q652>	<http://www.wikidata.org/entity/Q58635>	26452	1822	0	2	6	42	1	1872
<http://www.wikidata.org/entity/Q36790>	<http://www.wikidata.org/entity/Q8765>	17051	69	0	0	0	5	0	74
<http://www.wikidata.org/entity/Q8765>	<http://www.wikidata.org/entity/Q36790>	33758	17	0	0	0	2	0	19
<http://www.wikidata.org/entity/Q9610>	<http://www.wikidata.org/entity/Q36790>	14501	720	0	0	0	98	0	818
<http://www.wikidata.org/entity/Q36790>	<http://www.wikidata.org/entity/Q9610>	17051	1880	0	0	0	230	14	2118
<http://www.wikidata.org/entity/Q35518>	<http://www.wikidata.org/entity/Q25167>	15737	3003	0	1	0	104	0	3107
<http://www.wikidata.org/entity/Q25167>	<http://www.wikidata.org/entity/Q35518>	50565	1911	0	1	0	81	0	1992
<http://www.wikidata.org/entity/Q33454>	<http://www.wikidata.org/entity/Q150>	9001	127	0	1	0	2	7	137
<http://www.wikidata.org/entity/Q150>	<http://www.wikidata.org/entity/Q33454>	33497	156	0	1	0	3	0	160
<http://www.wikidata.org/entity/Q5218>	<http://www.wikidata.org/entity/Q11051>	2046	8	0	0	0	0	0	8
<http://www.wikidata.org/entity/Q11051>	<http://www.wikidata.org/entity/Q5218>	3900	12	0	0	0	0	0	12
<http://www.wikidata.org/entity/Q9237>	<http://www.wikidata.org/entity/Q35518>	5311	667	0	1	0	94	0	761
<http://www.wikidata.org/entity/Q58635>	<http://www.wikidata.org/entity/Q36236>	8319	1478	0	11	0	22	0	1504
<http://www.wikidata.org/entity/Q36236>	<http://www.wikidata.org/entity/Q58635>	12554	1061	0	12	0	18	1	1083
<http://www.wikidata.org/entity/Q35518>	<http://www.wikidata.org/entity/Q9237>	15737	1600	0	1	0	183	0	1783
<http://www.wikidata.org/entity/Q727694>	<http://www.wikidata.org/entity/Q9168>	4417	29	0	0	0	13	1	43
<http://www.wikidata.org/entity/Q9168>	<http://www.wikidata.org/entity/Q727694>	18925	23	0	0	0	13	0	36
<http://www.wikidata.org/entity/Q7737>	<http://www.wikidata.org/entity/Q25164>	18679	4606	5	12	27	17	0	4641
<http://www.wikidata.org/entity/Q25164>	<http://www.wikidata.org/entity/Q7737>	32974	4547	4	12	19	14	6	4573
<http://www.wikidata.org/entity/Q33284>	<http://www.wikidata.org/entity/Q8752>	1711	6	0	0	0	0	0	6
<http://www.wikidata.org/entity/Q8752>	<http://www.wikidata.org/entity/Q33284>	30759	8	0	0	0	0	0	8
<http://www.wikidata.org/entity/Q36790>	<http://www.wikidata.org/entity/Q8752>	17051	1035	1	1	0	6	2	1042
<http://www.wikidata.org/entity/Q8752>	<http://www.wikidata.org/entity/Q36790>	30759	312	1	1	0	2	0	314
<http://www.wikidata.org/entity/Q7737>	<http://www.wikidata.org/entity/Q25167>	18679	6031	4	9	42	26	1	6090
<http://www.wikidata.org/entity/Q25167>	<http://www.wikidata.org/entity/Q7737>	50565	6220	2	7	31	27	8	6270
<http://www.wikidata.org/entity/Q56475>	<http://www.wikidata.org/entity/Q652>	1897	523	0	0	0	28	0	551
<http://www.wikidata.org/entity/Q652>	<http://www.wikidata.org/entity/Q56475>	26452	630	0	0	0	30	0	660
<http://www.wikidata.org/entity/Q652>	<http://www.wikidata.org/entity/Q5146>	26452	2260	12	38	23	38	5	2332
<http://www.wikidata.org/entity/Q5146>	<http://www.wikidata.org/entity/Q652>	176780	2016	12	37	26	29	4	2081
<http://www.wikidata.org/entity/Q33284>	<http://www.wikidata.org/entity/Q8748>	1711	6	0	0	0	0	6	12
<http://www.wikidata.org/entity/Q8748>	<http://www.wikidata.org/entity/Q33284>	8162	6	0	0	0	0	0	6
<http://www.wikidata.org/entity/Q809>	<http://www.wikidata.org/entity/Q150>	4135	668	24	45	2	1	18	679
<http://www.wikidata.org/entity/Q9176>	<http://www.wikidata.org/entity/Q188>	1593	482	2	7	0	37	9	521
<http://www.wikidata.org/entity/Q150>	<http://www.wikidata.org/entity/Q809>	33497	742	20	38	4	1	41	755
<http://www.wikidata.org/entity/Q188>	<http://www.wikidata.org/entity/Q9176>	20135	684	2	6	0	54	44	778
<http://www.wikidata.org/entity/Q35518>	<http://www.wikidata.org/entity/Q5287>	15737	2295	0	2	0	222	0	2517
<http://www.wikidata.org/entity/Q5287>	<http://www.wikidata.org/entity/Q35518>	34860	1321	0	3	0	165	0	1486
<http://www.wikidata.org/entity/Q10134>	<http://www.wikidata.org/entity/Q397>	2146	293	0	2	0	7	0	300
<http://www.wikidata.org/entity/Q397>	<http://www.wikidata.org/entity/Q10134>	2705	328	0	3	0	8	0	336
<http://www.wikidata.org/entity/Q33284>	<http://www.wikidata.org/entity/Q7411>	1711	9	0	0	0	0	1	10
<http://www.wikidata.org/entity/Q7411>	<http://www.wikidata.org/entity/Q33284>	2611	9	0	0	0	0	0	9
<http://www.wikidata.org/entity/Q12107>	<http://www.wikidata.org/entity/Q188>	5780	2247	3	17	11	83	12	2337
<http://www.wikidata.org/entity/Q188>	<http://www.wikidata.org/entity/Q12107>	20135	2672	3	15	12	110	0	2794
<http://www.wikidata.org/entity/Q256>	<http://www.wikidata.org/entity/Q35518>	2630	356	0	0	0	97	0	453
<http://www.wikidata.org/entity/Q35518>	<http://www.wikidata.org/entity/Q256>	15737	905	0	0	0	188	0	1093
<http://www.wikidata.org/entity/Q7411>	<http://www.wikidata.org/entity/Q36790>	2611	258	0	0	0	9	0	266
<http://www.wikidata.org/entity/Q36790>	<http://www.wikidata.org/entity/Q7411>	17051	969	0	0	0	40	1	1009
<http://www.wikidata.org/entity/Q8748>	<http://www.wikidata.org/entity/Q36790>	8162	155	0	0	0	5	0	160
<http://www.wikidata.org/entity/Q36790>	<http://www.wikidata.org/entity/Q8748>	17051	695	0	0	0	12	1	707
<http://www.wikidata.org/entity/Q809>	<http://www.wikidata.org/entity/Q1860>	4135	818	74	96	2	4	321	1007
<http://www.wikidata.org/entity/Q1860>	<http://www.wikidata.org/entity/Q809>	59942	1007	50	71	2	4	155	1115
<http://www.wikidata.org/entity/Q9168>	<http://www.wikidata.org/entity/Q188>	18925	267	0	0	0	23	1	291
<http://www.wikidata.org/entity/Q188>	<http://www.wikidata.org/entity/Q9168>	20135	327	0	0	0	34	3	364
<http://www.wikidata.org/entity/Q33284>	<http://www.wikidata.org/entity/Q36928>	1711	14	0	0	0	0	0	14
<http://www.wikidata.org/entity/Q36928>	<http://www.wikidata.org/entity/Q33284>	3314	18	0	0	0	0	0	18
<http://www.wikidata.org/entity/Q7737>	<http://www.wikidata.org/entity/Q5287>	18679	4181	7	27	15	57	1	4259
<http://www.wikidata.org/entity/Q5287>	<http://www.wikidata.org/entity/Q7737>	34860	3695	7	28	5	68	22	3781
<http://www.wikidata.org/entity/Q256>	<http://www.wikidata.org/entity/Q7737>	2630	694	3	6	0	23	8	721
<http://www.wikidata.org/entity/Q56475>	<http://www.wikidata.org/entity/Q36236>	1897	335	0	0	0	11	0	346
<http://www.wikidata.org/entity/Q7737>	<http://www.wikidata.org/entity/Q256>	18679	1080	3	7	0	28	1	1110
<http://www.wikidata.org/entity/Q36236>	<http://www.wikidata.org/entity/Q56475>	12554	421	0	0	0	13	0	434
<http://www.wikidata.org/entity/Q36236>	<http://www.wikidata.org/entity/Q5146>	12554	1087	2	24	0	13	9	1111
<http://www.wikidata.org/entity/Q5146>	<http://www.wikidata.org/entity/Q36236>	176780	961	2	23	0	17	0	979
<http://www.wikidata.org/entity/Q36928>	<http://www.wikidata.org/entity/Q36790>	3314	910	0	0	0	0	0	910
<http://www.wikidata.org/entity/Q36790>	<http://www.wikidata.org/entity/Q36928>	17051	2991	0	0	0	0	0	2991
<http://www.wikidata.org/entity/Q33151>	<http://www.wikidata.org/entity/Q58635>	1938	54	0	0	0	0	0	54
<http://www.wikidata.org/entity/Q58635>	<http://www.wikidata.org/entity/Q33151>	8319	136	0	0	0	0	0	136
<http://www.wikidata.org/entity/Q9288>	<http://www.wikidata.org/entity/Q58635>	7451	935	0	0	1	21	0	957
<http://www.wikidata.org/entity/Q58635>	<http://www.wikidata.org/entity/Q9288>	8319	1537	0	0	3	29	0	1569
<http://www.wikidata.org/entity/Q33284>	<http://www.wikidata.org/entity/Q5218>	1711	2	0	0	0	0	0	2
<http://www.wikidata.org/entity/Q5218>	<http://www.wikidata.org/entity/Q33284>	2046	2	0	0	0	0	0	2
<http://www.wikidata.org/entity/Q1412>	<http://www.wikidata.org/entity/Q9610>	2495	240	0	1	0	16	1	257
<http://www.wikidata.org/entity/Q9610>	<http://www.wikidata.org/entity/Q1412>	14501	332	0	1	0	17	1	351
<http://www.wikidata.org/entity/Q1412>	<http://www.wikidata.org/entity/Q8765>	2495	18	0	0	0	2	0	20
<http://www.wikidata.org/entity/Q8765>	<http://www.wikidata.org/entity/Q1412>	33758	18	0	0	0	2	0	20
<http://www.wikidata.org/entity/Q11059>	<http://www.wikidata.org/entity/Q9610>	1928	283	16	17	0	27	14	329
<http://www.wikidata.org/entity/Q9610>	<http://www.wikidata.org/entity/Q11059>	14501	538	16	17	0	27	0	578
<http://www.wikidata.org/entity/Q58635>	<http://www.wikidata.org/entity/Q1321>	8319	1257	0	1	9	34	0	1294
<http://www.wikidata.org/entity/Q1321>	<http://www.wikidata.org/entity/Q58635>	20953	971	0	1	9	27	0	1004
<http://www.wikidata.org/entity/Q11059>	<http://www.wikidata.org/entity/Q8765>	1928	28	0	0	0	1	0	29
<http://www.wikidata.org/entity/Q8765>	<http://www.wikidata.org/entity/Q11059>	33758	17	0	0	0	1	0	18
<http://www.wikidata.org/entity/Q50868>	<http://www.wikidata.org/entity/Q188>	18852	40	0	0	0	3	793	835
<http://www.wikidata.org/entity/Q188>	<http://www.wikidata.org/entity/Q50868>	20135	73	0	0	0	5	0	78
<http://www.wikidata.org/entity/Q11051>	<http://www.wikidata.org/entity/Q9610>	3900	678	44	54	0	41	36	767
<http://www.wikidata.org/entity/Q9610>	<http://www.wikidata.org/entity/Q11051>	14501	836	45	50	0	42	0	916
<http://www.wikidata.org/entity/Q11051>	<http://www.wikidata.org/entity/Q8765>	3900	41	0	0	0	2	0	43
<http://www.wikidata.org/entity/Q8765>	<http://www.wikidata.org/entity/Q11051>	33758	23	0	0	0	2	0	25
<http://www.wikidata.org/entity/Q5218>	<http://www.wikidata.org/entity/Q36790>	2046	10	1	1	0	0	0	10
<http://www.wikidata.org/entity/Q36790>	<http://www.wikidata.org/entity/Q5218>	17051	27	1	1	0	0	0	27
<http://www.wikidata.org/entity/Q33454>	<http://www.wikidata.org/entity/Q56356571>	9001	88	0	0	0	2	0	90
<http://www.wikidata.org/entity/Q56356571>	<http://www.wikidata.org/entity/Q33454>	11610	158	0	0	0	2	0	160
<http://www.wikidata.org/entity/Q1412>	<http://www.wikidata.org/entity/Q8752>	2495	159	1	1	0	0	0	159
<http://www.wikidata.org/entity/Q8752>	<http://www.wikidata.org/entity/Q1412>	30759	175	1	1	0	0	0	175
<http://www.wikidata.org/entity/Q11059>	<http://www.wikidata.org/entity/Q8752>	1928	94	0	0	0	3	0	97
<http://www.wikidata.org/entity/Q8752>	<http://www.wikidata.org/entity/Q11059>	30759	89	0	0	0	1	0	90
<http://www.wikidata.org/entity/Q11051>	<http://www.wikidata.org/entity/Q8752>	3900	276	0	0	0	3	0	279
<http://www.wikidata.org/entity/Q8752>	<http://www.wikidata.org/entity/Q11051>	30759	224	0	0	0	1	0	225
<http://www.wikidata.org/entity/Q8752>	<http://www.wikidata.org/entity/Q1860>	30759	1922	14	26	0	3	44	1939
<http://www.wikidata.org/entity/Q1860>	<http://www.wikidata.org/entity/Q8752>	59942	2221	15	28	0	4	2	2229
<http://www.wikidata.org/entity/Q33151>	<http://www.wikidata.org/entity/Q35518>	1938	66	0	0	0	1	0	67
<http://www.wikidata.org/entity/Q35518>	<http://www.wikidata.org/entity/Q33151>	15737	169	0	0	0	5	0	174
<http://www.wikidata.org/entity/Q9288>	<http://www.wikidata.org/entity/Q35518>	7451	830	1	2	0	30	0	860
<http://www.wikidata.org/entity/Q35518>	<http://www.wikidata.org/entity/Q9288>	15737	1943	1	2	0	67	0	2010
<http://www.wikidata.org/entity/Q35518>	<http://www.wikidata.org/entity/Q1321>	15737	1304	0	0	0	65	0	1369
<http://www.wikidata.org/entity/Q1321>	<http://www.wikidata.org/entity/Q35518>	20953	592	0	0	0	31	0	623
<http://www.wikidata.org/entity/Q5218>	<http://www.wikidata.org/entity/Q56356571>	2046	10	0	0	0	0	0	10
<http://www.wikidata.org/entity/Q56356571>	<http://www.wikidata.org/entity/Q5218>	11610	36	0	0	0	0	0	36
<http://www.wikidata.org/entity/Q9072>	<http://www.wikidata.org/entity/Q13955>	4943	371	0	0	0	8	0	379
<http://www.wikidata.org/entity/Q13955>	<http://www.wikidata.org/entity/Q9072>	14706	336	0	0	0	11	0	347
<http://www.wikidata.org/entity/Q8752>	<http://www.wikidata.org/entity/Q150>	30759	1496	3	12	0	3	2	1499
<http://www.wikidata.org/entity/Q150>	<http://www.wikidata.org/entity/Q8752>	33497	1540	4	13	0	4	0	1544
<http://www.wikidata.org/entity/Q9072>	<http://www.wikidata.org/entity/Q32238>	4943	492	0	1	0	5	0	497
<http://www.wikidata.org/entity/Q32238>	<http://www.wikidata.org/entity/Q9072>	14153	661	0	1	0	5	1	666
<http://www.wikidata.org/entity/Q8765>	<http://www.wikidata.org/entity/Q1860>	33758	76	13	14	0	2	60	95
<http://www.wikidata.org/entity/Q1860>	<http://www.wikidata.org/entity/Q8765>	59942	104	13	14	0	2	1	114
<http://www.wikidata.org/entity/Q9610>	<http://www.wikidata.org/entity/Q1860>	14501	1481	51	60	5	166	717	2129
<http://www.wikidata.org/entity/Q33151>	<http://www.wikidata.org/entity/Q7737>	1938	67	1	3	0	0	0	68
<http://www.wikidata.org/entity/Q1860>	<http://www.wikidata.org/entity/Q9610>	59942	1464	33	41	7	233	418	2070
<http://www.wikidata.org/entity/Q7737>	<http://www.wikidata.org/entity/Q33151>	18679	114	1	4	0	0	0	115
<http://www.wikidata.org/entity/Q33578>	<http://www.wikidata.org/entity/Q9056>	5759	526	0	0	0	4	0	530
<http://www.wikidata.org/entity/Q9288>	<http://www.wikidata.org/entity/Q7737>	7451	2733	2	8	0	6	13	2743
<http://www.wikidata.org/entity/Q7737>	<http://www.wikidata.org/entity/Q9288>	18679	3580	2	8	0	7	0	3588
<http://www.wikidata.org/entity/Q9056>	<http://www.wikidata.org/entity/Q33578>	25347	602	1	1	0	4	0	606
<http://www.wikidata.org/entity/Q7737>	<http://www.wikidata.org/entity/Q1321>	18679	2973	21	38	35	27	26	3023
<http://www.wikidata.org/entity/Q1321>	<http://www.wikidata.org/entity/Q7737>	20953	2570	28	45	27	18	47	2628
<http://www.wikidata.org/entity/Q13349>	<http://www.wikidata.org/entity/Q13955>	6804	10	0	0	0	0	0	10
<http://www.wikidata.org/entity/Q13955>	<http://www.wikidata.org/entity/Q13349>	14706	11	0	0	0	0	0	11
<http://www.wikidata.org/entity/Q13349>	<http://www.wikidata.org/entity/Q32238>	6804	6	0	0	0	0	0	6
<http://www.wikidata.org/entity/Q32238>	<http://www.wikidata.org/entity/Q13349>	14153	15	0	0	0	0	0	15
<http://www.wikidata.org/entity/Q397>	<http://www.wikidata.org/entity/Q727694>	2705	354	1	3	0	9	0	363
<http://www.wikidata.org/entity/Q727694>	<http://www.wikidata.org/entity/Q397>	4417	411	1	3	0	14	1	426
<http://www.wikidata.org/entity/Q33284>	<http://www.wikidata.org/entity/Q33454>	1711	8	0	0	0	0	0	8
<http://www.wikidata.org/entity/Q33454>	<http://www.wikidata.org/entity/Q33284>	9001	11	0	0	0	0	0	11
<http://www.wikidata.org/entity/Q33454>	<http://www.wikidata.org/entity/Q36790>	9001	93	0	0	0	2	0	95
<http://www.wikidata.org/entity/Q36790>	<http://www.wikidata.org/entity/Q33454>	17051	448	0	0	0	5	0	453
<http://www.wikidata.org/entity/Q9610>	<http://www.wikidata.org/entity/Q150>	14501	1314	3	12	4	91	1	1408
<http://www.wikidata.org/entity/Q150>	<http://www.wikidata.org/entity/Q9610>	33497	1105	2	9	9	101	59	1256
<http://www.wikidata.org/entity/Q150>	<http://www.wikidata.org/entity/Q8765>	33497	72	1	2	0	3	0	76
<http://www.wikidata.org/entity/Q8765>	<http://www.wikidata.org/entity/Q150>	33758	64	1	2	0	2	3	68
<http://www.wikidata.org/entity/Q13955>	<http://www.wikidata.org/entity/Q9056>	14706	282	3	5	0	4	0	286
<http://www.wikidata.org/entity/Q9056>	<http://www.wikidata.org/entity/Q13955>	25347	393	4	7	0	3	0	396
<http://www.wikidata.org/entity/Q58635>	<http://www.wikidata.org/entity/Q5287>	8319	1963	0	1	1	117	0	2080
<http://www.wikidata.org/entity/Q56475>	<http://www.wikidata.org/entity/Q25164>	1897	381	0	0	0	17	0	398
<http://www.wikidata.org/entity/Q5287>	<http://www.wikidata.org/entity/Q58635>	34860	1685	0	1	1	112	0	1798
<http://www.wikidata.org/entity/Q25164>	<http://www.wikidata.org/entity/Q56475>	32974	516	0	0	0	18	0	534
<http://www.wikidata.org/entity/Q25164>	<http://www.wikidata.org/entity/Q5146>	32974	1736	1	8	27	49	1	1803
<http://www.wikidata.org/entity/Q5146>	<http://www.wikidata.org/entity/Q25164>	176780	1341	1	7	29	40	0	1405
<http://www.wikidata.org/entity/Q32238>	<http://www.wikidata.org/entity/Q9056>	14153	485	0	5	0	0	1	486
<http://www.wikidata.org/entity/Q9056>	<http://www.wikidata.org/entity/Q32238>	25347	532	1	5	0	0	0	532
<http://www.wikidata.org/entity/Q7411>	<http://www.wikidata.org/entity/Q56356571>	2611	482	0	0	12	2	0	492
<http://www.wikidata.org/entity/Q56356571>	<http://www.wikidata.org/entity/Q7411>	11610	751	0	0	7	3	0	759
<http://www.wikidata.org/entity/Q33947>	<http://www.wikidata.org/entity/Q188>	10045	18	1	2	0	1	4	21
<http://www.wikidata.org/entity/Q188>	<http://www.wikidata.org/entity/Q33947>	20135	39	1	2	0	2	0	41
<http://www.wikidata.org/entity/Q33578>	<http://www.wikidata.org/entity/Q13349>	5759	14	0	0	0	0	0	14
<http://www.wikidata.org/entity/Q13349>	<http://www.wikidata.org/entity/Q33578>	6804	9	0	0	0	0	0	9
<http://www.wikidata.org/entity/Q8748>	<http://www.wikidata.org/entity/Q56356571>	8162	186	1	1	2	0	0	189
<http://www.wikidata.org/entity/Q56356571>	<http://www.wikidata.org/entity/Q8748>	11610	309	1	1	1	0	0	310
<http://www.wikidata.org/entity/Q256>	<http://www.wikidata.org/entity/Q58635>	2630	498	6	12	1	69	2	576
<http://www.wikidata.org/entity/Q58635>	<http://www.wikidata.org/entity/Q256>	8319	835	6	12	1	91	0	936
<http://www.wikidata.org/entity/Q25167>	<http://www.wikidata.org/entity/Q5146>	50565	2439	1	8	41	60	8	2541
<http://www.wikidata.org/entity/Q5146>	<http://www.wikidata.org/entity/Q25167>	176780	1809	1	7	38	50	0	1893
<http://www.wikidata.org/entity/Q56475>	<http://www.wikidata.org/entity/Q25167>	1897	496	0	0	1	32	0	529
<http://www.wikidata.org/entity/Q25167>	<http://www.wikidata.org/entity/Q56475>	50565	725	0	0	1	43	0	769
<http://www.wikidata.org/entity/Q9237>	<http://www.wikidata.org/entity/Q5146>	5311	1052	4	15	1	51	10	1109
<http://www.wikidata.org/entity/Q5146>	<http://www.wikidata.org/entity/Q9237>	176780	988	4	16	2	59	7	1047
<http://www.wikidata.org/entity/Q11051>	<http://www.wikidata.org/entity/Q809>	3900	251	0	0	0	0	1	252
<http://www.wikidata.org/entity/Q809>	<http://www.wikidata.org/entity/Q11051>	4135	167	0	1	0	0	0	167
<http://www.wikidata.org/entity/Q36928>	<http://www.wikidata.org/entity/Q56356571>	3314	569	0	0	0	0	0	569
<http://www.wikidata.org/entity/Q56475>	<http://www.wikidata.org/entity/Q9237>	1897	344	0	0	0	54	0	398
<http://www.wikidata.org/entity/Q56356571>	<http://www.wikidata.org/entity/Q36928>	11610	646	0	0	0	0	0	646
<http://www.wikidata.org/entity/Q9237>	<http://www.wikidata.org/entity/Q56475>	5311	391	0	0	0	59	0	450
<http://www.wikidata.org/entity/Q11059>	<http://www.wikidata.org/entity/Q809>	1928	100	0	0	0	0	0	100
<http://www.wikidata.org/entity/Q809>	<http://www.wikidata.org/entity/Q11059>	4135	82	0	0	0	0	0	82
<http://www.wikidata.org/entity/Q1412>	<http://www.wikidata.org/entity/Q809>	2495	148	2	9	0	0	6	148
<http://www.wikidata.org/entity/Q809>	<http://www.wikidata.org/entity/Q1412>	4135	163	2	9	0	0	0	163
<http://www.wikidata.org/entity/Q9072>	<http://www.wikidata.org/entity/Q33578>	4943	621	0	0	0	15	0	636
<http://www.wikidata.org/entity/Q33578>	<http://www.wikidata.org/entity/Q9072>	5759	730	0	0	0	20	0	750
<http://www.wikidata.org/entity/Q36236>	<http://www.wikidata.org/entity/Q7737>	12554	2078	13	29	0	4	15	2085
<http://www.wikidata.org/entity/Q7737>	<http://www.wikidata.org/entity/Q36236>	18679	2639	6	19	0	5	0	2646
<http://www.wikidata.org/entity/Q56475>	<http://www.wikidata.org/entity/Q256>	1897	217	0	0	0	56	0	273
<http://www.wikidata.org/entity/Q256>	<http://www.wikidata.org/entity/Q56475>	2630	234	0	0	0	55	0	289
<http://www.wikidata.org/entity/Q256>	<http://www.wikidata.org/entity/Q5146>	2630	456	0	1	1	44	0	499
<http://www.wikidata.org/entity/Q36495>	<http://www.wikidata.org/entity/Q13955>	1973	190	0	6	0	3	0	196
<http://www.wikidata.org/entity/Q5146>	<http://www.wikidata.org/entity/Q256>	176780	457	0	1	3	52	1	511
<http://www.wikidata.org/entity/Q13955>	<http://www.wikidata.org/entity/Q36495>	14706	141	0	5	0	4	0	147
<http://www.wikidata.org/entity/Q13955>	<http://www.wikidata.org/entity/Q9035>	14706	500	1	5	2	10	0	512
<http://www.wikidata.org/entity/Q9035>	<http://www.wikidata.org/entity/Q13955>	19363	538	1	5	2	12	0	553
<http://www.wikidata.org/entity/Q56356571>	<http://www.wikidata.org/entity/Q9610>	11610	899	6	9	2	47	64	985
<http://www.wikidata.org/entity/Q36495>	<http://www.wikidata.org/entity/Q32238>	1973	350	0	1	0	6	0	356
<http://www.wikidata.org/entity/Q9610>	<http://www.wikidata.org/entity/Q56356571>	14501	865	6	8	2	36	0	908
<http://www.wikidata.org/entity/Q32238>	<http://www.wikidata.org/entity/Q36495>	14153	383	0	5	0	3	0	388
<http://www.wikidata.org/entity/Q56356571>	<http://www.wikidata.org/entity/Q8765>	11610	80	0	0	0	3	0	83
<http://www.wikidata.org/entity/Q32238>	<http://www.wikidata.org/entity/Q9035>	14153	1032	1	8	0	4	12	1048
<http://www.wikidata.org/entity/Q9035>	<http://www.wikidata.org/entity/Q32238>	19363	830	0	4	0	4	0	834
<http://www.wikidata.org/entity/Q8765>	<http://www.wikidata.org/entity/Q56356571>	33758	45	0	0	0	2	0	47
<http://www.wikidata.org/entity/Q5287>	<http://www.wikidata.org/entity/Q5146>	34860	1810	2	18	4	96	9	1922
<http://www.wikidata.org/entity/Q5146>	<http://www.wikidata.org/entity/Q5287>	176780	1422	2	16	4	74	4	1504
<http://www.wikidata.org/entity/Q56475>	<http://www.wikidata.org/entity/Q5287>	1897	438	0	0	0	70	0	508
<http://www.wikidata.org/entity/Q58635>	<http://www.wikidata.org/entity/Q25164>	8319	1848	0	0	6	48	0	1899
<http://www.wikidata.org/entity/Q25164>	<http://www.wikidata.org/entity/Q58635>	32974	1511	0	0	7	46	0	1562
<http://www.wikidata.org/entity/Q5287>	<http://www.wikidata.org/entity/Q56475>	34860	693	0	0	0	94	0	787
<http://www.wikidata.org/entity/Q35518>	<http://www.wikidata.org/entity/Q652>	15737	3251	1	2	0	93	0	3344
<http://www.wikidata.org/entity/Q652>	<http://www.wikidata.org/entity/Q35518>	26452	1736	1	2	0	57	0	1793
<http://www.wikidata.org/entity/Q727694>	<http://www.wikidata.org/entity/Q33947>	4417	26	0	0	0	1	0	27
<http://www.wikidata.org/entity/Q33947>	<http://www.wikidata.org/entity/Q727694>	10045	13	0	0	0	1	0	14
<http://www.wikidata.org/entity/Q58635>	<http://www.wikidata.org/entity/Q25167>	8319	2362	4	6	12	73	0	2450
<http://www.wikidata.org/entity/Q25167>	<http://www.wikidata.org/entity/Q58635>	50565	2129	3	4	11	80	0	2222
<http://www.wikidata.org/entity/Q36236>	<http://www.wikidata.org/entity/Q35518>	12554	805	0	1	0	23	0	828
<http://www.wikidata.org/entity/Q35518>	<http://www.wikidata.org/entity/Q36236>	15737	1782	0	1	0	49	0	1831
<http://www.wikidata.org/entity/Q9237>	<http://www.wikidata.org/entity/Q58635>	5311	915	2	3	0	72	1	989
<http://www.wikidata.org/entity/Q58635>	<http://www.wikidata.org/entity/Q9237>	8319	1419	2	3	0	92	1	1513
<http://www.wikidata.org/entity/Q32238>	<http://www.wikidata.org/entity/Q9027>	14153	1143	0	6	0	9	1	1151
<http://www.wikidata.org/entity/Q9027>	<http://www.wikidata.org/entity/Q32238>	38988	1007	0	4	0	9	0	1016
<http://www.wikidata.org/entity/Q1412>	<http://www.wikidata.org/entity/Q33454>	2495	53	0	0	0	2	0	55
<http://www.wikidata.org/entity/Q33454>	<http://www.wikidata.org/entity/Q1412>	9001	54	0	0	0	2	0	56
<http://www.wikidata.org/entity/Q13955>	<http://www.wikidata.org/entity/Q9027>	14706	585	1	3	2	13	0	599
<http://www.wikidata.org/entity/Q56356571>	<http://www.wikidata.org/entity/Q8752>	11610	740	0	2	0	4	0	744
<http://www.wikidata.org/entity/Q10134>	<http://www.wikidata.org/entity/Q50868>	2146	15	0	0	0	1	0	16
<http://www.wikidata.org/entity/Q9027>	<http://www.wikidata.org/entity/Q13955>	38988	659	1	3	3	14	0	675
<http://www.wikidata.org/entity/Q8752>	<http://www.wikidata.org/entity/Q56356571>	30759	540	0	1	0	2	0	542
<http://www.wikidata.org/entity/Q50868>	<http://www.wikidata.org/entity/Q10134>	18852	14	0	0	0	1	0	15
<http://www.wikidata.org/entity/Q7737>	<http://www.wikidata.org/entity/Q652>	18679	7039	9	40	31	23	12	7101
<http://www.wikidata.org/entity/Q652>	<http://www.wikidata.org/entity/Q7737>	26452	6378	9	39	20	22	16	6428
<http://www.wikidata.org/entity/Q11059>	<http://www.wikidata.org/entity/Q33454>	1928	60	0	0	0	0	0	60
<http://www.wikidata.org/entity/Q33454>	<http://www.wikidata.org/entity/Q11059>	9001	44	0	0	0	0	0	44
<http://www.wikidata.org/entity/Q5218>	<http://www.wikidata.org/entity/Q1860>	2046	19	11	12	0	1	2043	2046
<http://www.wikidata.org/entity/Q1860>	<http://www.wikidata.org/entity/Q5218>	59942	38	4	5	0	3	3	43
<http://www.wikidata.org/entity/Q5218>	<http://www.wikidata.org/entity/Q150>	2046	16	0	3	0	0	2	18
<http://www.wikidata.org/entity/Q150>	<http://www.wikidata.org/entity/Q5218>	33497	29	1	3	0	0	1	31
<http://www.wikidata.org/entity/Q11051>	<http://www.wikidata.org/entity/Q33454>	3900	119	0	0	0	2	0	121
<http://www.wikidata.org/entity/Q33454>	<http://www.wikidata.org/entity/Q11051>	9001	72	0	0	0	2	0	74
<http://www.wikidata.org/entity/Q33578>	<http://www.wikidata.org/entity/Q9027>	5759	1241	0	1	0	56	3	1298
<http://www.wikidata.org/entity/Q9027>	<http://www.wikidata.org/entity/Q33578>	38988	1194	0	1	0	50	0	1244
<http://www.wikidata.org/entity/Q36928>	<http://www.wikidata.org/entity/Q1860>	3314	1156	0	0	0	0	3314	3314
<http://www.wikidata.org/entity/Q1860>	<http://www.wikidata.org/entity/Q36928>	59942	1101	0	0	0	0	0	1101
<http://www.wikidata.org/entity/Q10134>	<http://www.wikidata.org/entity/Q9168>	2146	33	0	0	0	8	0	41
<http://www.wikidata.org/entity/Q9168>	<http://www.wikidata.org/entity/Q10134>	18925	29	0	0	0	9	0	38
<http://www.wikidata.org/entity/Q36928>	<http://www.wikidata.org/entity/Q150>	3314	864	0	0	0	0	0	864
<http://www.wikidata.org/entity/Q150>	<http://www.wikidata.org/entity/Q36928>	33497	725	0	0	0	0	0	725
<http://www.wikidata.org/entity/Q7411>	<http://www.wikidata.org/entity/Q1860>	2611	1242	103	112	134	15	1685	2162
<http://www.wikidata.org/entity/Q1860>	<http://www.wikidata.org/entity/Q7411>	59942	1558	102	112	130	25	55	1736
<http://www.wikidata.org/entity/Q33578>	<http://www.wikidata.org/entity/Q9035>	5759	1085	0	0	0	29	2	1115
<http://www.wikidata.org/entity/Q10134>	<http://www.wikidata.org/entity/Q12107>	2146	530	0	1	1	37	0	569
<http://www.wikidata.org/entity/Q9035>	<http://www.wikidata.org/entity/Q33578>	19363	992	0	0	0	32	0	1024
<http://www.wikidata.org/entity/Q12107>	<http://www.wikidata.org/entity/Q10134>	5780	730	0	1	1	50	0	782
<http://www.wikidata.org/entity/Q36495>	<http://www.wikidata.org/entity/Q33578>	1973	338	0	0	0	22	0	360
<http://www.wikidata.org/entity/Q33578>	<http://www.wikidata.org/entity/Q36495>	5759	360	0	0	0	18	0	378
<http://www.wikidata.org/entity/Q397>	<http://www.wikidata.org/entity/Q188>	2705	1143	23	32	0	19	41	1185
<http://www.wikidata.org/entity/Q188>	<http://www.wikidata.org/entity/Q397>	20135	1533	20	30	0	26	6	1568
<http://www.wikidata.org/entity/Q8748>	<http://www.wikidata.org/entity/Q1860>	8162	356	3	4	4	5	8115	8147
<http://www.wikidata.org/entity/Q1860>	<http://www.wikidata.org/entity/Q8748>	59942	493	3	4	6	8	3	506
<http://www.wikidata.org/entity/Q809>	<http://www.wikidata.org/entity/Q36790>	4135	211	0	1	0	1	0	212
<http://www.wikidata.org/entity/Q36790>	<http://www.wikidata.org/entity/Q809>	17051	864	0	1	0	1	1	865
<http://www.wikidata.org/entity/Q9176>	<http://www.wikidata.org/entity/Q10134>	1593	107	1	1	0	21	0	128
<http://www.wikidata.org/entity/Q10134>	<http://www.wikidata.org/entity/Q9176>	2146	92	1	1	0	17	1	109
<http://www.wikidata.org/entity/Q8748>	<http://www.wikidata.org/entity/Q150>	8162	274	0	2	4	3	0	279
<http://www.wikidata.org/entity/Q150>	<http://www.wikidata.org/entity/Q8748>	33497	333	0	2	5	4	1	342
<http://www.wikidata.org/entity/Q33284>	<http://www.wikidata.org/entity/Q809>	1711	7	0	0	0	0	16	23
<http://www.wikidata.org/entity/Q809>	<http://www.wikidata.org/entity/Q33284>	4135	9	0	0	0	0	0	9
<http://www.wikidata.org/entity/Q7411>	<http://www.wikidata.org/entity/Q150>	2611	978	24	34	199	10	152	1232
<http://www.wikidata.org/entity/Q150>	<http://www.wikidata.org/entity/Q7411>	33497	1062	24	34	394	10	30	1471
